episode,timesteps,reward,length,success
1,25,0.76,25,1
2,27,0.99,2,1
3,91,-1.63,64,0
4,155,-1.63,64,0
5,161,0.95,6,1
6,176,0.86,15,1
7,240,-1.63,64,0
8,304,-1.63,64,0
9,308,0.97,4,1
10,370,0.39,62,1
11,434,-1.63,64,0
12,498,-1.63,64,0
13,518,0.81,20,1
14,537,0.82,19,1
15,601,-1.63,64,0
16,608,0.94,7,1
17,657,0.52,49,1
18,695,0.63,38,1
19,711,0.85,16,1
20,714,0.98,3,1
21,744,0.71,30,1
22,770,0.75,26,1
23,815,0.56,45,1
24,879,-1.63,64,0
25,935,0.45,56,1
26,982,0.54,47,1
27,1013,0.7,31,1
28,1077,-1.63,64,0
29,1112,0.66,35,1
30,1148,0.65,36,1
31,1151,0.98,3,1
32,1208,0.44,57,1
33,1272,-1.63,64,0
34,1320,0.53,48,1
35,1384,-1.63,64,0
36,1448,-1.63,64,0
37,1512,-1.63,64,0
38,1574,0.39,62,1
39,1638,-1.63,64,0
40,1641,0.98,3,1
41,1660,0.82,19,1
42,1724,-1.63,64,0
43,1750,0.75,26,1
44,1809,0.42,59,1
45,1873,-1.63,64,0
46,1937,-1.63,64,0
47,1956,0.82,19,1
48,2020,-1.63,64,0
49,2031,0.9,11,1
50,2069,0.63,38,1
51,2123,0.47,54,1
52,2131,0.93,8,1
53,2195,-1.63,64,0
54,2259,-1.63,64,0
55,2323,-1.63,64,0
56,2387,-1.63,64,0
57,2388,1.0,1,1
58,2408,0.81,20,1
59,2472,-1.63,64,0
60,2516,0.57,44,1
61,2538,0.79,22,1
62,2602,-1.63,64,0
63,2615,0.88,13,1
64,2634,0.82,19,1
65,2698,-1.63,64,0
66,2762,-1.63,64,0
67,2788,0.75,26,1
68,2836,0.53,48,1
69,2900,-1.63,64,0
70,2964,-1.63,64,0
71,3028,-1.63,64,0
72,3077,0.52,49,1
73,3080,0.98,3,1
74,3144,-1.63,64,0
75,3208,-1.63,64,0
76,3216,0.93,8,1
77,3280,-1.63,64,0
78,3286,0.95,6,1
79,3350,-1.63,64,0
80,3352,0.99,2,1
81,3362,0.91,10,1
82,3426,-1.63,64,0
83,3447,0.8,21,1
84,3449,0.99,2,1
85,3468,0.82,19,1
86,3532,-1.63,64,0
87,3550,0.83,18,1
88,3599,0.52,49,1
89,3663,-1.63,64,0
90,3685,0.79,22,1
91,3749,-1.63,64,0
92,3758,0.92,9,1
93,3759,1.0,1,1
94,3784,0.76,25,1
95,3786,0.99,2,1
96,3830,0.57,44,1
97,3889,0.42,59,1
98,3895,0.95,6,1
99,3948,0.48,53,1
100,4009,0.4,61,1
101,4049,0.61,40,1
102,4050,1.0,1,1
103,4066,0.85,16,1
104,4116,0.51,50,1
105,4131,0.86,15,1
106,4149,0.83,18,1
107,4213,-1.63,64,0
108,4249,0.65,36,1
109,4313,-1.63,64,0
110,4355,0.59,42,1
111,4382,0.74,27,1
112,4429,0.54,47,1
113,4430,1.0,1,1
114,4447,0.84,17,1
115,4451,0.97,4,1
116,4515,-1.63,64,0
117,4547,0.69,32,1
118,4582,0.66,35,1
119,4591,0.92,9,1
120,4644,0.48,53,1
121,4679,0.66,35,1
122,4701,0.79,22,1
123,4765,-1.63,64,0
124,4799,0.67,34,1
125,4863,-1.63,64,0
126,4909,0.55,46,1
127,4930,0.8,21,1
128,4959,0.72,29,1
129,5014,0.46,55,1
130,5078,-1.63,64,0
131,5134,0.45,56,1
132,5149,0.86,15,1
133,5203,0.47,54,1
134,5219,0.85,16,1
135,5251,0.69,32,1
136,5254,0.98,3,1
137,5300,0.55,46,1
138,5364,-1.63,64,0
139,5428,-1.63,64,0
140,5435,0.94,7,1
141,5499,-1.63,64,0
142,5504,0.96,5,1
143,5568,-1.63,64,0
144,5586,0.83,18,1
145,5604,0.83,18,1
146,5668,-1.63,64,0
147,5718,0.51,50,1
148,5729,0.9,11,1
149,5738,0.92,9,1
150,5795,0.44,57,1
151,5816,0.8,21,1
152,5860,0.57,44,1
153,5869,0.92,9,1
154,5882,0.88,13,1
155,5900,0.83,18,1
156,5912,0.89,12,1
157,5934,0.79,22,1
158,5940,0.95,6,1
159,6004,-1.63,64,0
160,6027,0.78,23,1
161,6028,1.0,1,1
162,6063,0.66,35,1
163,6068,0.96,5,1
164,6127,0.42,59,1
165,6133,0.95,6,1
166,6151,0.83,18,1
167,6207,0.45,56,1
168,6260,0.48,53,1
169,6324,-1.63,64,0
170,6388,-1.63,64,0
171,6407,0.82,19,1
172,6437,0.71,30,1
173,6441,0.97,4,1
174,6457,0.85,16,1
175,6479,0.79,22,1
176,6516,0.64,37,1
177,6551,0.66,35,1
178,6577,0.75,26,1
179,6629,0.49,52,1
180,6630,1.0,1,1
181,6677,0.54,47,1
182,6712,0.66,35,1
183,6737,0.76,25,1
184,6761,0.77,24,1
185,6818,0.44,57,1
186,6844,0.75,26,1
187,6849,0.96,5,1
188,6901,0.49,52,1
189,6934,0.68,33,1
190,6950,0.85,16,1
191,7014,-1.63,64,0
192,7052,0.63,38,1
193,7082,0.71,30,1
194,7110,0.73,28,1
195,7174,-1.63,64,0
196,7230,0.45,56,1
197,7294,-1.63,64,0
198,7338,0.57,44,1
199,7353,0.86,15,1
200,7357,0.97,4,1
201,7391,0.67,34,1
202,7402,0.9,11,1
203,7404,0.99,2,1
204,7422,0.83,18,1
205,7428,0.95,6,1
206,7435,0.94,7,1
207,7437,0.99,2,1
208,7451,0.87,14,1
209,7456,0.96,5,1
210,7460,0.97,4,1
211,7524,-1.63,64,0
212,7545,0.8,21,1
213,7575,0.71,30,1
214,7612,0.64,37,1
215,7618,0.95,6,1
216,7638,0.81,20,1
217,7646,0.93,8,1
218,7683,0.64,37,1
219,7747,-1.63,64,0
220,7811,-1.63,64,0
221,7832,0.8,21,1
222,7834,0.99,2,1
223,7856,0.79,22,1
224,7904,0.53,48,1
225,7925,0.8,21,1
226,7972,0.54,47,1
227,7994,0.79,22,1
228,8006,0.89,12,1
229,8024,0.83,18,1
230,8072,0.53,48,1
231,8136,-1.63,64,0
232,8191,0.46,55,1
233,8212,0.8,21,1
234,8220,0.93,8,1
235,8227,0.94,7,1
236,8236,0.92,9,1
237,8241,0.96,5,1
238,8282,0.6,41,1
239,8308,0.75,26,1
240,8359,0.5,51,1
241,8368,0.92,9,1
242,8375,0.94,7,1
243,8393,0.83,18,1
244,8397,0.97,4,1
245,8431,0.67,34,1
246,8432,1.0,1,1
247,8457,0.76,25,1
248,8477,0.81,20,1
249,8500,0.78,23,1
250,8564,-1.63,64,0
251,8592,0.73,28,1
252,8593,1.0,1,1
253,8657,-1.63,64,0
254,8699,0.59,42,1
255,8708,0.92,9,1
256,8772,-1.63,64,0
257,8794,0.79,22,1
258,8813,0.82,19,1
259,8838,0.76,25,1
260,8852,0.87,14,1
261,8881,0.72,29,1
262,8892,0.9,11,1
263,8894,0.99,2,1
264,8914,0.81,20,1
265,8918,0.97,4,1
266,8957,0.62,39,1
267,8968,0.9,11,1
268,8988,0.81,20,1
269,9005,0.84,17,1
270,9007,0.99,2,1
271,9011,0.97,4,1
272,9025,0.87,14,1
273,9064,0.62,39,1
274,9089,0.76,25,1
275,9096,0.94,7,1
276,9101,0.96,5,1
277,9134,0.68,33,1
278,9172,0.63,38,1
279,9173,1.0,1,1
280,9183,0.91,10,1
281,9192,0.92,9,1
282,9200,0.93,8,1
283,9215,0.86,15,1
284,9220,0.96,5,1
285,9225,0.96,5,1
286,9250,0.76,25,1
287,9263,0.88,13,1
288,9282,0.82,19,1
289,9314,0.69,32,1
290,9316,0.99,2,1
291,9334,0.83,18,1
292,9344,0.91,10,1
293,9347,0.98,3,1
294,9357,0.91,10,1
295,9360,0.98,3,1
296,9397,0.64,37,1
297,9420,0.78,23,1
298,9444,0.77,24,1
299,9453,0.92,9,1
300,9473,0.81,20,1
301,9504,0.7,31,1
302,9517,0.88,13,1
303,9537,0.81,20,1
304,9559,0.79,22,1
305,9568,0.92,9,1
306,9572,0.97,4,1
307,9626,0.47,54,1
308,9653,0.74,27,1
309,9677,0.77,24,1
310,9681,0.97,4,1
311,9688,0.94,7,1
312,9690,0.99,2,1
313,9703,0.88,13,1
314,9708,0.96,5,1
315,9726,0.83,18,1
316,9732,0.95,6,1
317,9750,0.83,18,1
318,9770,0.81,20,1
319,9783,0.88,13,1
320,9795,0.89,12,1
321,9810,0.86,15,1
322,9825,0.86,15,1
323,9855,0.71,30,1
324,9868,0.88,13,1
325,9920,0.49,52,1
326,9944,0.77,24,1
327,9960,0.85,16,1
328,9987,0.74,27,1
329,9998,0.9,11,1
330,10014,0.85,16,1
331,10027,0.88,13,1
332,10048,0.8,21,1
333,10059,0.9,11,1
334,10121,0.39,62,1
335,10130,0.92,9,1
336,10144,0.87,14,1
337,10191,0.54,47,1
338,10193,0.99,2,1
339,10203,0.91,10,1
340,10227,0.77,24,1
341,10248,0.8,21,1
342,10261,0.88,13,1
343,10263,0.99,2,1
344,10295,0.69,32,1
345,10296,1.0,1,1
346,10298,0.99,2,1
347,10316,0.83,18,1
348,10317,1.0,1,1
349,10343,0.75,26,1
350,10354,0.9,11,1
351,10375,0.8,21,1
352,10433,0.43,58,1
353,10438,0.96,5,1
354,10475,0.64,37,1
355,10492,0.84,17,1
356,10505,0.88,13,1
357,10512,0.94,7,1
358,10538,0.75,26,1
359,10557,0.82,19,1
360,10568,0.9,11,1
361,10569,1.0,1,1
362,10585,0.85,16,1
363,10610,0.76,25,1
364,10621,0.9,11,1
365,10652,0.7,31,1
366,10673,0.8,21,1
367,10714,0.6,41,1
368,10727,0.88,13,1
369,10731,0.97,4,1
370,10781,0.51,50,1
371,10791,0.91,10,1
372,10814,0.78,23,1
373,10853,0.62,39,1
374,10873,0.81,20,1
375,10879,0.95,6,1
376,10922,0.58,43,1
377,10924,0.99,2,1
378,10929,0.96,5,1
379,10979,0.51,50,1
380,10998,0.82,19,1
381,11020,0.79,22,1
382,11024,0.97,4,1
383,11027,0.98,3,1
384,11039,0.89,12,1
385,11046,0.94,7,1
386,11053,0.94,7,1
387,11054,1.0,1,1
388,11063,0.92,9,1
389,11073,0.91,10,1
390,11079,0.95,6,1
391,11083,0.97,4,1
392,11094,0.9,11,1
393,11119,0.76,25,1
394,11120,1.0,1,1
395,11143,0.78,23,1
396,11156,0.88,13,1
397,11164,0.93,8,1
398,11171,0.94,7,1
399,11187,0.85,16,1
400,11203,0.85,16,1
401,11209,0.95,6,1
402,11224,0.86,15,1
403,11231,0.94,7,1
404,11252,0.8,21,1
405,11265,0.88,13,1
406,11271,0.95,6,1
407,11272,1.0,1,1
408,11276,0.97,4,1
409,11286,0.91,10,1
410,11292,0.95,6,1
411,11300,0.93,8,1
412,11306,0.95,6,1
413,11317,0.9,11,1
414,11324,0.94,7,1
415,11329,0.96,5,1
416,11333,0.97,4,1
417,11340,0.94,7,1
418,11348,0.93,8,1
419,11356,0.93,8,1
420,11371,0.86,15,1
421,11393,0.79,22,1
422,11403,0.91,10,1
423,11408,0.96,5,1
424,11419,0.9,11,1
425,11431,0.89,12,1
426,11437,0.95,6,1
427,11444,0.94,7,1
428,11450,0.95,6,1
429,11468,0.83,18,1
430,11483,0.86,15,1
431,11498,0.86,15,1
432,11509,0.9,11,1
433,11532,0.78,23,1
434,11556,0.77,24,1
435,11566,0.91,10,1
436,11581,0.86,15,1
437,11586,0.96,5,1
438,11618,0.69,32,1
439,11621,0.98,3,1
440,11655,0.67,34,1
441,11692,0.64,37,1
442,11700,0.93,8,1
443,11711,0.9,11,1
444,11721,0.91,10,1
445,11754,0.68,33,1
446,11788,0.67,34,1
447,11794,0.95,6,1
448,11800,0.95,6,1
449,11819,0.82,19,1
450,11839,0.81,20,1
451,11858,0.82,19,1
452,11864,0.95,6,1
453,11876,0.89,12,1
454,11890,0.87,14,1
455,11892,0.99,2,1
456,11894,0.99,2,1
457,11922,0.73,28,1
458,11928,0.95,6,1
459,11932,0.97,4,1
460,11951,0.82,19,1
461,11959,0.93,8,1
462,11967,0.93,8,1
463,11984,0.84,17,1
464,11986,0.99,2,1
465,11992,0.95,6,1
466,12011,0.82,19,1
467,12029,0.83,18,1
468,12038,0.92,9,1
469,12057,0.82,19,1
470,12063,0.95,6,1
471,12072,0.92,9,1
472,12078,0.95,6,1
473,12092,0.87,14,1
474,12106,0.87,14,1
475,12115,0.92,9,1
476,12123,0.93,8,1
477,12142,0.82,19,1
478,12159,0.84,17,1
479,12169,0.91,10,1
480,12181,0.89,12,1
481,12192,0.9,11,1
482,12205,0.88,13,1
483,12217,0.89,12,1
484,12255,0.63,38,1
485,12261,0.95,6,1
486,12292,0.7,31,1
487,12302,0.91,10,1
488,12305,0.98,3,1
489,12311,0.95,6,1
490,12320,0.92,9,1
491,12322,0.99,2,1
492,12337,0.86,15,1
493,12341,0.97,4,1
494,12352,0.9,11,1
495,12372,0.81,20,1
496,12383,0.9,11,1
497,12392,0.92,9,1
498,12405,0.88,13,1
499,12409,0.97,4,1
500,12412,0.98,3,1
501,12421,0.92,9,1
502,12432,0.9,11,1
503,12445,0.88,13,1
504,12471,0.75,26,1
505,12489,0.83,18,1
506,12515,0.75,26,1
507,12528,0.88,13,1
508,12537,0.92,9,1
509,12555,0.83,18,1
510,12568,0.88,13,1
511,12584,0.85,16,1
512,12595,0.9,11,1
513,12619,0.77,24,1
514,12631,0.89,12,1
515,12635,0.97,4,1
516,12637,0.99,2,1
517,12641,0.97,4,1
518,12650,0.92,9,1
519,12652,0.99,2,1
520,12655,0.98,3,1
521,12664,0.92,9,1
522,12677,0.88,13,1
523,12684,0.94,7,1
524,12689,0.96,5,1
525,12695,0.95,6,1
526,12709,0.87,14,1
527,12712,0.98,3,1
528,12725,0.88,13,1
529,12746,0.8,21,1
530,12757,0.9,11,1
531,12774,0.84,17,1
532,12794,0.81,20,1
533,12796,0.99,2,1
534,12801,0.96,5,1
535,12808,0.94,7,1
536,12814,0.95,6,1
537,12824,0.91,10,1
538,12829,0.96,5,1
539,12831,0.99,2,1
540,12836,0.96,5,1
541,12860,0.77,24,1
542,12864,0.97,4,1
543,12869,0.96,5,1
544,12877,0.93,8,1
545,12890,0.88,13,1
546,12893,0.98,3,1
547,12902,0.92,9,1
548,12917,0.86,15,1
549,12920,0.98,3,1
550,12938,0.83,18,1
551,12950,0.89,12,1
552,12952,0.99,2,1
553,12958,0.95,6,1
554,12967,0.92,9,1
555,12974,0.94,7,1
556,12982,0.93,8,1
557,12994,0.89,12,1
558,13007,0.88,13,1
559,13013,0.95,6,1
560,13017,0.97,4,1
561,13026,0.92,9,1
562,13033,0.94,7,1
563,13044,0.9,11,1
564,13071,0.74,27,1
565,13074,0.98,3,1
566,13087,0.88,13,1
567,13098,0.9,11,1
568,13099,1.0,1,1
569,13106,0.94,7,1
570,13120,0.87,14,1
571,13127,0.94,7,1
572,13149,0.79,22,1
573,13157,0.93,8,1
574,13162,0.96,5,1
575,13176,0.87,14,1
576,13186,0.91,10,1
577,13201,0.86,15,1
578,13221,0.81,20,1
579,13224,0.98,3,1
580,13227,0.98,3,1
581,13231,0.97,4,1
582,13234,0.98,3,1
583,13237,0.98,3,1
584,13242,0.96,5,1
585,13248,0.95,6,1
586,13252,0.97,4,1
587,13260,0.93,8,1
588,13277,0.84,17,1
589,13288,0.9,11,1
590,13311,0.78,23,1
591,13320,0.92,9,1
592,13325,0.96,5,1
593,13333,0.93,8,1
594,13334,1.0,1,1
595,13349,0.86,15,1
596,13355,0.95,6,1
597,13371,0.85,16,1
598,13375,0.97,4,1
599,13379,0.97,4,1
600,13384,0.96,5,1
601,13394,0.91,10,1
602,13403,0.92,9,1
603,13415,0.89,12,1
604,13424,0.92,9,1
605,13433,0.92,9,1
606,13445,0.89,12,1
607,13455,0.91,10,1
608,13457,0.99,2,1
609,13459,0.99,2,1
610,13469,0.91,10,1
611,13481,0.89,12,1
612,13485,0.97,4,1
613,13494,0.92,9,1
614,13502,0.93,8,1
615,13514,0.89,12,1
616,13524,0.91,10,1
617,13526,0.99,2,1
618,13530,0.97,4,1
619,13536,0.95,6,1
620,13541,0.96,5,1
621,13547,0.95,6,1
622,13559,0.89,12,1
623,13563,0.97,4,1
624,13568,0.96,5,1
625,13584,0.85,16,1
626,13591,0.94,7,1
627,13599,0.93,8,1
628,13606,0.94,7,1
629,13609,0.98,3,1
630,13613,0.97,4,1
631,13620,0.94,7,1
632,13631,0.9,11,1
633,13642,0.9,11,1
634,13659,0.84,17,1
635,13678,0.82,19,1
636,13694,0.85,16,1
637,13700,0.95,6,1
638,13704,0.97,4,1
639,13716,0.89,12,1
640,13723,0.94,7,1
641,13732,0.92,9,1
642,13742,0.91,10,1
643,13748,0.95,6,1
644,13754,0.95,6,1
645,13758,0.97,4,1
646,13761,0.98,3,1
647,13770,0.92,9,1
648,13775,0.96,5,1
649,13777,0.99,2,1
650,13793,0.85,16,1
651,13797,0.97,4,1
652,13808,0.9,11,1
653,13818,0.91,10,1
654,13830,0.89,12,1
655,13849,0.82,19,1
656,13860,0.9,11,1
657,13871,0.9,11,1
658,13873,0.99,2,1
659,13880,0.94,7,1
660,13884,0.97,4,1
661,13892,0.93,8,1
662,13902,0.91,10,1
663,13915,0.88,13,1
664,13932,0.84,17,1
665,13941,0.92,9,1
666,13955,0.87,14,1
667,13970,0.86,15,1
668,13982,0.89,12,1
669,13991,0.92,9,1
670,13994,0.98,3,1
671,13998,0.97,4,1
672,14011,0.88,13,1
673,14023,0.89,12,1
674,14031,0.93,8,1
675,14032,1.0,1,1
676,14043,0.9,11,1
677,14052,0.92,9,1
678,14053,1.0,1,1
679,14054,1.0,1,1
680,14057,0.98,3,1
681,14063,0.95,6,1
682,14065,0.99,2,1
683,14072,0.94,7,1
684,14080,0.93,8,1
685,14089,0.92,9,1
686,14096,0.94,7,1
687,14097,1.0,1,1
688,14115,0.83,18,1
689,14119,0.97,4,1
690,14125,0.95,6,1
691,14132,0.94,7,1
692,14139,0.94,7,1
693,14150,0.9,11,1
694,14159,0.92,9,1
695,14162,0.98,3,1
696,14180,0.83,18,1
697,14186,0.95,6,1
698,14194,0.93,8,1
699,14199,0.96,5,1
700,14201,0.99,2,1
701,14213,0.89,12,1
702,14220,0.94,7,1
703,14228,0.93,8,1
704,14237,0.92,9,1
705,14247,0.91,10,1
706,14253,0.95,6,1
707,14262,0.92,9,1
708,14266,0.97,4,1
709,14299,0.68,33,1
710,14302,0.98,3,1
711,14321,0.82,19,1
712,14330,0.92,9,1
713,14342,0.89,12,1
714,14351,0.92,9,1
715,14353,0.99,2,1
716,14367,0.87,14,1
717,14372,0.96,5,1
718,14380,0.93,8,1
719,14388,0.93,8,1
720,14393,0.96,5,1
721,14399,0.95,6,1
722,14400,1.0,1,1
723,14405,0.96,5,1
724,14406,1.0,1,1
725,14420,0.87,14,1
726,14430,0.91,10,1
727,14436,0.95,6,1
728,14438,0.99,2,1
729,14450,0.89,12,1
730,14455,0.96,5,1
731,14461,0.95,6,1
732,14469,0.93,8,1
733,14475,0.95,6,1
734,14484,0.92,9,1
735,14495,0.9,11,1
736,14501,0.95,6,1
737,14504,0.98,3,1
738,14510,0.95,6,1
739,14520,0.91,10,1
740,14521,1.0,1,1
741,14530,0.92,9,1
742,14532,0.99,2,1
743,14537,0.96,5,1
744,14547,0.91,10,1
745,14551,0.97,4,1
746,14557,0.95,6,1
747,14563,0.95,6,1
748,14571,0.93,8,1
749,14580,0.92,9,1
750,14586,0.95,6,1
751,14602,0.85,16,1
752,14609,0.94,7,1
753,14617,0.93,8,1
754,14627,0.91,10,1
755,14643,0.85,16,1
756,14648,0.96,5,1
757,14657,0.92,9,1
758,14668,0.9,11,1
759,14676,0.93,8,1
760,14679,0.98,3,1
761,14687,0.93,8,1
762,14694,0.94,7,1
763,14698,0.97,4,1
764,14716,0.83,18,1
765,14720,0.97,4,1
766,14725,0.96,5,1
767,14734,0.92,9,1
768,14743,0.92,9,1
769,14756,0.88,13,1
770,14761,0.96,5,1
771,14764,0.98,3,1
772,14782,0.83,18,1
773,14787,0.96,5,1
774,14793,0.95,6,1
775,14798,0.96,5,1
776,14812,0.87,14,1
777,14816,0.97,4,1
778,14830,0.87,14,1
779,14838,0.93,8,1
780,14847,0.92,9,1
781,14854,0.94,7,1
782,14861,0.94,7,1
783,14867,0.95,6,1
784,14873,0.95,6,1
785,14879,0.95,6,1
786,14886,0.94,7,1
787,14904,0.83,18,1
788,14911,0.94,7,1
789,14915,0.97,4,1
790,14921,0.95,6,1
791,14936,0.86,15,1
792,14940,0.97,4,1
793,14945,0.96,5,1
794,14951,0.95,6,1
795,14956,0.96,5,1
796,14964,0.93,8,1
797,14972,0.93,8,1
798,14979,0.94,7,1
799,14985,0.95,6,1
800,14995,0.91,10,1
801,14996,1.0,1,1
802,15005,0.92,9,1
803,15012,0.94,7,1
804,15020,0.93,8,1
805,15027,0.94,7,1
806,15035,0.93,8,1
807,15050,0.86,15,1
808,15051,1.0,1,1
809,15055,0.97,4,1
810,15061,0.95,6,1
811,15064,0.98,3,1
812,15068,0.97,4,1
813,15077,0.92,9,1
814,15079,0.99,2,1
815,15085,0.95,6,1
816,15094,0.92,9,1
817,15099,0.96,5,1
818,15106,0.94,7,1
819,15111,0.96,5,1
820,15119,0.93,8,1
821,15123,0.97,4,1
822,15130,0.94,7,1
823,15137,0.94,7,1
824,15141,0.97,4,1
825,15152,0.9,11,1
826,15165,0.88,13,1
827,15176,0.9,11,1
828,15181,0.96,5,1
829,15184,0.98,3,1
830,15188,0.97,4,1
831,15194,0.95,6,1
832,15202,0.93,8,1
833,15209,0.94,7,1
834,15214,0.96,5,1
835,15218,0.97,4,1
836,15223,0.96,5,1
837,15229,0.95,6,1
838,15239,0.91,10,1
839,15250,0.9,11,1
840,15255,0.96,5,1
841,15262,0.94,7,1
842,15281,0.82,19,1
843,15284,0.98,3,1
844,15300,0.85,16,1
845,15311,0.9,11,1
846,15321,0.91,10,1
847,15330,0.92,9,1
848,15335,0.96,5,1
849,15346,0.9,11,1
850,15356,0.91,10,1
851,15361,0.96,5,1
852,15366,0.96,5,1
853,15370,0.97,4,1
854,15380,0.91,10,1
855,15381,1.0,1,1
856,15386,0.96,5,1
857,15395,0.92,9,1
858,15401,0.95,6,1
859,15406,0.96,5,1
860,15411,0.96,5,1
861,15419,0.93,8,1
862,15438,0.82,19,1
863,15443,0.96,5,1
864,15453,0.91,10,1
865,15461,0.93,8,1
866,15467,0.95,6,1
867,15472,0.96,5,1
868,15482,0.91,10,1
869,15485,0.98,3,1
870,15491,0.95,6,1
871,15504,0.88,13,1
872,15512,0.93,8,1
873,15516,0.97,4,1
874,15526,0.91,10,1
875,15533,0.94,7,1
876,15556,0.78,23,1
877,15564,0.93,8,1
878,15569,0.96,5,1
879,15572,0.98,3,1
880,15576,0.97,4,1
881,15591,0.86,15,1
882,15606,0.86,15,1
883,15610,0.97,4,1
884,15619,0.92,9,1
885,15628,0.92,9,1
886,15630,0.99,2,1
887,15639,0.92,9,1
888,15647,0.93,8,1
889,15654,0.94,7,1
890,15655,1.0,1,1
891,15666,0.9,11,1
892,15670,0.97,4,1
893,15671,1.0,1,1
894,15691,0.81,20,1
895,15696,0.96,5,1
896,15699,0.98,3,1
897,15702,0.98,3,1
898,15703,1.0,1,1
899,15718,0.86,15,1
900,15722,0.97,4,1
901,15729,0.94,7,1
902,15731,0.99,2,1
903,15738,0.94,7,1
904,15740,0.99,2,1
905,15743,0.98,3,1
906,15745,0.99,2,1
907,15747,0.99,2,1
908,15750,0.98,3,1
909,15754,0.97,4,1
910,15758,0.97,4,1
911,15766,0.93,8,1
912,15783,0.84,17,1
913,15787,0.97,4,1
914,15792,0.96,5,1
915,15799,0.94,7,1
916,15806,0.94,7,1
917,15813,0.94,7,1
918,15823,0.91,10,1
919,15831,0.93,8,1
920,15837,0.95,6,1
921,15844,0.94,7,1
922,15851,0.94,7,1
923,15868,0.84,17,1
924,15871,0.98,3,1
925,15877,0.95,6,1
926,15884,0.94,7,1
927,15886,0.99,2,1
928,15889,0.98,3,1
929,15896,0.94,7,1
930,15899,0.98,3,1
931,15903,0.97,4,1
932,15910,0.94,7,1
933,15921,0.9,11,1
934,15928,0.94,7,1
935,15934,0.95,6,1
936,15942,0.93,8,1
937,15951,0.92,9,1
938,15959,0.93,8,1
939,15962,0.98,3,1
940,15968,0.95,6,1
941,15982,0.87,14,1
942,15987,0.96,5,1
943,15991,0.97,4,1
944,16000,0.92,9,1
945,16003,0.98,3,1
946,16010,0.94,7,1
947,16017,0.94,7,1
948,16019,0.99,2,1
949,16026,0.94,7,1
950,16029,0.98,3,1
951,16033,0.97,4,1
952,16037,0.97,4,1
953,16041,0.97,4,1
954,16045,0.97,4,1
955,16049,0.97,4,1
956,16057,0.93,8,1
957,16061,0.97,4,1
958,16074,0.88,13,1
959,16076,0.99,2,1
960,16080,0.97,4,1
961,16083,0.98,3,1
962,16088,0.96,5,1
963,16095,0.94,7,1
964,16102,0.94,7,1
965,16105,0.98,3,1
966,16120,0.86,15,1
967,16139,0.82,19,1
968,16145,0.95,6,1
969,16146,1.0,1,1
970,16159,0.88,13,1
971,16169,0.91,10,1
972,16174,0.96,5,1
973,16177,0.98,3,1
974,16185,0.93,8,1
975,16187,0.99,2,1
976,16196,0.92,9,1
977,16206,0.91,10,1
978,16210,0.97,4,1
979,16214,0.97,4,1
980,16218,0.97,4,1
981,16223,0.96,5,1
982,16226,0.98,3,1
983,16239,0.88,13,1
984,16243,0.97,4,1
985,16251,0.93,8,1
986,16254,0.98,3,1
987,16261,0.94,7,1
988,16270,0.92,9,1
989,16273,0.98,3,1
990,16295,0.79,22,1
991,16296,1.0,1,1
992,16308,0.89,12,1
993,16314,0.95,6,1
994,16324,0.91,10,1
995,16332,0.93,8,1
996,16334,0.99,2,1
997,16341,0.94,7,1
998,16346,0.96,5,1
999,16353,0.94,7,1
1000,16361,0.93,8,1
1001,16375,0.87,14,1
1002,16376,1.0,1,1
1003,16381,0.96,5,1
1004,16382,1.0,1,1
1005,16391,0.92,9,1
1006,16399,0.93,8,1
1007,16404,0.96,5,1
1008,16409,0.96,5,1
1009,16419,0.91,10,1
1010,16423,0.97,4,1
1011,16430,0.94,7,1
1012,16435,0.96,5,1
1013,16441,0.95,6,1
1014,16446,0.96,5,1
1015,16457,0.9,11,1
1016,16459,0.99,2,1
1017,16470,0.9,11,1
1018,16479,0.92,9,1
1019,16493,0.87,14,1
1020,16494,1.0,1,1
1021,16499,0.96,5,1
1022,16503,0.97,4,1
1023,16513,0.91,10,1
1024,16518,0.96,5,1
1025,16529,0.9,11,1
1026,16532,0.98,3,1
1027,16548,0.85,16,1
1028,16556,0.93,8,1
1029,16560,0.97,4,1
1030,16567,0.94,7,1
1031,16577,0.91,10,1
1032,16582,0.96,5,1
1033,16590,0.93,8,1
1034,16602,0.89,12,1
1035,16611,0.92,9,1
1036,16617,0.95,6,1
1037,16622,0.96,5,1
1038,16625,0.98,3,1
1039,16633,0.93,8,1
1040,16642,0.92,9,1
1041,16657,0.86,15,1
1042,16664,0.94,7,1
1043,16669,0.96,5,1
1044,16671,0.99,2,1
1045,16684,0.88,13,1
1046,16691,0.94,7,1
1047,16697,0.95,6,1
1048,16710,0.88,13,1
1049,16714,0.97,4,1
1050,16716,0.99,2,1
1051,16723,0.94,7,1
1052,16727,0.97,4,1
1053,16738,0.9,11,1
1054,16745,0.94,7,1
1055,16747,0.99,2,1
1056,16755,0.93,8,1
1057,16758,0.98,3,1
1058,16762,0.97,4,1
1059,16766,0.97,4,1
1060,16770,0.97,4,1
1061,16775,0.96,5,1
1062,16779,0.97,4,1
1063,16787,0.93,8,1
1064,16792,0.96,5,1
1065,16799,0.94,7,1
1066,16807,0.93,8,1
1067,16813,0.95,6,1
1068,16817,0.97,4,1
1069,16827,0.91,10,1
1070,16833,0.95,6,1
1071,16839,0.95,6,1
1072,16840,1.0,1,1
1073,16845,0.96,5,1
1074,16867,0.79,22,1
1075,16873,0.95,6,1
1076,16884,0.9,11,1
1077,16888,0.97,4,1
1078,16891,0.98,3,1
1079,16897,0.95,6,1
1080,16903,0.95,6,1
1081,16905,0.99,2,1
1082,16912,0.94,7,1
1083,16919,0.94,7,1
1084,16927,0.93,8,1
1085,16930,0.98,3,1
1086,16934,0.97,4,1
1087,16935,1.0,1,1
1088,16939,0.97,4,1
1089,16951,0.89,12,1
1090,16952,1.0,1,1
1091,16959,0.94,7,1
1092,16971,0.89,12,1
1093,16973,0.99,2,1
1094,16974,1.0,1,1
1095,16983,0.92,9,1
1096,16992,0.92,9,1
1097,16998,0.95,6,1
1098,17004,0.95,6,1
1099,17012,0.93,8,1
1100,17025,0.88,13,1
1101,17037,0.89,12,1
1102,17041,0.97,4,1
1103,17046,0.96,5,1
1104,17051,0.96,5,1
1105,17055,0.97,4,1
1106,17061,0.95,6,1
1107,17066,0.96,5,1
1108,17076,0.91,10,1
1109,17077,1.0,1,1
1110,17083,0.95,6,1
1111,17086,0.98,3,1
1112,17096,0.91,10,1
1113,17103,0.94,7,1
1114,17109,0.95,6,1
1115,17115,0.95,6,1
1116,17119,0.97,4,1
1117,17126,0.94,7,1
1118,17127,1.0,1,1
1119,17138,0.9,11,1
1120,17142,0.97,4,1
1121,17147,0.96,5,1
1122,17156,0.92,9,1
1123,17158,0.99,2,1
1124,17163,0.96,5,1
1125,17165,0.99,2,1
1126,17174,0.92,9,1
1127,17180,0.95,6,1
1128,17186,0.95,6,1
1129,17197,0.9,11,1
1130,17199,0.99,2,1
1131,17205,0.95,6,1
1132,17210,0.96,5,1
1133,17211,1.0,1,1
1134,17222,0.9,11,1
1135,17225,0.98,3,1
1136,17231,0.95,6,1
1137,17244,0.88,13,1
1138,17251,0.94,7,1
1139,17259,0.93,8,1
1140,17267,0.93,8,1
1141,17268,1.0,1,1
1142,17276,0.93,8,1
1143,17284,0.93,8,1
1144,17290,0.95,6,1
1145,17303,0.88,13,1
1146,17308,0.96,5,1
1147,17311,0.98,3,1
1148,17315,0.97,4,1
1149,17317,0.99,2,1
1150,17318,1.0,1,1
1151,17319,1.0,1,1
1152,17323,0.97,4,1
1153,17331,0.93,8,1
1154,17343,0.89,12,1
1155,17344,1.0,1,1
1156,17350,0.95,6,1
1157,17357,0.94,7,1
1158,17366,0.92,9,1
1159,17370,0.97,4,1
1160,17381,0.9,11,1
1161,17392,0.9,11,1
1162,17397,0.96,5,1
1163,17403,0.95,6,1
1164,17410,0.94,7,1
1165,17413,0.98,3,1
1166,17416,0.98,3,1
1167,17422,0.95,6,1
1168,17433,0.9,11,1
1169,17441,0.93,8,1
1170,17455,0.87,14,1
1171,17459,0.97,4,1
1172,17466,0.94,7,1
1173,17472,0.95,6,1
1174,17482,0.91,10,1
1175,17484,0.99,2,1
1176,17487,0.98,3,1
1177,17495,0.93,8,1
1178,17503,0.93,8,1
1179,17505,0.99,2,1
1180,17508,0.98,3,1
1181,17514,0.95,6,1
1182,17519,0.96,5,1
1183,17522,0.98,3,1
1184,17527,0.96,5,1
1185,17533,0.95,6,1
1186,17534,1.0,1,1
1187,17540,0.95,6,1
1188,17546,0.95,6,1
1189,17549,0.98,3,1
1190,17556,0.94,7,1
1191,17571,0.86,15,1
1192,17573,0.99,2,1
1193,17582,0.92,9,1
1194,17587,0.96,5,1
1195,17592,0.96,5,1
1196,17597,0.96,5,1
1197,17618,0.8,21,1
1198,17629,0.9,11,1
1199,17645,0.85,16,1
1200,17656,0.9,11,1
1201,17657,1.0,1,1
1202,17670,0.88,13,1
1203,17679,0.92,9,1
1204,17680,1.0,1,1
1205,17683,0.98,3,1
1206,17687,0.97,4,1
1207,17693,0.95,6,1
1208,17699,0.95,6,1
1209,17700,1.0,1,1
1210,17707,0.94,7,1
1211,17713,0.95,6,1
1212,17721,0.93,8,1
1213,17725,0.97,4,1
1214,17735,0.91,10,1
1215,17745,0.91,10,1
1216,17752,0.94,7,1
1217,17754,0.99,2,1
1218,17758,0.97,4,1
1219,17759,1.0,1,1
1220,17764,0.96,5,1
1221,17769,0.96,5,1
1222,17774,0.96,5,1
1223,17784,0.91,10,1
1224,17787,0.98,3,1
1225,17794,0.94,7,1
1226,17804,0.91,10,1
1227,17812,0.93,8,1
1228,17817,0.96,5,1
1229,17820,0.98,3,1
1230,17823,0.98,3,1
1231,17830,0.94,7,1
1232,17837,0.94,7,1
1233,17838,1.0,1,1
1234,17844,0.95,6,1
1235,17845,1.0,1,1
1236,17849,0.97,4,1
1237,17857,0.93,8,1
1238,17862,0.96,5,1
1239,17867,0.96,5,1
1240,17868,1.0,1,1
1241,17876,0.93,8,1
1242,17881,0.96,5,1
1243,17887,0.95,6,1
1244,17889,0.99,2,1
1245,17892,0.98,3,1
1246,17903,0.9,11,1
1247,17919,0.85,16,1
1248,17926,0.94,7,1
1249,17929,0.98,3,1
1250,17939,0.91,10,1
1251,17946,0.94,7,1
1252,17951,0.96,5,1
1253,17962,0.9,11,1
1254,17964,0.99,2,1
1255,17966,0.99,2,1
1256,17973,0.94,7,1
1257,17979,0.95,6,1
1258,17986,0.94,7,1
1259,18000,0.87,14,1
1260,18015,0.86,15,1
1261,18023,0.93,8,1
1262,18034,0.9,11,1
1263,18044,0.91,10,1
1264,18055,0.9,11,1
1265,18060,0.96,5,1
1266,18066,0.95,6,1
1267,18069,0.98,3,1
1268,18077,0.93,8,1
1269,18080,0.98,3,1
1270,18090,0.91,10,1
1271,18093,0.98,3,1
1272,18105,0.89,12,1
1273,18114,0.92,9,1
1274,18123,0.92,9,1
1275,18132,0.92,9,1
1276,18138,0.95,6,1
1277,18144,0.95,6,1
1278,18150,0.95,6,1
1279,18155,0.96,5,1
1280,18161,0.95,6,1
1281,18163,0.99,2,1
1282,18167,0.97,4,1
1283,18172,0.96,5,1
1284,18185,0.88,13,1
1285,18194,0.92,9,1
1286,18202,0.93,8,1
1287,18208,0.95,6,1
1288,18209,1.0,1,1
1289,18214,0.96,5,1
1290,18220,0.95,6,1
1291,18225,0.96,5,1
1292,18227,0.99,2,1
1293,18233,0.95,6,1
1294,18237,0.97,4,1
1295,18240,0.98,3,1
1296,18245,0.96,5,1
1297,18250,0.96,5,1
1298,18259,0.92,9,1
1299,18267,0.93,8,1
1300,18272,0.96,5,1
1301,18280,0.93,8,1
1302,18282,0.99,2,1
1303,18287,0.96,5,1
1304,18300,0.88,13,1
1305,18309,0.92,9,1
1306,18310,1.0,1,1
1307,18322,0.89,12,1
1308,18334,0.89,12,1
1309,18340,0.95,6,1
1310,18344,0.97,4,1
1311,18350,0.95,6,1
1312,18359,0.92,9,1
1313,18372,0.88,13,1
1314,18386,0.87,14,1
1315,18392,0.95,6,1
1316,18395,0.98,3,1
1317,18401,0.95,6,1
1318,18405,0.97,4,1
1319,18406,1.0,1,1
1320,18415,0.92,9,1
1321,18423,0.93,8,1
1322,18435,0.89,12,1
1323,18442,0.94,7,1
1324,18448,0.95,6,1
1325,18457,0.92,9,1
1326,18466,0.92,9,1
1327,18474,0.93,8,1
1328,18480,0.95,6,1
1329,18481,1.0,1,1
1330,18485,0.97,4,1
1331,18491,0.95,6,1
1332,18500,0.92,9,1
1333,18510,0.91,10,1
1334,18514,0.97,4,1
1335,18518,0.97,4,1
1336,18525,0.94,7,1
1337,18531,0.95,6,1
1338,18534,0.98,3,1
1339,18545,0.9,11,1
1340,18548,0.98,3,1
1341,18552,0.97,4,1
1342,18560,0.93,8,1
1343,18573,0.88,13,1
1344,18580,0.94,7,1
1345,18586,0.95,6,1
1346,18588,0.99,2,1
1347,18597,0.92,9,1
1348,18599,0.99,2,1
1349,18601,0.99,2,1
1350,18604,0.98,3,1
1351,18609,0.96,5,1
1352,18618,0.92,9,1
1353,18628,0.91,10,1
1354,18636,0.93,8,1
1355,18639,0.98,3,1
1356,18644,0.96,5,1
1357,18649,0.96,5,1
1358,18654,0.96,5,1
1359,18658,0.97,4,1
1360,18660,0.99,2,1
1361,18664,0.97,4,1
1362,18665,1.0,1,1
1363,18677,0.89,12,1
1364,18679,0.99,2,1
1365,18692,0.88,13,1
1366,18697,0.96,5,1
1367,18699,0.99,2,1
1368,18706,0.94,7,1
1369,18713,0.94,7,1
1370,18717,0.97,4,1
1371,18723,0.95,6,1
1372,18731,0.93,8,1
1373,18735,0.97,4,1
1374,18744,0.92,9,1
1375,18746,0.99,2,1
1376,18749,0.98,3,1
1377,18751,0.99,2,1
1378,18753,0.99,2,1
1379,18759,0.95,6,1
1380,18763,0.97,4,1
1381,18769,0.95,6,1
1382,18781,0.89,12,1
1383,18790,0.92,9,1
1384,18792,0.99,2,1
1385,18793,1.0,1,1
1386,18796,0.98,3,1
1387,18800,0.97,4,1
1388,18809,0.92,9,1
1389,18811,0.99,2,1
1390,18821,0.91,10,1
1391,18826,0.96,5,1
1392,18840,0.87,14,1
1393,18841,1.0,1,1
1394,18844,0.98,3,1
1395,18854,0.91,10,1
1396,18864,0.91,10,1
1397,18869,0.96,5,1
1398,18876,0.94,7,1
1399,18880,0.97,4,1
1400,18883,0.98,3,1
1401,18893,0.91,10,1
1402,18903,0.91,10,1
1403,18910,0.94,7,1
1404,18915,0.96,5,1
1405,18919,0.97,4,1
1406,18927,0.93,8,1
1407,18935,0.93,8,1
1408,18940,0.96,5,1
1409,18941,1.0,1,1
1410,18947,0.95,6,1
1411,18956,0.92,9,1
1412,18960,0.97,4,1
1413,18969,0.92,9,1
1414,18980,0.9,11,1
1415,18986,0.95,6,1
1416,19001,0.86,15,1
1417,19005,0.97,4,1
1418,19007,0.99,2,1
1419,19014,0.94,7,1
1420,19020,0.95,6,1
1421,19029,0.92,9,1
1422,19040,0.9,11,1
1423,19043,0.98,3,1
1424,19044,1.0,1,1
1425,19049,0.96,5,1
1426,19051,0.99,2,1
1427,19055,0.97,4,1
1428,19060,0.96,5,1
1429,19064,0.97,4,1
1430,19074,0.91,10,1
1431,19079,0.96,5,1
1432,19087,0.93,8,1
1433,19089,0.99,2,1
1434,19095,0.95,6,1
1435,19099,0.97,4,1
1436,19101,0.99,2,1
1437,19106,0.96,5,1
1438,19114,0.93,8,1
1439,19122,0.93,8,1
1440,19123,1.0,1,1
1441,19129,0.95,6,1
1442,19136,0.94,7,1
1443,19143,0.94,7,1
1444,19145,0.99,2,1
1445,19156,0.9,11,1
1446,19164,0.93,8,1
1447,19168,0.97,4,1
1448,19179,0.9,11,1
1449,19183,0.97,4,1
1450,19187,0.97,4,1
1451,19191,0.97,4,1
1452,19197,0.95,6,1
1453,19199,0.99,2,1
1454,19204,0.96,5,1
1455,19207,0.98,3,1
1456,19221,0.87,14,1
1457,19229,0.93,8,1
1458,19246,0.84,17,1
1459,19253,0.94,7,1
1460,19265,0.89,12,1
1461,19267,0.99,2,1
1462,19277,0.91,10,1
1463,19283,0.95,6,1
1464,19290,0.94,7,1
1465,19298,0.93,8,1
1466,19305,0.94,7,1
1467,19311,0.95,6,1
1468,19316,0.96,5,1
1469,19321,0.96,5,1
1470,19329,0.93,8,1
1471,19340,0.9,11,1
1472,19363,0.78,23,1
1473,19365,0.99,2,1
1474,19377,0.89,12,1
1475,19387,0.91,10,1
1476,19391,0.97,4,1
1477,19395,0.97,4,1
1478,19399,0.97,4,1
1479,19408,0.92,9,1
1480,19423,0.86,15,1
1481,19427,0.97,4,1
1482,19438,0.9,11,1
1483,19442,0.97,4,1
1484,19446,0.97,4,1
1485,19451,0.96,5,1
1486,19461,0.91,10,1
1487,19467,0.95,6,1
1488,19475,0.93,8,1
1489,19488,0.88,13,1
1490,19491,0.98,3,1
1491,19495,0.97,4,1
1492,19500,0.96,5,1
1493,19504,0.97,4,1
1494,19512,0.93,8,1
1495,19516,0.97,4,1
1496,19524,0.93,8,1
1497,19531,0.94,7,1
1498,19538,0.94,7,1
1499,19542,0.97,4,1
1500,19546,0.97,4,1
1501,19550,0.97,4,1
1502,19552,0.99,2,1
1503,19565,0.88,13,1
1504,19575,0.91,10,1
1505,19586,0.9,11,1
1506,19591,0.96,5,1
1507,19601,0.91,10,1
1508,19608,0.94,7,1
1509,19612,0.97,4,1
1510,19616,0.97,4,1
1511,19622,0.95,6,1
1512,19631,0.92,9,1
1513,19640,0.92,9,1
1514,19641,1.0,1,1
1515,19643,0.99,2,1
1516,19650,0.94,7,1
1517,19655,0.96,5,1
1518,19667,0.89,12,1
1519,19673,0.95,6,1
1520,19683,0.91,10,1
1521,19694,0.9,11,1
1522,19698,0.97,4,1
1523,19700,0.99,2,1
1524,19707,0.94,7,1
1525,19713,0.95,6,1
1526,19717,0.97,4,1
1527,19722,0.96,5,1
1528,19729,0.94,7,1
1529,19736,0.94,7,1
1530,19742,0.95,6,1
1531,19748,0.95,6,1
1532,19755,0.94,7,1
1533,19756,1.0,1,1
1534,19762,0.95,6,1
1535,19766,0.97,4,1
1536,19769,0.98,3,1
1537,19773,0.97,4,1
1538,19778,0.96,5,1
1539,19785,0.94,7,1
1540,19791,0.95,6,1
1541,19800,0.92,9,1
1542,19801,1.0,1,1
1543,19809,0.93,8,1
1544,19820,0.9,11,1
1545,19831,0.9,11,1
1546,19833,0.99,2,1
1547,19842,0.92,9,1
1548,19848,0.95,6,1
1549,19853,0.96,5,1
1550,19860,0.94,7,1
1551,19877,0.84,17,1
1552,19881,0.97,4,1
1553,19886,0.96,5,1
1554,19896,0.91,10,1
1555,19898,0.99,2,1
1556,19907,0.92,9,1
1557,19913,0.95,6,1
1558,19923,0.91,10,1
1559,19933,0.91,10,1
1560,19939,0.95,6,1
1561,19945,0.95,6,1
1562,19952,0.94,7,1
1563,19956,0.97,4,1
1564,19967,0.9,11,1
1565,19978,0.9,11,1
1566,19986,0.93,8,1
1567,19996,0.91,10,1
1568,19999,0.98,3,1
1569,20009,0.91,10,1
1570,20011,0.99,2,1
1571,20017,0.95,6,1
1572,20021,0.97,4,1
1573,20026,0.96,5,1
1574,20033,0.94,7,1
1575,20039,0.95,6,1
1576,20048,0.92,9,1
1577,20068,0.81,20,1
1578,20080,0.89,12,1
1579,20087,0.94,7,1
1580,20091,0.97,4,1
1581,20094,0.98,3,1
1582,20097,0.98,3,1
1583,20098,1.0,1,1
1584,20100,0.99,2,1
1585,20105,0.96,5,1
1586,20113,0.93,8,1
1587,20121,0.93,8,1
1588,20122,1.0,1,1
1589,20128,0.95,6,1
1590,20132,0.97,4,1
1591,20135,0.98,3,1
1592,20138,0.98,3,1
1593,20147,0.92,9,1
1594,20153,0.95,6,1
1595,20158,0.96,5,1
1596,20165,0.94,7,1
1597,20171,0.95,6,1
1598,20175,0.97,4,1
1599,20180,0.96,5,1
1600,20193,0.88,13,1
1601,20201,0.93,8,1
1602,20204,0.98,3,1
1603,20208,0.97,4,1
1604,20224,0.85,16,1
1605,20225,1.0,1,1
1606,20229,0.97,4,1
1607,20230,1.0,1,1
1608,20234,0.97,4,1
1609,20241,0.94,7,1
1610,20249,0.93,8,1
1611,20251,0.99,2,1
1612,20253,0.99,2,1
1613,20257,0.97,4,1
1614,20263,0.95,6,1
1615,20270,0.94,7,1
1616,20277,0.94,7,1
1617,20281,0.97,4,1
1618,20294,0.88,13,1
1619,20298,0.97,4,1
1620,20308,0.91,10,1
1621,20310,0.99,2,1
1622,20313,0.98,3,1
1623,20320,0.94,7,1
1624,20330,0.91,10,1
1625,20337,0.94,7,1
1626,20339,0.99,2,1
1627,20345,0.95,6,1
1628,20352,0.94,7,1
1629,20357,0.96,5,1
1630,20363,0.95,6,1
1631,20366,0.98,3,1
1632,20371,0.96,5,1
1633,20384,0.88,13,1
1634,20385,1.0,1,1
1635,20394,0.92,9,1
1636,20402,0.93,8,1
1637,20410,0.93,8,1
1638,20414,0.97,4,1
1639,20421,0.94,7,1
1640,20429,0.93,8,1
1641,20438,0.92,9,1
1642,20445,0.94,7,1
1643,20452,0.94,7,1
1644,20459,0.94,7,1
1645,20462,0.98,3,1
1646,20469,0.94,7,1
1647,20471,0.99,2,1
1648,20476,0.96,5,1
1649,20488,0.89,12,1
1650,20493,0.96,5,1
1651,20502,0.92,9,1
1652,20508,0.95,6,1
1653,20511,0.98,3,1
1654,20516,0.96,5,1
1655,20523,0.94,7,1
1656,20535,0.89,12,1
1657,20539,0.97,4,1
1658,20543,0.97,4,1
1659,20549,0.95,6,1
1660,20555,0.95,6,1
1661,20565,0.91,10,1
1662,20571,0.95,6,1
1663,20574,0.98,3,1
1664,20580,0.95,6,1
1665,20591,0.9,11,1
1666,20593,0.99,2,1
1667,20598,0.96,5,1
1668,20607,0.92,9,1
1669,20616,0.92,9,1
1670,20618,0.99,2,1
1671,20633,0.86,15,1
1672,20638,0.96,5,1
1673,20647,0.92,9,1
1674,20652,0.96,5,1
1675,20658,0.95,6,1
1676,20668,0.91,10,1
1677,20669,1.0,1,1
1678,20678,0.92,9,1
1679,20679,1.0,1,1
1680,20681,0.99,2,1
1681,20691,0.91,10,1
1682,20697,0.95,6,1
1683,20701,0.97,4,1
1684,20710,0.92,9,1
1685,20715,0.96,5,1
1686,20719,0.97,4,1
1687,20727,0.93,8,1
1688,20732,0.96,5,1
1689,20740,0.93,8,1
1690,20746,0.95,6,1
1691,20749,0.98,3,1
1692,20753,0.97,4,1
1693,20757,0.97,4,1
1694,20758,1.0,1,1
1695,20763,0.96,5,1
1696,20767,0.97,4,1
1697,20770,0.98,3,1
1698,20772,0.99,2,1
1699,20777,0.96,5,1
1700,20783,0.95,6,1
1701,20793,0.91,10,1
1702,20800,0.94,7,1
1703,20807,0.94,7,1
1704,20815,0.93,8,1
1705,20825,0.91,10,1
1706,20834,0.92,9,1
1707,20835,1.0,1,1
1708,20850,0.86,15,1
1709,20855,0.96,5,1
1710,20863,0.93,8,1
1711,20878,0.86,15,1
1712,20886,0.93,8,1
1713,20887,1.0,1,1
1714,20898,0.9,11,1
1715,20902,0.97,4,1
1716,20909,0.94,7,1
1717,20911,0.99,2,1
1718,20921,0.91,10,1
1719,20928,0.94,7,1
1720,20935,0.94,7,1
1721,20936,1.0,1,1
1722,20938,0.99,2,1
1723,20945,0.94,7,1
1724,20952,0.94,7,1
1725,20959,0.94,7,1
1726,20968,0.92,9,1
1727,20975,0.94,7,1
1728,20983,0.93,8,1
1729,20986,0.98,3,1
1730,20992,0.95,6,1
1731,21001,0.92,9,1
1732,21007,0.95,6,1
1733,21016,0.92,9,1
1734,21020,0.97,4,1
1735,21027,0.94,7,1
1736,21036,0.92,9,1
1737,21040,0.97,4,1
1738,21051,0.9,11,1
1739,21056,0.96,5,1
1740,21062,0.95,6,1
1741,21067,0.96,5,1
1742,21073,0.95,6,1
1743,21081,0.93,8,1
1744,21083,0.99,2,1
1745,21089,0.95,6,1
1746,21093,0.97,4,1
1747,21099,0.95,6,1
1748,21103,0.97,4,1
1749,21108,0.96,5,1
1750,21116,0.93,8,1
1751,21125,0.92,9,1
1752,21126,1.0,1,1
1753,21135,0.92,9,1
1754,21137,0.99,2,1
1755,21138,1.0,1,1
1756,21148,0.91,10,1
1757,21149,1.0,1,1
1758,21153,0.97,4,1
1759,21158,0.96,5,1
1760,21167,0.92,9,1
1761,21168,1.0,1,1
1762,21170,0.99,2,1
1763,21173,0.98,3,1
1764,21180,0.94,7,1
1765,21187,0.94,7,1
1766,21188,1.0,1,1
1767,21196,0.93,8,1
1768,21203,0.94,7,1
1769,21213,0.91,10,1
1770,21217,0.97,4,1
1771,21220,0.98,3,1
1772,21229,0.92,9,1
1773,21232,0.98,3,1
1774,21243,0.9,11,1
1775,21244,1.0,1,1
1776,21247,0.98,3,1
1777,21261,0.87,14,1
1778,21266,0.96,5,1
1779,21272,0.95,6,1
1780,21280,0.93,8,1
1781,21287,0.94,7,1
1782,21290,0.98,3,1
1783,21297,0.94,7,1
1784,21299,0.99,2,1
1785,21306,0.94,7,1
1786,21313,0.94,7,1
1787,21322,0.92,9,1
1788,21333,0.9,11,1
1789,21344,0.9,11,1
1790,21352,0.93,8,1
1791,21361,0.92,9,1
1792,21362,1.0,1,1
1793,21372,0.91,10,1
1794,21380,0.93,8,1
1795,21389,0.92,9,1
1796,21393,0.97,4,1
1797,21394,1.0,1,1
1798,21403,0.92,9,1
1799,21407,0.97,4,1
1800,21414,0.94,7,1
1801,21427,0.88,13,1
1802,21434,0.94,7,1
1803,21443,0.92,9,1
1804,21447,0.97,4,1
1805,21453,0.95,6,1
1806,21457,0.97,4,1
1807,21464,0.94,7,1
1808,21472,0.93,8,1
1809,21480,0.93,8,1
1810,21482,0.99,2,1
1811,21488,0.95,6,1
1812,21489,1.0,1,1
1813,21501,0.89,12,1
1814,21507,0.95,6,1
1815,21514,0.94,7,1
1816,21517,0.98,3,1
1817,21525,0.93,8,1
1818,21532,0.94,7,1
1819,21538,0.95,6,1
1820,21543,0.96,5,1
1821,21546,0.98,3,1
1822,21548,0.99,2,1
1823,21549,1.0,1,1
1824,21552,0.98,3,1
1825,21556,0.97,4,1
1826,21559,0.98,3,1
1827,21564,0.96,5,1
1828,21570,0.95,6,1
1829,21576,0.95,6,1
1830,21580,0.97,4,1
1831,21584,0.97,4,1
1832,21591,0.94,7,1
1833,21598,0.94,7,1
1834,21603,0.96,5,1
1835,21606,0.98,3,1
1836,21611,0.96,5,1
1837,21619,0.93,8,1
1838,21624,0.96,5,1
1839,21628,0.97,4,1
1840,21633,0.96,5,1
1841,21638,0.96,5,1
1842,21641,0.98,3,1
1843,21646,0.96,5,1
1844,21650,0.97,4,1
1845,21657,0.94,7,1
1846,21662,0.96,5,1
1847,21668,0.95,6,1
1848,21676,0.93,8,1
1849,21683,0.94,7,1
1850,21689,0.95,6,1
1851,21693,0.97,4,1
1852,21702,0.92,9,1
1853,21712,0.91,10,1
1854,21718,0.95,6,1
1855,21722,0.97,4,1
1856,21730,0.93,8,1
1857,21734,0.97,4,1
1858,21739,0.96,5,1
1859,21753,0.87,14,1
1860,21760,0.94,7,1
1861,21763,0.98,3,1
1862,21771,0.93,8,1
1863,21776,0.96,5,1
1864,21781,0.96,5,1
1865,21786,0.96,5,1
1866,21791,0.96,5,1
1867,21798,0.94,7,1
1868,21805,0.94,7,1
1869,21809,0.97,4,1
1870,21817,0.93,8,1
1871,21824,0.94,7,1
1872,21828,0.97,4,1
1873,21831,0.98,3,1
1874,21835,0.97,4,1
1875,21848,0.88,13,1
1876,21854,0.95,6,1
1877,21855,1.0,1,1
1878,21865,0.91,10,1
1879,21873,0.93,8,1
1880,21883,0.91,10,1
1881,21890,0.94,7,1
1882,21893,0.98,3,1
1883,21903,0.91,10,1
1884,21910,0.94,7,1
1885,21915,0.96,5,1
1886,21924,0.92,9,1
1887,21925,1.0,1,1
1888,21927,0.99,2,1
1889,21934,0.94,7,1
1890,21938,0.97,4,1
1891,21946,0.93,8,1
1892,21952,0.95,6,1
1893,21953,1.0,1,1
1894,21961,0.93,8,1
1895,21963,0.99,2,1
1896,21970,0.94,7,1
1897,21981,0.9,11,1
1898,21987,0.95,6,1
1899,21994,0.94,7,1
1900,21998,0.97,4,1
1901,22002,0.97,4,1
1902,22010,0.93,8,1
1903,22017,0.94,7,1
1904,22021,0.97,4,1
1905,22033,0.89,12,1
1906,22036,0.98,3,1
1907,22047,0.9,11,1
1908,22056,0.92,9,1
1909,22059,0.98,3,1
1910,22069,0.91,10,1
1911,22082,0.88,13,1
1912,22088,0.95,6,1
1913,22095,0.94,7,1
1914,22099,0.97,4,1
1915,22100,1.0,1,1
1916,22111,0.9,11,1
1917,22118,0.94,7,1
1918,22121,0.98,3,1
1919,22131,0.91,10,1
1920,22143,0.89,12,1
1921,22148,0.96,5,1
1922,22150,0.99,2,1
1923,22152,0.99,2,1
1924,22159,0.94,7,1
1925,22172,0.88,13,1
1926,22173,1.0,1,1
1927,22182,0.92,9,1
1928,22193,0.9,11,1
1929,22197,0.97,4,1
1930,22201,0.97,4,1
1931,22211,0.91,10,1
1932,22224,0.88,13,1
1933,22227,0.98,3,1
1934,22234,0.94,7,1
1935,22242,0.93,8,1
1936,22244,0.99,2,1
1937,22247,0.98,3,1
1938,22251,0.97,4,1
1939,22254,0.98,3,1
1940,22256,0.99,2,1
1941,22260,0.97,4,1
1942,22266,0.95,6,1
1943,22270,0.97,4,1
1944,22272,0.99,2,1
1945,22279,0.94,7,1
1946,22282,0.98,3,1
1947,22286,0.97,4,1
1948,22291,0.96,5,1
1949,22297,0.95,6,1
1950,22304,0.94,7,1
1951,22307,0.98,3,1
1952,22327,0.81,20,1
1953,22338,0.9,11,1
1954,22345,0.94,7,1
1955,22347,0.99,2,1
1956,22351,0.97,4,1
1957,22359,0.93,8,1
1958,22362,0.98,3,1
1959,22369,0.94,7,1
1960,22372,0.98,3,1
1961,22374,0.99,2,1
1962,22380,0.95,6,1
1963,22391,0.9,11,1
1964,22399,0.93,8,1
1965,22402,0.98,3,1
1966,22408,0.95,6,1
1967,22418,0.91,10,1
1968,22422,0.97,4,1
1969,22423,1.0,1,1
1970,22425,0.99,2,1
1971,22433,0.93,8,1
1972,22441,0.93,8,1
1973,22444,0.98,3,1
1974,22456,0.89,12,1
1975,22462,0.95,6,1
1976,22469,0.94,7,1
1977,22473,0.97,4,1
1978,22476,0.98,3,1
1979,22489,0.88,13,1
1980,22493,0.97,4,1
1981,22495,0.99,2,1
1982,22501,0.95,6,1
1983,22510,0.92,9,1
1984,22518,0.93,8,1
1985,22523,0.96,5,1
1986,22530,0.94,7,1
1987,22535,0.96,5,1
1988,22542,0.94,7,1
1989,22544,0.99,2,1
1990,22552,0.93,8,1
1991,22557,0.96,5,1
1992,22561,0.97,4,1
1993,22573,0.89,12,1
1994,22576,0.98,3,1
1995,22581,0.96,5,1
1996,22583,0.99,2,1
1997,22591,0.93,8,1
1998,22596,0.96,5,1
1999,22600,0.97,4,1
2000,22610,0.91,10,1
2001,22612,0.99,2,1
2002,22620,0.93,8,1
2003,22625,0.96,5,1
2004,22630,0.96,5,1
2005,22635,0.96,5,1
2006,22638,0.98,3,1
2007,22647,0.92,9,1
2008,22656,0.92,9,1
2009,22665,0.92,9,1
2010,22666,1.0,1,1
2011,22674,0.93,8,1
2012,22679,0.96,5,1
2013,22683,0.97,4,1
2014,22687,0.97,4,1
2015,22708,0.8,21,1
2016,22714,0.95,6,1
2017,22719,0.96,5,1
2018,22725,0.95,6,1
2019,22735,0.91,10,1
2020,22737,0.99,2,1
2021,22744,0.94,7,1
2022,22748,0.97,4,1
2023,22749,1.0,1,1
2024,22751,0.99,2,1
2025,22752,1.0,1,1
2026,22755,0.98,3,1
2027,22761,0.95,6,1
2028,22762,1.0,1,1
2029,22772,0.91,10,1
2030,22773,1.0,1,1
2031,22779,0.95,6,1
2032,22786,0.94,7,1
2033,22789,0.98,3,1
2034,22798,0.92,9,1
2035,22801,0.98,3,1
2036,22809,0.93,8,1
2037,22813,0.97,4,1
2038,22816,0.98,3,1
2039,22819,0.98,3,1
2040,22827,0.93,8,1
2041,22837,0.91,10,1
2042,22840,0.98,3,1
2043,22842,0.99,2,1
2044,22848,0.95,6,1
2045,22858,0.91,10,1
2046,22859,1.0,1,1
2047,22863,0.97,4,1
2048,22873,0.91,10,1
2049,22878,0.96,5,1
2050,22881,0.98,3,1
2051,22889,0.93,8,1
2052,22894,0.96,5,1
2053,22897,0.98,3,1
2054,22904,0.94,7,1
2055,22908,0.97,4,1
2056,22909,1.0,1,1
2057,22916,0.94,7,1
2058,22924,0.93,8,1
2059,22926,0.99,2,1
2060,22930,0.97,4,1
2061,22933,0.98,3,1
2062,22935,0.99,2,1
2063,22946,0.9,11,1
2064,22956,0.91,10,1
2065,22964,0.93,8,1
2066,22968,0.97,4,1
2067,22975,0.94,7,1
2068,22977,0.99,2,1
2069,22983,0.95,6,1
2070,22987,0.97,4,1
2071,22993,0.95,6,1
2072,22995,0.99,2,1
2073,23005,0.91,10,1
2074,23016,0.9,11,1
2075,23018,0.99,2,1
2076,23029,0.9,11,1
2077,23037,0.93,8,1
2078,23047,0.91,10,1
2079,23048,1.0,1,1
2080,23052,0.97,4,1
2081,23058,0.95,6,1
2082,23067,0.92,9,1
2083,23070,0.98,3,1
2084,23075,0.96,5,1
2085,23083,0.93,8,1
2086,23092,0.92,9,1
2087,23113,0.8,21,1
2088,23123,0.91,10,1
2089,23127,0.97,4,1
2090,23132,0.96,5,1
2091,23138,0.95,6,1
2092,23141,0.98,3,1
2093,23153,0.89,12,1
2094,23158,0.96,5,1
2095,23165,0.94,7,1
2096,23168,0.98,3,1
2097,23174,0.95,6,1
2098,23178,0.97,4,1
2099,23182,0.97,4,1
2100,23192,0.91,10,1
2101,23200,0.93,8,1
2102,23205,0.96,5,1
2103,23207,0.99,2,1
2104,23209,0.99,2,1
2105,23214,0.96,5,1
2106,23219,0.96,5,1
2107,23223,0.97,4,1
2108,23229,0.95,6,1
2109,23233,0.97,4,1
2110,23240,0.94,7,1
2111,23243,0.98,3,1
2112,23255,0.89,12,1
2113,23258,0.98,3,1
2114,23260,0.99,2,1
2115,23261,1.0,1,1
2116,23271,0.91,10,1
2117,23280,0.92,9,1
2118,23282,0.99,2,1
2119,23287,0.96,5,1
2120,23300,0.88,13,1
2121,23302,0.99,2,1
2122,23305,0.98,3,1
2123,23308,0.98,3,1
2124,23317,0.92,9,1
2125,23324,0.94,7,1
2126,23335,0.9,11,1
2127,23344,0.92,9,1
2128,23355,0.9,11,1
2129,23360,0.96,5,1
2130,23361,1.0,1,1
2131,23364,0.98,3,1
2132,23366,0.99,2,1
2133,23374,0.93,8,1
2134,23382,0.93,8,1
2135,23390,0.93,8,1
2136,23397,0.94,7,1
2137,23398,1.0,1,1
2138,23402,0.97,4,1
2139,23406,0.97,4,1
2140,23410,0.97,4,1
2141,23415,0.96,5,1
2142,23423,0.93,8,1
2143,23424,1.0,1,1
2144,23426,0.99,2,1
2145,23431,0.96,5,1
2146,23437,0.95,6,1
2147,23442,0.96,5,1
2148,23446,0.97,4,1
2149,23447,1.0,1,1
2150,23453,0.95,6,1
2151,23460,0.94,7,1
2152,23461,1.0,1,1
2153,23469,0.93,8,1
2154,23474,0.96,5,1
2155,23479,0.96,5,1
2156,23485,0.95,6,1
2157,23491,0.95,6,1
2158,23494,0.98,3,1
2159,23501,0.94,7,1
2160,23508,0.94,7,1
2161,23510,0.99,2,1
2162,23518,0.93,8,1
2163,23526,0.93,8,1
2164,23527,1.0,1,1
2165,23531,0.97,4,1
2166,23537,0.95,6,1
2167,23543,0.95,6,1
2168,23551,0.93,8,1
2169,23555,0.97,4,1
2170,23565,0.91,10,1
2171,23572,0.94,7,1
2172,23584,0.89,12,1
2173,23590,0.95,6,1
2174,23595,0.96,5,1
2175,23608,0.88,13,1
2176,23616,0.93,8,1
2177,23619,0.98,3,1
2178,23622,0.98,3,1
2179,23631,0.92,9,1
2180,23634,0.98,3,1
2181,23645,0.9,11,1
2182,23646,1.0,1,1
2183,23658,0.89,12,1
2184,23666,0.93,8,1
2185,23670,0.97,4,1
2186,23673,0.98,3,1
2187,23686,0.88,13,1
2188,23688,0.99,2,1
2189,23699,0.9,11,1
2190,23708,0.92,9,1
2191,23709,1.0,1,1
2192,23713,0.97,4,1
2193,23722,0.92,9,1
2194,23726,0.97,4,1
2195,23731,0.96,5,1
2196,23732,1.0,1,1
2197,23735,0.98,3,1
2198,23744,0.92,9,1
2199,23745,1.0,1,1
2200,23754,0.92,9,1
2201,23759,0.96,5,1
2202,23762,0.98,3,1
2203,23769,0.94,7,1
2204,23777,0.93,8,1
2205,23785,0.93,8,1
2206,23789,0.97,4,1
2207,23795,0.95,6,1
2208,23801,0.95,6,1
2209,23805,0.97,4,1
2210,23810,0.96,5,1
2211,23815,0.96,5,1
2212,23824,0.92,9,1
2213,23828,0.97,4,1
2214,23835,0.94,7,1
2215,23841,0.95,6,1
2216,23847,0.95,6,1
2217,23848,1.0,1,1
2218,23851,0.98,3,1
2219,23864,0.88,13,1
2220,23871,0.94,7,1
2221,23884,0.88,13,1
2222,23895,0.9,11,1
2223,23899,0.97,4,1
2224,23907,0.93,8,1
2225,23912,0.96,5,1
2226,23916,0.97,4,1
2227,23918,0.99,2,1
2228,23924,0.95,6,1
2229,23928,0.97,4,1
2230,23934,0.95,6,1
2231,23940,0.95,6,1
2232,23947,0.94,7,1
2233,23952,0.96,5,1
2234,23956,0.97,4,1
2235,23959,0.98,3,1
2236,23962,0.98,3,1
2237,23964,0.99,2,1
2238,23969,0.96,5,1
2239,23974,0.96,5,1
2240,23986,0.89,12,1
2241,23993,0.94,7,1
2242,24001,0.93,8,1
2243,24005,0.97,4,1
2244,24007,0.99,2,1
2245,24018,0.9,11,1
2246,24025,0.94,7,1
2247,24029,0.97,4,1
2248,24034,0.96,5,1
2249,24040,0.95,6,1
2250,24046,0.95,6,1
2251,24049,0.98,3,1
2252,24057,0.93,8,1
2253,24065,0.93,8,1
2254,24066,1.0,1,1
2255,24068,0.99,2,1
2256,24077,0.92,9,1
2257,24081,0.97,4,1
2258,24091,0.91,10,1
2259,24092,1.0,1,1
2260,24099,0.94,7,1
2261,24106,0.94,7,1
2262,24112,0.95,6,1
2263,24120,0.93,8,1
2264,24124,0.97,4,1
2265,24130,0.95,6,1
2266,24131,1.0,1,1
2267,24137,0.95,6,1
2268,24140,0.98,3,1
2269,24142,0.99,2,1
2270,24151,0.92,9,1
2271,24156,0.96,5,1
2272,24161,0.96,5,1
2273,24165,0.97,4,1
2274,24170,0.96,5,1
2275,24173,0.98,3,1
2276,24195,0.79,22,1
2277,24201,0.95,6,1
2278,24211,0.91,10,1
2279,24212,1.0,1,1
2280,24216,0.97,4,1
2281,24221,0.96,5,1
2282,24227,0.95,6,1
2283,24232,0.96,5,1
2284,24255,0.78,23,1
2285,24259,0.97,4,1
2286,24260,1.0,1,1
2287,24263,0.98,3,1
2288,24264,1.0,1,1
2289,24267,0.98,3,1
2290,24274,0.94,7,1
2291,24285,0.9,11,1
2292,24291,0.95,6,1
2293,24297,0.95,6,1
2294,24307,0.91,10,1
2295,24310,0.98,3,1
2296,24314,0.97,4,1
2297,24321,0.94,7,1
2298,24326,0.96,5,1
2299,24340,0.87,14,1
2300,24345,0.96,5,1
2301,24356,0.9,11,1
2302,24365,0.92,9,1
2303,24368,0.98,3,1
2304,24371,0.98,3,1
2305,24373,0.99,2,1
2306,24381,0.93,8,1
2307,24395,0.87,14,1
2308,24400,0.96,5,1
2309,24408,0.93,8,1
2310,24412,0.97,4,1
2311,24415,0.98,3,1
2312,24428,0.88,13,1
2313,24432,0.97,4,1
2314,24440,0.93,8,1
2315,24446,0.95,6,1
2316,24451,0.96,5,1
2317,24458,0.94,7,1
2318,24467,0.92,9,1
2319,24472,0.96,5,1
2320,24484,0.89,12,1
2321,24489,0.96,5,1
2322,24493,0.97,4,1
2323,24503,0.91,10,1
2324,24504,1.0,1,1
2325,24508,0.97,4,1
2326,24513,0.96,5,1
2327,24516,0.98,3,1
2328,24528,0.89,12,1
2329,24533,0.96,5,1
2330,24536,0.98,3,1
2331,24537,1.0,1,1
2332,24546,0.92,9,1
2333,24555,0.92,9,1
2334,24557,0.99,2,1
2335,24562,0.96,5,1
2336,24572,0.91,10,1
2337,24582,0.91,10,1
2338,24594,0.89,12,1
2339,24597,0.98,3,1
2340,24600,0.98,3,1
2341,24605,0.96,5,1
2342,24611,0.95,6,1
2343,24612,1.0,1,1
2344,24616,0.97,4,1
2345,24619,0.98,3,1
2346,24621,0.99,2,1
2347,24623,0.99,2,1
2348,24628,0.96,5,1
2349,24632,0.97,4,1
2350,24640,0.93,8,1
2351,24651,0.9,11,1
2352,24657,0.95,6,1
2353,24660,0.98,3,1
2354,24667,0.94,7,1
2355,24676,0.92,9,1
2356,24682,0.95,6,1
2357,24686,0.97,4,1
2358,24697,0.9,11,1
2359,24701,0.97,4,1
2360,24706,0.96,5,1
2361,24718,0.89,12,1
2362,24721,0.98,3,1
2363,24731,0.91,10,1
2364,24741,0.91,10,1
2365,24744,0.98,3,1
2366,24747,0.98,3,1
2367,24756,0.92,9,1
2368,24760,0.97,4,1
2369,24762,0.99,2,1
2370,24770,0.93,8,1
2371,24779,0.92,9,1
2372,24786,0.94,7,1
2373,24797,0.9,11,1
2374,24810,0.88,13,1
2375,24815,0.96,5,1
2376,24828,0.88,13,1
2377,24836,0.93,8,1
2378,24839,0.98,3,1
2379,24843,0.97,4,1
2380,24848,0.96,5,1
2381,24855,0.94,7,1
2382,24860,0.96,5,1
2383,24864,0.97,4,1
2384,24869,0.96,5,1
2385,24876,0.94,7,1
2386,24879,0.98,3,1
2387,24893,0.87,14,1
2388,24901,0.93,8,1
2389,24909,0.93,8,1
2390,24914,0.96,5,1
2391,24917,0.98,3,1
2392,24923,0.95,6,1
2393,24926,0.98,3,1
2394,24936,0.91,10,1
2395,24951,0.86,15,1
2396,24959,0.93,8,1
2397,24967,0.93,8,1
2398,24973,0.95,6,1
2399,24975,0.99,2,1
2400,24980,0.96,5,1
2401,24983,0.98,3,1
2402,24996,0.88,13,1
2403,24999,0.98,3,1
2404,25010,0.9,11,1
2405,25018,0.93,8,1
2406,25020,0.99,2,1
2407,25028,0.93,8,1
2408,25038,0.91,10,1
2409,25039,1.0,1,1
2410,25041,0.99,2,1
2411,25043,0.99,2,1
2412,25058,0.86,15,1
2413,25067,0.92,9,1
2414,25074,0.94,7,1
2415,25077,0.98,3,1
2416,25080,0.98,3,1
2417,25085,0.96,5,1
2418,25091,0.95,6,1
2419,25096,0.96,5,1
2420,25100,0.97,4,1
2421,25104,0.97,4,1
2422,25105,1.0,1,1
2423,25110,0.96,5,1
2424,25114,0.97,4,1
2425,25117,0.98,3,1
2426,25126,0.92,9,1
2427,25129,0.98,3,1
2428,25130,1.0,1,1
2429,25139,0.92,9,1
2430,25148,0.92,9,1
2431,25152,0.97,4,1
2432,25161,0.92,9,1
2433,25169,0.93,8,1
2434,25180,0.9,11,1
2435,25182,0.99,2,1
2436,25186,0.97,4,1
2437,25195,0.92,9,1
2438,25205,0.91,10,1
2439,25212,0.94,7,1
2440,25214,0.99,2,1
2441,25219,0.96,5,1
2442,25223,0.97,4,1
2443,25229,0.95,6,1
2444,25234,0.96,5,1
2445,25243,0.92,9,1
2446,25248,0.96,5,1
2447,25256,0.93,8,1
2448,25259,0.98,3,1
2449,25271,0.89,12,1
2450,25281,0.91,10,1
2451,25284,0.98,3,1
2452,25292,0.93,8,1
2453,25300,0.93,8,1
2454,25306,0.95,6,1
2455,25308,0.99,2,1
2456,25313,0.96,5,1
2457,25327,0.87,14,1
2458,25331,0.97,4,1
2459,25337,0.95,6,1
2460,25342,0.96,5,1
2461,25353,0.9,11,1
2462,25360,0.94,7,1
2463,25365,0.96,5,1
2464,25367,0.99,2,1
2465,25369,0.99,2,1
2466,25372,0.98,3,1
2467,25376,0.97,4,1
2468,25377,1.0,1,1
2469,25390,0.88,13,1
2470,25395,0.96,5,1
2471,25396,1.0,1,1
2472,25397,1.0,1,1
2473,25405,0.93,8,1
2474,25410,0.96,5,1
2475,25416,0.95,6,1
2476,25420,0.97,4,1
2477,25431,0.9,11,1
2478,25443,0.89,12,1
2479,25453,0.91,10,1
2480,25455,0.99,2,1
2481,25463,0.93,8,1
2482,25465,0.99,2,1
2483,25466,1.0,1,1
2484,25471,0.96,5,1
2485,25479,0.93,8,1
2486,25488,0.92,9,1
2487,25491,0.98,3,1
2488,25492,1.0,1,1
2489,25495,0.98,3,1
2490,25496,1.0,1,1
2491,25508,0.89,12,1
2492,25513,0.96,5,1
2493,25517,0.97,4,1
2494,25520,0.98,3,1
2495,25529,0.92,9,1
2496,25530,1.0,1,1
2497,25533,0.98,3,1
2498,25535,0.99,2,1
2499,25543,0.93,8,1
2500,25549,0.95,6,1
2501,25555,0.95,6,1
2502,25560,0.96,5,1
2503,25567,0.94,7,1
2504,25578,0.9,11,1
2505,25585,0.94,7,1
2506,25588,0.98,3,1
2507,25592,0.97,4,1
2508,25596,0.97,4,1
2509,25606,0.91,10,1
2510,25613,0.94,7,1
2511,25623,0.91,10,1
2512,25630,0.94,7,1
2513,25632,0.99,2,1
2514,25641,0.92,9,1
2515,25647,0.95,6,1
2516,25652,0.96,5,1
2517,25657,0.96,5,1
2518,25658,1.0,1,1
2519,25667,0.92,9,1
2520,25673,0.95,6,1
2521,25679,0.95,6,1
2522,25683,0.97,4,1
2523,25687,0.97,4,1
2524,25692,0.96,5,1
2525,25695,0.98,3,1
2526,25698,0.98,3,1
2527,25704,0.95,6,1
2528,25707,0.98,3,1
2529,25710,0.98,3,1
2530,25717,0.94,7,1
2531,25723,0.95,6,1
2532,25729,0.95,6,1
2533,25742,0.88,13,1
2534,25749,0.94,7,1
2535,25752,0.98,3,1
2536,25758,0.95,6,1
2537,25766,0.93,8,1
2538,25770,0.97,4,1
2539,25778,0.93,8,1
2540,25783,0.96,5,1
2541,25786,0.98,3,1
2542,25793,0.94,7,1
2543,25799,0.95,6,1
2544,25802,0.98,3,1
2545,25810,0.93,8,1
2546,25811,1.0,1,1
2547,25812,1.0,1,1
2548,25817,0.96,5,1
2549,25818,1.0,1,1
2550,25820,0.99,2,1
2551,25827,0.94,7,1
2552,25829,0.99,2,1
2553,25837,0.93,8,1
2554,25843,0.95,6,1
2555,25844,1.0,1,1
2556,25853,0.92,9,1
2557,25863,0.91,10,1
2558,25873,0.91,10,1
2559,25876,0.98,3,1
2560,25886,0.91,10,1
2561,25888,0.99,2,1
2562,25889,1.0,1,1
2563,25895,0.95,6,1
2564,25903,0.93,8,1
2565,25907,0.97,4,1
2566,25921,0.87,14,1
2567,25922,1.0,1,1
2568,25929,0.94,7,1
2569,25931,0.99,2,1
2570,25939,0.93,8,1
2571,25948,0.92,9,1
2572,25951,0.98,3,1
2573,25957,0.95,6,1
2574,25963,0.95,6,1
2575,25964,1.0,1,1
2576,25966,0.99,2,1
2577,25975,0.92,9,1
2578,25983,0.93,8,1
2579,25988,0.96,5,1
2580,25992,0.97,4,1
2581,25993,1.0,1,1
2582,25998,0.96,5,1
2583,26002,0.97,4,1
2584,26005,0.98,3,1
2585,26009,0.97,4,1
2586,26016,0.94,7,1
2587,26019,0.98,3,1
2588,26023,0.97,4,1
2589,26028,0.96,5,1
2590,26033,0.96,5,1
2591,26040,0.94,7,1
2592,26044,0.97,4,1
2593,26045,1.0,1,1
2594,26048,0.98,3,1
2595,26061,0.88,13,1
2596,26067,0.95,6,1
2597,26076,0.92,9,1
2598,26084,0.93,8,1
2599,26092,0.93,8,1
2600,26094,0.99,2,1
2601,26099,0.96,5,1
2602,26104,0.96,5,1
2603,26105,1.0,1,1
2604,26109,0.97,4,1
2605,26116,0.94,7,1
2606,26126,0.91,10,1
2607,26136,0.91,10,1
2608,26145,0.92,9,1
2609,26152,0.94,7,1
2610,26154,0.99,2,1
2611,26158,0.97,4,1
2612,26169,0.9,11,1
2613,26174,0.96,5,1
2614,26188,0.87,14,1
2615,26195,0.94,7,1
2616,26200,0.96,5,1
2617,26213,0.88,13,1
2618,26215,0.99,2,1
2619,26222,0.94,7,1
2620,26224,0.99,2,1
2621,26231,0.94,7,1
2622,26236,0.96,5,1
2623,26242,0.95,6,1
2624,26250,0.93,8,1
2625,26262,0.89,12,1
2626,26277,0.86,15,1
2627,26286,0.92,9,1
2628,26291,0.96,5,1
2629,26303,0.89,12,1
2630,26308,0.96,5,1
2631,26313,0.96,5,1
2632,26326,0.88,13,1
2633,26332,0.95,6,1
2634,26336,0.97,4,1
2635,26362,0.75,26,1
2636,26367,0.96,5,1
2637,26371,0.97,4,1
2638,26377,0.95,6,1
2639,26390,0.88,13,1
2640,26396,0.95,6,1
2641,26397,1.0,1,1
2642,26403,0.95,6,1
2643,26405,0.99,2,1
2644,26410,0.96,5,1
2645,26415,0.96,5,1
2646,26420,0.96,5,1
2647,26428,0.93,8,1
2648,26432,0.97,4,1
2649,26435,0.98,3,1
2650,26436,1.0,1,1
2651,26443,0.94,7,1
2652,26446,0.98,3,1
2653,26449,0.98,3,1
2654,26458,0.92,9,1
2655,26462,0.97,4,1
2656,26467,0.96,5,1
2657,26470,0.98,3,1
2658,26471,1.0,1,1
2659,26474,0.98,3,1
2660,26484,0.91,10,1
2661,26488,0.97,4,1
2662,26497,0.92,9,1
2663,26502,0.96,5,1
2664,26507,0.96,5,1
2665,26512,0.96,5,1
2666,26519,0.94,7,1
2667,26523,0.97,4,1
2668,26525,0.99,2,1
2669,26532,0.94,7,1
2670,26540,0.93,8,1
2671,26545,0.96,5,1
2672,26552,0.94,7,1
2673,26558,0.95,6,1
2674,26560,0.99,2,1
2675,26569,0.92,9,1
2676,26580,0.9,11,1
2677,26584,0.97,4,1
2678,26593,0.92,9,1
2679,26596,0.98,3,1
2680,26597,1.0,1,1
2681,26600,0.98,3,1
2682,26603,0.98,3,1
2683,26607,0.97,4,1
2684,26608,1.0,1,1
2685,26616,0.93,8,1
2686,26622,0.95,6,1
2687,26623,1.0,1,1
2688,26625,0.99,2,1
2689,26628,0.98,3,1
2690,26640,0.89,12,1
2691,26645,0.96,5,1
2692,26656,0.9,11,1
2693,26657,1.0,1,1
2694,26665,0.93,8,1
2695,26672,0.94,7,1
2696,26675,0.98,3,1
2697,26680,0.96,5,1
2698,26697,0.84,17,1
2699,26700,0.98,3,1
2700,26704,0.97,4,1
2701,26712,0.93,8,1
2702,26721,0.92,9,1
2703,26726,0.96,5,1
2704,26733,0.94,7,1
2705,26740,0.94,7,1
2706,26741,1.0,1,1
2707,26744,0.98,3,1
2708,26752,0.93,8,1
2709,26756,0.97,4,1
2710,26762,0.95,6,1
2711,26770,0.93,8,1
2712,26774,0.97,4,1
2713,26779,0.96,5,1
2714,26797,0.83,18,1
2715,26801,0.97,4,1
2716,26802,1.0,1,1
2717,26803,1.0,1,1
2718,26813,0.91,10,1
2719,26821,0.93,8,1
2720,26825,0.97,4,1
2721,26830,0.96,5,1
2722,26835,0.96,5,1
2723,26844,0.92,9,1
2724,26852,0.93,8,1
2725,26856,0.97,4,1
2726,26862,0.95,6,1
2727,26866,0.97,4,1
2728,26872,0.95,6,1
2729,26888,0.85,16,1
2730,26897,0.92,9,1
2731,26900,0.98,3,1
2732,26902,0.99,2,1
2733,26911,0.92,9,1
2734,26916,0.96,5,1
2735,26920,0.97,4,1
2736,26928,0.93,8,1
2737,26936,0.93,8,1
2738,26938,0.99,2,1
2739,26942,0.97,4,1
2740,26944,0.99,2,1
2741,26950,0.95,6,1
2742,26955,0.96,5,1
2743,26960,0.96,5,1
2744,26966,0.95,6,1
2745,26973,0.94,7,1
2746,26978,0.96,5,1
2747,26987,0.92,9,1
2748,26990,0.98,3,1
2749,26993,0.98,3,1
2750,27000,0.94,7,1
2751,27002,0.99,2,1
2752,27009,0.94,7,1
2753,27011,0.99,2,1
2754,27015,0.97,4,1
2755,27021,0.95,6,1
2756,27023,0.99,2,1
2757,27028,0.96,5,1
2758,27031,0.98,3,1
2759,27040,0.92,9,1
2760,27046,0.95,6,1
2761,27055,0.92,9,1
2762,27059,0.97,4,1
2763,27064,0.96,5,1
2764,27069,0.96,5,1
2765,27074,0.96,5,1
2766,27081,0.94,7,1
2767,27088,0.94,7,1
2768,27095,0.94,7,1
2769,27098,0.98,3,1
2770,27102,0.97,4,1
2771,27106,0.97,4,1
2772,27109,0.98,3,1
2773,27116,0.94,7,1
2774,27119,0.98,3,1
2775,27123,0.97,4,1
2776,27127,0.97,4,1
2777,27131,0.97,4,1
2778,27132,1.0,1,1
2779,27133,1.0,1,1
2780,27140,0.94,7,1
2781,27150,0.91,10,1
2782,27165,0.86,15,1
2783,27168,0.98,3,1
2784,27177,0.92,9,1
2785,27180,0.98,3,1
2786,27183,0.98,3,1
2787,27187,0.97,4,1
2788,27188,1.0,1,1
2789,27189,1.0,1,1
2790,27198,0.92,9,1
2791,27203,0.96,5,1
2792,27210,0.94,7,1
2793,27225,0.86,15,1
2794,27233,0.93,8,1
2795,27236,0.98,3,1
2796,27242,0.95,6,1
2797,27250,0.93,8,1
2798,27257,0.94,7,1
2799,27269,0.89,12,1
2800,27270,1.0,1,1
2801,27275,0.96,5,1
2802,27281,0.95,6,1
2803,27285,0.97,4,1
2804,27289,0.97,4,1
2805,27292,0.98,3,1
2806,27300,0.93,8,1
2807,27311,0.9,11,1
2808,27321,0.91,10,1
2809,27327,0.95,6,1
2810,27329,0.99,2,1
2811,27332,0.98,3,1
2812,27345,0.88,13,1
2813,27347,0.99,2,1
2814,27354,0.94,7,1
2815,27358,0.97,4,1
2816,27363,0.96,5,1
2817,27374,0.9,11,1
2818,27380,0.95,6,1
2819,27387,0.94,7,1
2820,27406,0.82,19,1
2821,27408,0.99,2,1
2822,27417,0.92,9,1
2823,27422,0.96,5,1
2824,27431,0.92,9,1
2825,27433,0.99,2,1
2826,27435,0.99,2,1
2827,27442,0.94,7,1
2828,27448,0.95,6,1
2829,27449,1.0,1,1
2830,27457,0.93,8,1
2831,27461,0.97,4,1
2832,27469,0.93,8,1
2833,27473,0.97,4,1
2834,27486,0.88,13,1
2835,27498,0.89,12,1
2836,27504,0.95,6,1
2837,27509,0.96,5,1
2838,27517,0.93,8,1
2839,27526,0.92,9,1
2840,27529,0.98,3,1
2841,27534,0.96,5,1
2842,27542,0.93,8,1
2843,27551,0.92,9,1
2844,27561,0.91,10,1
2845,27567,0.95,6,1
2846,27575,0.93,8,1
2847,27576,1.0,1,1
2848,27580,0.97,4,1
2849,27583,0.98,3,1
2850,27589,0.95,6,1
2851,27593,0.97,4,1
2852,27596,0.98,3,1
2853,27604,0.93,8,1
2854,27614,0.91,10,1
2855,27624,0.91,10,1
2856,27630,0.95,6,1
2857,27633,0.98,3,1
2858,27635,0.99,2,1
2859,27640,0.96,5,1
2860,27654,0.87,14,1
2861,27661,0.94,7,1
2862,27663,0.99,2,1
2863,27667,0.97,4,1
2864,27677,0.91,10,1
2865,27680,0.98,3,1
2866,27682,0.99,2,1
2867,27687,0.96,5,1
2868,27689,0.99,2,1
2869,27695,0.95,6,1
2870,27699,0.97,4,1
2871,27705,0.95,6,1
2872,27714,0.92,9,1
2873,27720,0.95,6,1
2874,27721,1.0,1,1
2875,27728,0.94,7,1
2876,27734,0.95,6,1
2877,27744,0.91,10,1
2878,27751,0.94,7,1
2879,27758,0.94,7,1
2880,27763,0.96,5,1
2881,27769,0.95,6,1
2882,27770,1.0,1,1
2883,27777,0.94,7,1
2884,27782,0.96,5,1
2885,27788,0.95,6,1
2886,27800,0.89,12,1
2887,27801,1.0,1,1
2888,27809,0.93,8,1
2889,27812,0.98,3,1
2890,27819,0.94,7,1
2891,27826,0.94,7,1
2892,27827,1.0,1,1
2893,27836,0.92,9,1
2894,27843,0.94,7,1
2895,27845,0.99,2,1
2896,27853,0.93,8,1
2897,27858,0.96,5,1
2898,27862,0.97,4,1
2899,27863,1.0,1,1
2900,27871,0.93,8,1
2901,27875,0.97,4,1
2902,27879,0.97,4,1
2903,27882,0.98,3,1
2904,27888,0.95,6,1
2905,27891,0.98,3,1
2906,27896,0.96,5,1
2907,27898,0.99,2,1
2908,27912,0.87,14,1
2909,27914,0.99,2,1
2910,27920,0.95,6,1
2911,27926,0.95,6,1
2912,27929,0.98,3,1
2913,27931,0.99,2,1
2914,27934,0.98,3,1
2915,27936,0.99,2,1
2916,27940,0.97,4,1
2917,27946,0.95,6,1
2918,27951,0.96,5,1
2919,27958,0.94,7,1
2920,27963,0.96,5,1
2921,27969,0.95,6,1
2922,27976,0.94,7,1
2923,27977,1.0,1,1
2924,27979,0.99,2,1
2925,27985,0.95,6,1
2926,27990,0.96,5,1
2927,27996,0.95,6,1
2928,28002,0.95,6,1
2929,28003,1.0,1,1
2930,28005,0.99,2,1
2931,28012,0.94,7,1
2932,28018,0.95,6,1
2933,28025,0.94,7,1
2934,28037,0.89,12,1
2935,28040,0.98,3,1
2936,28044,0.97,4,1
2937,28047,0.98,3,1
2938,28051,0.97,4,1
2939,28062,0.9,11,1
2940,28068,0.95,6,1
2941,28074,0.95,6,1
2942,28085,0.9,11,1
2943,28089,0.97,4,1
2944,28093,0.97,4,1
2945,28095,0.99,2,1
2946,28098,0.98,3,1
2947,28106,0.93,8,1
2948,28107,1.0,1,1
2949,28111,0.97,4,1
2950,28121,0.91,10,1
2951,28123,0.99,2,1
2952,28125,0.99,2,1
2953,28131,0.95,6,1
2954,28141,0.91,10,1
2955,28147,0.95,6,1
2956,28154,0.94,7,1
2957,28161,0.94,7,1
2958,28163,0.99,2,1
2959,28164,1.0,1,1
2960,28166,0.99,2,1
2961,28169,0.98,3,1
2962,28175,0.95,6,1
2963,28183,0.93,8,1
2964,28189,0.95,6,1
2965,28198,0.92,9,1
2966,28222,0.77,24,1
2967,28223,1.0,1,1
2968,28227,0.97,4,1
2969,28228,1.0,1,1
2970,28234,0.95,6,1
2971,28250,0.85,16,1
2972,28254,0.97,4,1
2973,28259,0.96,5,1
2974,28263,0.97,4,1
2975,28272,0.92,9,1
2976,28275,0.98,3,1
2977,28278,0.98,3,1
2978,28280,0.99,2,1
2979,28282,0.99,2,1
2980,28287,0.96,5,1
2981,28299,0.89,12,1
2982,28303,0.97,4,1
2983,28310,0.94,7,1
2984,28311,1.0,1,1
2985,28315,0.97,4,1
2986,28317,0.99,2,1
2987,28326,0.92,9,1
2988,28327,1.0,1,1
2989,28334,0.94,7,1
2990,28341,0.94,7,1
2991,28347,0.95,6,1
2992,28353,0.95,6,1
2993,28359,0.95,6,1
2994,28369,0.91,10,1
2995,28371,0.99,2,1
2996,28376,0.96,5,1
2997,28387,0.9,11,1
2998,28394,0.94,7,1
2999,28405,0.9,11,1
3000,28411,0.95,6,1
3001,28416,0.96,5,1
3002,28426,0.91,10,1
3003,28438,0.89,12,1
3004,28446,0.93,8,1
3005,28450,0.97,4,1
3006,28454,0.97,4,1
3007,28461,0.94,7,1
3008,28464,0.98,3,1
3009,28476,0.89,12,1
3010,28482,0.95,6,1
3011,28492,0.91,10,1
3012,28497,0.96,5,1
3013,28501,0.97,4,1
3014,28506,0.96,5,1
3015,28518,0.89,12,1
3016,28526,0.93,8,1
3017,28528,0.99,2,1
3018,28534,0.95,6,1
3019,28538,0.97,4,1
3020,28539,1.0,1,1
3021,28543,0.97,4,1
3022,28544,1.0,1,1
3023,28551,0.94,7,1
3024,28557,0.95,6,1
3025,28561,0.97,4,1
3026,28563,0.99,2,1
3027,28564,1.0,1,1
3028,28583,0.82,19,1
3029,28588,0.96,5,1
3030,28592,0.97,4,1
3031,28596,0.97,4,1
3032,28598,0.99,2,1
3033,28604,0.95,6,1
3034,28609,0.96,5,1
3035,28613,0.97,4,1
3036,28614,1.0,1,1
3037,28616,0.99,2,1
3038,28617,1.0,1,1
3039,28619,0.99,2,1
3040,28624,0.96,5,1
3041,28629,0.96,5,1
3042,28633,0.97,4,1
3043,28635,0.99,2,1
3044,28643,0.93,8,1
3045,28654,0.9,11,1
3046,28655,1.0,1,1
3047,28660,0.96,5,1
3048,28666,0.95,6,1
3049,28672,0.95,6,1
3050,28678,0.95,6,1
3051,28680,0.99,2,1
3052,28683,0.98,3,1
3053,28700,0.84,17,1
3054,28714,0.87,14,1
3055,28720,0.95,6,1
3056,28727,0.94,7,1
3057,28731,0.97,4,1
3058,28737,0.95,6,1
3059,28750,0.88,13,1
3060,28754,0.97,4,1
3061,28757,0.98,3,1
3062,28761,0.97,4,1
3063,28765,0.97,4,1
3064,28784,0.82,19,1
3065,28793,0.92,9,1
3066,28799,0.95,6,1
3067,28805,0.95,6,1
3068,28812,0.94,7,1
3069,28822,0.91,10,1
3070,28828,0.95,6,1
3071,28832,0.97,4,1
3072,28838,0.95,6,1
3073,28845,0.94,7,1
3074,28848,0.98,3,1
3075,28857,0.92,9,1
3076,28870,0.88,13,1
3077,28875,0.96,5,1
3078,28877,0.99,2,1
3079,28884,0.94,7,1
3080,28893,0.92,9,1
3081,28903,0.91,10,1
3082,28904,1.0,1,1
3083,28907,0.98,3,1
3084,28908,1.0,1,1
3085,28911,0.98,3,1
3086,28915,0.97,4,1
3087,28919,0.97,4,1
3088,28927,0.93,8,1
3089,28930,0.98,3,1
3090,28933,0.98,3,1
3091,28941,0.93,8,1
3092,28943,0.99,2,1
3093,28946,0.98,3,1
3094,28951,0.96,5,1
3095,28954,0.98,3,1
3096,28960,0.95,6,1
3097,28967,0.94,7,1
3098,28974,0.94,7,1
3099,28978,0.97,4,1
3100,28983,0.96,5,1
3101,28988,0.96,5,1
3102,28992,0.97,4,1
3103,28996,0.97,4,1
3104,29002,0.95,6,1
3105,29007,0.96,5,1
3106,29025,0.83,18,1
3107,29029,0.97,4,1
3108,29040,0.9,11,1
3109,29044,0.97,4,1
3110,29052,0.93,8,1
3111,29056,0.97,4,1
3112,29060,0.97,4,1
3113,29064,0.97,4,1
3114,29072,0.93,8,1
3115,29075,0.98,3,1
3116,29083,0.93,8,1
3117,29091,0.93,8,1
3118,29093,0.99,2,1
3119,29099,0.95,6,1
3120,29105,0.95,6,1
3121,29110,0.96,5,1
3122,29113,0.98,3,1
3123,29118,0.96,5,1
3124,29127,0.92,9,1
3125,29132,0.96,5,1
3126,29133,1.0,1,1
3127,29135,0.99,2,1
3128,29141,0.95,6,1
3129,29152,0.9,11,1
3130,29157,0.96,5,1
3131,29158,1.0,1,1
3132,29162,0.97,4,1
3133,29169,0.94,7,1
3134,29176,0.94,7,1
3135,29178,0.99,2,1
3136,29186,0.93,8,1
3137,29189,0.98,3,1
3138,29193,0.97,4,1
3139,29203,0.91,10,1
3140,29211,0.93,8,1
3141,29218,0.94,7,1
3142,29219,1.0,1,1
3143,29232,0.88,13,1
3144,29238,0.95,6,1
3145,29243,0.96,5,1
3146,29246,0.98,3,1
3147,29252,0.95,6,1
3148,29258,0.95,6,1
3149,29262,0.97,4,1
3150,29267,0.96,5,1
3151,29278,0.9,11,1
3152,29282,0.97,4,1
3153,29287,0.96,5,1
3154,29293,0.95,6,1
3155,29294,1.0,1,1
3156,29301,0.94,7,1
3157,29312,0.9,11,1
3158,29320,0.93,8,1
3159,29321,1.0,1,1
3160,29325,0.97,4,1
3161,29327,0.99,2,1
3162,29333,0.95,6,1
3163,29337,0.97,4,1
3164,29348,0.9,11,1
3165,29351,0.98,3,1
3166,29356,0.96,5,1
3167,29358,0.99,2,1
3168,29365,0.94,7,1
3169,29372,0.94,7,1
3170,29378,0.95,6,1
3171,29380,0.99,2,1
3172,29383,0.98,3,1
3173,29385,0.99,2,1
3174,29395,0.91,10,1
3175,29399,0.97,4,1
3176,29404,0.96,5,1
3177,29409,0.96,5,1
3178,29414,0.96,5,1
3179,29416,0.99,2,1
3180,29421,0.96,5,1
3181,29423,0.99,2,1
3182,29425,0.99,2,1
3183,29433,0.93,8,1
3184,29444,0.9,11,1
3185,29455,0.9,11,1
3186,29463,0.93,8,1
3187,29466,0.98,3,1
3188,29478,0.89,12,1
3189,29486,0.93,8,1
3190,29496,0.91,10,1
3191,29497,1.0,1,1
3192,29498,1.0,1,1
3193,29501,0.98,3,1
3194,29506,0.96,5,1
3195,29514,0.93,8,1
3196,29520,0.95,6,1
3197,29525,0.96,5,1
3198,29526,1.0,1,1
3199,29528,0.99,2,1
3200,29535,0.94,7,1
3201,29541,0.95,6,1
3202,29548,0.94,7,1
3203,29554,0.95,6,1
3204,29566,0.89,12,1
3205,29569,0.98,3,1
3206,29573,0.97,4,1
3207,29583,0.91,10,1
3208,29590,0.94,7,1
3209,29594,0.97,4,1
3210,29603,0.92,9,1
3211,29606,0.98,3,1
3212,29611,0.96,5,1
3213,29619,0.93,8,1
3214,29621,0.99,2,1
3215,29623,0.99,2,1
3216,29628,0.96,5,1
3217,29631,0.98,3,1
3218,29639,0.93,8,1
3219,29647,0.93,8,1
3220,29652,0.96,5,1
3221,29656,0.97,4,1
3222,29663,0.94,7,1
3223,29670,0.94,7,1
3224,29677,0.94,7,1
3225,29679,0.99,2,1
3226,29688,0.92,9,1
3227,29698,0.91,10,1
3228,29705,0.94,7,1
3229,29707,0.99,2,1
3230,29714,0.94,7,1
3231,29722,0.93,8,1
3232,29728,0.95,6,1
3233,29732,0.97,4,1
3234,29737,0.96,5,1
3235,29739,0.99,2,1
3236,29742,0.98,3,1
3237,29749,0.94,7,1
3238,29758,0.92,9,1
3239,29762,0.97,4,1
3240,29769,0.94,7,1
3241,29775,0.95,6,1
3242,29777,0.99,2,1
3243,29779,0.99,2,1
3244,29786,0.94,7,1
3245,29794,0.93,8,1
3246,29796,0.99,2,1
3247,29799,0.98,3,1
3248,29802,0.98,3,1
3249,29812,0.91,10,1
3250,29823,0.9,11,1
3251,29829,0.95,6,1
3252,29834,0.96,5,1
3253,29846,0.89,12,1
3254,29861,0.86,15,1
3255,29863,0.99,2,1
3256,29866,0.98,3,1
3257,29874,0.93,8,1
3258,29879,0.96,5,1
3259,29891,0.89,12,1
3260,29893,0.99,2,1
3261,29897,0.97,4,1
3262,29901,0.97,4,1
3263,29906,0.96,5,1
3264,29914,0.93,8,1
3265,29922,0.93,8,1
3266,29926,0.97,4,1
3267,29937,0.9,11,1
3268,29938,1.0,1,1
3269,29949,0.9,11,1
3270,29959,0.91,10,1
3271,29964,0.96,5,1
3272,29967,0.98,3,1
3273,29971,0.97,4,1
3274,29973,0.99,2,1
3275,29977,0.97,4,1
3276,29978,1.0,1,1
3277,29988,0.91,10,1
3278,29992,0.97,4,1
3279,29999,0.94,7,1
3280,30004,0.96,5,1
3281,30009,0.96,5,1
3282,30021,0.89,12,1
3283,30025,0.97,4,1
3284,30030,0.96,5,1
3285,30036,0.95,6,1
3286,30038,0.99,2,1
3287,30044,0.95,6,1
3288,30053,0.92,9,1
3289,30058,0.96,5,1
3290,30062,0.97,4,1
3291,30065,0.98,3,1
3292,30069,0.97,4,1
3293,30072,0.98,3,1
3294,30079,0.94,7,1
3295,30088,0.92,9,1
3296,30091,0.98,3,1
3297,30101,0.91,10,1
3298,30107,0.95,6,1
3299,30112,0.96,5,1
3300,30125,0.88,13,1
3301,30135,0.91,10,1
3302,30143,0.93,8,1
3303,30147,0.97,4,1
3304,30159,0.89,12,1
3305,30161,0.99,2,1
3306,30165,0.97,4,1
3307,30167,0.99,2,1
3308,30169,0.99,2,1
3309,30174,0.96,5,1
3310,30178,0.97,4,1
3311,30188,0.91,10,1
3312,30189,1.0,1,1
3313,30197,0.93,8,1
3314,30199,0.99,2,1
3315,30203,0.97,4,1
3316,30214,0.9,11,1
3317,30218,0.97,4,1
3318,30229,0.9,11,1
3319,30236,0.94,7,1
3320,30244,0.93,8,1
3321,30245,1.0,1,1
3322,30251,0.95,6,1
3323,30258,0.94,7,1
3324,30268,0.91,10,1
3325,30271,0.98,3,1
3326,30278,0.94,7,1
3327,30286,0.93,8,1
3328,30290,0.97,4,1
3329,30294,0.97,4,1
3330,30296,0.99,2,1
3331,30303,0.94,7,1
3332,30304,1.0,1,1
3333,30309,0.96,5,1
3334,30318,0.92,9,1
3335,30327,0.92,9,1
3336,30330,0.98,3,1
3337,30337,0.94,7,1
3338,30339,0.99,2,1
3339,30353,0.87,14,1
3340,30359,0.95,6,1
3341,30364,0.96,5,1
3342,30375,0.9,11,1
3343,30381,0.95,6,1
3344,30387,0.95,6,1
3345,30391,0.97,4,1
3346,30399,0.93,8,1
3347,30405,0.95,6,1
3348,30415,0.91,10,1
3349,30421,0.95,6,1
3350,30422,1.0,1,1
3351,30426,0.97,4,1
3352,30428,0.99,2,1
3353,30433,0.96,5,1
3354,30437,0.97,4,1
3355,30438,1.0,1,1
3356,30446,0.93,8,1
3357,30459,0.88,13,1
3358,30462,0.98,3,1
3359,30466,0.97,4,1
3360,30472,0.95,6,1
3361,30477,0.96,5,1
3362,30480,0.98,3,1
3363,30485,0.96,5,1
3364,30486,1.0,1,1
3365,30489,0.98,3,1
3366,30495,0.95,6,1
3367,30502,0.94,7,1
3368,30509,0.94,7,1
3369,30515,0.95,6,1
3370,30525,0.91,10,1
3371,30535,0.91,10,1
3372,30541,0.95,6,1
3373,30546,0.96,5,1
3374,30553,0.94,7,1
3375,30556,0.98,3,1
3376,30560,0.97,4,1
3377,30572,0.89,12,1
3378,30574,0.99,2,1
3379,30582,0.93,8,1
3380,30588,0.95,6,1
3381,30590,0.99,2,1
3382,30596,0.95,6,1
3383,30600,0.97,4,1
3384,30606,0.95,6,1
3385,30607,1.0,1,1
3386,30611,0.97,4,1
3387,30618,0.94,7,1
3388,30626,0.93,8,1
3389,30629,0.98,3,1
3390,30632,0.98,3,1
3391,30639,0.94,7,1
3392,30644,0.96,5,1
3393,30647,0.98,3,1
3394,30655,0.93,8,1
3395,30665,0.91,10,1
3396,30671,0.95,6,1
3397,30675,0.97,4,1
3398,30685,0.91,10,1
3399,30687,0.99,2,1
3400,30695,0.93,8,1
3401,30702,0.94,7,1
3402,30720,0.83,18,1
3403,30727,0.94,7,1
3404,30733,0.95,6,1
3405,30735,0.99,2,1
3406,30736,1.0,1,1
3407,30742,0.95,6,1
3408,30744,0.99,2,1
3409,30748,0.97,4,1
3410,30749,1.0,1,1
3411,30755,0.95,6,1
3412,30756,1.0,1,1
3413,30758,0.99,2,1
3414,30763,0.96,5,1
3415,30768,0.96,5,1
3416,30774,0.95,6,1
3417,30777,0.98,3,1
3418,30781,0.97,4,1
3419,30784,0.98,3,1
3420,30796,0.89,12,1
3421,30800,0.97,4,1
3422,30803,0.98,3,1
3423,30807,0.97,4,1
3424,30811,0.97,4,1
3425,30817,0.95,6,1
3426,30824,0.94,7,1
3427,30827,0.98,3,1
3428,30835,0.93,8,1
3429,30849,0.87,14,1
3430,30856,0.94,7,1
3431,30863,0.94,7,1
3432,30873,0.91,10,1
3433,30875,0.99,2,1
3434,30877,0.99,2,1
3435,30878,1.0,1,1
3436,30884,0.95,6,1
3437,30888,0.97,4,1
3438,30894,0.95,6,1
3439,30897,0.98,3,1
3440,30898,1.0,1,1
3441,30906,0.93,8,1
3442,30909,0.98,3,1
3443,30914,0.96,5,1
3444,30926,0.89,12,1
3445,30929,0.98,3,1
3446,30934,0.96,5,1
3447,30936,0.99,2,1
3448,30947,0.9,11,1
3449,30951,0.97,4,1
3450,30957,0.95,6,1
3451,30963,0.95,6,1
3452,30970,0.94,7,1
3453,30977,0.94,7,1
3454,30986,0.92,9,1
3455,30994,0.93,8,1
3456,30998,0.97,4,1
3457,30999,1.0,1,1
3458,31004,0.96,5,1
3459,31015,0.9,11,1
3460,31023,0.93,8,1
3461,31030,0.94,7,1
3462,31035,0.96,5,1
3463,31036,1.0,1,1
3464,31039,0.98,3,1
3465,31042,0.98,3,1
3466,31052,0.91,10,1
3467,31060,0.93,8,1
3468,31062,0.99,2,1
3469,31063,1.0,1,1
3470,31066,0.98,3,1
3471,31068,0.99,2,1
3472,31071,0.98,3,1
3473,31076,0.96,5,1
3474,31083,0.94,7,1
3475,31086,0.98,3,1
3476,31087,1.0,1,1
3477,31097,0.91,10,1
3478,31099,0.99,2,1
3479,31110,0.9,11,1
3480,31113,0.98,3,1
3481,31114,1.0,1,1
3482,31115,1.0,1,1
3483,31120,0.96,5,1
3484,31126,0.95,6,1
3485,31130,0.97,4,1
3486,31134,0.97,4,1
3487,31136,0.99,2,1
3488,31140,0.97,4,1
3489,31145,0.96,5,1
3490,31151,0.95,6,1
3491,31160,0.92,9,1
3492,31166,0.95,6,1
3493,31168,0.99,2,1
3494,31171,0.98,3,1
3495,31175,0.97,4,1
3496,31181,0.95,6,1
3497,31186,0.96,5,1
3498,31189,0.98,3,1
3499,31198,0.92,9,1
3500,31205,0.94,7,1
3501,31210,0.96,5,1
3502,31214,0.97,4,1
3503,31215,1.0,1,1
3504,31222,0.94,7,1
3505,31236,0.87,14,1
3506,31240,0.97,4,1
3507,31248,0.93,8,1
3508,31250,0.99,2,1
3509,31253,0.98,3,1
3510,31256,0.98,3,1
3511,31264,0.93,8,1
3512,31269,0.96,5,1
3513,31275,0.95,6,1
3514,31280,0.96,5,1
3515,31290,0.91,10,1
3516,31301,0.9,11,1
3517,31310,0.92,9,1
3518,31319,0.92,9,1
3519,31324,0.96,5,1
3520,31328,0.97,4,1
3521,31334,0.95,6,1
3522,31339,0.96,5,1
3523,31340,1.0,1,1
3524,31343,0.98,3,1
3525,31349,0.95,6,1
3526,31351,0.99,2,1
3527,31357,0.95,6,1
3528,31362,0.96,5,1
3529,31377,0.86,15,1
3530,31385,0.93,8,1
3531,31387,0.99,2,1
3532,31395,0.93,8,1
3533,31404,0.92,9,1
3534,31409,0.96,5,1
3535,31415,0.95,6,1
3536,31416,1.0,1,1
3537,31421,0.96,5,1
3538,31424,0.98,3,1
3539,31428,0.97,4,1
3540,31437,0.92,9,1
3541,31446,0.92,9,1
3542,31457,0.9,11,1
3543,31460,0.98,3,1
3544,31467,0.94,7,1
3545,31470,0.98,3,1
3546,31471,1.0,1,1
3547,31475,0.97,4,1
3548,31483,0.93,8,1
3549,31487,0.97,4,1
3550,31495,0.93,8,1
3551,31499,0.97,4,1
3552,31501,0.99,2,1
3553,31508,0.94,7,1
3554,31512,0.97,4,1
3555,31523,0.9,11,1
3556,31530,0.94,7,1
3557,31534,0.97,4,1
3558,31543,0.92,9,1
3559,31550,0.94,7,1
3560,31554,0.97,4,1
3561,31561,0.94,7,1
3562,31562,1.0,1,1
3563,31565,0.98,3,1
3564,31573,0.93,8,1
3565,31578,0.96,5,1
3566,31580,0.99,2,1
3567,31585,0.96,5,1
3568,31594,0.92,9,1
3569,31597,0.98,3,1
3570,31602,0.96,5,1
3571,31605,0.98,3,1
3572,31612,0.94,7,1
3573,31629,0.84,17,1
3574,31633,0.97,4,1
3575,31654,0.8,21,1
3576,31662,0.93,8,1
3577,31668,0.95,6,1
3578,31672,0.97,4,1
3579,31678,0.95,6,1
3580,31681,0.98,3,1
3581,31685,0.97,4,1
3582,31695,0.91,10,1
3583,31707,0.89,12,1
3584,31711,0.97,4,1
3585,31717,0.95,6,1
3586,31724,0.94,7,1
3587,31728,0.97,4,1
3588,31733,0.96,5,1
3589,31736,0.98,3,1
3590,31742,0.95,6,1
3591,31747,0.96,5,1
3592,31751,0.97,4,1
3593,31757,0.95,6,1
3594,31764,0.94,7,1
3595,31772,0.93,8,1
3596,31780,0.93,8,1
3597,31786,0.95,6,1
3598,31789,0.98,3,1
3599,31796,0.94,7,1
3600,31804,0.93,8,1
3601,31814,0.91,10,1
3602,31818,0.97,4,1
3603,31822,0.97,4,1
3604,31832,0.91,10,1
3605,31837,0.96,5,1
3606,31841,0.97,4,1
3607,31845,0.97,4,1
3608,31849,0.97,4,1
3609,31856,0.94,7,1
3610,31860,0.97,4,1
3611,31873,0.88,13,1
3612,31883,0.91,10,1
3613,31889,0.95,6,1
3614,31893,0.97,4,1
3615,31899,0.95,6,1
3616,31902,0.98,3,1
3617,31910,0.93,8,1
3618,31918,0.93,8,1
3619,31924,0.95,6,1
3620,31932,0.93,8,1
3621,31935,0.98,3,1
3622,31939,0.97,4,1
3623,31941,0.99,2,1
3624,31949,0.93,8,1
3625,31953,0.97,4,1
3626,31956,0.98,3,1
3627,31961,0.96,5,1
3628,31965,0.97,4,1
3629,31966,1.0,1,1
3630,31973,0.94,7,1
3631,31981,0.93,8,1
3632,31985,0.97,4,1
3633,31989,0.97,4,1
3634,31992,0.98,3,1
3635,31998,0.95,6,1
3636,31999,1.0,1,1
3637,32005,0.95,6,1
3638,32007,0.99,2,1
3639,32011,0.97,4,1
3640,32016,0.96,5,1
3641,32018,0.99,2,1
3642,32019,1.0,1,1
3643,32024,0.96,5,1
3644,32028,0.97,4,1
3645,32029,1.0,1,1
3646,32043,0.87,14,1
3647,32049,0.95,6,1
3648,32053,0.97,4,1
3649,32057,0.97,4,1
3650,32071,0.87,14,1
3651,32076,0.96,5,1
3652,32085,0.92,9,1
3653,32088,0.98,3,1
3654,32097,0.92,9,1
3655,32105,0.93,8,1
3656,32111,0.95,6,1
3657,32117,0.95,6,1
3658,32123,0.95,6,1
3659,32130,0.94,7,1
3660,32134,0.97,4,1
3661,32135,1.0,1,1
3662,32138,0.98,3,1
3663,32142,0.97,4,1
3664,32145,0.98,3,1
3665,32158,0.88,13,1
3666,32162,0.97,4,1
3667,32163,1.0,1,1
3668,32175,0.89,12,1
3669,32181,0.95,6,1
3670,32187,0.95,6,1
3671,32195,0.93,8,1
3672,32205,0.91,10,1
3673,32213,0.93,8,1
3674,32218,0.96,5,1
3675,32227,0.92,9,1
3676,32233,0.95,6,1
3677,32240,0.94,7,1
3678,32251,0.9,11,1
3679,32253,0.99,2,1
3680,32259,0.95,6,1
3681,32263,0.97,4,1
3682,32265,0.99,2,1
3683,32269,0.97,4,1
3684,32277,0.93,8,1
3685,32279,0.99,2,1
3686,32285,0.95,6,1
3687,32286,1.0,1,1
3688,32296,0.91,10,1
3689,32304,0.93,8,1
3690,32310,0.95,6,1
3691,32315,0.96,5,1
3692,32319,0.97,4,1
3693,32326,0.94,7,1
3694,32327,1.0,1,1
3695,32331,0.97,4,1
3696,32336,0.96,5,1
3697,32337,1.0,1,1
3698,32347,0.91,10,1
3699,32348,1.0,1,1
3700,32351,0.98,3,1
3701,32358,0.94,7,1
3702,32359,1.0,1,1
3703,32363,0.97,4,1
3704,32370,0.94,7,1
3705,32372,0.99,2,1
3706,32375,0.98,3,1
3707,32377,0.99,2,1
3708,32385,0.93,8,1
3709,32391,0.95,6,1
3710,32395,0.97,4,1
3711,32401,0.95,6,1
3712,32405,0.97,4,1
3713,32408,0.98,3,1
3714,32409,1.0,1,1
3715,32415,0.95,6,1
3716,32421,0.95,6,1
3717,32426,0.96,5,1
3718,32428,0.99,2,1
3719,32434,0.95,6,1
3720,32438,0.97,4,1
3721,32448,0.91,10,1
3722,32452,0.97,4,1
3723,32459,0.94,7,1
3724,32460,1.0,1,1
3725,32466,0.95,6,1
3726,32474,0.93,8,1
3727,32480,0.95,6,1
3728,32487,0.94,7,1
3729,32492,0.96,5,1
3730,32500,0.93,8,1
3731,32503,0.98,3,1
3732,32511,0.93,8,1
3733,32513,0.99,2,1
3734,32514,1.0,1,1
3735,32525,0.9,11,1
3736,32533,0.93,8,1
3737,32543,0.91,10,1
3738,32555,0.89,12,1
3739,32562,0.94,7,1
3740,32568,0.95,6,1
3741,32576,0.93,8,1
3742,32583,0.94,7,1
3743,32584,1.0,1,1
3744,32588,0.97,4,1
3745,32590,0.99,2,1
3746,32598,0.93,8,1
3747,32604,0.95,6,1
3748,32612,0.93,8,1
3749,32617,0.96,5,1
3750,32618,1.0,1,1
3751,32625,0.94,7,1
3752,32627,0.99,2,1
3753,32631,0.97,4,1
3754,32636,0.96,5,1
3755,32638,0.99,2,1
3756,32641,0.98,3,1
3757,32648,0.94,7,1
3758,32652,0.97,4,1
3759,32659,0.94,7,1
3760,32665,0.95,6,1
3761,32672,0.94,7,1
3762,32676,0.97,4,1
3763,32691,0.86,15,1
3764,32695,0.97,4,1
3765,32700,0.96,5,1
3766,32701,1.0,1,1
3767,32709,0.93,8,1
3768,32716,0.94,7,1
3769,32719,0.98,3,1
3770,32722,0.98,3,1
3771,32729,0.94,7,1
3772,32730,1.0,1,1
3773,32737,0.94,7,1
3774,32746,0.92,9,1
3775,32750,0.97,4,1
3776,32755,0.96,5,1
3777,32765,0.91,10,1
3778,32770,0.96,5,1
3779,32775,0.96,5,1
3780,32778,0.98,3,1
3781,32781,0.98,3,1
3782,32786,0.96,5,1
3783,32792,0.95,6,1
3784,32796,0.97,4,1
3785,32802,0.95,6,1
3786,32808,0.95,6,1
3787,32812,0.97,4,1
3788,32820,0.93,8,1
3789,32825,0.96,5,1
3790,32832,0.94,7,1
3791,32840,0.93,8,1
3792,32843,0.98,3,1
3793,32848,0.96,5,1
3794,32854,0.95,6,1
3795,32863,0.92,9,1
3796,32870,0.94,7,1
3797,32874,0.97,4,1
3798,32879,0.96,5,1
3799,32883,0.97,4,1
3800,32888,0.96,5,1
3801,32897,0.92,9,1
3802,32902,0.96,5,1
3803,32906,0.97,4,1
3804,32910,0.97,4,1
3805,32914,0.97,4,1
3806,32917,0.98,3,1
3807,32922,0.96,5,1
3808,32926,0.97,4,1
3809,32937,0.9,11,1
3810,32956,0.82,19,1
3811,32962,0.95,6,1
3812,32967,0.96,5,1
3813,32969,0.99,2,1
3814,32972,0.98,3,1
3815,32975,0.98,3,1
3816,32976,1.0,1,1
3817,32980,0.97,4,1
3818,32981,1.0,1,1
3819,32986,0.96,5,1
3820,32992,0.95,6,1
3821,32994,0.99,2,1
3822,32998,0.97,4,1
3823,33007,0.92,9,1
3824,33014,0.94,7,1
3825,33025,0.9,11,1
3826,33031,0.95,6,1
3827,33035,0.97,4,1
3828,33038,0.98,3,1
3829,33049,0.9,11,1
3830,33054,0.96,5,1
3831,33059,0.96,5,1
3832,33063,0.97,4,1
3833,33065,0.99,2,1
3834,33069,0.97,4,1
3835,33072,0.98,3,1
3836,33076,0.97,4,1
3837,33079,0.98,3,1
3838,33082,0.98,3,1
3839,33094,0.89,12,1
3840,33099,0.96,5,1
3841,33109,0.91,10,1
3842,33114,0.96,5,1
3843,33116,0.99,2,1
3844,33119,0.98,3,1
3845,33127,0.93,8,1
3846,33138,0.9,11,1
3847,33145,0.94,7,1
3848,33149,0.97,4,1
3849,33160,0.9,11,1
3850,33163,0.98,3,1
3851,33165,0.99,2,1
3852,33174,0.92,9,1
3853,33178,0.97,4,1
3854,33179,1.0,1,1
3855,33185,0.95,6,1
3856,33186,1.0,1,1
3857,33191,0.96,5,1
3858,33200,0.92,9,1
3859,33201,1.0,1,1
3860,33204,0.98,3,1
3861,33207,0.98,3,1
3862,33208,1.0,1,1
3863,33212,0.97,4,1
3864,33219,0.94,7,1
3865,33220,1.0,1,1
3866,33229,0.92,9,1
3867,33239,0.91,10,1
3868,33242,0.98,3,1
3869,33259,0.84,17,1
3870,33263,0.97,4,1
3871,33270,0.94,7,1
3872,33277,0.94,7,1
3873,33280,0.98,3,1
3874,33285,0.96,5,1
3875,33286,1.0,1,1
3876,33294,0.93,8,1
3877,33297,0.98,3,1
3878,33302,0.96,5,1
3879,33309,0.94,7,1
3880,33316,0.94,7,1
3881,33323,0.94,7,1
3882,33324,1.0,1,1
3883,33331,0.94,7,1
3884,33341,0.91,10,1
3885,33345,0.97,4,1
3886,33349,0.97,4,1
3887,33356,0.94,7,1
3888,33361,0.96,5,1
3889,33365,0.97,4,1
3890,33368,0.98,3,1
3891,33387,0.82,19,1
3892,33397,0.91,10,1
3893,33405,0.93,8,1
3894,33411,0.95,6,1
3895,33417,0.95,6,1
3896,33427,0.91,10,1
3897,33436,0.92,9,1
3898,33441,0.96,5,1
3899,33447,0.95,6,1
3900,33451,0.97,4,1
3901,33455,0.97,4,1
3902,33462,0.94,7,1
3903,33466,0.97,4,1
3904,33469,0.98,3,1
3905,33479,0.91,10,1
3906,33482,0.98,3,1
3907,33486,0.97,4,1
3908,33489,0.98,3,1
3909,33491,0.99,2,1
3910,33493,0.99,2,1
3911,33500,0.94,7,1
3912,33505,0.96,5,1
3913,33513,0.93,8,1
3914,33521,0.93,8,1
3915,33524,0.98,3,1
3916,33533,0.92,9,1
3917,33534,1.0,1,1
3918,33539,0.96,5,1
3919,33549,0.91,10,1
3920,33555,0.95,6,1
3921,33561,0.95,6,1
3922,33565,0.97,4,1
3923,33566,1.0,1,1
3924,33570,0.97,4,1
3925,33579,0.92,9,1
3926,33585,0.95,6,1
3927,33586,1.0,1,1
3928,33587,1.0,1,1
3929,33590,0.98,3,1
3930,33594,0.97,4,1
3931,33606,0.89,12,1
3932,33616,0.91,10,1
3933,33620,0.97,4,1
3934,33624,0.97,4,1
3935,33630,0.95,6,1
3936,33639,0.92,9,1
3937,33643,0.97,4,1
3938,33645,0.99,2,1
3939,33652,0.94,7,1
3940,33654,0.99,2,1
3941,33657,0.98,3,1
3942,33663,0.95,6,1
3943,33669,0.95,6,1
3944,33678,0.92,9,1
3945,33681,0.98,3,1
3946,33684,0.98,3,1
3947,33685,1.0,1,1
3948,33691,0.95,6,1
3949,33692,1.0,1,1
3950,33704,0.89,12,1
3951,33714,0.91,10,1
3952,33719,0.96,5,1
3953,33721,0.99,2,1
3954,33729,0.93,8,1
3955,33739,0.91,10,1
3956,33745,0.95,6,1
3957,33751,0.95,6,1
3958,33755,0.97,4,1
3959,33761,0.95,6,1
3960,33771,0.91,10,1
3961,33780,0.92,9,1
3962,33787,0.94,7,1
3963,33794,0.94,7,1
3964,33795,1.0,1,1
3965,33801,0.95,6,1
3966,33802,1.0,1,1
3967,33806,0.97,4,1
3968,33812,0.95,6,1
3969,33820,0.93,8,1
3970,33825,0.96,5,1
3971,33827,0.99,2,1
3972,33834,0.94,7,1
3973,33844,0.91,10,1
3974,33847,0.98,3,1
3975,33850,0.98,3,1
3976,33856,0.95,6,1
3977,33863,0.94,7,1
3978,33867,0.97,4,1
3979,33868,1.0,1,1
3980,33871,0.98,3,1
3981,33877,0.95,6,1
3982,33883,0.95,6,1
3983,33885,0.99,2,1
3984,33889,0.97,4,1
3985,33892,0.98,3,1
3986,33898,0.95,6,1
3987,33902,0.97,4,1
3988,33905,0.98,3,1
3989,33909,0.97,4,1
3990,33918,0.92,9,1
3991,33920,0.99,2,1
3992,33927,0.94,7,1
3993,33934,0.94,7,1
3994,33939,0.96,5,1
3995,33943,0.97,4,1
3996,33951,0.93,8,1
3997,33952,1.0,1,1
3998,33955,0.98,3,1
3999,33964,0.92,9,1
4000,33969,0.96,5,1
4001,33980,0.9,11,1
4002,33983,0.98,3,1
4003,33992,0.92,9,1
4004,33996,0.97,4,1
4005,34004,0.93,8,1
4006,34007,0.98,3,1
4007,34009,0.99,2,1
4008,34013,0.97,4,1
4009,34022,0.92,9,1
4010,34031,0.92,9,1
4011,34032,1.0,1,1
4012,34035,0.98,3,1
4013,34040,0.96,5,1
4014,34041,1.0,1,1
4015,34046,0.96,5,1
4016,34050,0.97,4,1
4017,34051,1.0,1,1
4018,34058,0.94,7,1
4019,34064,0.95,6,1
4020,34068,0.97,4,1
4021,34071,0.98,3,1
4022,34074,0.98,3,1
4023,34079,0.96,5,1
4024,34090,0.9,11,1
4025,34095,0.96,5,1
4026,34108,0.88,13,1
4027,34113,0.96,5,1
4028,34118,0.96,5,1
4029,34124,0.95,6,1
4030,34131,0.94,7,1
4031,34133,0.99,2,1
4032,34144,0.9,11,1
4033,34146,0.99,2,1
4034,34149,0.98,3,1
4035,34157,0.93,8,1
4036,34158,1.0,1,1
4037,34165,0.94,7,1
4038,34173,0.93,8,1
4039,34178,0.96,5,1
4040,34186,0.93,8,1
4041,34189,0.98,3,1
4042,34196,0.94,7,1
4043,34202,0.95,6,1
4044,34207,0.96,5,1
4045,34214,0.94,7,1
4046,34217,0.98,3,1
4047,34225,0.93,8,1
4048,34231,0.95,6,1
4049,34237,0.95,6,1
4050,34241,0.97,4,1
4051,34244,0.98,3,1
4052,34247,0.98,3,1
4053,34253,0.95,6,1
4054,34257,0.97,4,1
4055,34259,0.99,2,1
4056,34262,0.98,3,1
4057,34268,0.95,6,1
4058,34275,0.94,7,1
4059,34286,0.9,11,1
4060,34294,0.93,8,1
4061,34302,0.93,8,1
4062,34305,0.98,3,1
4063,34308,0.98,3,1
4064,34316,0.93,8,1
4065,34318,0.99,2,1
4066,34324,0.95,6,1
4067,34330,0.95,6,1
4068,34335,0.96,5,1
4069,34343,0.93,8,1
4070,34350,0.94,7,1
4071,34357,0.94,7,1
4072,34364,0.94,7,1
4073,34374,0.91,10,1
4074,34380,0.95,6,1
4075,34388,0.93,8,1
4076,34396,0.93,8,1
4077,34403,0.94,7,1
4078,34405,0.99,2,1
4079,34407,0.99,2,1
4080,34412,0.96,5,1
4081,34418,0.95,6,1
4082,34425,0.94,7,1
4083,34431,0.95,6,1
4084,34437,0.95,6,1
4085,34440,0.98,3,1
4086,34458,0.83,18,1
4087,34461,0.98,3,1
4088,34464,0.98,3,1
4089,34471,0.94,7,1
4090,34476,0.96,5,1
4091,34482,0.95,6,1
4092,34484,0.99,2,1
4093,34493,0.92,9,1
4094,34505,0.89,12,1
4095,34512,0.94,7,1
4096,34516,0.97,4,1
4097,34521,0.96,5,1
4098,34527,0.95,6,1
4099,34536,0.92,9,1
4100,34545,0.92,9,1
4101,34546,1.0,1,1
4102,34553,0.94,7,1
4103,34558,0.96,5,1
4104,34570,0.89,12,1
4105,34577,0.94,7,1
4106,34578,1.0,1,1
4107,34589,0.9,11,1
4108,34593,0.97,4,1
4109,34601,0.93,8,1
4110,34604,0.98,3,1
4111,34608,0.97,4,1
4112,34613,0.96,5,1
4113,34615,0.99,2,1
4114,34619,0.97,4,1
4115,34624,0.96,5,1
4116,34629,0.96,5,1
4117,34635,0.95,6,1
4118,34640,0.96,5,1
4119,34645,0.96,5,1
4120,34647,0.99,2,1
4121,34649,0.99,2,1
4122,34663,0.87,14,1
4123,34680,0.84,17,1
4124,34699,0.82,19,1
4125,34707,0.93,8,1
4126,34712,0.96,5,1
4127,34720,0.93,8,1
4128,34721,1.0,1,1
4129,34733,0.89,12,1
4130,34743,0.91,10,1
4131,34750,0.94,7,1
4132,34755,0.96,5,1
4133,34767,0.89,12,1
4134,34778,0.9,11,1
4135,34790,0.89,12,1
4136,34795,0.96,5,1
4137,34798,0.98,3,1
4138,34799,1.0,1,1
4139,34805,0.95,6,1
4140,34810,0.96,5,1
4141,34812,0.99,2,1
4142,34817,0.96,5,1
4143,34830,0.88,13,1
4144,34835,0.96,5,1
4145,34842,0.94,7,1
4146,34848,0.95,6,1
4147,34854,0.95,6,1
4148,34860,0.95,6,1
4149,34864,0.97,4,1
4150,34872,0.93,8,1
4151,34880,0.93,8,1
4152,34887,0.94,7,1
4153,34895,0.93,8,1
4154,34897,0.99,2,1
4155,34899,0.99,2,1
4156,34904,0.96,5,1
4157,34909,0.96,5,1
4158,34913,0.97,4,1
4159,34923,0.91,10,1
4160,34934,0.9,11,1
4161,34935,1.0,1,1
4162,34941,0.95,6,1
4163,34944,0.98,3,1
4164,34952,0.93,8,1
4165,34959,0.94,7,1
4166,34960,1.0,1,1
4167,34967,0.94,7,1
4168,34972,0.96,5,1
4169,34974,0.99,2,1
4170,34979,0.96,5,1
4171,34987,0.93,8,1
4172,34989,0.99,2,1
4173,34993,0.97,4,1
4174,34997,0.97,4,1
4175,35001,0.97,4,1
4176,35002,1.0,1,1
4177,35005,0.98,3,1
4178,35011,0.95,6,1
4179,35014,0.98,3,1
4180,35016,0.99,2,1
4181,35019,0.98,3,1
4182,35022,0.98,3,1
4183,35029,0.94,7,1
4184,35032,0.98,3,1
4185,35041,0.92,9,1
4186,35050,0.92,9,1
4187,35055,0.96,5,1
4188,35056,1.0,1,1
4189,35064,0.93,8,1
4190,35067,0.98,3,1
4191,35069,0.99,2,1
4192,35072,0.98,3,1
4193,35073,1.0,1,1
4194,35080,0.94,7,1
4195,35088,0.93,8,1
4196,35095,0.94,7,1
4197,35096,1.0,1,1
4198,35101,0.96,5,1
4199,35104,0.98,3,1
4200,35115,0.9,11,1
4201,35117,0.99,2,1
4202,35124,0.94,7,1
4203,35128,0.97,4,1
4204,35139,0.9,11,1
4205,35148,0.92,9,1
4206,35154,0.95,6,1
4207,35158,0.97,4,1
4208,35165,0.94,7,1
4209,35167,0.99,2,1
4210,35168,1.0,1,1
4211,35174,0.95,6,1
4212,35181,0.94,7,1
4213,35201,0.81,20,1
4214,35205,0.97,4,1
4215,35207,0.99,2,1
4216,35209,0.99,2,1
4217,35215,0.95,6,1
4218,35225,0.91,10,1
4219,35231,0.95,6,1
4220,35234,0.98,3,1
4221,35241,0.94,7,1
4222,35246,0.96,5,1
4223,35252,0.95,6,1
4224,35257,0.96,5,1
4225,35265,0.93,8,1
4226,35280,0.86,15,1
4227,35301,0.8,21,1
4228,35303,0.99,2,1
4229,35309,0.95,6,1
4230,35314,0.96,5,1
4231,35319,0.96,5,1
4232,35325,0.95,6,1
4233,35328,0.98,3,1
4234,35340,0.89,12,1
4235,35341,1.0,1,1
4236,35345,0.97,4,1
4237,35356,0.9,11,1
4238,35366,0.91,10,1
4239,35375,0.92,9,1
4240,35380,0.96,5,1
4241,35387,0.94,7,1
4242,35392,0.96,5,1
4243,35398,0.95,6,1
4244,35403,0.96,5,1
4245,35410,0.94,7,1
4246,35419,0.92,9,1
4247,35421,0.99,2,1
4248,35427,0.95,6,1
4249,35437,0.91,10,1
4250,35438,1.0,1,1
4251,35446,0.93,8,1
4252,35451,0.96,5,1
4253,35457,0.95,6,1
4254,35469,0.89,12,1
4255,35470,1.0,1,1
4256,35479,0.92,9,1
4257,35487,0.93,8,1
4258,35495,0.93,8,1
4259,35498,0.98,3,1
4260,35504,0.95,6,1
4261,35509,0.96,5,1
4262,35512,0.98,3,1
4263,35520,0.93,8,1
4264,35524,0.97,4,1
4265,35525,1.0,1,1
4266,35535,0.91,10,1
4267,35540,0.96,5,1
4268,35543,0.98,3,1
4269,35549,0.95,6,1
4270,35553,0.97,4,1
4271,35559,0.95,6,1
4272,35565,0.95,6,1
4273,35568,0.98,3,1
4274,35575,0.94,7,1
4275,35578,0.98,3,1
4276,35586,0.93,8,1
4277,35592,0.95,6,1
4278,35594,0.99,2,1
4279,35600,0.95,6,1
4280,35607,0.94,7,1
4281,35614,0.94,7,1
4282,35615,1.0,1,1
4283,35623,0.93,8,1
4284,35630,0.94,7,1
4285,35634,0.97,4,1
4286,35636,0.99,2,1
4287,35642,0.95,6,1
4288,35647,0.96,5,1
4289,35655,0.93,8,1
4290,35656,1.0,1,1
4291,35664,0.93,8,1
4292,35667,0.98,3,1
4293,35681,0.87,14,1
4294,35694,0.88,13,1
4295,35701,0.94,7,1
4296,35709,0.93,8,1
4297,35712,0.98,3,1
4298,35719,0.94,7,1
4299,35722,0.98,3,1
4300,35734,0.89,12,1
4301,35737,0.98,3,1
4302,35748,0.9,11,1
4303,35751,0.98,3,1
4304,35752,1.0,1,1
4305,35756,0.97,4,1
4306,35758,0.99,2,1
4307,35762,0.97,4,1
4308,35768,0.95,6,1
4309,35776,0.93,8,1
4310,35779,0.98,3,1
4311,35784,0.96,5,1
4312,35790,0.95,6,1
4313,35796,0.95,6,1
4314,35797,1.0,1,1
4315,35801,0.97,4,1
4316,35804,0.98,3,1
4317,35809,0.96,5,1
4318,35816,0.94,7,1
4319,35819,0.98,3,1
4320,35827,0.93,8,1
4321,35832,0.96,5,1
4322,35843,0.9,11,1
4323,35846,0.98,3,1
4324,35852,0.95,6,1
4325,35859,0.94,7,1
4326,35868,0.92,9,1
4327,35889,0.8,21,1
4328,35897,0.93,8,1
4329,35905,0.93,8,1
4330,35907,0.99,2,1
4331,35916,0.92,9,1
4332,35925,0.92,9,1
4333,35937,0.89,12,1
4334,35945,0.93,8,1
4335,35951,0.95,6,1
4336,35959,0.93,8,1
4337,35960,1.0,1,1
4338,35965,0.96,5,1
4339,35970,0.96,5,1
4340,35977,0.94,7,1
4341,35982,0.96,5,1
4342,35988,0.95,6,1
4343,35995,0.94,7,1
4344,36004,0.92,9,1
4345,36011,0.94,7,1
4346,36019,0.93,8,1
4347,36022,0.98,3,1
4348,36029,0.94,7,1
4349,36035,0.95,6,1
4350,36038,0.98,3,1
4351,36041,0.98,3,1
4352,36042,1.0,1,1
4353,36055,0.88,13,1
4354,36058,0.98,3,1
4355,36059,1.0,1,1
4356,36066,0.94,7,1
4357,36072,0.95,6,1
4358,36083,0.9,11,1
4359,36089,0.95,6,1
4360,36097,0.93,8,1
4361,36101,0.97,4,1
4362,36102,1.0,1,1
4363,36111,0.92,9,1
4364,36117,0.95,6,1
4365,36123,0.95,6,1
4366,36127,0.97,4,1
4367,36131,0.97,4,1
4368,36133,0.99,2,1
4369,36161,0.73,28,1
4370,36175,0.87,14,1
4371,36178,0.98,3,1
4372,36182,0.97,4,1
4373,36190,0.93,8,1
4374,36192,0.99,2,1
4375,36193,1.0,1,1
4376,36195,0.99,2,1
4377,36197,0.99,2,1
4378,36207,0.91,10,1
4379,36216,0.92,9,1
4380,36220,0.97,4,1
4381,36221,1.0,1,1
4382,36223,0.99,2,1
4383,36227,0.97,4,1
4384,36232,0.96,5,1
4385,36238,0.95,6,1
4386,36245,0.94,7,1
4387,36251,0.95,6,1
4388,36258,0.94,7,1
4389,36261,0.98,3,1
4390,36262,1.0,1,1
4391,36268,0.95,6,1
4392,36269,1.0,1,1
4393,36275,0.95,6,1
4394,36279,0.97,4,1
4395,36284,0.96,5,1
4396,36285,1.0,1,1
4397,36288,0.98,3,1
4398,36303,0.86,15,1
4399,36307,0.97,4,1
4400,36308,1.0,1,1
4401,36317,0.92,9,1
4402,36322,0.96,5,1
4403,36329,0.94,7,1
4404,36336,0.94,7,1
4405,36342,0.95,6,1
4406,36352,0.91,10,1
4407,36360,0.93,8,1
4408,36362,0.99,2,1
4409,36363,1.0,1,1
4410,36371,0.93,8,1
4411,36379,0.93,8,1
4412,36384,0.96,5,1
4413,36393,0.92,9,1
4414,36398,0.96,5,1
4415,36403,0.96,5,1
4416,36407,0.97,4,1
4417,36416,0.92,9,1
4418,36422,0.95,6,1
4419,36426,0.97,4,1
4420,36428,0.99,2,1
4421,36434,0.95,6,1
4422,36440,0.95,6,1
4423,36445,0.96,5,1
4424,36449,0.97,4,1
4425,36454,0.96,5,1
4426,36460,0.95,6,1
4427,36461,1.0,1,1
4428,36465,0.97,4,1
4429,36471,0.95,6,1
4430,36477,0.95,6,1
4431,36479,0.99,2,1
4432,36484,0.96,5,1
4433,36489,0.96,5,1
4434,36492,0.98,3,1
4435,36498,0.95,6,1
4436,36504,0.95,6,1
4437,36508,0.97,4,1
4438,36517,0.92,9,1
4439,36520,0.98,3,1
4440,36524,0.97,4,1
4441,36527,0.98,3,1
4442,36532,0.96,5,1
4443,36538,0.95,6,1
4444,36540,0.99,2,1
4445,36543,0.98,3,1
4446,36551,0.93,8,1
4447,36561,0.91,10,1
4448,36574,0.88,13,1
4449,36575,1.0,1,1
4450,36582,0.94,7,1
4451,36590,0.93,8,1
4452,36596,0.95,6,1
4453,36603,0.94,7,1
4454,36611,0.93,8,1
4455,36614,0.98,3,1
4456,36619,0.96,5,1
4457,36622,0.98,3,1
4458,36626,0.97,4,1
4459,36627,1.0,1,1
4460,36637,0.91,10,1
4461,36638,1.0,1,1
4462,36647,0.92,9,1
4463,36648,1.0,1,1
4464,36653,0.96,5,1
4465,36656,0.98,3,1
4466,36665,0.92,9,1
4467,36670,0.96,5,1
4468,36671,1.0,1,1
4469,36675,0.97,4,1
4470,36686,0.9,11,1
4471,36687,1.0,1,1
4472,36692,0.96,5,1
4473,36698,0.95,6,1
4474,36707,0.92,9,1
4475,36712,0.96,5,1
4476,36720,0.93,8,1
4477,36724,0.97,4,1
4478,36726,0.99,2,1
4479,36733,0.94,7,1
4480,36738,0.96,5,1
4481,36749,0.9,11,1
4482,36755,0.95,6,1
4483,36764,0.92,9,1
4484,36765,1.0,1,1
4485,36767,0.99,2,1
4486,36772,0.96,5,1
4487,36778,0.95,6,1
4488,36786,0.93,8,1
4489,36790,0.97,4,1
4490,36792,0.99,2,1
4491,36798,0.95,6,1
4492,36802,0.97,4,1
4493,36806,0.97,4,1
4494,36809,0.98,3,1
4495,36812,0.98,3,1
4496,36813,1.0,1,1
4497,36816,0.98,3,1
4498,36823,0.94,7,1
4499,36828,0.96,5,1
4500,36833,0.96,5,1
4501,36843,0.91,10,1
4502,36848,0.96,5,1
4503,36860,0.89,12,1
4504,36864,0.97,4,1
4505,36872,0.93,8,1
4506,36878,0.95,6,1
4507,36880,0.99,2,1
4508,36882,0.99,2,1
4509,36885,0.98,3,1
4510,36890,0.96,5,1
4511,36899,0.92,9,1
4512,36902,0.98,3,1
4513,36910,0.93,8,1
4514,36913,0.98,3,1
4515,36916,0.98,3,1
4516,36925,0.92,9,1
4517,36933,0.93,8,1
4518,36935,0.99,2,1
4519,36939,0.97,4,1
4520,36954,0.86,15,1
4521,36958,0.97,4,1
4522,36966,0.93,8,1
4523,36969,0.98,3,1
4524,36976,0.94,7,1
4525,36980,0.97,4,1
4526,36986,0.95,6,1
4527,36994,0.93,8,1
4528,37004,0.91,10,1
4529,37014,0.91,10,1
4530,37021,0.94,7,1
4531,37023,0.99,2,1
4532,37030,0.94,7,1
4533,37034,0.97,4,1
4534,37045,0.9,11,1
4535,37051,0.95,6,1
4536,37053,0.99,2,1
4537,37057,0.97,4,1
4538,37060,0.98,3,1
4539,37071,0.9,11,1
4540,37076,0.96,5,1
4541,37085,0.92,9,1
4542,37091,0.95,6,1
4543,37099,0.93,8,1
4544,37108,0.92,9,1
4545,37112,0.97,4,1
4546,37116,0.97,4,1
4547,37123,0.94,7,1
4548,37138,0.86,15,1
4549,37144,0.95,6,1
4550,37145,1.0,1,1
4551,37148,0.98,3,1
4552,37149,1.0,1,1
4553,37158,0.92,9,1
4554,37170,0.89,12,1
4555,37178,0.93,8,1
4556,37188,0.91,10,1
4557,37191,0.98,3,1
4558,37201,0.91,10,1
4559,37204,0.98,3,1
4560,37216,0.89,12,1
4561,37222,0.95,6,1
4562,37231,0.92,9,1
4563,37241,0.91,10,1
4564,37243,0.99,2,1
4565,37245,0.99,2,1
4566,37249,0.97,4,1
4567,37255,0.95,6,1
4568,37256,1.0,1,1
4569,37265,0.92,9,1
4570,37275,0.91,10,1
4571,37279,0.97,4,1
4572,37293,0.87,14,1
4573,37301,0.93,8,1
4574,37307,0.95,6,1
4575,37310,0.98,3,1
4576,37318,0.93,8,1
4577,37326,0.93,8,1
4578,37330,0.97,4,1
4579,37339,0.92,9,1
4580,37340,1.0,1,1
4581,37353,0.88,13,1
4582,37361,0.93,8,1
4583,37363,0.99,2,1
4584,37378,0.86,15,1
4585,37381,0.98,3,1
4586,37389,0.93,8,1
4587,37391,0.99,2,1
4588,37401,0.91,10,1
4589,37411,0.91,10,1
4590,37413,0.99,2,1
4591,37418,0.96,5,1
4592,37427,0.92,9,1
4593,37434,0.94,7,1
4594,37436,0.99,2,1
4595,37440,0.97,4,1
4596,37447,0.94,7,1
4597,37449,0.99,2,1
4598,37454,0.96,5,1
4599,37456,0.99,2,1
4600,37460,0.97,4,1
4601,37463,0.98,3,1
4602,37466,0.98,3,1
4603,37468,0.99,2,1
4604,37472,0.97,4,1
4605,37478,0.95,6,1
4606,37482,0.97,4,1
4607,37492,0.91,10,1
4608,37493,1.0,1,1
4609,37495,0.99,2,1
4610,37498,0.98,3,1
4611,37511,0.88,13,1
4612,37518,0.94,7,1
4613,37520,0.99,2,1
4614,37522,0.99,2,1
4615,37525,0.98,3,1
4616,37530,0.96,5,1
4617,37538,0.93,8,1
4618,37542,0.97,4,1
4619,37547,0.96,5,1
4620,37551,0.97,4,1
4621,37557,0.95,6,1
4622,37560,0.98,3,1
4623,37561,1.0,1,1
4624,37563,0.99,2,1
4625,37565,0.99,2,1
4626,37569,0.97,4,1
4627,37577,0.93,8,1
4628,37586,0.92,9,1
4629,37588,0.99,2,1
4630,37602,0.87,14,1
4631,37609,0.94,7,1
4632,37614,0.96,5,1
4633,37624,0.91,10,1
4634,37628,0.97,4,1
4635,37632,0.97,4,1
4636,37642,0.91,10,1
4637,37647,0.96,5,1
4638,37650,0.98,3,1
4639,37656,0.95,6,1
4640,37662,0.95,6,1
4641,37663,1.0,1,1
4642,37668,0.96,5,1
4643,37669,1.0,1,1
4644,37675,0.95,6,1
4645,37678,0.98,3,1
4646,37686,0.93,8,1
4647,37688,0.99,2,1
4648,37695,0.94,7,1
4649,37709,0.87,14,1
4650,37713,0.97,4,1
4651,37718,0.96,5,1
4652,37732,0.87,14,1
4653,37740,0.93,8,1
4654,37747,0.94,7,1
4655,37752,0.96,5,1
4656,37768,0.85,16,1
4657,37771,0.98,3,1
4658,37776,0.96,5,1
4659,37784,0.93,8,1
4660,37787,0.98,3,1
4661,37794,0.94,7,1
4662,37795,1.0,1,1
4663,37804,0.92,9,1
4664,37810,0.95,6,1
4665,37811,1.0,1,1
4666,37815,0.97,4,1
4667,37822,0.94,7,1
4668,37825,0.98,3,1
4669,37830,0.96,5,1
4670,37835,0.96,5,1
4671,37841,0.95,6,1
4672,37849,0.93,8,1
4673,37852,0.98,3,1
4674,37858,0.95,6,1
4675,37860,0.99,2,1
4676,37868,0.93,8,1
4677,37876,0.93,8,1
4678,37885,0.92,9,1
4679,37895,0.91,10,1
4680,37901,0.95,6,1
4681,37905,0.97,4,1
4682,37910,0.96,5,1
4683,37916,0.95,6,1
4684,37921,0.96,5,1
4685,37935,0.87,14,1
4686,37947,0.89,12,1
4687,37956,0.92,9,1
4688,37958,0.99,2,1
4689,37960,0.99,2,1
4690,37969,0.92,9,1
4691,37973,0.97,4,1
4692,37976,0.98,3,1
4693,37980,0.97,4,1
4694,37986,0.95,6,1
4695,37992,0.95,6,1
4696,37999,0.94,7,1
4697,38008,0.92,9,1
4698,38015,0.94,7,1
4699,38019,0.97,4,1
4700,38025,0.95,6,1
4701,38033,0.93,8,1
4702,38035,0.99,2,1
4703,38043,0.93,8,1
4704,38046,0.98,3,1
4705,38054,0.93,8,1
4706,38062,0.93,8,1
4707,38067,0.96,5,1
4708,38071,0.97,4,1
4709,38086,0.86,15,1
4710,38088,0.99,2,1
4711,38093,0.96,5,1
4712,38099,0.95,6,1
4713,38103,0.97,4,1
4714,38106,0.98,3,1
4715,38116,0.91,10,1
4716,38117,1.0,1,1
4717,38122,0.96,5,1
4718,38127,0.96,5,1
4719,38133,0.95,6,1
4720,38137,0.97,4,1
4721,38142,0.96,5,1
4722,38150,0.93,8,1
4723,38154,0.97,4,1
4724,38158,0.97,4,1
4725,38160,0.99,2,1
4726,38164,0.97,4,1
4727,38171,0.94,7,1
4728,38175,0.97,4,1
4729,38182,0.94,7,1
4730,38183,1.0,1,1
4731,38188,0.96,5,1
4732,38194,0.95,6,1
4733,38196,0.99,2,1
4734,38205,0.92,9,1
4735,38210,0.96,5,1
4736,38214,0.97,4,1
4737,38220,0.95,6,1
4738,38225,0.96,5,1
4739,38227,0.99,2,1
4740,38233,0.95,6,1
4741,38237,0.97,4,1
4742,38249,0.89,12,1
4743,38254,0.96,5,1
4744,38264,0.91,10,1
4745,38266,0.99,2,1
4746,38275,0.92,9,1
4747,38279,0.97,4,1
4748,38283,0.97,4,1
4749,38288,0.96,5,1
4750,38295,0.94,7,1
4751,38300,0.96,5,1
4752,38307,0.94,7,1
4753,38309,0.99,2,1
4754,38317,0.93,8,1
4755,38324,0.94,7,1
4756,38327,0.98,3,1
4757,38336,0.92,9,1
4758,38340,0.97,4,1
4759,38343,0.98,3,1
4760,38347,0.97,4,1
4761,38350,0.98,3,1
4762,38358,0.93,8,1
4763,38363,0.96,5,1
4764,38368,0.96,5,1
4765,38375,0.94,7,1
4766,38385,0.91,10,1
4767,38392,0.94,7,1
4768,38395,0.98,3,1
4769,38400,0.96,5,1
4770,38408,0.93,8,1
4771,38422,0.87,14,1
4772,38423,1.0,1,1
4773,38430,0.94,7,1
4774,38435,0.96,5,1
4775,38444,0.92,9,1
4776,38451,0.94,7,1
4777,38455,0.97,4,1
4778,38458,0.98,3,1
4779,38467,0.92,9,1
4780,38471,0.97,4,1
4781,38476,0.96,5,1
4782,38484,0.93,8,1
4783,38488,0.97,4,1
4784,38496,0.93,8,1
4785,38508,0.89,12,1
4786,38514,0.95,6,1
4787,38517,0.98,3,1
4788,38520,0.98,3,1
4789,38525,0.96,5,1
4790,38533,0.93,8,1
4791,38536,0.98,3,1
4792,38542,0.95,6,1
4793,38544,0.99,2,1
4794,38549,0.96,5,1
4795,38552,0.98,3,1
4796,38554,0.99,2,1
4797,38559,0.96,5,1
4798,38563,0.97,4,1
4799,38575,0.89,12,1
4800,38584,0.92,9,1
4801,38588,0.97,4,1
4802,38601,0.88,13,1
4803,38612,0.9,11,1
4804,38613,1.0,1,1
4805,38618,0.96,5,1
4806,38624,0.95,6,1
4807,38626,0.99,2,1
4808,38629,0.98,3,1
4809,38637,0.93,8,1
4810,38643,0.95,6,1
4811,38644,1.0,1,1
4812,38647,0.98,3,1
4813,38653,0.95,6,1
4814,38654,1.0,1,1
4815,38664,0.91,10,1
4816,38668,0.97,4,1
4817,38680,0.89,12,1
4818,38684,0.97,4,1
4819,38691,0.94,7,1
4820,38696,0.96,5,1
4821,38702,0.95,6,1
4822,38706,0.97,4,1
4823,38711,0.96,5,1
4824,38715,0.97,4,1
4825,38724,0.92,9,1
4826,38726,0.99,2,1
4827,38733,0.94,7,1
4828,38737,0.97,4,1
4829,38743,0.95,6,1
4830,38746,0.98,3,1
4831,38750,0.97,4,1
4832,38752,0.99,2,1
4833,38757,0.96,5,1
4834,38759,0.99,2,1
4835,38763,0.97,4,1
4836,38776,0.88,13,1
4837,38780,0.97,4,1
4838,38786,0.95,6,1
4839,38791,0.96,5,1
4840,38795,0.97,4,1
4841,38804,0.92,9,1
4842,38809,0.96,5,1
4843,38815,0.95,6,1
4844,38823,0.93,8,1
4845,38829,0.95,6,1
4846,38831,0.99,2,1
4847,38839,0.93,8,1
4848,38844,0.96,5,1
4849,38858,0.87,14,1
4850,38862,0.97,4,1
4851,38868,0.95,6,1
4852,38870,0.99,2,1
4853,38875,0.96,5,1
4854,38878,0.98,3,1
4855,38884,0.95,6,1
4856,38891,0.94,7,1
4857,38892,1.0,1,1
4858,38897,0.96,5,1
4859,38903,0.95,6,1
4860,38911,0.93,8,1
4861,38916,0.96,5,1
4862,38923,0.94,7,1
4863,38927,0.97,4,1
4864,38929,0.99,2,1
4865,38935,0.95,6,1
4866,38943,0.93,8,1
4867,38947,0.97,4,1
4868,38961,0.87,14,1
4869,38969,0.93,8,1
4870,38975,0.95,6,1
4871,38979,0.97,4,1
4872,38982,0.98,3,1
4873,38994,0.89,12,1
4874,38998,0.97,4,1
4875,39006,0.93,8,1
4876,39014,0.93,8,1
4877,39018,0.97,4,1
4878,39021,0.98,3,1
4879,39029,0.93,8,1
4880,39033,0.97,4,1
4881,39040,0.94,7,1
4882,39042,0.99,2,1
4883,39050,0.93,8,1
4884,39054,0.97,4,1
4885,39058,0.97,4,1
4886,39059,1.0,1,1
4887,39074,0.86,15,1
4888,39087,0.88,13,1
4889,39096,0.92,9,1
4890,39104,0.93,8,1
4891,39106,0.99,2,1
4892,39114,0.93,8,1
4893,39125,0.9,11,1
4894,39133,0.93,8,1
4895,39134,1.0,1,1
4896,39138,0.97,4,1
4897,39140,0.99,2,1
4898,39146,0.95,6,1
4899,39153,0.94,7,1
4900,39159,0.95,6,1
4901,39166,0.94,7,1
4902,39169,0.98,3,1
4903,39173,0.97,4,1
4904,39176,0.98,3,1
4905,39183,0.94,7,1
4906,39189,0.95,6,1
4907,39200,0.9,11,1
4908,39204,0.97,4,1
4909,39206,0.99,2,1
4910,39210,0.97,4,1
4911,39219,0.92,9,1
4912,39227,0.93,8,1
4913,39228,1.0,1,1
4914,39231,0.98,3,1
4915,39236,0.96,5,1
4916,39241,0.96,5,1
4917,39250,0.92,9,1
4918,39255,0.96,5,1
4919,39263,0.93,8,1
4920,39273,0.91,10,1
4921,39280,0.94,7,1
4922,39285,0.96,5,1
4923,39289,0.97,4,1
4924,39292,0.98,3,1
4925,39295,0.98,3,1
4926,39307,0.89,12,1
4927,39313,0.95,6,1
4928,39315,0.99,2,1
4929,39322,0.94,7,1
4930,39330,0.93,8,1
4931,39337,0.94,7,1
4932,39345,0.93,8,1
4933,39353,0.93,8,1
4934,39362,0.92,9,1
4935,39370,0.93,8,1
4936,39371,1.0,1,1
4937,39374,0.98,3,1
4938,39377,0.98,3,1
4939,39381,0.97,4,1
4940,39393,0.89,12,1
4941,39397,0.97,4,1
4942,39402,0.96,5,1
4943,39410,0.93,8,1
4944,39418,0.93,8,1
4945,39425,0.94,7,1
4946,39431,0.95,6,1
4947,39434,0.98,3,1
4948,39445,0.9,11,1
4949,39451,0.95,6,1
4950,39456,0.96,5,1
4951,39460,0.97,4,1
4952,39464,0.97,4,1
4953,39472,0.93,8,1
4954,39475,0.98,3,1
4955,39477,0.99,2,1
4956,39482,0.96,5,1
4957,39489,0.94,7,1
4958,39491,0.99,2,1
4959,39496,0.96,5,1
4960,39501,0.96,5,1
4961,39503,0.99,2,1
4962,39518,0.86,15,1
4963,39523,0.96,5,1
4964,39534,0.9,11,1
4965,39540,0.95,6,1
4966,39546,0.95,6,1
4967,39552,0.95,6,1
4968,39556,0.97,4,1
4969,39563,0.94,7,1
4970,39571,0.93,8,1
4971,39579,0.93,8,1
4972,39593,0.87,14,1
4973,39594,1.0,1,1
4974,39601,0.94,7,1
4975,39609,0.93,8,1
4976,39618,0.92,9,1
4977,39627,0.92,9,1
4978,39639,0.89,12,1
4979,39647,0.93,8,1
4980,39650,0.98,3,1
4981,39657,0.94,7,1
4982,39669,0.89,12,1
4983,39673,0.97,4,1
4984,39679,0.95,6,1
4985,39682,0.98,3,1
4986,39687,0.96,5,1
4987,39698,0.9,11,1
4988,39700,0.99,2,1
4989,39704,0.97,4,1
4990,39710,0.95,6,1
4991,39721,0.9,11,1
4992,39727,0.95,6,1
4993,39731,0.97,4,1
4994,39735,0.97,4,1
4995,39743,0.93,8,1
4996,39746,0.98,3,1
4997,39748,0.99,2,1
4998,39765,0.84,17,1
4999,39772,0.94,7,1
5000,39783,0.9,11,1
5001,39786,0.98,3,1
5002,39794,0.93,8,1
5003,39803,0.92,9,1
5004,39806,0.98,3,1
5005,39815,0.92,9,1
5006,39822,0.94,7,1
5007,39832,0.91,10,1
5008,39842,0.91,10,1
5009,39849,0.94,7,1
5010,39859,0.91,10,1
5011,39863,0.97,4,1
5012,39864,1.0,1,1
5013,39867,0.98,3,1
5014,39871,0.97,4,1
5015,39873,0.99,2,1
5016,39875,0.99,2,1
5017,39879,0.97,4,1
5018,39882,0.98,3,1
5019,39884,0.99,2,1
5020,39888,0.97,4,1
5021,39892,0.97,4,1
5022,39893,1.0,1,1
5023,39901,0.93,8,1
5024,39904,0.98,3,1
5025,39907,0.98,3,1
5026,39909,0.99,2,1
5027,39913,0.97,4,1
5028,39916,0.98,3,1
5029,39924,0.93,8,1
5030,39936,0.89,12,1
5031,39941,0.96,5,1
5032,39953,0.89,12,1
5033,39962,0.92,9,1
5034,39966,0.97,4,1
5035,39972,0.95,6,1
5036,39976,0.97,4,1
5037,39983,0.94,7,1
5038,39991,0.93,8,1
5039,39996,0.96,5,1
5040,39997,1.0,1,1
5041,40005,0.93,8,1
5042,40011,0.95,6,1
5043,40014,0.98,3,1
5044,40016,0.99,2,1
5045,40019,0.98,3,1
5046,40028,0.92,9,1
5047,40035,0.94,7,1
5048,40036,1.0,1,1
5049,40040,0.97,4,1
5050,40046,0.95,6,1
5051,40048,0.99,2,1
5052,40051,0.98,3,1
5053,40053,0.99,2,1
5054,40060,0.94,7,1
5055,40066,0.95,6,1
5056,40070,0.97,4,1
5057,40077,0.94,7,1
5058,40085,0.93,8,1
5059,40087,0.99,2,1
5060,40088,1.0,1,1
5061,40098,0.91,10,1
5062,40100,0.99,2,1
5063,40105,0.96,5,1
5064,40109,0.97,4,1
5065,40110,1.0,1,1
5066,40118,0.93,8,1
5067,40119,1.0,1,1
5068,40123,0.97,4,1
5069,40126,0.98,3,1
5070,40131,0.96,5,1
5071,40133,0.99,2,1
5072,40134,1.0,1,1
5073,40135,1.0,1,1
5074,40137,0.99,2,1
5075,40145,0.93,8,1
5076,40151,0.95,6,1
5077,40162,0.9,11,1
5078,40167,0.96,5,1
5079,40170,0.98,3,1
5080,40175,0.96,5,1
5081,40180,0.96,5,1
5082,40186,0.95,6,1
5083,40193,0.94,7,1
5084,40198,0.96,5,1
5085,40206,0.93,8,1
5086,40214,0.93,8,1
5087,40217,0.98,3,1
5088,40223,0.95,6,1
5089,40227,0.97,4,1
5090,40237,0.91,10,1
5091,40242,0.96,5,1
5092,40246,0.97,4,1
5093,40254,0.93,8,1
5094,40257,0.98,3,1
5095,40261,0.97,4,1
5096,40265,0.97,4,1
5097,40267,0.99,2,1
5098,40276,0.92,9,1
5099,40280,0.97,4,1
5100,40283,0.98,3,1
5101,40290,0.94,7,1
5102,40298,0.93,8,1
5103,40300,0.99,2,1
5104,40307,0.94,7,1
5105,40316,0.92,9,1
5106,40325,0.92,9,1
5107,40338,0.88,13,1
5108,40348,0.91,10,1
5109,40353,0.96,5,1
5110,40358,0.96,5,1
5111,40364,0.95,6,1
5112,40367,0.98,3,1
5113,40374,0.94,7,1
5114,40379,0.96,5,1
5115,40385,0.95,6,1
5116,40394,0.92,9,1
5117,40399,0.96,5,1
5118,40401,0.99,2,1
5119,40409,0.93,8,1
5120,40419,0.91,10,1
5121,40421,0.99,2,1
5122,40428,0.94,7,1
5123,40432,0.97,4,1
5124,40436,0.97,4,1
5125,40440,0.97,4,1
5126,40450,0.91,10,1
5127,40472,0.79,22,1
5128,40477,0.96,5,1
5129,40485,0.93,8,1
5130,40491,0.95,6,1
5131,40497,0.95,6,1
5132,40499,0.99,2,1
5133,40505,0.95,6,1
5134,40506,1.0,1,1
5135,40524,0.83,18,1
5136,40529,0.96,5,1
5137,40537,0.93,8,1
5138,40543,0.95,6,1
5139,40546,0.98,3,1
5140,40555,0.92,9,1
5141,40566,0.9,11,1
5142,40567,1.0,1,1
5143,40568,1.0,1,1
5144,40573,0.96,5,1
5145,40582,0.92,9,1
5146,40587,0.96,5,1
5147,40591,0.97,4,1
5148,40598,0.94,7,1
5149,40604,0.95,6,1
5150,40611,0.94,7,1
5151,40616,0.96,5,1
5152,40623,0.94,7,1
5153,40626,0.98,3,1
5154,40631,0.96,5,1
5155,40641,0.91,10,1
5156,40649,0.93,8,1
5157,40650,1.0,1,1
5158,40656,0.95,6,1
5159,40665,0.92,9,1
5160,40674,0.92,9,1
5161,40683,0.92,9,1
5162,40686,0.98,3,1
5163,40696,0.91,10,1
5164,40699,0.98,3,1
5165,40706,0.94,7,1
5166,40716,0.91,10,1
5167,40720,0.97,4,1
5168,40725,0.96,5,1
5169,40732,0.94,7,1
5170,40736,0.97,4,1
5171,40737,1.0,1,1
5172,40743,0.95,6,1
5173,40748,0.96,5,1
5174,40751,0.98,3,1
5175,40755,0.97,4,1
5176,40768,0.88,13,1
5177,40774,0.95,6,1
5178,40782,0.93,8,1
5179,40785,0.98,3,1
5180,40789,0.97,4,1
5181,40792,0.98,3,1
5182,40801,0.92,9,1
5183,40813,0.89,12,1
5184,40817,0.97,4,1
5185,40820,0.98,3,1
5186,40823,0.98,3,1
5187,40831,0.93,8,1
5188,40836,0.96,5,1
5189,40844,0.93,8,1
5190,40846,0.99,2,1
5191,40853,0.94,7,1
5192,40858,0.96,5,1
5193,40859,1.0,1,1
5194,40867,0.93,8,1
5195,40872,0.96,5,1
5196,40879,0.94,7,1
5197,40896,0.84,17,1
5198,40897,1.0,1,1
5199,40905,0.93,8,1
5200,40906,1.0,1,1
5201,40912,0.95,6,1
5202,40917,0.96,5,1
5203,40921,0.97,4,1
5204,40926,0.96,5,1
5205,40940,0.87,14,1
5206,40949,0.92,9,1
5207,40959,0.91,10,1
5208,40965,0.95,6,1
5209,40967,0.99,2,1
5210,40975,0.93,8,1
5211,40978,0.98,3,1
5212,40985,0.94,7,1
5213,40988,0.98,3,1
5214,40991,0.98,3,1
5215,40999,0.93,8,1
5216,41010,0.9,11,1
5217,41014,0.97,4,1
5218,41019,0.96,5,1
5219,41025,0.95,6,1
5220,41039,0.87,14,1
5221,41043,0.97,4,1
5222,41054,0.9,11,1
5223,41064,0.91,10,1
5224,41066,0.99,2,1
5225,41075,0.92,9,1
5226,41081,0.95,6,1
5227,41084,0.98,3,1
5228,41090,0.95,6,1
5229,41092,0.99,2,1
5230,41095,0.98,3,1
5231,41103,0.93,8,1
5232,41106,0.98,3,1
5233,41110,0.97,4,1
5234,41111,1.0,1,1
5235,41121,0.91,10,1
5236,41126,0.96,5,1
5237,41134,0.93,8,1
5238,41143,0.92,9,1
5239,41144,1.0,1,1
5240,41150,0.95,6,1
5241,41161,0.9,11,1
5242,41172,0.9,11,1
5243,41180,0.93,8,1
5244,41181,1.0,1,1
5245,41192,0.9,11,1
5246,41202,0.91,10,1
5247,41206,0.97,4,1
5248,41216,0.91,10,1
5249,41227,0.9,11,1
5250,41233,0.95,6,1
5251,41238,0.96,5,1
5252,41242,0.97,4,1
5253,41250,0.93,8,1
5254,41257,0.94,7,1
5255,41265,0.93,8,1
5256,41271,0.95,6,1
5257,41280,0.92,9,1
5258,41282,0.99,2,1
5259,41287,0.96,5,1
5260,41295,0.93,8,1
5261,41303,0.93,8,1
5262,41307,0.97,4,1
5263,41317,0.91,10,1
5264,41320,0.98,3,1
5265,41330,0.91,10,1
5266,41340,0.91,10,1
5267,41348,0.93,8,1
5268,41354,0.95,6,1
5269,41359,0.96,5,1
5270,41360,1.0,1,1
5271,41378,0.83,18,1
5272,41386,0.93,8,1
5273,41394,0.93,8,1
5274,41401,0.94,7,1
5275,41409,0.93,8,1
5276,41414,0.96,5,1
5277,41427,0.88,13,1
5278,41429,0.99,2,1
5279,41434,0.96,5,1
5280,41442,0.93,8,1
5281,41444,0.99,2,1
5282,41452,0.93,8,1
5283,41454,0.99,2,1
5284,41463,0.92,9,1
5285,41466,0.98,3,1
5286,41467,1.0,1,1
5287,41472,0.96,5,1
5288,41481,0.92,9,1
5289,41489,0.93,8,1
5290,41491,0.99,2,1
5291,41493,0.99,2,1
5292,41503,0.91,10,1
5293,41509,0.95,6,1
5294,41531,0.79,22,1
5295,41537,0.95,6,1
5296,41540,0.98,3,1
5297,41561,0.8,21,1
5298,41565,0.97,4,1
5299,41570,0.96,5,1
5300,41584,0.87,14,1
5301,41589,0.96,5,1
5302,41594,0.96,5,1
5303,41599,0.96,5,1
5304,41609,0.91,10,1
5305,41619,0.91,10,1
5306,41623,0.97,4,1
5307,41631,0.93,8,1
5308,41633,0.99,2,1
5309,41636,0.98,3,1
5310,41639,0.98,3,1
5311,41646,0.94,7,1
5312,41652,0.95,6,1
5313,41661,0.92,9,1
5314,41667,0.95,6,1
5315,41677,0.91,10,1
5316,41684,0.94,7,1
5317,41688,0.97,4,1
5318,41694,0.95,6,1
5319,41695,1.0,1,1
5320,41698,0.98,3,1
5321,41701,0.98,3,1
5322,41704,0.98,3,1
5323,41708,0.97,4,1
5324,41711,0.98,3,1
5325,41721,0.91,10,1
5326,41724,0.98,3,1
5327,41727,0.98,3,1
5328,41728,1.0,1,1
5329,41731,0.98,3,1
5330,41735,0.97,4,1
5331,41736,1.0,1,1
5332,41742,0.95,6,1
5333,41753,0.9,11,1
5334,41761,0.93,8,1
5335,41775,0.87,14,1
5336,41783,0.93,8,1
5337,41785,0.99,2,1
5338,41792,0.94,7,1
5339,41794,0.99,2,1
5340,41801,0.94,7,1
5341,41810,0.92,9,1
5342,41813,0.98,3,1
5343,41817,0.97,4,1
5344,41829,0.89,12,1
5345,41830,1.0,1,1
5346,41839,0.92,9,1
5347,41842,0.98,3,1
5348,41857,0.86,15,1
5349,41868,0.9,11,1
5350,41873,0.96,5,1
5351,41877,0.97,4,1
5352,41883,0.95,6,1
5353,41885,0.99,2,1
5354,41891,0.95,6,1
5355,41898,0.94,7,1
5356,41903,0.96,5,1
5357,41907,0.97,4,1
5358,41913,0.95,6,1
5359,41925,0.89,12,1
5360,41930,0.96,5,1
5361,41937,0.94,7,1
5362,41943,0.95,6,1
5363,41945,0.99,2,1
5364,41946,1.0,1,1
5365,41951,0.96,5,1
5366,41955,0.97,4,1
5367,41962,0.94,7,1
5368,41963,1.0,1,1
5369,41969,0.95,6,1
5370,41978,0.92,9,1
5371,41986,0.93,8,1
5372,41991,0.96,5,1
5373,41997,0.95,6,1
5374,42001,0.97,4,1
5375,42009,0.93,8,1
5376,42011,0.99,2,1
5377,42017,0.95,6,1
5378,42021,0.97,4,1
5379,42027,0.95,6,1
5380,42037,0.91,10,1
5381,42040,0.98,3,1
5382,42043,0.98,3,1
5383,42048,0.96,5,1
5384,42054,0.95,6,1
5385,42061,0.94,7,1
5386,42069,0.93,8,1
5387,42070,1.0,1,1
5388,42073,0.98,3,1
5389,42081,0.93,8,1
5390,42091,0.91,10,1
5391,42097,0.95,6,1
5392,42099,0.99,2,1
5393,42101,0.99,2,1
5394,42106,0.96,5,1
5395,42113,0.94,7,1
5396,42122,0.92,9,1
5397,42128,0.95,6,1
5398,42136,0.93,8,1
5399,42139,0.98,3,1
5400,42147,0.93,8,1
5401,42153,0.95,6,1
5402,42154,1.0,1,1
5403,42158,0.97,4,1
5404,42164,0.95,6,1
5405,42168,0.97,4,1
5406,42170,0.99,2,1
5407,42180,0.91,10,1
5408,42182,0.99,2,1
5409,42188,0.95,6,1
5410,42202,0.87,14,1
5411,42215,0.88,13,1
5412,42217,0.99,2,1
5413,42222,0.96,5,1
5414,42224,0.99,2,1
5415,42225,1.0,1,1
5416,42228,0.98,3,1
5417,42231,0.98,3,1
5418,42236,0.96,5,1
5419,42245,0.92,9,1
5420,42250,0.96,5,1
5421,42251,1.0,1,1
5422,42256,0.96,5,1
5423,42279,0.78,23,1
5424,42284,0.96,5,1
5425,42292,0.93,8,1
5426,42303,0.9,11,1
5427,42310,0.94,7,1
5428,42312,0.99,2,1
5429,42318,0.95,6,1
5430,42325,0.94,7,1
5431,42334,0.92,9,1
5432,42335,1.0,1,1
5433,42341,0.95,6,1
5434,42348,0.94,7,1
5435,42350,0.99,2,1
5436,42353,0.98,3,1
5437,42363,0.91,10,1
5438,42369,0.95,6,1
5439,42372,0.98,3,1
5440,42378,0.95,6,1
5441,42382,0.97,4,1
5442,42387,0.96,5,1
5443,42391,0.97,4,1
5444,42392,1.0,1,1
5445,42395,0.98,3,1
5446,42399,0.97,4,1
5447,42402,0.98,3,1
5448,42410,0.93,8,1
5449,42415,0.96,5,1
5450,42419,0.97,4,1
5451,42423,0.97,4,1
5452,42428,0.96,5,1
5453,42433,0.96,5,1
5454,42441,0.93,8,1
5455,42445,0.97,4,1
5456,42452,0.94,7,1
5457,42461,0.92,9,1
5458,42466,0.96,5,1
5459,42473,0.94,7,1
5460,42476,0.98,3,1
5461,42481,0.96,5,1
5462,42482,1.0,1,1
5463,42487,0.96,5,1
5464,42494,0.94,7,1
5465,42501,0.94,7,1
5466,42504,0.98,3,1
5467,42510,0.95,6,1
5468,42515,0.96,5,1
5469,42518,0.98,3,1
5470,42521,0.98,3,1
5471,42527,0.95,6,1
5472,42536,0.92,9,1
5473,42546,0.91,10,1
5474,42555,0.92,9,1
5475,42562,0.94,7,1
5476,42567,0.96,5,1
5477,42570,0.98,3,1
5478,42571,1.0,1,1
5479,42578,0.94,7,1
5480,42580,0.99,2,1
5481,42586,0.95,6,1
5482,42597,0.9,11,1
5483,42605,0.93,8,1
5484,42612,0.94,7,1
5485,42616,0.97,4,1
5486,42621,0.96,5,1
5487,42626,0.96,5,1
5488,42628,0.99,2,1
5489,42632,0.97,4,1
5490,42635,0.98,3,1
5491,42643,0.93,8,1
5492,42646,0.98,3,1
5493,42655,0.92,9,1
5494,42659,0.97,4,1
5495,42664,0.96,5,1
5496,42673,0.92,9,1
5497,42674,1.0,1,1
5498,42680,0.95,6,1
5499,42685,0.96,5,1
5500,42690,0.96,5,1
5501,42691,1.0,1,1
5502,42701,0.91,10,1
5503,42708,0.94,7,1
5504,42718,0.91,10,1
5505,42722,0.97,4,1
5506,42728,0.95,6,1
5507,42729,1.0,1,1
5508,42734,0.96,5,1
5509,42736,0.99,2,1
5510,42739,0.98,3,1
5511,42741,0.99,2,1
5512,42745,0.97,4,1
5513,42749,0.97,4,1
5514,42753,0.97,4,1
5515,42760,0.94,7,1
5516,42764,0.97,4,1
5517,42771,0.94,7,1
5518,42782,0.9,11,1
5519,42783,1.0,1,1
5520,42787,0.97,4,1
5521,42790,0.98,3,1
5522,42797,0.94,7,1
5523,42802,0.96,5,1
5524,42810,0.93,8,1
5525,42817,0.94,7,1
5526,42828,0.9,11,1
5527,42832,0.97,4,1
5528,42833,1.0,1,1
5529,42841,0.93,8,1
5530,42847,0.95,6,1
5531,42848,1.0,1,1
5532,42862,0.87,14,1
5533,42869,0.94,7,1
5534,42870,1.0,1,1
5535,42879,0.92,9,1
5536,42881,0.99,2,1
5537,42886,0.96,5,1
5538,42892,0.95,6,1
5539,42900,0.93,8,1
5540,42908,0.93,8,1
5541,42910,0.99,2,1
5542,42917,0.94,7,1
5543,42921,0.97,4,1
5544,42931,0.91,10,1
5545,42944,0.88,13,1
5546,42945,1.0,1,1
5547,42951,0.95,6,1
5548,42952,1.0,1,1
5549,42954,0.99,2,1
5550,42966,0.89,12,1
5551,42969,0.98,3,1
5552,42972,0.98,3,1
5553,42984,0.89,12,1
5554,42991,0.94,7,1
5555,42992,1.0,1,1
5556,43000,0.93,8,1
5557,43008,0.93,8,1
5558,43019,0.9,11,1
5559,43024,0.96,5,1
5560,43031,0.94,7,1
5561,43036,0.96,5,1
5562,43039,0.98,3,1
5563,43047,0.93,8,1
5564,43049,0.99,2,1
5565,43058,0.92,9,1
5566,43071,0.88,13,1
5567,43076,0.96,5,1
5568,43081,0.96,5,1
5569,43088,0.94,7,1
5570,43091,0.98,3,1
5571,43098,0.94,7,1
5572,43100,0.99,2,1
5573,43101,1.0,1,1
5574,43111,0.91,10,1
5575,43114,0.98,3,1
5576,43123,0.92,9,1
5577,43126,0.98,3,1
5578,43127,1.0,1,1
5579,43143,0.85,16,1
5580,43153,0.91,10,1
5581,43159,0.95,6,1
5582,43167,0.93,8,1
5583,43172,0.96,5,1
5584,43183,0.9,11,1
5585,43191,0.93,8,1
5586,43193,0.99,2,1
5587,43195,0.99,2,1
5588,43197,0.99,2,1
5589,43206,0.92,9,1
5590,43207,1.0,1,1
5591,43215,0.93,8,1
5592,43218,0.98,3,1
5593,43228,0.91,10,1
5594,43233,0.96,5,1
5595,43240,0.94,7,1
5596,43246,0.95,6,1
5597,43255,0.92,9,1
5598,43257,0.99,2,1
5599,43258,1.0,1,1
5600,43264,0.95,6,1
5601,43268,0.97,4,1
5602,43273,0.96,5,1
5603,43277,0.97,4,1
5604,43283,0.95,6,1
5605,43291,0.93,8,1
5606,43295,0.97,4,1
5607,43299,0.97,4,1
5608,43310,0.9,11,1
5609,43314,0.97,4,1
5610,43320,0.95,6,1
5611,43321,1.0,1,1
5612,43323,0.99,2,1
5613,43336,0.88,13,1
5614,43340,0.97,4,1
5615,43354,0.87,14,1
5616,43358,0.97,4,1
5617,43359,1.0,1,1
5618,43367,0.93,8,1
5619,43372,0.96,5,1
5620,43390,0.83,18,1
5621,43396,0.95,6,1
5622,43397,1.0,1,1
5623,43399,0.99,2,1
5624,43401,0.99,2,1
5625,43404,0.98,3,1
5626,43407,0.98,3,1
5627,43431,0.77,24,1
5628,43436,0.96,5,1
5629,43442,0.95,6,1
5630,43443,1.0,1,1
5631,43447,0.97,4,1
5632,43455,0.93,8,1
5633,43464,0.92,9,1
5634,43468,0.97,4,1
5635,43474,0.95,6,1
5636,43483,0.92,9,1
5637,43487,0.97,4,1
5638,43494,0.94,7,1
5639,43498,0.97,4,1
5640,43500,0.99,2,1
5641,43509,0.92,9,1
5642,43513,0.97,4,1
5643,43516,0.98,3,1
5644,43519,0.98,3,1
5645,43522,0.98,3,1
5646,43529,0.94,7,1
5647,43537,0.93,8,1
5648,43539,0.99,2,1
5649,43546,0.94,7,1
5650,43547,1.0,1,1
5651,43551,0.97,4,1
5652,43555,0.97,4,1
5653,43558,0.98,3,1
5654,43562,0.97,4,1
5655,43568,0.95,6,1
5656,43577,0.92,9,1
5657,43580,0.98,3,1
5658,43595,0.86,15,1
5659,43599,0.97,4,1
5660,43601,0.99,2,1
5661,43604,0.98,3,1
5662,43608,0.97,4,1
5663,43618,0.91,10,1
5664,43620,0.99,2,1
5665,43623,0.98,3,1
5666,43624,1.0,1,1
5667,43627,0.98,3,1
5668,43634,0.94,7,1
5669,43643,0.92,9,1
5670,43652,0.92,9,1
5671,43658,0.95,6,1
5672,43665,0.94,7,1
5673,43673,0.93,8,1
5674,43687,0.87,14,1
5675,43694,0.94,7,1
5676,43699,0.96,5,1
5677,43708,0.92,9,1
5678,43713,0.96,5,1
5679,43716,0.98,3,1
5680,43720,0.97,4,1
5681,43728,0.93,8,1
5682,43734,0.95,6,1
5683,43738,0.97,4,1
5684,43741,0.98,3,1
5685,43743,0.99,2,1
5686,43757,0.87,14,1
5687,43761,0.97,4,1
5688,43762,1.0,1,1
5689,43765,0.98,3,1
5690,43767,0.99,2,1
5691,43775,0.93,8,1
5692,43783,0.93,8,1
5693,43785,0.99,2,1
5694,43793,0.93,8,1
5695,43806,0.88,13,1
5696,43811,0.96,5,1
5697,43815,0.97,4,1
5698,43817,0.99,2,1
5699,43821,0.97,4,1
5700,43824,0.98,3,1
5701,43831,0.94,7,1
5702,43837,0.95,6,1
5703,43841,0.97,4,1
5704,43851,0.91,10,1
5705,43857,0.95,6,1
5706,43861,0.97,4,1
5707,43862,1.0,1,1
5708,43867,0.96,5,1
5709,43871,0.97,4,1
5710,43874,0.98,3,1
5711,43879,0.96,5,1
5712,43886,0.94,7,1
5713,43890,0.97,4,1
5714,43904,0.87,14,1
5715,43912,0.93,8,1
5716,43923,0.9,11,1
5717,43927,0.97,4,1
5718,43929,0.99,2,1
5719,43934,0.96,5,1
5720,43938,0.97,4,1
5721,43941,0.98,3,1
5722,43944,0.98,3,1
5723,43950,0.95,6,1
5724,43952,0.99,2,1
5725,43954,0.99,2,1
5726,43960,0.95,6,1
5727,43965,0.96,5,1
5728,43971,0.95,6,1
5729,43978,0.94,7,1
5730,43987,0.92,9,1
5731,43999,0.89,12,1
5732,44006,0.94,7,1
5733,44018,0.89,12,1
5734,44026,0.93,8,1
5735,44034,0.93,8,1
5736,44043,0.92,9,1
5737,44047,0.97,4,1
5738,44051,0.97,4,1
5739,44056,0.96,5,1
5740,44065,0.92,9,1
5741,44071,0.95,6,1
5742,44089,0.83,18,1
5743,44095,0.95,6,1
5744,44101,0.95,6,1
5745,44114,0.88,13,1
5746,44121,0.94,7,1
5747,44125,0.97,4,1
5748,44129,0.97,4,1
5749,44135,0.95,6,1
5750,44140,0.96,5,1
5751,44144,0.97,4,1
5752,44154,0.91,10,1
5753,44156,0.99,2,1
5754,44160,0.97,4,1
5755,44168,0.93,8,1
5756,44172,0.97,4,1
5757,44179,0.94,7,1
5758,44195,0.85,16,1
5759,44203,0.93,8,1
5760,44210,0.94,7,1
5761,44220,0.91,10,1
5762,44222,0.99,2,1
5763,44223,1.0,1,1
5764,44226,0.98,3,1
5765,44234,0.93,8,1
5766,44237,0.98,3,1
5767,44249,0.89,12,1
5768,44253,0.97,4,1
5769,44255,0.99,2,1
5770,44267,0.89,12,1
5771,44277,0.91,10,1
5772,44283,0.95,6,1
5773,44287,0.97,4,1
5774,44295,0.93,8,1
5775,44300,0.96,5,1
5776,44304,0.97,4,1
5777,44305,1.0,1,1
5778,44312,0.94,7,1
5779,44320,0.93,8,1
5780,44326,0.95,6,1
5781,44331,0.96,5,1
5782,44347,0.85,16,1
5783,44354,0.94,7,1
5784,44358,0.97,4,1
5785,44361,0.98,3,1
5786,44364,0.98,3,1
5787,44369,0.96,5,1
5788,44375,0.95,6,1
5789,44381,0.95,6,1
5790,44385,0.97,4,1
5791,44390,0.96,5,1
5792,44392,0.99,2,1
5793,44400,0.93,8,1
5794,44404,0.97,4,1
5795,44410,0.95,6,1
5796,44415,0.96,5,1
5797,44423,0.93,8,1
5798,44427,0.97,4,1
5799,44432,0.96,5,1
5800,44433,1.0,1,1
5801,44435,0.99,2,1
5802,44440,0.96,5,1
5803,44447,0.94,7,1
5804,44452,0.96,5,1
5805,44458,0.95,6,1
5806,44471,0.88,13,1
5807,44473,0.99,2,1
5808,44481,0.93,8,1
5809,44484,0.98,3,1
5810,44491,0.94,7,1
5811,44499,0.93,8,1
5812,44502,0.98,3,1
5813,44505,0.98,3,1
5814,44509,0.97,4,1
5815,44517,0.93,8,1
5816,44520,0.98,3,1
5817,44531,0.9,11,1
5818,44539,0.93,8,1
5819,44543,0.97,4,1
5820,44545,0.99,2,1
5821,44554,0.92,9,1
5822,44558,0.97,4,1
5823,44561,0.98,3,1
5824,44563,0.99,2,1
5825,44566,0.98,3,1
5826,44571,0.96,5,1
5827,44578,0.94,7,1
5828,44587,0.92,9,1
5829,44588,1.0,1,1
5830,44589,1.0,1,1
5831,44590,1.0,1,1
5832,44593,0.98,3,1
5833,44597,0.97,4,1
5834,44601,0.97,4,1
5835,44608,0.94,7,1
5836,44618,0.91,10,1
5837,44622,0.97,4,1
5838,44628,0.95,6,1
5839,44632,0.97,4,1
5840,44640,0.93,8,1
5841,44643,0.98,3,1
5842,44648,0.96,5,1
5843,44654,0.95,6,1
5844,44656,0.99,2,1
5845,44657,1.0,1,1
5846,44666,0.92,9,1
5847,44670,0.97,4,1
5848,44673,0.98,3,1
5849,44678,0.96,5,1
5850,44681,0.98,3,1
5851,44688,0.94,7,1
5852,44695,0.94,7,1
5853,44702,0.94,7,1
5854,44706,0.97,4,1
5855,44713,0.94,7,1
5856,44716,0.98,3,1
5857,44728,0.89,12,1
5858,44731,0.98,3,1
5859,44740,0.92,9,1
5860,44744,0.97,4,1
5861,44751,0.94,7,1
5862,44759,0.93,8,1
5863,44767,0.93,8,1
5864,44773,0.95,6,1
5865,44776,0.98,3,1
5866,44779,0.98,3,1
5867,44785,0.95,6,1
5868,44794,0.92,9,1
5869,44800,0.95,6,1
5870,44808,0.93,8,1
5871,44812,0.97,4,1
5872,44816,0.97,4,1
5873,44821,0.96,5,1
5874,44829,0.93,8,1
5875,44831,0.99,2,1
5876,44840,0.92,9,1
5877,44843,0.98,3,1
5878,44850,0.94,7,1
5879,44860,0.91,10,1
5880,44862,0.99,2,1
5881,44867,0.96,5,1
5882,44870,0.98,3,1
5883,44874,0.97,4,1
5884,44876,0.99,2,1
5885,44884,0.93,8,1
5886,44892,0.93,8,1
5887,44897,0.96,5,1
5888,44902,0.96,5,1
5889,44906,0.97,4,1
5890,44917,0.9,11,1
5891,44925,0.93,8,1
5892,44932,0.94,7,1
5893,44941,0.92,9,1
5894,44944,0.98,3,1
5895,44951,0.94,7,1
5896,44952,1.0,1,1
5897,44954,0.99,2,1
5898,44957,0.98,3,1
5899,44966,0.92,9,1
5900,44972,0.95,6,1
5901,44978,0.95,6,1
5902,44979,1.0,1,1
5903,44984,0.96,5,1
5904,44987,0.98,3,1
5905,44993,0.95,6,1
5906,44998,0.96,5,1
5907,45005,0.94,7,1
5908,45013,0.93,8,1
5909,45017,0.97,4,1
5910,45026,0.92,9,1
5911,45036,0.91,10,1
5912,45047,0.9,11,1
5913,45052,0.96,5,1
5914,45055,0.98,3,1
5915,45056,1.0,1,1
5916,45060,0.97,4,1
5917,45065,0.96,5,1
5918,45077,0.89,12,1
5919,45082,0.96,5,1
5920,45087,0.96,5,1
5921,45094,0.94,7,1
5922,45101,0.94,7,1
5923,45108,0.94,7,1
5924,45109,1.0,1,1
5925,45111,0.99,2,1
5926,45117,0.95,6,1
5927,45119,0.99,2,1
5928,45128,0.92,9,1
5929,45133,0.96,5,1
5930,45139,0.95,6,1
5931,45143,0.97,4,1
5932,45144,1.0,1,1
5933,45148,0.97,4,1
5934,45154,0.95,6,1
5935,45162,0.93,8,1
5936,45169,0.94,7,1
5937,45179,0.91,10,1
5938,45183,0.97,4,1
5939,45184,1.0,1,1
5940,45191,0.94,7,1
5941,45196,0.96,5,1
5942,45200,0.97,4,1
5943,45201,1.0,1,1
5944,45204,0.98,3,1
5945,45212,0.93,8,1
5946,45216,0.97,4,1
5947,45223,0.94,7,1
5948,45225,0.99,2,1
5949,45230,0.96,5,1
5950,45235,0.96,5,1
5951,45243,0.93,8,1
5952,45252,0.92,9,1
5953,45256,0.97,4,1
5954,45262,0.95,6,1
5955,45264,0.99,2,1
5956,45266,0.99,2,1
5957,45270,0.97,4,1
5958,45271,1.0,1,1
5959,45278,0.94,7,1
5960,45284,0.95,6,1
5961,45291,0.94,7,1
5962,45302,0.9,11,1
5963,45307,0.96,5,1
5964,45313,0.95,6,1
5965,45323,0.91,10,1
5966,45326,0.98,3,1
5967,45328,0.99,2,1
5968,45332,0.97,4,1
5969,45334,0.99,2,1
5970,45341,0.94,7,1
5971,45347,0.95,6,1
5972,45352,0.96,5,1
5973,45360,0.93,8,1
5974,45365,0.96,5,1
5975,45366,1.0,1,1
5976,45386,0.81,20,1
5977,45392,0.95,6,1
5978,45398,0.95,6,1
5979,45408,0.91,10,1
5980,45410,0.99,2,1
5981,45418,0.93,8,1
5982,45421,0.98,3,1
5983,45424,0.98,3,1
5984,45433,0.92,9,1
5985,45436,0.98,3,1
5986,45440,0.97,4,1
5987,45450,0.91,10,1
5988,45457,0.94,7,1
5989,45459,0.99,2,1
5990,45467,0.93,8,1
5991,45470,0.98,3,1
5992,45475,0.96,5,1
5993,45478,0.98,3,1
5994,45489,0.9,11,1
5995,45491,0.99,2,1
5996,45496,0.96,5,1
5997,45499,0.98,3,1
5998,45505,0.95,6,1
5999,45513,0.93,8,1
6000,45519,0.95,6,1
6001,45525,0.95,6,1
6002,45534,0.92,9,1
6003,45535,1.0,1,1
6004,45543,0.93,8,1
6005,45549,0.95,6,1
6006,45560,0.9,11,1
6007,45565,0.96,5,1
6008,45569,0.97,4,1
6009,45575,0.95,6,1
6010,45577,0.99,2,1
6011,45582,0.96,5,1
6012,45584,0.99,2,1
6013,45593,0.92,9,1
6014,45599,0.95,6,1
6015,45600,1.0,1,1
6016,45609,0.92,9,1
6017,45616,0.94,7,1
6018,45618,0.99,2,1
6019,45630,0.89,12,1
6020,45633,0.98,3,1
6021,45639,0.95,6,1
6022,45647,0.93,8,1
6023,45651,0.97,4,1
6024,45653,0.99,2,1
6025,45662,0.92,9,1
6026,45668,0.95,6,1
6027,45680,0.89,12,1
6028,45681,1.0,1,1
6029,45684,0.98,3,1
6030,45688,0.97,4,1
6031,45698,0.91,10,1
6032,45700,0.99,2,1
6033,45704,0.97,4,1
6034,45712,0.93,8,1
6035,45714,0.99,2,1
6036,45718,0.97,4,1
6037,45719,1.0,1,1
6038,45721,0.99,2,1
6039,45723,0.99,2,1
6040,45728,0.96,5,1
6041,45734,0.95,6,1
6042,45741,0.94,7,1
6043,45754,0.88,13,1
6044,45756,0.99,2,1
6045,45761,0.96,5,1
6046,45763,0.99,2,1
6047,45766,0.98,3,1
6048,45776,0.91,10,1
6049,45777,1.0,1,1
6050,45778,1.0,1,1
6051,45782,0.97,4,1
6052,45787,0.96,5,1
6053,45798,0.9,11,1
6054,45802,0.97,4,1
6055,45808,0.95,6,1
6056,45810,0.99,2,1
6057,45816,0.95,6,1
6058,45828,0.89,12,1
6059,45839,0.9,11,1
6060,45842,0.98,3,1
6061,45846,0.97,4,1
6062,45853,0.94,7,1
6063,45859,0.95,6,1
6064,45866,0.94,7,1
6065,45872,0.95,6,1
6066,45876,0.97,4,1
6067,45882,0.95,6,1
6068,45889,0.94,7,1
6069,45895,0.95,6,1
6070,45899,0.97,4,1
6071,45906,0.94,7,1
6072,45911,0.96,5,1
6073,45920,0.92,9,1
6074,45935,0.86,15,1
6075,45946,0.9,11,1
6076,45956,0.91,10,1
6077,45962,0.95,6,1
6078,45967,0.96,5,1
6079,45974,0.94,7,1
6080,45978,0.97,4,1
6081,45984,0.95,6,1
6082,45989,0.96,5,1
6083,45995,0.95,6,1
6084,45997,0.99,2,1
6085,46005,0.93,8,1
6086,46013,0.93,8,1
6087,46020,0.94,7,1
6088,46028,0.93,8,1
6089,46036,0.93,8,1
6090,46040,0.97,4,1
6091,46048,0.93,8,1
6092,46051,0.98,3,1
6093,46058,0.94,7,1
6094,46061,0.98,3,1
6095,46075,0.87,14,1
6096,46077,0.99,2,1
6097,46085,0.93,8,1
6098,46096,0.9,11,1
6099,46101,0.96,5,1
6100,46103,0.99,2,1
6101,46115,0.89,12,1
6102,46116,1.0,1,1
6103,46123,0.94,7,1
6104,46124,1.0,1,1
6105,46130,0.95,6,1
6106,46138,0.93,8,1
6107,46144,0.95,6,1
6108,46150,0.95,6,1
6109,46156,0.95,6,1
6110,46162,0.95,6,1
6111,46168,0.95,6,1
6112,46172,0.97,4,1
6113,46183,0.9,11,1
6114,46191,0.93,8,1
6115,46192,1.0,1,1
6116,46194,0.99,2,1
6117,46200,0.95,6,1
6118,46208,0.93,8,1
6119,46215,0.94,7,1
6120,46224,0.92,9,1
6121,46237,0.88,13,1
6122,46249,0.89,12,1
6123,46259,0.91,10,1
6124,46267,0.93,8,1
6125,46271,0.97,4,1
6126,46279,0.93,8,1
6127,46282,0.98,3,1
6128,46284,0.99,2,1
6129,46292,0.93,8,1
6130,46298,0.95,6,1
6131,46305,0.94,7,1
6132,46308,0.98,3,1
6133,46317,0.92,9,1
6134,46321,0.97,4,1
6135,46332,0.9,11,1
6136,46335,0.98,3,1
6137,46336,1.0,1,1
6138,46341,0.96,5,1
6139,46346,0.96,5,1
6140,46347,1.0,1,1
6141,46348,1.0,1,1
6142,46357,0.92,9,1
6143,46367,0.91,10,1
6144,46376,0.92,9,1
6145,46381,0.96,5,1
6146,46383,0.99,2,1
6147,46389,0.95,6,1
6148,46394,0.96,5,1
6149,46395,1.0,1,1
6150,46398,0.98,3,1
6151,46402,0.97,4,1
6152,46409,0.94,7,1
6153,46418,0.92,9,1
6154,46424,0.95,6,1
6155,46429,0.96,5,1
6156,46433,0.97,4,1
6157,46435,0.99,2,1
6158,46437,0.99,2,1
6159,46443,0.95,6,1
6160,46446,0.98,3,1
6161,46455,0.92,9,1
6162,46457,0.99,2,1
6163,46458,1.0,1,1
6164,46460,0.99,2,1
6165,46464,0.97,4,1
6166,46469,0.96,5,1
6167,46472,0.98,3,1
6168,46477,0.96,5,1
6169,46480,0.98,3,1
6170,46487,0.94,7,1
6171,46493,0.95,6,1
6172,46494,1.0,1,1
6173,46496,0.99,2,1
6174,46501,0.96,5,1
6175,46505,0.97,4,1
6176,46512,0.94,7,1
6177,46515,0.98,3,1
6178,46516,1.0,1,1
6179,46524,0.93,8,1
6180,46526,0.99,2,1
6181,46530,0.97,4,1
6182,46534,0.97,4,1
6183,46538,0.97,4,1
6184,46540,0.99,2,1
6185,46544,0.97,4,1
6186,46547,0.98,3,1
6187,46555,0.93,8,1
6188,46558,0.98,3,1
6189,46560,0.99,2,1
6190,46565,0.96,5,1
6191,46567,0.99,2,1
6192,46572,0.96,5,1
6193,46578,0.95,6,1
6194,46580,0.99,2,1
6195,46581,1.0,1,1
6196,46589,0.93,8,1
6197,46593,0.97,4,1
6198,46600,0.94,7,1
6199,46606,0.95,6,1
6200,46612,0.95,6,1
6201,46614,0.99,2,1
6202,46618,0.97,4,1
6203,46626,0.93,8,1
6204,46627,1.0,1,1
6205,46633,0.95,6,1
6206,46644,0.9,11,1
6207,46652,0.93,8,1
6208,46657,0.96,5,1
6209,46665,0.93,8,1
6210,46675,0.91,10,1
6211,46680,0.96,5,1
6212,46687,0.94,7,1
6213,46693,0.95,6,1
6214,46699,0.95,6,1
6215,46703,0.97,4,1
6216,46704,1.0,1,1
6217,46709,0.96,5,1
6218,46710,1.0,1,1
6219,46722,0.89,12,1
6220,46724,0.99,2,1
6221,46725,1.0,1,1
6222,46732,0.94,7,1
6223,46739,0.94,7,1
6224,46748,0.92,9,1
6225,46755,0.94,7,1
6226,46761,0.95,6,1
6227,46767,0.95,6,1
6228,46770,0.98,3,1
6229,46777,0.94,7,1
6230,46790,0.88,13,1
6231,46797,0.94,7,1
6232,46810,0.88,13,1
6233,46811,1.0,1,1
6234,46817,0.95,6,1
6235,46821,0.97,4,1
6236,46828,0.94,7,1
6237,46834,0.95,6,1
6238,46839,0.96,5,1
6239,46846,0.94,7,1
6240,46850,0.97,4,1
6241,46855,0.96,5,1
6242,46858,0.98,3,1
6243,46865,0.94,7,1
6244,46869,0.97,4,1
6245,46873,0.97,4,1
6246,46876,0.98,3,1
6247,46882,0.95,6,1
6248,46888,0.95,6,1
6249,46889,1.0,1,1
6250,46893,0.97,4,1
6251,46895,0.99,2,1
6252,46902,0.94,7,1
6253,46904,0.99,2,1
6254,46914,0.91,10,1
6255,46919,0.96,5,1
6256,46920,1.0,1,1
6257,46926,0.95,6,1
6258,46929,0.98,3,1
6259,46933,0.97,4,1
6260,46941,0.93,8,1
6261,46943,0.99,2,1
6262,46948,0.96,5,1
6263,46949,1.0,1,1
6264,46952,0.98,3,1
6265,46958,0.95,6,1
6266,46963,0.96,5,1
6267,46968,0.96,5,1
6268,46969,1.0,1,1
6269,46973,0.97,4,1
6270,46978,0.96,5,1
6271,46986,0.93,8,1
6272,46988,0.99,2,1
6273,46995,0.94,7,1
6274,47003,0.93,8,1
6275,47010,0.94,7,1
6276,47013,0.98,3,1
6277,47020,0.94,7,1
6278,47024,0.97,4,1
6279,47029,0.96,5,1
6280,47037,0.93,8,1
6281,47045,0.93,8,1
6282,47053,0.93,8,1
6283,47055,0.99,2,1
6284,47057,0.99,2,1
6285,47061,0.97,4,1
6286,47062,1.0,1,1
6287,47068,0.95,6,1
6288,47071,0.98,3,1
6289,47077,0.95,6,1
6290,47082,0.96,5,1
6291,47088,0.95,6,1
6292,47094,0.95,6,1
6293,47099,0.96,5,1
6294,47110,0.9,11,1
6295,47114,0.97,4,1
6296,47124,0.91,10,1
6297,47131,0.94,7,1
6298,47138,0.94,7,1
6299,47141,0.98,3,1
6300,47147,0.95,6,1
6301,47153,0.95,6,1
6302,47156,0.98,3,1
6303,47166,0.91,10,1
6304,47170,0.97,4,1
6305,47172,0.99,2,1
6306,47180,0.93,8,1
6307,47183,0.98,3,1
6308,47187,0.97,4,1
6309,47197,0.91,10,1
6310,47198,1.0,1,1
6311,47199,1.0,1,1
6312,47201,0.99,2,1
6313,47202,1.0,1,1
6314,47208,0.95,6,1
6315,47210,0.99,2,1
6316,47216,0.95,6,1
6317,47219,0.98,3,1
6318,47226,0.94,7,1
6319,47227,1.0,1,1
6320,47238,0.9,11,1
6321,47247,0.92,9,1
6322,47251,0.97,4,1
6323,47257,0.95,6,1
6324,47259,0.99,2,1
6325,47265,0.95,6,1
6326,47270,0.96,5,1
6327,47274,0.97,4,1
6328,47277,0.98,3,1
6329,47287,0.91,10,1
6330,47295,0.93,8,1
6331,47298,0.98,3,1
6332,47300,0.99,2,1
6333,47308,0.93,8,1
6334,47310,0.99,2,1
6335,47320,0.91,10,1
6336,47324,0.97,4,1
6337,47329,0.96,5,1
6338,47340,0.9,11,1
6339,47349,0.92,9,1
6340,47352,0.98,3,1
6341,47356,0.97,4,1
6342,47360,0.97,4,1
6343,47366,0.95,6,1
6344,47373,0.94,7,1
6345,47377,0.97,4,1
6346,47387,0.91,10,1
6347,47390,0.98,3,1
6348,47391,1.0,1,1
6349,47400,0.92,9,1
6350,47404,0.97,4,1
6351,47406,0.99,2,1
6352,47416,0.91,10,1
6353,47422,0.95,6,1
6354,47427,0.96,5,1
6355,47432,0.96,5,1
6356,47441,0.92,9,1
6357,47451,0.91,10,1
6358,47458,0.94,7,1
6359,47463,0.96,5,1
6360,47468,0.96,5,1
6361,47471,0.98,3,1
6362,47477,0.95,6,1
6363,47487,0.91,10,1
6364,47493,0.95,6,1
6365,47501,0.93,8,1
6366,47507,0.95,6,1
6367,47511,0.97,4,1
6368,47513,0.99,2,1
6369,47518,0.96,5,1
6370,47527,0.92,9,1
6371,47531,0.97,4,1
6372,47532,1.0,1,1
6373,47545,0.88,13,1
6374,47548,0.98,3,1
6375,47550,0.99,2,1
6376,47561,0.9,11,1
6377,47564,0.98,3,1
6378,47572,0.93,8,1
6379,47578,0.95,6,1
6380,47583,0.96,5,1
6381,47585,0.99,2,1
6382,47589,0.97,4,1
6383,47596,0.94,7,1
6384,47602,0.95,6,1
6385,47605,0.98,3,1
6386,47607,0.99,2,1
6387,47613,0.95,6,1
6388,47617,0.97,4,1
6389,47630,0.88,13,1
6390,47632,0.99,2,1
6391,47635,0.98,3,1
6392,47639,0.97,4,1
6393,47644,0.96,5,1
6394,47650,0.95,6,1
6395,47655,0.96,5,1
6396,47663,0.93,8,1
6397,47667,0.97,4,1
6398,47668,1.0,1,1
6399,47675,0.94,7,1
6400,47688,0.88,13,1
6401,47697,0.92,9,1
6402,47703,0.95,6,1
6403,47716,0.88,13,1
6404,47719,0.98,3,1
6405,47726,0.94,7,1
6406,47732,0.95,6,1
6407,47740,0.93,8,1
6408,47750,0.91,10,1
6409,47755,0.96,5,1
6410,47765,0.91,10,1
6411,47772,0.94,7,1
6412,47775,0.98,3,1
6413,47779,0.97,4,1
6414,47792,0.88,13,1
6415,47802,0.91,10,1
6416,47804,0.99,2,1
6417,47805,1.0,1,1
6418,47807,0.99,2,1
6419,47811,0.97,4,1
6420,47813,0.99,2,1
6421,47819,0.95,6,1
6422,47824,0.96,5,1
6423,47827,0.98,3,1
6424,47839,0.89,12,1
6425,47858,0.82,19,1
6426,47871,0.88,13,1
6427,47877,0.95,6,1
6428,47882,0.96,5,1
6429,47891,0.92,9,1
6430,47898,0.94,7,1
6431,47906,0.93,8,1
6432,47910,0.97,4,1
6433,47918,0.93,8,1
6434,47925,0.94,7,1
6435,47927,0.99,2,1
6436,47928,1.0,1,1
6437,47929,1.0,1,1
6438,47936,0.94,7,1
6439,47939,0.98,3,1
6440,47956,0.84,17,1
6441,47961,0.96,5,1
6442,47967,0.95,6,1
6443,47972,0.96,5,1
6444,47981,0.92,9,1
6445,47985,0.97,4,1
6446,47988,0.98,3,1
6447,48001,0.88,13,1
6448,48011,0.91,10,1
6449,48020,0.92,9,1
6450,48024,0.97,4,1
6451,48034,0.91,10,1
6452,48037,0.98,3,1
6453,48039,0.99,2,1
6454,48049,0.91,10,1
6455,48058,0.92,9,1
6456,48075,0.84,17,1
6457,48082,0.94,7,1
6458,48086,0.97,4,1
6459,48094,0.93,8,1
6460,48099,0.96,5,1
6461,48104,0.96,5,1
6462,48111,0.94,7,1
6463,48116,0.96,5,1
6464,48120,0.97,4,1
6465,48121,1.0,1,1
6466,48133,0.89,12,1
6467,48141,0.93,8,1
6468,48146,0.96,5,1
6469,48152,0.95,6,1
6470,48160,0.93,8,1
6471,48166,0.95,6,1
6472,48167,1.0,1,1
6473,48169,0.99,2,1
6474,48176,0.94,7,1
6475,48181,0.96,5,1
6476,48184,0.98,3,1
6477,48185,1.0,1,1
6478,48196,0.9,11,1
6479,48202,0.95,6,1
6480,48203,1.0,1,1
6481,48209,0.95,6,1
6482,48215,0.95,6,1
6483,48219,0.97,4,1
6484,48222,0.98,3,1
6485,48223,1.0,1,1
6486,48227,0.97,4,1
6487,48237,0.91,10,1
6488,48238,1.0,1,1
6489,48243,0.96,5,1
6490,48248,0.96,5,1
6491,48249,1.0,1,1
6492,48268,0.82,19,1
6493,48273,0.96,5,1
6494,48274,1.0,1,1
6495,48279,0.96,5,1
6496,48281,0.99,2,1
6497,48287,0.95,6,1
6498,48296,0.92,9,1
6499,48301,0.96,5,1
6500,48304,0.98,3,1
6501,48319,0.86,15,1
6502,48325,0.95,6,1
6503,48329,0.97,4,1
6504,48335,0.95,6,1
6505,48338,0.98,3,1
6506,48346,0.93,8,1
6507,48350,0.97,4,1
6508,48369,0.82,19,1
6509,48371,0.99,2,1
6510,48380,0.92,9,1
6511,48395,0.86,15,1
6512,48402,0.94,7,1
6513,48404,0.99,2,1
6514,48411,0.94,7,1
6515,48420,0.92,9,1
6516,48426,0.95,6,1
6517,48432,0.95,6,1
6518,48439,0.94,7,1
6519,48445,0.95,6,1
6520,48453,0.93,8,1
6521,48469,0.85,16,1
6522,48475,0.95,6,1
6523,48480,0.96,5,1
6524,48484,0.97,4,1
6525,48496,0.89,12,1
6526,48499,0.98,3,1
6527,48504,0.96,5,1
6528,48510,0.95,6,1
6529,48518,0.93,8,1
6530,48526,0.93,8,1
6531,48531,0.96,5,1
6532,48542,0.9,11,1
6533,48551,0.92,9,1
6534,48556,0.96,5,1
6535,48560,0.97,4,1
6536,48568,0.93,8,1
6537,48576,0.93,8,1
6538,48578,0.99,2,1
6539,48583,0.96,5,1
6540,48586,0.98,3,1
6541,48594,0.93,8,1
6542,48598,0.97,4,1
6543,48604,0.95,6,1
6544,48611,0.94,7,1
6545,48615,0.97,4,1
6546,48618,0.98,3,1
6547,48623,0.96,5,1
6548,48627,0.97,4,1
6549,48629,0.99,2,1
6550,48636,0.94,7,1
6551,48641,0.96,5,1
6552,48649,0.93,8,1
6553,48659,0.91,10,1
6554,48660,1.0,1,1
6555,48664,0.97,4,1
6556,48666,0.99,2,1
6557,48679,0.88,13,1
6558,48684,0.96,5,1
6559,48691,0.94,7,1
6560,48692,1.0,1,1
6561,48705,0.88,13,1
6562,48709,0.97,4,1
6563,48714,0.96,5,1
6564,48715,1.0,1,1
6565,48723,0.93,8,1
6566,48728,0.96,5,1
6567,48733,0.96,5,1
6568,48739,0.95,6,1
6569,48743,0.97,4,1
6570,48752,0.92,9,1
6571,48760,0.93,8,1
6572,48762,0.99,2,1
6573,48771,0.92,9,1
6574,48777,0.95,6,1
6575,48780,0.98,3,1
6576,48785,0.96,5,1
6577,48788,0.98,3,1
6578,48793,0.96,5,1
6579,48798,0.96,5,1
6580,48803,0.96,5,1
6581,48813,0.91,10,1
6582,48819,0.95,6,1
6583,48822,0.98,3,1
6584,48828,0.95,6,1
6585,48829,1.0,1,1
6586,48840,0.9,11,1
6587,48842,0.99,2,1
6588,48847,0.96,5,1
6589,48853,0.95,6,1
6590,48859,0.95,6,1
6591,48868,0.92,9,1
6592,48875,0.94,7,1
6593,48881,0.95,6,1
6594,48882,1.0,1,1
6595,48888,0.95,6,1
6596,48894,0.95,6,1
6597,48897,0.98,3,1
6598,48905,0.93,8,1
6599,48912,0.94,7,1
6600,48918,0.95,6,1
6601,48927,0.92,9,1
6602,48929,0.99,2,1
6603,48938,0.92,9,1
6604,48942,0.97,4,1
6605,48945,0.98,3,1
6606,48951,0.95,6,1
6607,48959,0.93,8,1
6608,48963,0.97,4,1
6609,48967,0.97,4,1
6610,48982,0.86,15,1
6611,48985,0.98,3,1
6612,48993,0.93,8,1
6613,49000,0.94,7,1
6614,49006,0.95,6,1
6615,49010,0.97,4,1
6616,49014,0.97,4,1
6617,49017,0.98,3,1
6618,49018,1.0,1,1
6619,49025,0.94,7,1
6620,49032,0.94,7,1
6621,49037,0.96,5,1
6622,49041,0.97,4,1
6623,49052,0.9,11,1
6624,49059,0.94,7,1
6625,49064,0.96,5,1
6626,49067,0.98,3,1
6627,49069,0.99,2,1
6628,49073,0.97,4,1
6629,49079,0.95,6,1
6630,49082,0.98,3,1
6631,49088,0.95,6,1
6632,49096,0.93,8,1
6633,49107,0.9,11,1
6634,49114,0.94,7,1
6635,49120,0.95,6,1
6636,49126,0.95,6,1
6637,49128,0.99,2,1
6638,49129,1.0,1,1
6639,49130,1.0,1,1
6640,49140,0.91,10,1
6641,49145,0.96,5,1
6642,49153,0.93,8,1
6643,49155,0.99,2,1
6644,49169,0.87,14,1
6645,49178,0.92,9,1
6646,49183,0.96,5,1
6647,49193,0.91,10,1
6648,49197,0.97,4,1
6649,49198,1.0,1,1
6650,49209,0.9,11,1
6651,49217,0.93,8,1
6652,49225,0.93,8,1
6653,49231,0.95,6,1
6654,49235,0.97,4,1
6655,49240,0.96,5,1
6656,49246,0.95,6,1
6657,49252,0.95,6,1
6658,49255,0.98,3,1
6659,49262,0.94,7,1
6660,49263,1.0,1,1
6661,49271,0.93,8,1
6662,49276,0.96,5,1
6663,49278,0.99,2,1
6664,49282,0.97,4,1
6665,49283,1.0,1,1
6666,49291,0.93,8,1
6667,49296,0.96,5,1
6668,49306,0.91,10,1
6669,49308,0.99,2,1
6670,49312,0.97,4,1
6671,49313,1.0,1,1
6672,49323,0.91,10,1
6673,49331,0.93,8,1
6674,49339,0.93,8,1
6675,49342,0.98,3,1
6676,49347,0.96,5,1
6677,49358,0.9,11,1
6678,49360,0.99,2,1
6679,49367,0.94,7,1
6680,49374,0.94,7,1
6681,49375,1.0,1,1
6682,49377,0.99,2,1
6683,49384,0.94,7,1
6684,49391,0.94,7,1
6685,49398,0.94,7,1
6686,49401,0.98,3,1
6687,49402,1.0,1,1
6688,49406,0.97,4,1
6689,49410,0.97,4,1
6690,49420,0.91,10,1
6691,49425,0.96,5,1
6692,49430,0.96,5,1
6693,49436,0.95,6,1
6694,49446,0.91,10,1
6695,49454,0.93,8,1
6696,49459,0.96,5,1
6697,49461,0.99,2,1
6698,49465,0.97,4,1
6699,49477,0.89,12,1
6700,49482,0.96,5,1
6701,49485,0.98,3,1
6702,49494,0.92,9,1
6703,49501,0.94,7,1
6704,49504,0.98,3,1
6705,49510,0.95,6,1
6706,49515,0.96,5,1
6707,49524,0.92,9,1
6708,49528,0.97,4,1
6709,49532,0.97,4,1
6710,49542,0.91,10,1
6711,49549,0.94,7,1
6712,49552,0.98,3,1
6713,49558,0.95,6,1
6714,49561,0.98,3,1
6715,49567,0.95,6,1
6716,49573,0.95,6,1
6717,49576,0.98,3,1
6718,49583,0.94,7,1
6719,49586,0.98,3,1
6720,49590,0.97,4,1
6721,49594,0.97,4,1
6722,49600,0.95,6,1
6723,49603,0.98,3,1
6724,49609,0.95,6,1
6725,49616,0.94,7,1
6726,49623,0.94,7,1
6727,49631,0.93,8,1
6728,49639,0.93,8,1
6729,49649,0.91,10,1
6730,49651,0.99,2,1
6731,49657,0.95,6,1
6732,49661,0.97,4,1
6733,49668,0.94,7,1
6734,49672,0.97,4,1
6735,49677,0.96,5,1
6736,49689,0.89,12,1
6737,49696,0.94,7,1
6738,49702,0.95,6,1
6739,49707,0.96,5,1
6740,49714,0.94,7,1
6741,49720,0.95,6,1
6742,49726,0.95,6,1
6743,49733,0.94,7,1
6744,49749,0.85,16,1
6745,49756,0.94,7,1
6746,49761,0.96,5,1
6747,49762,1.0,1,1
6748,49764,0.99,2,1
6749,49771,0.94,7,1
6750,49774,0.98,3,1
6751,49779,0.96,5,1
6752,49786,0.94,7,1
6753,49789,0.98,3,1
6754,49797,0.93,8,1
6755,49801,0.97,4,1
6756,49811,0.91,10,1
6757,49819,0.93,8,1
6758,49824,0.96,5,1
6759,49833,0.92,9,1
6760,49837,0.97,4,1
6761,49841,0.97,4,1
6762,49845,0.97,4,1
6763,49852,0.94,7,1
6764,49853,1.0,1,1
6765,49854,1.0,1,1
6766,49864,0.91,10,1
6767,49872,0.93,8,1
6768,49874,0.99,2,1
6769,49881,0.94,7,1
6770,49885,0.97,4,1
6771,49893,0.93,8,1
6772,49900,0.94,7,1
6773,49912,0.89,12,1
6774,49921,0.92,9,1
6775,49923,0.99,2,1
6776,49924,1.0,1,1
6777,49927,0.98,3,1
6778,49935,0.93,8,1
6779,49936,1.0,1,1
6780,49946,0.91,10,1
6781,49951,0.96,5,1
6782,49956,0.96,5,1
6783,49962,0.95,6,1
6784,49966,0.97,4,1
6785,49979,0.88,13,1
6786,49981,0.99,2,1
6787,49988,0.94,7,1
6788,49991,0.98,3,1
6789,49998,0.94,7,1
6790,50002,0.97,4,1
6791,50008,0.95,6,1
6792,50014,0.95,6,1
6793,50027,0.88,13,1
6794,50035,0.93,8,1
6795,50045,0.91,10,1
6796,50049,0.97,4,1
6797,50052,0.98,3,1
6798,50056,0.97,4,1
6799,50063,0.94,7,1
6800,50074,0.9,11,1
6801,50084,0.91,10,1
6802,50086,0.99,2,1
6803,50094,0.93,8,1
6804,50104,0.91,10,1
6805,50111,0.94,7,1
6806,50112,1.0,1,1
6807,50117,0.96,5,1
6808,50124,0.94,7,1
6809,50128,0.97,4,1
6810,50134,0.95,6,1
6811,50136,0.99,2,1
6812,50139,0.98,3,1
6813,50141,0.99,2,1
6814,50144,0.98,3,1
6815,50150,0.95,6,1
6816,50152,0.99,2,1
6817,50154,0.99,2,1
6818,50166,0.89,12,1
6819,50170,0.97,4,1
6820,50178,0.93,8,1
6821,50186,0.93,8,1
6822,50193,0.94,7,1
6823,50200,0.94,7,1
6824,50201,1.0,1,1
6825,50204,0.98,3,1
6826,50209,0.96,5,1
6827,50215,0.95,6,1
6828,50231,0.85,16,1
6829,50236,0.96,5,1
6830,50244,0.93,8,1
6831,50248,0.97,4,1
6832,50253,0.96,5,1
6833,50257,0.97,4,1
6834,50261,0.97,4,1
6835,50267,0.95,6,1
6836,50271,0.97,4,1
6837,50275,0.97,4,1
6838,50282,0.94,7,1
6839,50297,0.86,15,1
6840,50305,0.93,8,1
6841,50317,0.89,12,1
6842,50326,0.92,9,1
6843,50329,0.98,3,1
6844,50336,0.94,7,1
6845,50350,0.87,14,1
6846,50352,0.99,2,1
6847,50353,1.0,1,1
6848,50358,0.96,5,1
6849,50366,0.93,8,1
6850,50372,0.95,6,1
6851,50380,0.93,8,1
6852,50388,0.93,8,1
6853,50391,0.98,3,1
6854,50396,0.96,5,1
6855,50407,0.9,11,1
6856,50415,0.93,8,1
6857,50420,0.96,5,1
6858,50425,0.96,5,1
6859,50428,0.98,3,1
6860,50429,1.0,1,1
6861,50440,0.9,11,1
6862,50443,0.98,3,1
6863,50444,1.0,1,1
6864,50446,0.99,2,1
6865,50448,0.99,2,1
6866,50452,0.97,4,1
6867,50460,0.93,8,1
6868,50466,0.95,6,1
6869,50474,0.93,8,1
6870,50478,0.97,4,1
6871,50482,0.97,4,1
6872,50489,0.94,7,1
6873,50497,0.93,8,1
6874,50504,0.94,7,1
6875,50512,0.93,8,1
6876,50516,0.97,4,1
6877,50521,0.96,5,1
6878,50528,0.94,7,1
6879,50535,0.94,7,1
6880,50538,0.98,3,1
6881,50541,0.98,3,1
6882,50545,0.97,4,1
6883,50554,0.92,9,1
6884,50563,0.92,9,1
6885,50565,0.99,2,1
6886,50568,0.98,3,1
6887,50572,0.97,4,1
6888,50573,1.0,1,1
6889,50583,0.91,10,1
6890,50590,0.94,7,1
6891,50599,0.92,9,1
6892,50600,1.0,1,1
6893,50602,0.99,2,1
6894,50609,0.94,7,1
6895,50612,0.98,3,1
6896,50617,0.96,5,1
6897,50626,0.92,9,1
6898,50633,0.94,7,1
6899,50643,0.91,10,1
6900,50650,0.94,7,1
6901,50655,0.96,5,1
6902,50659,0.97,4,1
6903,50662,0.98,3,1
6904,50667,0.96,5,1
6905,50668,1.0,1,1
6906,50670,0.99,2,1
6907,50674,0.97,4,1
6908,50679,0.96,5,1
6909,50685,0.95,6,1
6910,50692,0.94,7,1
6911,50698,0.95,6,1
6912,50702,0.97,4,1
6913,50710,0.93,8,1
6914,50712,0.99,2,1
6915,50719,0.94,7,1
6916,50724,0.96,5,1
6917,50727,0.98,3,1
6918,50734,0.94,7,1
6919,50736,0.99,2,1
6920,50738,0.99,2,1
6921,50745,0.94,7,1
6922,50755,0.91,10,1
6923,50757,0.99,2,1
6924,50761,0.97,4,1
6925,50764,0.98,3,1
6926,50766,0.99,2,1
6927,50769,0.98,3,1
6928,50773,0.97,4,1
6929,50774,1.0,1,1
6930,50785,0.9,11,1
6931,50787,0.99,2,1
6932,50788,1.0,1,1
6933,50790,0.99,2,1
6934,50792,0.99,2,1
6935,50798,0.95,6,1
6936,50804,0.95,6,1
6937,50809,0.96,5,1
6938,50824,0.86,15,1
6939,50825,1.0,1,1
6940,50826,1.0,1,1
6941,50833,0.94,7,1
6942,50834,1.0,1,1
6943,50838,0.97,4,1
6944,50842,0.97,4,1
6945,50843,1.0,1,1
6946,50861,0.83,18,1
6947,50869,0.93,8,1
6948,50871,0.99,2,1
6949,50877,0.95,6,1
6950,50882,0.96,5,1
6951,50892,0.91,10,1
6952,50894,0.99,2,1
6953,50901,0.94,7,1
6954,50908,0.94,7,1
6955,50912,0.97,4,1
6956,50916,0.97,4,1
6957,50918,0.99,2,1
6958,50923,0.96,5,1
6959,50929,0.95,6,1
6960,50937,0.93,8,1
6961,50941,0.97,4,1
6962,50953,0.89,12,1
6963,50963,0.91,10,1
6964,50972,0.92,9,1
6965,50980,0.93,8,1
6966,50983,0.98,3,1
6967,50990,0.94,7,1
6968,51003,0.88,13,1
6969,51005,0.99,2,1
6970,51011,0.95,6,1
6971,51020,0.92,9,1
6972,51023,0.98,3,1
6973,51026,0.98,3,1
6974,51035,0.92,9,1
6975,51037,0.99,2,1
6976,51041,0.97,4,1
6977,51051,0.91,10,1
6978,51056,0.96,5,1
6979,51061,0.96,5,1
6980,51063,0.99,2,1
6981,51067,0.97,4,1
6982,51075,0.93,8,1
6983,51079,0.97,4,1
6984,51086,0.94,7,1
6985,51090,0.97,4,1
6986,51092,0.99,2,1
6987,51101,0.92,9,1
6988,51102,1.0,1,1
6989,51104,0.99,2,1
6990,51106,0.99,2,1
6991,51109,0.98,3,1
6992,51116,0.94,7,1
6993,51121,0.96,5,1
6994,51128,0.94,7,1
6995,51131,0.98,3,1
6996,51134,0.98,3,1
6997,51137,0.98,3,1
6998,51139,0.99,2,1
6999,51146,0.94,7,1
7000,51152,0.95,6,1
7001,51157,0.96,5,1
7002,51160,0.98,3,1
7003,51166,0.95,6,1
7004,51178,0.89,12,1
7005,51183,0.96,5,1
7006,51188,0.96,5,1
7007,51194,0.95,6,1
7008,51206,0.89,12,1
7009,51213,0.94,7,1
7010,51217,0.97,4,1
7011,51223,0.95,6,1
7012,51229,0.95,6,1
7013,51236,0.94,7,1
7014,51239,0.98,3,1
7015,51250,0.9,11,1
7016,51256,0.95,6,1
7017,51261,0.96,5,1
7018,51268,0.94,7,1
7019,51275,0.94,7,1
7020,51279,0.97,4,1
7021,51282,0.98,3,1
7022,51286,0.97,4,1
7023,51304,0.83,18,1
7024,51310,0.95,6,1
7025,51317,0.94,7,1
7026,51327,0.91,10,1
7027,51333,0.95,6,1
7028,51334,1.0,1,1
7029,51336,0.99,2,1
7030,51342,0.95,6,1
7031,51348,0.95,6,1
7032,51353,0.96,5,1
7033,51364,0.9,11,1
7034,51369,0.96,5,1
7035,51397,0.73,28,1
7036,51406,0.92,9,1
7037,51408,0.99,2,1
7038,51409,1.0,1,1
7039,51421,0.89,12,1
7040,51427,0.95,6,1
7041,51441,0.87,14,1
7042,51445,0.97,4,1
7043,51449,0.97,4,1
7044,51460,0.9,11,1
7045,51464,0.97,4,1
7046,51468,0.97,4,1
7047,51473,0.96,5,1
7048,51476,0.98,3,1
7049,51477,1.0,1,1
7050,51482,0.96,5,1
7051,51489,0.94,7,1
7052,51493,0.97,4,1
7053,51499,0.95,6,1
7054,51511,0.89,12,1
7055,51514,0.98,3,1
7056,51522,0.93,8,1
7057,51528,0.95,6,1
7058,51530,0.99,2,1
7059,51545,0.86,15,1
7060,51549,0.97,4,1
7061,51556,0.94,7,1
7062,51570,0.87,14,1
7063,51579,0.92,9,1
7064,51586,0.94,7,1
7065,51591,0.96,5,1
7066,51597,0.95,6,1
7067,51607,0.91,10,1
7068,51609,0.99,2,1
7069,51618,0.92,9,1
7070,51621,0.98,3,1
7071,51629,0.93,8,1
7072,51635,0.95,6,1
7073,51636,1.0,1,1
7074,51647,0.9,11,1
7075,51655,0.93,8,1
7076,51667,0.89,12,1
7077,51675,0.93,8,1
7078,51681,0.95,6,1
7079,51685,0.97,4,1
7080,51689,0.97,4,1
7081,51696,0.94,7,1
7082,51703,0.94,7,1
7083,51708,0.96,5,1
7084,51717,0.92,9,1
7085,51718,1.0,1,1
7086,51722,0.97,4,1
7087,51728,0.95,6,1
7088,51730,0.99,2,1
7089,51733,0.98,3,1
7090,51734,1.0,1,1
7091,51743,0.92,9,1
7092,51755,0.89,12,1
7093,51758,0.98,3,1
7094,51760,0.99,2,1
7095,51770,0.91,10,1
7096,51780,0.91,10,1
7097,51787,0.94,7,1
7098,51798,0.9,11,1
7099,51803,0.96,5,1
7100,51807,0.97,4,1
7101,51808,1.0,1,1
7102,51814,0.95,6,1
7103,51815,1.0,1,1
7104,51820,0.96,5,1
7105,51832,0.89,12,1
7106,51839,0.94,7,1
7107,51843,0.97,4,1
7108,51846,0.98,3,1
7109,51851,0.96,5,1
7110,51854,0.98,3,1
7111,51858,0.97,4,1
7112,51866,0.93,8,1
7113,51876,0.91,10,1
7114,51878,0.99,2,1
7115,51881,0.98,3,1
7116,51885,0.97,4,1
7117,51889,0.97,4,1
7118,51895,0.95,6,1
7119,51899,0.97,4,1
7120,51901,0.99,2,1
7121,51906,0.96,5,1
7122,51913,0.94,7,1
7123,51917,0.97,4,1
7124,51926,0.92,9,1
7125,51933,0.94,7,1
7126,51942,0.92,9,1
7127,51953,0.9,11,1
7128,51957,0.97,4,1
7129,51965,0.93,8,1
7130,51972,0.94,7,1
7131,51977,0.96,5,1
7132,51981,0.97,4,1
7133,51982,1.0,1,1
7134,51998,0.85,16,1
7135,52003,0.96,5,1
7136,52005,0.99,2,1
7137,52012,0.94,7,1
7138,52014,0.99,2,1
7139,52017,0.98,3,1
7140,52024,0.94,7,1
7141,52031,0.94,7,1
7142,52032,1.0,1,1
7143,52043,0.9,11,1
7144,52047,0.97,4,1
7145,52058,0.9,11,1
7146,52061,0.98,3,1
7147,52069,0.93,8,1
7148,52076,0.94,7,1
7149,52082,0.95,6,1
7150,52091,0.92,9,1
7151,52098,0.94,7,1
7152,52103,0.96,5,1
7153,52112,0.92,9,1
7154,52116,0.97,4,1
7155,52127,0.9,11,1
7156,52130,0.98,3,1
7157,52136,0.95,6,1
7158,52142,0.95,6,1
7159,52147,0.96,5,1
7160,52155,0.93,8,1
7161,52160,0.96,5,1
7162,52164,0.97,4,1
7163,52173,0.92,9,1
7164,52177,0.97,4,1
7165,52182,0.96,5,1
7166,52190,0.93,8,1
7167,52197,0.94,7,1
7168,52205,0.93,8,1
7169,52216,0.9,11,1
7170,52224,0.93,8,1
7171,52233,0.92,9,1
7172,52243,0.91,10,1
7173,52248,0.96,5,1
7174,52249,1.0,1,1
7175,52254,0.96,5,1
7176,52257,0.98,3,1
7177,52265,0.93,8,1
7178,52272,0.94,7,1
7179,52273,1.0,1,1
7180,52276,0.98,3,1
7181,52278,0.99,2,1
7182,52284,0.95,6,1
7183,52287,0.98,3,1
7184,52291,0.97,4,1
7185,52294,0.98,3,1
7186,52295,1.0,1,1
7187,52306,0.9,11,1
7188,52314,0.93,8,1
7189,52320,0.95,6,1
7190,52327,0.94,7,1
7191,52334,0.94,7,1
7192,52337,0.98,3,1
7193,52340,0.98,3,1
7194,52342,0.99,2,1
7195,52343,1.0,1,1
7196,52353,0.91,10,1
7197,52361,0.93,8,1
7198,52372,0.9,11,1
7199,52380,0.93,8,1
7200,52393,0.88,13,1
7201,52399,0.95,6,1
7202,52405,0.95,6,1
7203,52407,0.99,2,1
7204,52411,0.97,4,1
7205,52415,0.97,4,1
7206,52422,0.94,7,1
7207,52433,0.9,11,1
7208,52439,0.95,6,1
7209,52445,0.95,6,1
7210,52453,0.93,8,1
7211,52458,0.96,5,1
7212,52462,0.97,4,1
7213,52468,0.95,6,1
7214,52474,0.95,6,1
7215,52480,0.95,6,1
7216,52486,0.95,6,1
7217,52498,0.89,12,1
7218,52503,0.96,5,1
7219,52504,1.0,1,1
7220,52510,0.95,6,1
7221,52516,0.95,6,1
7222,52523,0.94,7,1
7223,52525,0.99,2,1
7224,52528,0.98,3,1
7225,52532,0.97,4,1
7226,52537,0.96,5,1
7227,52542,0.96,5,1
7228,52544,0.99,2,1
7229,52549,0.96,5,1
7230,52558,0.92,9,1
7231,52560,0.99,2,1
7232,52568,0.93,8,1
7233,52574,0.95,6,1
7234,52577,0.98,3,1
7235,52588,0.9,11,1
7236,52593,0.96,5,1
7237,52599,0.95,6,1
7238,52606,0.94,7,1
7239,52612,0.95,6,1
7240,52620,0.93,8,1
7241,52633,0.88,13,1
7242,52634,1.0,1,1
7243,52638,0.97,4,1
7244,52642,0.97,4,1
7245,52646,0.97,4,1
7246,52652,0.95,6,1
7247,52657,0.96,5,1
7248,52659,0.99,2,1
7249,52663,0.97,4,1
7250,52667,0.97,4,1
7251,52672,0.96,5,1
7252,52678,0.95,6,1
7253,52679,1.0,1,1
7254,52685,0.95,6,1
7255,52690,0.96,5,1
7256,52695,0.96,5,1
7257,52698,0.98,3,1
7258,52704,0.95,6,1
7259,52714,0.91,10,1
7260,52716,0.99,2,1
7261,52723,0.94,7,1
7262,52735,0.89,12,1
7263,52736,1.0,1,1
7264,52742,0.95,6,1
7265,52746,0.97,4,1
7266,52752,0.95,6,1
7267,52760,0.93,8,1
7268,52761,1.0,1,1
7269,52763,0.99,2,1
7270,52776,0.88,13,1
7271,52785,0.92,9,1
7272,52788,0.98,3,1
7273,52789,1.0,1,1
7274,52796,0.94,7,1
7275,52800,0.97,4,1
7276,52804,0.97,4,1
7277,52805,1.0,1,1
7278,52813,0.93,8,1
7279,52818,0.96,5,1
7280,52821,0.98,3,1
7281,52825,0.97,4,1
7282,52830,0.96,5,1
7283,52835,0.96,5,1
7284,52842,0.94,7,1
7285,52849,0.94,7,1
7286,52856,0.94,7,1
7287,52861,0.96,5,1
7288,52875,0.87,14,1
7289,52888,0.88,13,1
7290,52890,0.99,2,1
7291,52899,0.92,9,1
7292,52905,0.95,6,1
7293,52911,0.95,6,1
7294,52918,0.94,7,1
7295,52923,0.96,5,1
7296,52941,0.83,18,1
7297,52944,0.98,3,1
7298,52948,0.97,4,1
7299,52951,0.98,3,1
7300,52955,0.97,4,1
7301,52962,0.94,7,1
7302,52969,0.94,7,1
7303,52978,0.92,9,1
7304,52984,0.95,6,1
7305,52988,0.97,4,1
7306,52990,0.99,2,1
7307,52992,0.99,2,1
7308,52997,0.96,5,1
7309,53006,0.92,9,1
7310,53012,0.95,6,1
7311,53019,0.94,7,1
7312,53023,0.97,4,1
7313,53031,0.93,8,1
7314,53032,1.0,1,1
7315,53040,0.93,8,1
7316,53046,0.95,6,1
7317,53047,1.0,1,1
7318,53055,0.93,8,1
7319,53056,1.0,1,1
7320,53062,0.95,6,1
7321,53069,0.94,7,1
7322,53077,0.93,8,1
7323,53083,0.95,6,1
7324,53087,0.97,4,1
7325,53092,0.96,5,1
7326,53096,0.97,4,1
7327,53103,0.94,7,1
7328,53105,0.99,2,1
7329,53110,0.96,5,1
7330,53118,0.93,8,1
7331,53121,0.98,3,1
7332,53130,0.92,9,1
7333,53136,0.95,6,1
7334,53141,0.96,5,1
7335,53148,0.94,7,1
7336,53149,1.0,1,1
7337,53162,0.88,13,1
7338,53163,1.0,1,1
7339,53165,0.99,2,1
7340,53166,1.0,1,1
7341,53171,0.96,5,1
7342,53176,0.96,5,1
7343,53188,0.89,12,1
7344,53190,0.99,2,1
7345,53194,0.97,4,1
7346,53199,0.96,5,1
7347,53201,0.99,2,1
7348,53208,0.94,7,1
7349,53209,1.0,1,1
7350,53211,0.99,2,1
7351,53214,0.98,3,1
7352,53218,0.97,4,1
7353,53222,0.97,4,1
7354,53224,0.99,2,1
7355,53227,0.98,3,1
7356,53229,0.99,2,1
7357,53230,1.0,1,1
7358,53234,0.97,4,1
7359,53239,0.96,5,1
7360,53247,0.93,8,1
7361,53253,0.95,6,1
7362,53256,0.98,3,1
7363,53271,0.86,15,1
7364,53280,0.92,9,1
7365,53291,0.9,11,1
7366,53308,0.84,17,1
7367,53309,1.0,1,1
7368,53313,0.97,4,1
7369,53321,0.93,8,1
7370,53325,0.97,4,1
7371,53333,0.93,8,1
7372,53339,0.95,6,1
7373,53350,0.9,11,1
7374,53355,0.96,5,1
7375,53357,0.99,2,1
7376,53364,0.94,7,1
7377,53366,0.99,2,1
7378,53372,0.95,6,1
7379,53377,0.96,5,1
7380,53381,0.97,4,1
7381,53386,0.96,5,1
7382,53393,0.94,7,1
7383,53396,0.98,3,1
7384,53403,0.94,7,1
7385,53411,0.93,8,1
7386,53417,0.95,6,1
7387,53423,0.95,6,1
7388,53431,0.93,8,1
7389,53432,1.0,1,1
7390,53440,0.93,8,1
7391,53447,0.94,7,1
7392,53453,0.95,6,1
7393,53457,0.97,4,1
7394,53462,0.96,5,1
7395,53465,0.98,3,1
7396,53471,0.95,6,1
7397,53472,1.0,1,1
7398,53476,0.97,4,1
7399,53481,0.96,5,1
7400,53484,0.98,3,1
7401,53494,0.91,10,1
7402,53497,0.98,3,1
7403,53502,0.96,5,1
7404,53514,0.89,12,1
7405,53519,0.96,5,1
7406,53522,0.98,3,1
7407,53529,0.94,7,1
7408,53536,0.94,7,1
7409,53541,0.96,5,1
7410,53544,0.98,3,1
7411,53546,0.99,2,1
7412,53552,0.95,6,1
7413,53556,0.97,4,1
7414,53557,1.0,1,1
7415,53559,0.99,2,1
7416,53564,0.96,5,1
7417,53568,0.97,4,1
7418,53572,0.97,4,1
7419,53573,1.0,1,1
7420,53579,0.95,6,1
7421,53582,0.98,3,1
7422,53585,0.98,3,1
7423,53591,0.95,6,1
7424,53596,0.96,5,1
7425,53599,0.98,3,1
7426,53609,0.91,10,1
7427,53613,0.97,4,1
7428,53615,0.99,2,1
7429,53621,0.95,6,1
7430,53625,0.97,4,1
7431,53628,0.98,3,1
7432,53636,0.93,8,1
7433,53639,0.98,3,1
7434,53648,0.92,9,1
7435,53657,0.92,9,1
7436,53660,0.98,3,1
7437,53668,0.93,8,1
7438,53671,0.98,3,1
7439,53673,0.99,2,1
7440,53681,0.93,8,1
7441,53686,0.96,5,1
7442,53695,0.92,9,1
7443,53705,0.91,10,1
7444,53706,1.0,1,1
7445,53712,0.95,6,1
7446,53717,0.96,5,1
7447,53723,0.95,6,1
7448,53728,0.96,5,1
7449,53733,0.96,5,1
7450,53741,0.93,8,1
7451,53746,0.96,5,1
7452,53749,0.98,3,1
7453,53758,0.92,9,1
7454,53765,0.94,7,1
7455,53769,0.97,4,1
7456,53772,0.98,3,1
7457,53776,0.97,4,1
7458,53778,0.99,2,1
7459,53783,0.96,5,1
7460,53789,0.95,6,1
7461,53792,0.98,3,1
7462,53802,0.91,10,1
7463,53808,0.95,6,1
7464,53817,0.92,9,1
7465,53826,0.92,9,1
7466,53834,0.93,8,1
7467,53845,0.9,11,1
7468,53863,0.83,18,1
7469,53874,0.9,11,1
7470,53876,0.99,2,1
7471,53883,0.94,7,1
7472,53892,0.92,9,1
7473,53898,0.95,6,1
7474,53903,0.96,5,1
7475,53905,0.99,2,1
7476,53906,1.0,1,1
7477,53913,0.94,7,1
7478,53921,0.93,8,1
7479,53929,0.93,8,1
7480,53933,0.97,4,1
7481,53935,0.99,2,1
7482,53941,0.95,6,1
7483,53950,0.92,9,1
7484,53958,0.93,8,1
7485,53964,0.95,6,1
7486,53971,0.94,7,1
7487,53974,0.98,3,1
7488,53977,0.98,3,1
7489,53979,0.99,2,1
7490,53984,0.96,5,1
7491,53992,0.93,8,1
7492,54002,0.91,10,1
7493,54004,0.99,2,1
7494,54007,0.98,3,1
7495,54009,0.99,2,1
7496,54016,0.94,7,1
7497,54017,1.0,1,1
7498,54019,0.99,2,1
7499,54023,0.97,4,1
7500,54024,1.0,1,1
7501,54025,1.0,1,1
7502,54032,0.94,7,1
7503,54044,0.89,12,1
7504,54048,0.97,4,1
7505,54059,0.9,11,1
7506,54062,0.98,3,1
7507,54070,0.93,8,1
7508,54072,0.99,2,1
7509,54073,1.0,1,1
7510,54080,0.94,7,1
7511,54084,0.97,4,1
7512,54092,0.93,8,1
7513,54097,0.96,5,1
7514,54104,0.94,7,1
7515,54106,0.99,2,1
7516,54110,0.97,4,1
7517,54114,0.97,4,1
7518,54120,0.95,6,1
7519,54128,0.93,8,1
7520,54135,0.94,7,1
7521,54151,0.85,16,1
7522,54162,0.9,11,1
7523,54168,0.95,6,1
7524,54183,0.86,15,1
7525,54189,0.95,6,1
7526,54192,0.98,3,1
7527,54198,0.95,6,1
7528,54202,0.97,4,1
7529,54210,0.93,8,1
7530,54214,0.97,4,1
7531,54215,1.0,1,1
7532,54220,0.96,5,1
7533,54231,0.9,11,1
7534,54233,0.99,2,1
7535,54241,0.93,8,1
7536,54251,0.91,10,1
7537,54257,0.95,6,1
7538,54261,0.97,4,1
7539,54262,1.0,1,1
7540,54264,0.99,2,1
7541,54274,0.91,10,1
7542,54278,0.97,4,1
7543,54286,0.93,8,1
7544,54291,0.96,5,1
7545,54295,0.97,4,1
7546,54299,0.97,4,1
7547,54303,0.97,4,1
7548,54304,1.0,1,1
7549,54307,0.98,3,1
7550,54313,0.95,6,1
7551,54318,0.96,5,1
7552,54326,0.93,8,1
7553,54331,0.96,5,1
7554,54337,0.95,6,1
7555,54340,0.98,3,1
7556,54343,0.98,3,1
7557,54346,0.98,3,1
7558,54349,0.98,3,1
7559,54351,0.99,2,1
7560,54356,0.96,5,1
7561,54358,0.99,2,1
7562,54363,0.96,5,1
7563,54367,0.97,4,1
7564,54375,0.93,8,1
7565,54380,0.96,5,1
7566,54382,0.99,2,1
7567,54389,0.94,7,1
7568,54395,0.95,6,1
7569,54403,0.93,8,1
7570,54404,1.0,1,1
7571,54410,0.95,6,1
7572,54414,0.97,4,1
7573,54417,0.98,3,1
7574,54419,0.99,2,1
7575,54421,0.99,2,1
7576,54425,0.97,4,1
7577,54435,0.91,10,1
7578,54441,0.95,6,1
7579,54446,0.96,5,1
7580,54454,0.93,8,1
7581,54462,0.93,8,1
7582,54465,0.98,3,1
7583,54466,1.0,1,1
7584,54473,0.94,7,1
7585,54478,0.96,5,1
7586,54481,0.98,3,1
7587,54483,0.99,2,1
7588,54489,0.95,6,1
7589,54494,0.96,5,1
7590,54500,0.95,6,1
7591,54506,0.95,6,1
7592,54512,0.95,6,1
7593,54521,0.92,9,1
7594,54527,0.95,6,1
7595,54528,1.0,1,1
7596,54535,0.94,7,1
7597,54544,0.92,9,1
7598,54546,0.99,2,1
7599,54550,0.97,4,1
7600,54554,0.97,4,1
7601,54569,0.86,15,1
7602,54580,0.9,11,1
7603,54581,1.0,1,1
7604,54587,0.95,6,1
7605,54592,0.96,5,1
7606,54594,0.99,2,1
7607,54600,0.95,6,1
7608,54602,0.99,2,1
7609,54607,0.96,5,1
7610,54610,0.98,3,1
7611,54613,0.98,3,1
7612,54616,0.98,3,1
7613,54622,0.95,6,1
7614,54630,0.93,8,1
7615,54635,0.96,5,1
7616,54641,0.95,6,1
7617,54645,0.97,4,1
7618,54654,0.92,9,1
7619,54657,0.98,3,1
7620,54663,0.95,6,1
7621,54664,1.0,1,1
7622,54679,0.86,15,1
7623,54685,0.95,6,1
7624,54686,1.0,1,1
7625,54702,0.85,16,1
7626,54709,0.94,7,1
7627,54717,0.93,8,1
7628,54727,0.91,10,1
7629,54728,1.0,1,1
7630,54731,0.98,3,1
7631,54738,0.94,7,1
7632,54748,0.91,10,1
7633,54752,0.97,4,1
7634,54754,0.99,2,1
7635,54760,0.95,6,1
7636,54765,0.96,5,1
7637,54774,0.92,9,1
7638,54777,0.98,3,1
7639,54780,0.98,3,1
7640,54786,0.95,6,1
7641,54791,0.96,5,1
7642,54795,0.97,4,1
7643,54802,0.94,7,1
7644,54806,0.97,4,1
7645,54809,0.98,3,1
7646,54813,0.97,4,1
7647,54816,0.98,3,1
7648,54826,0.91,10,1
7649,54834,0.93,8,1
7650,54837,0.98,3,1
7651,54839,0.99,2,1
7652,54865,0.75,26,1
7653,54876,0.9,11,1
7654,54881,0.96,5,1
7655,54882,1.0,1,1
7656,54887,0.96,5,1
7657,54891,0.97,4,1
7658,54893,0.99,2,1
7659,54898,0.96,5,1
7660,54901,0.98,3,1
7661,54917,0.85,16,1
7662,54921,0.97,4,1
7663,54922,1.0,1,1
7664,54925,0.98,3,1
7665,54932,0.94,7,1
7666,54936,0.97,4,1
7667,54942,0.95,6,1
7668,54948,0.95,6,1
7669,54952,0.97,4,1
7670,54965,0.88,13,1
7671,54974,0.92,9,1
7672,54981,0.94,7,1
7673,54986,0.96,5,1
7674,54991,0.96,5,1
7675,54999,0.93,8,1
7676,55000,1.0,1,1
7677,55003,0.98,3,1
7678,55004,1.0,1,1
7679,55005,1.0,1,1
7680,55009,0.97,4,1
7681,55013,0.97,4,1
7682,55018,0.96,5,1
7683,55019,1.0,1,1
7684,55025,0.95,6,1
7685,55034,0.92,9,1
7686,55039,0.96,5,1
7687,55046,0.94,7,1
7688,55051,0.96,5,1
7689,55052,1.0,1,1
7690,55061,0.92,9,1
7691,55065,0.97,4,1
7692,55067,0.99,2,1
7693,55071,0.97,4,1
7694,55072,1.0,1,1
7695,55073,1.0,1,1
7696,55077,0.97,4,1
7697,55078,1.0,1,1
7698,55085,0.94,7,1
7699,55091,0.95,6,1
7700,55092,1.0,1,1
7701,55097,0.96,5,1
7702,55102,0.96,5,1
7703,55106,0.97,4,1
7704,55111,0.96,5,1
7705,55116,0.96,5,1
7706,55119,0.98,3,1
7707,55128,0.92,9,1
7708,55131,0.98,3,1
7709,55138,0.94,7,1
7710,55141,0.98,3,1
7711,55147,0.95,6,1
7712,55151,0.97,4,1
7713,55155,0.97,4,1
7714,55162,0.94,7,1
7715,55167,0.96,5,1
7716,55171,0.97,4,1
7717,55180,0.92,9,1
7718,55186,0.95,6,1
7719,55193,0.94,7,1
7720,55206,0.88,13,1
7721,55210,0.97,4,1
7722,55213,0.98,3,1
7723,55221,0.93,8,1
7724,55222,1.0,1,1
7725,55224,0.99,2,1
7726,55227,0.98,3,1
7727,55232,0.96,5,1
7728,55238,0.95,6,1
7729,55244,0.95,6,1
7730,55250,0.95,6,1
7731,55256,0.95,6,1
7732,55265,0.92,9,1
7733,55276,0.9,11,1
7734,55278,0.99,2,1
7735,55283,0.96,5,1
7736,55293,0.91,10,1
7737,55301,0.93,8,1
7738,55306,0.96,5,1
7739,55316,0.91,10,1
7740,55326,0.91,10,1
7741,55333,0.94,7,1
7742,55338,0.96,5,1
7743,55352,0.87,14,1
7744,55356,0.97,4,1
7745,55362,0.95,6,1
7746,55368,0.95,6,1
7747,55369,1.0,1,1
7748,55381,0.89,12,1
7749,55389,0.93,8,1
7750,55394,0.96,5,1
7751,55401,0.94,7,1
7752,55409,0.93,8,1
7753,55423,0.87,14,1
7754,55442,0.82,19,1
7755,55448,0.95,6,1
7756,55455,0.94,7,1
7757,55459,0.97,4,1
7758,55463,0.97,4,1
7759,55472,0.92,9,1
7760,55487,0.86,15,1
7761,55489,0.99,2,1
7762,55495,0.95,6,1
7763,55501,0.95,6,1
7764,55505,0.97,4,1
7765,55508,0.98,3,1
7766,55511,0.98,3,1
7767,55522,0.9,11,1
7768,55525,0.98,3,1
7769,55532,0.94,7,1
7770,55541,0.92,9,1
7771,55545,0.97,4,1
7772,55550,0.96,5,1
7773,55554,0.97,4,1
7774,55562,0.93,8,1
7775,55564,0.99,2,1
7776,55570,0.95,6,1
7777,55576,0.95,6,1
7778,55583,0.94,7,1
7779,55588,0.96,5,1
7780,55589,1.0,1,1
7781,55595,0.95,6,1
7782,55608,0.88,13,1
7783,55613,0.96,5,1
7784,55625,0.89,12,1
7785,55628,0.98,3,1
7786,55632,0.97,4,1
7787,55637,0.96,5,1
7788,55641,0.97,4,1
7789,55648,0.94,7,1
7790,55658,0.91,10,1
7791,55663,0.96,5,1
7792,55669,0.95,6,1
7793,55679,0.91,10,1
7794,55685,0.95,6,1
7795,55686,1.0,1,1
7796,55699,0.88,13,1
7797,55713,0.87,14,1
7798,55723,0.91,10,1
7799,55729,0.95,6,1
7800,55731,0.99,2,1
7801,55734,0.98,3,1
7802,55737,0.98,3,1
7803,55742,0.96,5,1
7804,55746,0.97,4,1
7805,55756,0.91,10,1
7806,55762,0.95,6,1
7807,55763,1.0,1,1
7808,55768,0.96,5,1
7809,55775,0.94,7,1
7810,55776,1.0,1,1
7811,55778,0.99,2,1
7812,55787,0.92,9,1
7813,55798,0.9,11,1
7814,55804,0.95,6,1
7815,55808,0.97,4,1
7816,55818,0.91,10,1
7817,55822,0.97,4,1
7818,55828,0.95,6,1
7819,55832,0.97,4,1
7820,55836,0.97,4,1
7821,55841,0.96,5,1
7822,55847,0.95,6,1
7823,55851,0.97,4,1
7824,55852,1.0,1,1
7825,55854,0.99,2,1
7826,55859,0.96,5,1
7827,55861,0.99,2,1
7828,55863,0.99,2,1
7829,55866,0.98,3,1
7830,55870,0.97,4,1
7831,55873,0.98,3,1
7832,55874,1.0,1,1
7833,55878,0.97,4,1
7834,55884,0.95,6,1
7835,55888,0.97,4,1
7836,55891,0.98,3,1
7837,55899,0.93,8,1
7838,55900,1.0,1,1
7839,55909,0.92,9,1
7840,55910,1.0,1,1
7841,55914,0.97,4,1
7842,55918,0.97,4,1
7843,55922,0.97,4,1
7844,55926,0.97,4,1
7845,55930,0.97,4,1
7846,55934,0.97,4,1
7847,55942,0.93,8,1
7848,55958,0.85,16,1
7849,55963,0.96,5,1
7850,55974,0.9,11,1
7851,55982,0.93,8,1
7852,55985,0.98,3,1
7853,55988,0.98,3,1
7854,55993,0.96,5,1
7855,55997,0.97,4,1
7856,56001,0.97,4,1
7857,56010,0.92,9,1
7858,56020,0.91,10,1
7859,56034,0.87,14,1
7860,56046,0.89,12,1
7861,56051,0.96,5,1
7862,56058,0.94,7,1
7863,56059,1.0,1,1
7864,56064,0.96,5,1
7865,56070,0.95,6,1
7866,56076,0.95,6,1
7867,56087,0.9,11,1
7868,56089,0.99,2,1
7869,56091,0.99,2,1
7870,56094,0.98,3,1
7871,56099,0.96,5,1
7872,56105,0.95,6,1
7873,56113,0.93,8,1
7874,56121,0.93,8,1
7875,56124,0.98,3,1
7876,56128,0.97,4,1
7877,56133,0.96,5,1
7878,56138,0.96,5,1
7879,56143,0.96,5,1
7880,56145,0.99,2,1
7881,56150,0.96,5,1
7882,56155,0.96,5,1
7883,56163,0.93,8,1
7884,56167,0.97,4,1
7885,56175,0.93,8,1
7886,56184,0.92,9,1
7887,56187,0.98,3,1
7888,56193,0.95,6,1
7889,56200,0.94,7,1
7890,56206,0.95,6,1
7891,56209,0.98,3,1
7892,56212,0.98,3,1
7893,56215,0.98,3,1
7894,56226,0.9,11,1
7895,56232,0.95,6,1
7896,56243,0.9,11,1
7897,56249,0.95,6,1
7898,56254,0.96,5,1
7899,56259,0.96,5,1
7900,56260,1.0,1,1
7901,56266,0.95,6,1
7902,56270,0.97,4,1
7903,56273,0.98,3,1
7904,56275,0.99,2,1
7905,56281,0.95,6,1
7906,56286,0.96,5,1
7907,56291,0.96,5,1
7908,56299,0.93,8,1
7909,56301,0.99,2,1
7910,56308,0.94,7,1
7911,56315,0.94,7,1
7912,56320,0.96,5,1
7913,56325,0.96,5,1
7914,56326,1.0,1,1
7915,56328,0.99,2,1
7916,56329,1.0,1,1
7917,56332,0.98,3,1
7918,56338,0.95,6,1
7919,56346,0.93,8,1
7920,56362,0.85,16,1
7921,56370,0.93,8,1
7922,56374,0.97,4,1
7923,56381,0.94,7,1
7924,56386,0.96,5,1
7925,56391,0.96,5,1
7926,56396,0.96,5,1
7927,56402,0.95,6,1
7928,56409,0.94,7,1
7929,56419,0.91,10,1
7930,56421,0.99,2,1
7931,56424,0.98,3,1
7932,56427,0.98,3,1
7933,56433,0.95,6,1
7934,56437,0.97,4,1
7935,56441,0.97,4,1
7936,56443,0.99,2,1
7937,56451,0.93,8,1
7938,56456,0.96,5,1
7939,56466,0.91,10,1
7940,56471,0.96,5,1
7941,56473,0.99,2,1
7942,56479,0.95,6,1
7943,56484,0.96,5,1
7944,56488,0.97,4,1
7945,56493,0.96,5,1
7946,56495,0.99,2,1
7947,56505,0.91,10,1
7948,56511,0.95,6,1
7949,56513,0.99,2,1
7950,56517,0.97,4,1
7951,56518,1.0,1,1
7952,56522,0.97,4,1
7953,56527,0.96,5,1
7954,56537,0.91,10,1
7955,56538,1.0,1,1
7956,56539,1.0,1,1
7957,56558,0.82,19,1
7958,56567,0.92,9,1
7959,56574,0.94,7,1
7960,56579,0.96,5,1
7961,56582,0.98,3,1
7962,56583,1.0,1,1
7963,56584,1.0,1,1
7964,56589,0.96,5,1
7965,56591,0.99,2,1
7966,56599,0.93,8,1
7967,56602,0.98,3,1
7968,56606,0.97,4,1
7969,56608,0.99,2,1
7970,56611,0.98,3,1
7971,56616,0.96,5,1
7972,56622,0.95,6,1
7973,56624,0.99,2,1
7974,56626,0.99,2,1
7975,56629,0.98,3,1
7976,56631,0.99,2,1
7977,56634,0.98,3,1
7978,56640,0.95,6,1
7979,56644,0.97,4,1
7980,56649,0.96,5,1
7981,56652,0.98,3,1
7982,56656,0.97,4,1
7983,56661,0.96,5,1
7984,56669,0.93,8,1
7985,56674,0.96,5,1
7986,56681,0.94,7,1
7987,56695,0.87,14,1
7988,56700,0.96,5,1
7989,56703,0.98,3,1
7990,56707,0.97,4,1
7991,56713,0.95,6,1
7992,56716,0.98,3,1
7993,56723,0.94,7,1
7994,56730,0.94,7,1
7995,56738,0.93,8,1
7996,56750,0.89,12,1
7997,56758,0.93,8,1
7998,56765,0.94,7,1
7999,56772,0.94,7,1
8000,56775,0.98,3,1
8001,56781,0.95,6,1
8002,56787,0.95,6,1
8003,56794,0.94,7,1
8004,56802,0.93,8,1
8005,56807,0.96,5,1
8006,56811,0.97,4,1
8007,56824,0.88,13,1
8008,56831,0.94,7,1
8009,56836,0.96,5,1
8010,56837,1.0,1,1
8011,56839,0.99,2,1
8012,56856,0.84,17,1
8013,56860,0.97,4,1
8014,56868,0.93,8,1
8015,56870,0.99,2,1
8016,56885,0.86,15,1
8017,56893,0.93,8,1
8018,56903,0.91,10,1
8019,56907,0.97,4,1
8020,56917,0.91,10,1
8021,56927,0.91,10,1
8022,56932,0.96,5,1
8023,56938,0.95,6,1
8024,56946,0.93,8,1
8025,56950,0.97,4,1
8026,56956,0.95,6,1
8027,56960,0.97,4,1
8028,56971,0.9,11,1
8029,56980,0.92,9,1
8030,56981,1.0,1,1
8031,56986,0.96,5,1
8032,56992,0.95,6,1
8033,56994,0.99,2,1
8034,57000,0.95,6,1
8035,57003,0.98,3,1
8036,57005,0.99,2,1
8037,57009,0.97,4,1
8038,57015,0.95,6,1
8039,57020,0.96,5,1
8040,57026,0.95,6,1
8041,57035,0.92,9,1
8042,57042,0.94,7,1
8043,57053,0.9,11,1
8044,57060,0.94,7,1
8045,57063,0.98,3,1
8046,57067,0.97,4,1
8047,57072,0.96,5,1
8048,57075,0.98,3,1
8049,57083,0.93,8,1
8050,57086,0.98,3,1
8051,57087,1.0,1,1
8052,57093,0.95,6,1
8053,57096,0.98,3,1
8054,57104,0.93,8,1
8055,57107,0.98,3,1
8056,57109,0.99,2,1
8057,57113,0.97,4,1
8058,57122,0.92,9,1
8059,57127,0.96,5,1
8060,57131,0.97,4,1
8061,57141,0.91,10,1
8062,57145,0.97,4,1
8063,57147,0.99,2,1
8064,57151,0.97,4,1
8065,57155,0.97,4,1
8066,57159,0.97,4,1
8067,57163,0.97,4,1
8068,57165,0.99,2,1
8069,57172,0.94,7,1
8070,57178,0.95,6,1
8071,57181,0.98,3,1
8072,57188,0.94,7,1
8073,57190,0.99,2,1
8074,57199,0.92,9,1
8075,57201,0.99,2,1
8076,57203,0.99,2,1
8077,57208,0.96,5,1
8078,57212,0.97,4,1
8079,57219,0.94,7,1
8080,57226,0.94,7,1
8081,57232,0.95,6,1
8082,57236,0.97,4,1
8083,57246,0.91,10,1
8084,57252,0.95,6,1
8085,57259,0.94,7,1
8086,57268,0.92,9,1
8087,57271,0.98,3,1
8088,57276,0.96,5,1
8089,57278,0.99,2,1
8090,57282,0.97,4,1
8091,57287,0.96,5,1
8092,57290,0.98,3,1
8093,57294,0.97,4,1
8094,57306,0.89,12,1
8095,57315,0.92,9,1
8096,57322,0.94,7,1
8097,57326,0.97,4,1
8098,57331,0.96,5,1
8099,57332,1.0,1,1
8100,57336,0.97,4,1
8101,57341,0.96,5,1
8102,57345,0.97,4,1
8103,57361,0.85,16,1
8104,57367,0.95,6,1
8105,57380,0.88,13,1
8106,57385,0.96,5,1
8107,57389,0.97,4,1
8108,57392,0.98,3,1
8109,57397,0.96,5,1
8110,57400,0.98,3,1
8111,57403,0.98,3,1
8112,57407,0.97,4,1
8113,57412,0.96,5,1
8114,57416,0.97,4,1
8115,57425,0.92,9,1
8116,57434,0.92,9,1
8117,57435,1.0,1,1
8118,57443,0.93,8,1
8119,57447,0.97,4,1
8120,57452,0.96,5,1
8121,57460,0.93,8,1
8122,57473,0.88,13,1
8123,57480,0.94,7,1
8124,57483,0.98,3,1
8125,57492,0.92,9,1
8126,57504,0.89,12,1
8127,57511,0.94,7,1
8128,57514,0.98,3,1
8129,57522,0.93,8,1
8130,57530,0.93,8,1
8131,57536,0.95,6,1
8132,57543,0.94,7,1
8133,57553,0.91,10,1
8134,57556,0.98,3,1
8135,57558,0.99,2,1
8136,57560,0.99,2,1
8137,57564,0.97,4,1
8138,57567,0.98,3,1
8139,57569,0.99,2,1
8140,57576,0.94,7,1
8141,57579,0.98,3,1
8142,57583,0.97,4,1
8143,57590,0.94,7,1
8144,57591,1.0,1,1
8145,57593,0.99,2,1
8146,57596,0.98,3,1
8147,57603,0.94,7,1
8148,57610,0.94,7,1
8149,57622,0.89,12,1
8150,57623,1.0,1,1
8151,57624,1.0,1,1
8152,57630,0.95,6,1
8153,57642,0.89,12,1
8154,57645,0.98,3,1
8155,57651,0.95,6,1
8156,57653,0.99,2,1
8157,57657,0.97,4,1
8158,57661,0.97,4,1
8159,57667,0.95,6,1
8160,57668,1.0,1,1
8161,57695,0.74,27,1
8162,57701,0.95,6,1
8163,57709,0.93,8,1
8164,57714,0.96,5,1
8165,57715,1.0,1,1
8166,57722,0.94,7,1
8167,57728,0.95,6,1
8168,57729,1.0,1,1
8169,57733,0.97,4,1
8170,57739,0.95,6,1
8171,57745,0.95,6,1
8172,57749,0.97,4,1
8173,57753,0.97,4,1
8174,57766,0.88,13,1
8175,57775,0.92,9,1
8176,57781,0.95,6,1
8177,57783,0.99,2,1
8178,57785,0.99,2,1
8179,57792,0.94,7,1
8180,57801,0.92,9,1
8181,57803,0.99,2,1
8182,57811,0.93,8,1
8183,57817,0.95,6,1
8184,57829,0.89,12,1
8185,57832,0.98,3,1
8186,57842,0.91,10,1
8187,57844,0.99,2,1
8188,57854,0.91,10,1
8189,57855,1.0,1,1
8190,57861,0.95,6,1
8191,57863,0.99,2,1
8192,57867,0.97,4,1
8193,57873,0.95,6,1
8194,57874,1.0,1,1
8195,57878,0.97,4,1
8196,57883,0.96,5,1
8197,57886,0.98,3,1
8198,57889,0.98,3,1
8199,57892,0.98,3,1
8200,57899,0.94,7,1
8201,57907,0.93,8,1
8202,57910,0.98,3,1
8203,57913,0.98,3,1
8204,57920,0.94,7,1
8205,57921,1.0,1,1
8206,57928,0.94,7,1
8207,57946,0.83,18,1
8208,57948,0.99,2,1
8209,57955,0.94,7,1
8210,57957,0.99,2,1
8211,57963,0.95,6,1
8212,57964,1.0,1,1
8213,57971,0.94,7,1
8214,57976,0.96,5,1
8215,57981,0.96,5,1
8216,57989,0.93,8,1
8217,57992,0.98,3,1
8218,57998,0.95,6,1
8219,58011,0.88,13,1
8220,58016,0.96,5,1
8221,58021,0.96,5,1
8222,58028,0.94,7,1
8223,58034,0.95,6,1
8224,58037,0.98,3,1
8225,58041,0.97,4,1
8226,58048,0.94,7,1
8227,58053,0.96,5,1
8228,58054,1.0,1,1
8229,58061,0.94,7,1
8230,58066,0.96,5,1
8231,58070,0.97,4,1
8232,58079,0.92,9,1
8233,58088,0.92,9,1
8234,58091,0.98,3,1
8235,58095,0.97,4,1
8236,58100,0.96,5,1
8237,58107,0.94,7,1
8238,58115,0.93,8,1
8239,58120,0.96,5,1
8240,58128,0.93,8,1
8241,58132,0.97,4,1
8242,58137,0.96,5,1
8243,58139,0.99,2,1
8244,58152,0.88,13,1
8245,58157,0.96,5,1
8246,58165,0.93,8,1
8247,58166,1.0,1,1
8248,58193,0.74,27,1
8249,58200,0.94,7,1
8250,58204,0.97,4,1
8251,58212,0.93,8,1
8252,58220,0.93,8,1
8253,58224,0.97,4,1
8254,58225,1.0,1,1
8255,58229,0.97,4,1
8256,58231,0.99,2,1
8257,58232,1.0,1,1
8258,58236,0.97,4,1
8259,58240,0.97,4,1
8260,58245,0.96,5,1
8261,58248,0.98,3,1
8262,58254,0.95,6,1
8263,58258,0.97,4,1
8264,58261,0.98,3,1
8265,58266,0.96,5,1
8266,58268,0.99,2,1
8267,58269,1.0,1,1
8268,58274,0.96,5,1
8269,58282,0.93,8,1
8270,58283,1.0,1,1
8271,58284,1.0,1,1
8272,58290,0.95,6,1
8273,58294,0.97,4,1
8274,58295,1.0,1,1
8275,58298,0.98,3,1
8276,58302,0.97,4,1
8277,58309,0.94,7,1
8278,58311,0.99,2,1
8279,58323,0.89,12,1
8280,58326,0.98,3,1
8281,58327,1.0,1,1
8282,58328,1.0,1,1
8283,58332,0.97,4,1
8284,58343,0.9,11,1
8285,58356,0.88,13,1
8286,58360,0.97,4,1
8287,58362,0.99,2,1
8288,58367,0.96,5,1
8289,58370,0.98,3,1
8290,58373,0.98,3,1
8291,58377,0.97,4,1
8292,58381,0.97,4,1
8293,58387,0.95,6,1
8294,58389,0.99,2,1
8295,58391,0.99,2,1
8296,58398,0.94,7,1
8297,58402,0.97,4,1
8298,58408,0.95,6,1
8299,58414,0.95,6,1
8300,58420,0.95,6,1
8301,58421,1.0,1,1
8302,58447,0.75,26,1
8303,58451,0.97,4,1
8304,58460,0.92,9,1
8305,58464,0.97,4,1
8306,58467,0.98,3,1
8307,58473,0.95,6,1
8308,58482,0.92,9,1
8309,58489,0.94,7,1
8310,58501,0.89,12,1
8311,58510,0.92,9,1
8312,58514,0.97,4,1
8313,58516,0.99,2,1
8314,58522,0.95,6,1
8315,58526,0.97,4,1
8316,58531,0.96,5,1
8317,58532,1.0,1,1
8318,58533,1.0,1,1
8319,58534,1.0,1,1
8320,58545,0.9,11,1
8321,58554,0.92,9,1
8322,58565,0.9,11,1
8323,58569,0.97,4,1
8324,58576,0.94,7,1
8325,58585,0.92,9,1
8326,58597,0.89,12,1
8327,58603,0.95,6,1
8328,58612,0.92,9,1
8329,58617,0.96,5,1
8330,58626,0.92,9,1
8331,58633,0.94,7,1
8332,58636,0.98,3,1
8333,58639,0.98,3,1
8334,58646,0.94,7,1
8335,58651,0.96,5,1
8336,58652,1.0,1,1
8337,58660,0.93,8,1
8338,58664,0.97,4,1
8339,58668,0.97,4,1
8340,58671,0.98,3,1
8341,58681,0.91,10,1
8342,58684,0.98,3,1
8343,58698,0.87,14,1
8344,58701,0.98,3,1
8345,58707,0.95,6,1
8346,58708,1.0,1,1
8347,58713,0.96,5,1
8348,58718,0.96,5,1
8349,58725,0.94,7,1
8350,58735,0.91,10,1
8351,58738,0.98,3,1
8352,58741,0.98,3,1
8353,58749,0.93,8,1
8354,58752,0.98,3,1
8355,58763,0.9,11,1
8356,58764,1.0,1,1
8357,58769,0.96,5,1
8358,58775,0.95,6,1
8359,58779,0.97,4,1
8360,58784,0.96,5,1
8361,58787,0.98,3,1
8362,58797,0.91,10,1
8363,58804,0.94,7,1
8364,58815,0.9,11,1
8365,58818,0.98,3,1
8366,58827,0.92,9,1
8367,58829,0.99,2,1
8368,58838,0.92,9,1
8369,58841,0.98,3,1
8370,58848,0.94,7,1
8371,58856,0.93,8,1
8372,58867,0.9,11,1
8373,58873,0.95,6,1
8374,58878,0.96,5,1
8375,58889,0.9,11,1
8376,58901,0.89,12,1
8377,58904,0.98,3,1
8378,58909,0.96,5,1
8379,58918,0.92,9,1
8380,58923,0.96,5,1
8381,58927,0.97,4,1
8382,58935,0.93,8,1
8383,58937,0.99,2,1
8384,58943,0.95,6,1
8385,58959,0.85,16,1
8386,58962,0.98,3,1
8387,58963,1.0,1,1
8388,58969,0.95,6,1
8389,58975,0.95,6,1
8390,58977,0.99,2,1
8391,58979,0.99,2,1
8392,58987,0.93,8,1
8393,58991,0.97,4,1
8394,58995,0.97,4,1
8395,58997,0.99,2,1
8396,59012,0.86,15,1
8397,59020,0.93,8,1
8398,59030,0.91,10,1
8399,59036,0.95,6,1
8400,59038,0.99,2,1
8401,59046,0.93,8,1
8402,59054,0.93,8,1
8403,59063,0.92,9,1
8404,59069,0.95,6,1
8405,59077,0.93,8,1
8406,59088,0.9,11,1
8407,59089,1.0,1,1
8408,59092,0.98,3,1
8409,59094,0.99,2,1
8410,59102,0.93,8,1
8411,59108,0.95,6,1
8412,59124,0.85,16,1
8413,59131,0.94,7,1
8414,59135,0.97,4,1
8415,59139,0.97,4,1
8416,59142,0.98,3,1
8417,59148,0.95,6,1
8418,59151,0.98,3,1
8419,59152,1.0,1,1
8420,59157,0.96,5,1
8421,59162,0.96,5,1
8422,59166,0.97,4,1
8423,59167,1.0,1,1
8424,59173,0.95,6,1
8425,59177,0.97,4,1
8426,59179,0.99,2,1
8427,59186,0.94,7,1
8428,59188,0.99,2,1
8429,59189,1.0,1,1
8430,59198,0.92,9,1
8431,59214,0.85,16,1
8432,59224,0.91,10,1
8433,59226,0.99,2,1
8434,59228,0.99,2,1
8435,59232,0.97,4,1
8436,59233,1.0,1,1
8437,59237,0.97,4,1
8438,59244,0.94,7,1
8439,59250,0.95,6,1
8440,59255,0.96,5,1
8441,59259,0.97,4,1
8442,59263,0.97,4,1
8443,59265,0.99,2,1
8444,59268,0.98,3,1
8445,59271,0.98,3,1
8446,59279,0.93,8,1
8447,59282,0.98,3,1
8448,59290,0.93,8,1
8449,59295,0.96,5,1
8450,59304,0.92,9,1
8451,59305,1.0,1,1
8452,59311,0.95,6,1
8453,59320,0.92,9,1
8454,59328,0.93,8,1
8455,59335,0.94,7,1
8456,59339,0.97,4,1
8457,59351,0.89,12,1
8458,59358,0.94,7,1
8459,59361,0.98,3,1
8460,59364,0.98,3,1
8461,59370,0.95,6,1
8462,59380,0.91,10,1
8463,59384,0.97,4,1
8464,59390,0.95,6,1
8465,59406,0.85,16,1
8466,59410,0.97,4,1
8467,59413,0.98,3,1
8468,59416,0.98,3,1
8469,59418,0.99,2,1
8470,59421,0.98,3,1
8471,59428,0.94,7,1
8472,59432,0.97,4,1
8473,59437,0.96,5,1
8474,59448,0.9,11,1
8475,59453,0.96,5,1
8476,59462,0.92,9,1
8477,59463,1.0,1,1
8478,59474,0.9,11,1
8479,59477,0.98,3,1
8480,59479,0.99,2,1
8481,59480,1.0,1,1
8482,59485,0.96,5,1
8483,59491,0.95,6,1
8484,59493,0.99,2,1
8485,59501,0.93,8,1
8486,59504,0.98,3,1
8487,59509,0.96,5,1
8488,59518,0.92,9,1
8489,59525,0.94,7,1
8490,59528,0.98,3,1
8491,59533,0.96,5,1
8492,59541,0.93,8,1
8493,59542,1.0,1,1
8494,59544,0.99,2,1
8495,59549,0.96,5,1
8496,59563,0.87,14,1
8497,59570,0.94,7,1
8498,59573,0.98,3,1
8499,59576,0.98,3,1
8500,59583,0.94,7,1
8501,59587,0.97,4,1
8502,59590,0.98,3,1
8503,59596,0.95,6,1
8504,59605,0.92,9,1
8505,59616,0.9,11,1
8506,59618,0.99,2,1
8507,59625,0.94,7,1
8508,59632,0.94,7,1
8509,59634,0.99,2,1
8510,59642,0.93,8,1
8511,59647,0.96,5,1
8512,59656,0.92,9,1
8513,59664,0.93,8,1
8514,59669,0.96,5,1
8515,59677,0.93,8,1
8516,59684,0.94,7,1
8517,59686,0.99,2,1
8518,59694,0.93,8,1
8519,59703,0.92,9,1
8520,59706,0.98,3,1
8521,59707,1.0,1,1
8522,59708,1.0,1,1
8523,59715,0.94,7,1
8524,59720,0.96,5,1
8525,59726,0.95,6,1
8526,59730,0.97,4,1
8527,59732,0.99,2,1
8528,59741,0.92,9,1
8529,59747,0.95,6,1
8530,59752,0.96,5,1
8531,59754,0.99,2,1
8532,59755,1.0,1,1
8533,59758,0.98,3,1
8534,59763,0.96,5,1
8535,59769,0.95,6,1
8536,59774,0.96,5,1
8537,59781,0.94,7,1
8538,59785,0.97,4,1
8539,59786,1.0,1,1
8540,59800,0.87,14,1
8541,59803,0.98,3,1
8542,59809,0.95,6,1
8543,59814,0.96,5,1
8544,59826,0.89,12,1
8545,59829,0.98,3,1
8546,59846,0.84,17,1
8547,59856,0.91,10,1
8548,59868,0.89,12,1
8549,59870,0.99,2,1
8550,59872,0.99,2,1
8551,59880,0.93,8,1
8552,59889,0.92,9,1
8553,59890,1.0,1,1
8554,59895,0.96,5,1
8555,59904,0.92,9,1
8556,59908,0.97,4,1
8557,59912,0.97,4,1
8558,59917,0.96,5,1
8559,59926,0.92,9,1
8560,59931,0.96,5,1
8561,59937,0.95,6,1
8562,59950,0.88,13,1
8563,59952,0.99,2,1
8564,59958,0.95,6,1
8565,59966,0.93,8,1
8566,59972,0.95,6,1
8567,59986,0.87,14,1
8568,59987,1.0,1,1
8569,59994,0.94,7,1
8570,59999,0.96,5,1
8571,60004,0.96,5,1
8572,60011,0.94,7,1
8573,60017,0.95,6,1
8574,60020,0.98,3,1
8575,60025,0.96,5,1
8576,60029,0.97,4,1
8577,60036,0.94,7,1
8578,60043,0.94,7,1
8579,60048,0.96,5,1
8580,60056,0.93,8,1
8581,60063,0.94,7,1
8582,60066,0.98,3,1
8583,60067,1.0,1,1
8584,60068,1.0,1,1
8585,60072,0.97,4,1
8586,60074,0.99,2,1
8587,60081,0.94,7,1
8588,60087,0.95,6,1
8589,60094,0.94,7,1
8590,60103,0.92,9,1
8591,60111,0.93,8,1
8592,60112,1.0,1,1
8593,60113,1.0,1,1
8594,60120,0.94,7,1
8595,60126,0.95,6,1
8596,60131,0.96,5,1
8597,60139,0.93,8,1
8598,60141,0.99,2,1
8599,60151,0.91,10,1
8600,60154,0.98,3,1
8601,60162,0.93,8,1
8602,60164,0.99,2,1
8603,60169,0.96,5,1
8604,60175,0.95,6,1
8605,60176,1.0,1,1
8606,60178,0.99,2,1
8607,60181,0.98,3,1
8608,60188,0.94,7,1
8609,60198,0.91,10,1
8610,60204,0.95,6,1
8611,60207,0.98,3,1
8612,60220,0.88,13,1
8613,60224,0.97,4,1
8614,60232,0.93,8,1
8615,60234,0.99,2,1
8616,60235,1.0,1,1
8617,60238,0.98,3,1
8618,60242,0.97,4,1
8619,60246,0.97,4,1
8620,60256,0.91,10,1
8621,60259,0.98,3,1
8622,60268,0.92,9,1
8623,60270,0.99,2,1
8624,60275,0.96,5,1
8625,60282,0.94,7,1
8626,60286,0.97,4,1
8627,60289,0.98,3,1
8628,60291,0.99,2,1
8629,60298,0.94,7,1
8630,60299,1.0,1,1
8631,60302,0.98,3,1
8632,60310,0.93,8,1
8633,60314,0.97,4,1
8634,60318,0.97,4,1
8635,60330,0.89,12,1
8636,60339,0.92,9,1
8637,60345,0.95,6,1
8638,60357,0.89,12,1
8639,60361,0.97,4,1
8640,60364,0.98,3,1
8641,60371,0.94,7,1
8642,60372,1.0,1,1
8643,60379,0.94,7,1
8644,60381,0.99,2,1
8645,60383,0.99,2,1
8646,60389,0.95,6,1
8647,60390,1.0,1,1
8648,60400,0.91,10,1
8649,60406,0.95,6,1
8650,60411,0.96,5,1
8651,60419,0.93,8,1
8652,60420,1.0,1,1
8653,60424,0.97,4,1
8654,60425,1.0,1,1
8655,60430,0.96,5,1
8656,60432,0.99,2,1
8657,60443,0.9,11,1
8658,60445,0.99,2,1
8659,60458,0.88,13,1
8660,60461,0.98,3,1
8661,60464,0.98,3,1
8662,60469,0.96,5,1
8663,60470,1.0,1,1
8664,60473,0.98,3,1
8665,60478,0.96,5,1
8666,60481,0.98,3,1
8667,60483,0.99,2,1
8668,60494,0.9,11,1
8669,60501,0.94,7,1
8670,60503,0.99,2,1
8671,60504,1.0,1,1
8672,60513,0.92,9,1
8673,60517,0.97,4,1
8674,60523,0.95,6,1
8675,60524,1.0,1,1
8676,60532,0.93,8,1
8677,60535,0.98,3,1
8678,60541,0.95,6,1
8679,60546,0.96,5,1
8680,60550,0.97,4,1
8681,60553,0.98,3,1
8682,60559,0.95,6,1
8683,60561,0.99,2,1
8684,60562,1.0,1,1
8685,60567,0.96,5,1
8686,60572,0.96,5,1
8687,60582,0.91,10,1
8688,60588,0.95,6,1
8689,60592,0.97,4,1
8690,60597,0.96,5,1
8691,60598,1.0,1,1
8692,60603,0.96,5,1
8693,60611,0.93,8,1
8694,60620,0.92,9,1
8695,60633,0.88,13,1
8696,60637,0.97,4,1
8697,60642,0.96,5,1
8698,60660,0.83,18,1
8699,60663,0.98,3,1
8700,60670,0.94,7,1
8701,60673,0.98,3,1
8702,60677,0.97,4,1
8703,60684,0.94,7,1
8704,60688,0.97,4,1
8705,60692,0.97,4,1
8706,60696,0.97,4,1
8707,60704,0.93,8,1
8708,60709,0.96,5,1
8709,60716,0.94,7,1
8710,60723,0.94,7,1
8711,60728,0.96,5,1
8712,60736,0.93,8,1
8713,60741,0.96,5,1
8714,60744,0.98,3,1
8715,60750,0.95,6,1
8716,60753,0.98,3,1
8717,60757,0.97,4,1
8718,60767,0.91,10,1
8719,60770,0.98,3,1
8720,60779,0.92,9,1
8721,60782,0.98,3,1
8722,60784,0.99,2,1
8723,60785,1.0,1,1
8724,60789,0.97,4,1
8725,60800,0.9,11,1
8726,60802,0.99,2,1
8727,60814,0.89,12,1
8728,60817,0.98,3,1
8729,60825,0.93,8,1
8730,60826,1.0,1,1
8731,60833,0.94,7,1
8732,60839,0.95,6,1
8733,60844,0.96,5,1
8734,60849,0.96,5,1
8735,60852,0.98,3,1
8736,60854,0.99,2,1
8737,60862,0.93,8,1
8738,60864,0.99,2,1
8739,60879,0.86,15,1
8740,60883,0.97,4,1
8741,60892,0.92,9,1
8742,60896,0.97,4,1
8743,60901,0.96,5,1
8744,60903,0.99,2,1
8745,60910,0.94,7,1
8746,60912,0.99,2,1
8747,60914,0.99,2,1
8748,60919,0.96,5,1
8749,60920,1.0,1,1
8750,60925,0.96,5,1
8751,60928,0.98,3,1
8752,60934,0.95,6,1
8753,60942,0.93,8,1
8754,60946,0.97,4,1
8755,60948,0.99,2,1
8756,60954,0.95,6,1
8757,60967,0.88,13,1
8758,60970,0.98,3,1
8759,60976,0.95,6,1
8760,60983,0.94,7,1
8761,60984,1.0,1,1
8762,60987,0.98,3,1
8763,60994,0.94,7,1
8764,60998,0.97,4,1
8765,61007,0.92,9,1
8766,61008,1.0,1,1
8767,61011,0.98,3,1
8768,61015,0.97,4,1
8769,61022,0.94,7,1
8770,61026,0.97,4,1
8771,61033,0.94,7,1
8772,61037,0.97,4,1
8773,61045,0.93,8,1
8774,61054,0.92,9,1
8775,61060,0.95,6,1
8776,61065,0.96,5,1
8777,61073,0.93,8,1
8778,61076,0.98,3,1
8779,61078,0.99,2,1
8780,61084,0.95,6,1
8781,61086,0.99,2,1
8782,61091,0.96,5,1
8783,61095,0.97,4,1
8784,61101,0.95,6,1
8785,61109,0.93,8,1
8786,61114,0.96,5,1
8787,61124,0.91,10,1
8788,61128,0.97,4,1
8789,61136,0.93,8,1
8790,61139,0.98,3,1
8791,61144,0.96,5,1
8792,61147,0.98,3,1
8793,61155,0.93,8,1
8794,61158,0.98,3,1
8795,61164,0.95,6,1
8796,61172,0.93,8,1
8797,61180,0.93,8,1
8798,61186,0.95,6,1
8799,61196,0.91,10,1
8800,61202,0.95,6,1
8801,61204,0.99,2,1
8802,61212,0.93,8,1
8803,61214,0.99,2,1
8804,61224,0.91,10,1
8805,61234,0.91,10,1
8806,61241,0.94,7,1
8807,61246,0.96,5,1
8808,61253,0.94,7,1
8809,61257,0.97,4,1
8810,61258,1.0,1,1
8811,61269,0.9,11,1
8812,61281,0.89,12,1
8813,61292,0.9,11,1
8814,61297,0.96,5,1
8815,61301,0.97,4,1
8816,61305,0.97,4,1
8817,61307,0.99,2,1
8818,61309,0.99,2,1
8819,61318,0.92,9,1
8820,61321,0.98,3,1
8821,61332,0.9,11,1
8822,61338,0.95,6,1
8823,61344,0.95,6,1
8824,61348,0.97,4,1
8825,61353,0.96,5,1
8826,61360,0.94,7,1
8827,61363,0.98,3,1
8828,61366,0.98,3,1
8829,61371,0.96,5,1
8830,61375,0.97,4,1
8831,61380,0.96,5,1
8832,61383,0.98,3,1
8833,61389,0.95,6,1
8834,61399,0.91,10,1
8835,61404,0.96,5,1
8836,61406,0.99,2,1
8837,61415,0.92,9,1
8838,61416,1.0,1,1
8839,61421,0.96,5,1
8840,61426,0.96,5,1
8841,61433,0.94,7,1
8842,61438,0.96,5,1
8843,61455,0.84,17,1
8844,61457,0.99,2,1
8845,61465,0.93,8,1
8846,61476,0.9,11,1
8847,61482,0.95,6,1
8848,61484,0.99,2,1
8849,61491,0.94,7,1
8850,61500,0.92,9,1
8851,61505,0.96,5,1
8852,61510,0.96,5,1
8853,61513,0.98,3,1
8854,61516,0.98,3,1
8855,61529,0.88,13,1
8856,61534,0.96,5,1
8857,61542,0.93,8,1
8858,61552,0.91,10,1
8859,61555,0.98,3,1
8860,61559,0.97,4,1
8861,61564,0.96,5,1
8862,61570,0.95,6,1
8863,61575,0.96,5,1
8864,61581,0.95,6,1
8865,61582,1.0,1,1
8866,61587,0.96,5,1
8867,61598,0.9,11,1
8868,61613,0.86,15,1
8869,61622,0.92,9,1
8870,61625,0.98,3,1
8871,61631,0.95,6,1
8872,61638,0.94,7,1
8873,61645,0.94,7,1
8874,61648,0.98,3,1
8875,61652,0.97,4,1
8876,61660,0.93,8,1
8877,61670,0.91,10,1
8878,61676,0.95,6,1
8879,61679,0.98,3,1
8880,61682,0.98,3,1
8881,61686,0.97,4,1
8882,61690,0.97,4,1
8883,61700,0.91,10,1
8884,61705,0.96,5,1
8885,61711,0.95,6,1
8886,61717,0.95,6,1
8887,61724,0.94,7,1
8888,61726,0.99,2,1
8889,61730,0.97,4,1
8890,61740,0.91,10,1
8891,61742,0.99,2,1
8892,61752,0.91,10,1
8893,61754,0.99,2,1
8894,61756,0.99,2,1
8895,61758,0.99,2,1
8896,61764,0.95,6,1
8897,61767,0.98,3,1
8898,61769,0.99,2,1
8899,61778,0.92,9,1
8900,61792,0.87,14,1
8901,61808,0.85,16,1
8902,61812,0.97,4,1
8903,61818,0.95,6,1
8904,61828,0.91,10,1
8905,61830,0.99,2,1
8906,61834,0.97,4,1
8907,61839,0.96,5,1
8908,61844,0.96,5,1
8909,61845,1.0,1,1
8910,61847,0.99,2,1
8911,61850,0.98,3,1
8912,61853,0.98,3,1
8913,61856,0.98,3,1
8914,61862,0.95,6,1
8915,61871,0.92,9,1
8916,61877,0.95,6,1
8917,61879,0.99,2,1
8918,61886,0.94,7,1
8919,61892,0.95,6,1
8920,61898,0.95,6,1
8921,61900,0.99,2,1
8922,61901,1.0,1,1
8923,61902,1.0,1,1
8924,61907,0.96,5,1
8925,61913,0.95,6,1
8926,61920,0.94,7,1
8927,61923,0.98,3,1
8928,61924,1.0,1,1
8929,61927,0.98,3,1
8930,61930,0.98,3,1
8931,61935,0.96,5,1
8932,61938,0.98,3,1
8933,61941,0.98,3,1
8934,61943,0.99,2,1
8935,61945,0.99,2,1
8936,61955,0.91,10,1
8937,61963,0.93,8,1
8938,61965,0.99,2,1
8939,61974,0.92,9,1
8940,61980,0.95,6,1
8941,61988,0.93,8,1
8942,61994,0.95,6,1
8943,61999,0.96,5,1
8944,62005,0.95,6,1
8945,62038,0.68,33,1
8946,62041,0.98,3,1
8947,62052,0.9,11,1
8948,62057,0.96,5,1
8949,62061,0.97,4,1
8950,62066,0.96,5,1
8951,62069,0.98,3,1
8952,62077,0.93,8,1
8953,62079,0.99,2,1
8954,62084,0.96,5,1
8955,62094,0.91,10,1
8956,62105,0.9,11,1
8957,62114,0.92,9,1
8958,62120,0.95,6,1
8959,62125,0.96,5,1
8960,62132,0.94,7,1
8961,62138,0.95,6,1
8962,62144,0.95,6,1
8963,62151,0.94,7,1
8964,62152,1.0,1,1
8965,62155,0.98,3,1
8966,62165,0.91,10,1
8967,62167,0.99,2,1
8968,62174,0.94,7,1
8969,62179,0.96,5,1
8970,62187,0.93,8,1
8971,62195,0.93,8,1
8972,62201,0.95,6,1
8973,62202,1.0,1,1
8974,62203,1.0,1,1
8975,62207,0.97,4,1
8976,62211,0.97,4,1
8977,62220,0.92,9,1
8978,62226,0.95,6,1
8979,62236,0.91,10,1
8980,62243,0.94,7,1
8981,62249,0.95,6,1
8982,62255,0.95,6,1
8983,62260,0.96,5,1
8984,62262,0.99,2,1
8985,62269,0.94,7,1
8986,62272,0.98,3,1
8987,62278,0.95,6,1
8988,62281,0.98,3,1
8989,62285,0.97,4,1
8990,62294,0.92,9,1
8991,62300,0.95,6,1
8992,62309,0.92,9,1
8993,62315,0.95,6,1
8994,62322,0.94,7,1
8995,62327,0.96,5,1
8996,62334,0.94,7,1
8997,62341,0.94,7,1
8998,62344,0.98,3,1
8999,62350,0.95,6,1
9000,62360,0.91,10,1
9001,62368,0.93,8,1
9002,62371,0.98,3,1
9003,62377,0.95,6,1
9004,62381,0.97,4,1
9005,62390,0.92,9,1
9006,62396,0.95,6,1
9007,62400,0.97,4,1
9008,62405,0.96,5,1
9009,62412,0.94,7,1
9010,62416,0.97,4,1
9011,62424,0.93,8,1
9012,62430,0.95,6,1
9013,62434,0.97,4,1
9014,62436,0.99,2,1
9015,62445,0.92,9,1
9016,62449,0.97,4,1
9017,62452,0.98,3,1
9018,62457,0.96,5,1
9019,62469,0.89,12,1
9020,62481,0.89,12,1
9021,62488,0.94,7,1
9022,62490,0.99,2,1
9023,62495,0.96,5,1
9024,62498,0.98,3,1
9025,62505,0.94,7,1
9026,62507,0.99,2,1
9027,62513,0.95,6,1
9028,62521,0.93,8,1
9029,62530,0.92,9,1
9030,62536,0.95,6,1
9031,62538,0.99,2,1
9032,62543,0.96,5,1
9033,62545,0.99,2,1
9034,62553,0.93,8,1
9035,62559,0.95,6,1
9036,62566,0.94,7,1
9037,62572,0.95,6,1
9038,62575,0.98,3,1
9039,62582,0.94,7,1
9040,62588,0.95,6,1
9041,62594,0.95,6,1
9042,62605,0.9,11,1
9043,62608,0.98,3,1
9044,62616,0.93,8,1
9045,62619,0.98,3,1
9046,62621,0.99,2,1
9047,62626,0.96,5,1
9048,62630,0.97,4,1
9049,62634,0.97,4,1
9050,62638,0.97,4,1
9051,62639,1.0,1,1
9052,62643,0.97,4,1
9053,62653,0.91,10,1
9054,62655,0.99,2,1
9055,62662,0.94,7,1
9056,62670,0.93,8,1
9057,62674,0.97,4,1
9058,62677,0.98,3,1
9059,62680,0.98,3,1
9060,62684,0.97,4,1
9061,62688,0.97,4,1
9062,62702,0.87,14,1
9063,62705,0.98,3,1
9064,62709,0.97,4,1
9065,62713,0.97,4,1
9066,62719,0.95,6,1
9067,62722,0.98,3,1
9068,62726,0.97,4,1
9069,62731,0.96,5,1
9070,62747,0.85,16,1
9071,62752,0.96,5,1
9072,62762,0.91,10,1
9073,62769,0.94,7,1
9074,62775,0.95,6,1
9075,62780,0.96,5,1
9076,62783,0.98,3,1
9077,62784,1.0,1,1
9078,62790,0.95,6,1
9079,62802,0.89,12,1
9080,62806,0.97,4,1
9081,62810,0.97,4,1
9082,62813,0.98,3,1
9083,62818,0.96,5,1
9084,62820,0.99,2,1
9085,62824,0.97,4,1
9086,62832,0.93,8,1
9087,62835,0.98,3,1
9088,62836,1.0,1,1
9089,62844,0.93,8,1
9090,62848,0.97,4,1
9091,62856,0.93,8,1
9092,62863,0.94,7,1
9093,62867,0.97,4,1
9094,62875,0.93,8,1
9095,62877,0.99,2,1
9096,62882,0.96,5,1
9097,62893,0.9,11,1
9098,62899,0.95,6,1
9099,62903,0.97,4,1
9100,62910,0.94,7,1
9101,62919,0.92,9,1
9102,62937,0.83,18,1
9103,62955,0.83,18,1
9104,62956,1.0,1,1
9105,62961,0.96,5,1
9106,62968,0.94,7,1
9107,62979,0.9,11,1
9108,62982,0.98,3,1
9109,62985,0.98,3,1
9110,62993,0.93,8,1
9111,62997,0.97,4,1
9112,63002,0.96,5,1
9113,63013,0.9,11,1
9114,63022,0.92,9,1
9115,63024,0.99,2,1
9116,63033,0.92,9,1
9117,63039,0.95,6,1
9118,63050,0.9,11,1
9119,63056,0.95,6,1
9120,63067,0.9,11,1
9121,63077,0.91,10,1
9122,63085,0.93,8,1
9123,63089,0.97,4,1
9124,63103,0.87,14,1
9125,63106,0.98,3,1
9126,63108,0.99,2,1
9127,63110,0.99,2,1
9128,63120,0.91,10,1
9129,63127,0.94,7,1
9130,63137,0.91,10,1
9131,63142,0.96,5,1
9132,63144,0.99,2,1
9133,63150,0.95,6,1
9134,63154,0.97,4,1
9135,63162,0.93,8,1
9136,63169,0.94,7,1
9137,63177,0.93,8,1
9138,63184,0.94,7,1
9139,63189,0.96,5,1
9140,63192,0.98,3,1
9141,63199,0.94,7,1
9142,63206,0.94,7,1
9143,63212,0.95,6,1
9144,63216,0.97,4,1
9145,63222,0.95,6,1
9146,63228,0.95,6,1
9147,63230,0.99,2,1
9148,63237,0.94,7,1
9149,63239,0.99,2,1
9150,63245,0.95,6,1
9151,63246,1.0,1,1
9152,63247,1.0,1,1
9153,63249,0.99,2,1
9154,63257,0.93,8,1
9155,63261,0.97,4,1
9156,63266,0.96,5,1
9157,63273,0.94,7,1
9158,63278,0.96,5,1
9159,63286,0.93,8,1
9160,63290,0.97,4,1
9161,63293,0.98,3,1
9162,63306,0.88,13,1
9163,63311,0.96,5,1
9164,63314,0.98,3,1
9165,63319,0.96,5,1
9166,63324,0.96,5,1
9167,63327,0.98,3,1
9168,63334,0.94,7,1
9169,63347,0.88,13,1
9170,63349,0.99,2,1
9171,63352,0.98,3,1
9172,63356,0.97,4,1
9173,63364,0.93,8,1
9174,63366,0.99,2,1
9175,63369,0.98,3,1
9176,63372,0.98,3,1
9177,63381,0.92,9,1
9178,63387,0.95,6,1
9179,63391,0.97,4,1
9180,63395,0.97,4,1
9181,63403,0.93,8,1
9182,63406,0.98,3,1
9183,63415,0.92,9,1
9184,63429,0.87,14,1
9185,63444,0.86,15,1
9186,63449,0.96,5,1
9187,63456,0.94,7,1
9188,63462,0.95,6,1
9189,63467,0.96,5,1
9190,63472,0.96,5,1
9191,63473,1.0,1,1
9192,63479,0.95,6,1
9193,63485,0.95,6,1
9194,63492,0.94,7,1
9195,63494,0.99,2,1
9196,63501,0.94,7,1
9197,63508,0.94,7,1
9198,63513,0.96,5,1
9199,63519,0.95,6,1
9200,63532,0.88,13,1
9201,63541,0.92,9,1
9202,63546,0.96,5,1
9203,63548,0.99,2,1
9204,63560,0.89,12,1
9205,63562,0.99,2,1
9206,63571,0.92,9,1
9207,63572,1.0,1,1
9208,63576,0.97,4,1
9209,63579,0.98,3,1
9210,63583,0.97,4,1
9211,63589,0.95,6,1
9212,63599,0.91,10,1
9213,63609,0.91,10,1
9214,63618,0.92,9,1
9215,63623,0.96,5,1
9216,63626,0.98,3,1
9217,63635,0.92,9,1
9218,63643,0.93,8,1
9219,63644,1.0,1,1
9220,63647,0.98,3,1
9221,63650,0.98,3,1
9222,63663,0.88,13,1
9223,63666,0.98,3,1
9224,63672,0.95,6,1
9225,63676,0.97,4,1
9226,63684,0.93,8,1
9227,63687,0.98,3,1
9228,63691,0.97,4,1
9229,63706,0.86,15,1
9230,63708,0.99,2,1
9231,63709,1.0,1,1
9232,63714,0.96,5,1
9233,63722,0.93,8,1
9234,63723,1.0,1,1
9235,63731,0.93,8,1
9236,63732,1.0,1,1
9237,63734,0.99,2,1
9238,63736,0.99,2,1
9239,63738,0.99,2,1
9240,63740,0.99,2,1
9241,63750,0.91,10,1
9242,63759,0.92,9,1
9243,63764,0.96,5,1
9244,63766,0.99,2,1
9245,63771,0.96,5,1
9246,63776,0.96,5,1
9247,63781,0.96,5,1
9248,63784,0.98,3,1
9249,63791,0.94,7,1
9250,63795,0.97,4,1
9251,63798,0.98,3,1
9252,63801,0.98,3,1
9253,63811,0.91,10,1
9254,63818,0.94,7,1
9255,63824,0.95,6,1
9256,63827,0.98,3,1
9257,63831,0.97,4,1
9258,63837,0.95,6,1
9259,63840,0.98,3,1
9260,63845,0.96,5,1
9261,63851,0.95,6,1
9262,63856,0.96,5,1
9263,63861,0.96,5,1
9264,63864,0.98,3,1
9265,63877,0.88,13,1
9266,63883,0.95,6,1
9267,63890,0.94,7,1
9268,63898,0.93,8,1
9269,63908,0.91,10,1
9270,63909,1.0,1,1
9271,63915,0.95,6,1
9272,63923,0.93,8,1
9273,63933,0.91,10,1
9274,63937,0.97,4,1
9275,63949,0.89,12,1
9276,63954,0.96,5,1
9277,63959,0.96,5,1
9278,63962,0.98,3,1
9279,63971,0.92,9,1
9280,63980,0.92,9,1
9281,63981,1.0,1,1
9282,63987,0.95,6,1
9283,63993,0.95,6,1
9284,63994,1.0,1,1
9285,64000,0.95,6,1
9286,64006,0.95,6,1
9287,64013,0.94,7,1
9288,64021,0.93,8,1
9289,64027,0.95,6,1
9290,64029,0.99,2,1
9291,64035,0.95,6,1
9292,64038,0.98,3,1
9293,64043,0.96,5,1
9294,64050,0.94,7,1
9295,64057,0.94,7,1
9296,64060,0.98,3,1
9297,64063,0.98,3,1
9298,64064,1.0,1,1
9299,64067,0.98,3,1
9300,64070,0.98,3,1
9301,64080,0.91,10,1
9302,64088,0.93,8,1
9303,64091,0.98,3,1
9304,64095,0.97,4,1
9305,64101,0.95,6,1
9306,64106,0.96,5,1
9307,64111,0.96,5,1
9308,64116,0.96,5,1
9309,64119,0.98,3,1
9310,64120,1.0,1,1
9311,64124,0.97,4,1
9312,64136,0.89,12,1
9313,64141,0.96,5,1
9314,64151,0.91,10,1
9315,64154,0.98,3,1
9316,64162,0.93,8,1
9317,64167,0.96,5,1
9318,64172,0.96,5,1
9319,64177,0.96,5,1
9320,64180,0.98,3,1
9321,64182,0.99,2,1
9322,64183,1.0,1,1
9323,64189,0.95,6,1
9324,64194,0.96,5,1
9325,64199,0.96,5,1
9326,64202,0.98,3,1
9327,64204,0.99,2,1
9328,64212,0.93,8,1
9329,64218,0.95,6,1
9330,64221,0.98,3,1
9331,64231,0.91,10,1
9332,64240,0.92,9,1
9333,64247,0.94,7,1
9334,64252,0.96,5,1
9335,64255,0.98,3,1
9336,64258,0.98,3,1
9337,64263,0.96,5,1
9338,64265,0.99,2,1
9339,64269,0.97,4,1
9340,64272,0.98,3,1
9341,64277,0.96,5,1
9342,64279,0.99,2,1
9343,64288,0.92,9,1
9344,64294,0.95,6,1
9345,64297,0.98,3,1
9346,64300,0.98,3,1
9347,64303,0.98,3,1
9348,64308,0.96,5,1
9349,64321,0.88,13,1
9350,64324,0.98,3,1
9351,64327,0.98,3,1
9352,64328,1.0,1,1
9353,64336,0.93,8,1
9354,64341,0.96,5,1
9355,64348,0.94,7,1
9356,64352,0.97,4,1
9357,64356,0.97,4,1
9358,64360,0.97,4,1
9359,64367,0.94,7,1
9360,64376,0.92,9,1
9361,64381,0.96,5,1
9362,64384,0.98,3,1
9363,64387,0.98,3,1
9364,64391,0.97,4,1
9365,64395,0.97,4,1
9366,64399,0.97,4,1
9367,64401,0.99,2,1
9368,64406,0.96,5,1
9369,64423,0.84,17,1
9370,64425,0.99,2,1
9371,64431,0.95,6,1
9372,64439,0.93,8,1
9373,64442,0.98,3,1
9374,64445,0.98,3,1
9375,64453,0.93,8,1
9376,64457,0.97,4,1
9377,64460,0.98,3,1
9378,64471,0.9,11,1
9379,64475,0.97,4,1
9380,64478,0.98,3,1
9381,64488,0.91,10,1
9382,64491,0.98,3,1
9383,64498,0.94,7,1
9384,64499,1.0,1,1
9385,64505,0.95,6,1
9386,64518,0.88,13,1
9387,64519,1.0,1,1
9388,64524,0.96,5,1
9389,64528,0.97,4,1
9390,64529,1.0,1,1
9391,64531,0.99,2,1
9392,64533,0.99,2,1
9393,64538,0.96,5,1
9394,64549,0.9,11,1
9395,64563,0.87,14,1
9396,64564,1.0,1,1
9397,64574,0.91,10,1
9398,64575,1.0,1,1
9399,64580,0.96,5,1
9400,64586,0.95,6,1
9401,64595,0.92,9,1
9402,64608,0.88,13,1
9403,64609,1.0,1,1
9404,64614,0.96,5,1
9405,64622,0.93,8,1
9406,64632,0.91,10,1
9407,64635,0.98,3,1
9408,64644,0.92,9,1
9409,64648,0.97,4,1
9410,64658,0.91,10,1
9411,64659,1.0,1,1
9412,64665,0.95,6,1
9413,64666,1.0,1,1
9414,64673,0.94,7,1
9415,64680,0.94,7,1
9416,64682,0.99,2,1
9417,64690,0.93,8,1
9418,64695,0.96,5,1
9419,64702,0.94,7,1
9420,64712,0.91,10,1
9421,64713,1.0,1,1
9422,64716,0.98,3,1
9423,64722,0.95,6,1
9424,64731,0.92,9,1
9425,64735,0.97,4,1
9426,64741,0.95,6,1
9427,64742,1.0,1,1
9428,64744,0.99,2,1
9429,64755,0.9,11,1
9430,64762,0.94,7,1
9431,64766,0.97,4,1
9432,64770,0.97,4,1
9433,64774,0.97,4,1
9434,64775,1.0,1,1
9435,64787,0.89,12,1
9436,64792,0.96,5,1
9437,64798,0.95,6,1
9438,64799,1.0,1,1
9439,64801,0.99,2,1
9440,64807,0.95,6,1
9441,64813,0.95,6,1
9442,64817,0.97,4,1
9443,64826,0.92,9,1
9444,64828,0.99,2,1
9445,64833,0.96,5,1
9446,64840,0.94,7,1
9447,64843,0.98,3,1
9448,64845,0.99,2,1
9449,64850,0.96,5,1
9450,64854,0.97,4,1
9451,64856,0.99,2,1
9452,64859,0.98,3,1
9453,64861,0.99,2,1
9454,64863,0.99,2,1
9455,64867,0.97,4,1
9456,64870,0.98,3,1
9457,64873,0.98,3,1
9458,64879,0.95,6,1
9459,64884,0.96,5,1
9460,64888,0.97,4,1
9461,64903,0.86,15,1
9462,64906,0.98,3,1
9463,64909,0.98,3,1
9464,64911,0.99,2,1
9465,64919,0.93,8,1
9466,64923,0.97,4,1
9467,64927,0.97,4,1
9468,64930,0.98,3,1
9469,64942,0.89,12,1
9470,64947,0.96,5,1
9471,64951,0.97,4,1
9472,64958,0.94,7,1
9473,64963,0.96,5,1
9474,64965,0.99,2,1
9475,64975,0.91,10,1
9476,64986,0.9,11,1
9477,64992,0.95,6,1
9478,64995,0.98,3,1
9479,65010,0.86,15,1
9480,65023,0.88,13,1
9481,65028,0.96,5,1
9482,65033,0.96,5,1
9483,65056,0.78,23,1
9484,65060,0.97,4,1
9485,65070,0.91,10,1
9486,65074,0.97,4,1
9487,65082,0.93,8,1
9488,65087,0.96,5,1
9489,65095,0.93,8,1
9490,65100,0.96,5,1
9491,65103,0.98,3,1
9492,65109,0.95,6,1
9493,65113,0.97,4,1
9494,65118,0.96,5,1
9495,65125,0.94,7,1
9496,65129,0.97,4,1
9497,65138,0.92,9,1
9498,65143,0.96,5,1
9499,65151,0.93,8,1
9500,65159,0.93,8,1
9501,65163,0.97,4,1
9502,65169,0.95,6,1
9503,65173,0.97,4,1
9504,65175,0.99,2,1
9505,65186,0.9,11,1
9506,65191,0.96,5,1
9507,65195,0.97,4,1
9508,65198,0.98,3,1
9509,65202,0.97,4,1
9510,65211,0.92,9,1
9511,65216,0.96,5,1
9512,65224,0.93,8,1
9513,65227,0.98,3,1
9514,65233,0.95,6,1
9515,65241,0.93,8,1
9516,65248,0.94,7,1
9517,65256,0.93,8,1
9518,65262,0.95,6,1
9519,65269,0.94,7,1
9520,65276,0.94,7,1
9521,65281,0.96,5,1
9522,65285,0.97,4,1
9523,65293,0.93,8,1
9524,65301,0.93,8,1
9525,65307,0.95,6,1
9526,65310,0.98,3,1
9527,65324,0.87,14,1
9528,65328,0.97,4,1
9529,65334,0.95,6,1
9530,65339,0.96,5,1
9531,65344,0.96,5,1
9532,65355,0.9,11,1
9533,65365,0.91,10,1
9534,65375,0.91,10,1
9535,65377,0.99,2,1
9536,65383,0.95,6,1
9537,65384,1.0,1,1
9538,65392,0.93,8,1
9539,65393,1.0,1,1
9540,65400,0.94,7,1
9541,65404,0.97,4,1
9542,65407,0.98,3,1
9543,65419,0.89,12,1
9544,65421,0.99,2,1
9545,65429,0.93,8,1
9546,65438,0.92,9,1
9547,65449,0.9,11,1
9548,65463,0.87,14,1
9549,65464,1.0,1,1
9550,65472,0.93,8,1
9551,65479,0.94,7,1
9552,65488,0.92,9,1
9553,65492,0.97,4,1
9554,65495,0.98,3,1
9555,65501,0.95,6,1
9556,65504,0.98,3,1
9557,65510,0.95,6,1
9558,65514,0.97,4,1
9559,65519,0.96,5,1
9560,65528,0.92,9,1
9561,65533,0.96,5,1
9562,65539,0.95,6,1
9563,65545,0.95,6,1
9564,65549,0.97,4,1
9565,65555,0.95,6,1
9566,65559,0.97,4,1
9567,65562,0.98,3,1
9568,65565,0.98,3,1
9569,65569,0.97,4,1
9570,65575,0.95,6,1
9571,65581,0.95,6,1
9572,65586,0.96,5,1
9573,65594,0.93,8,1
9574,65597,0.98,3,1
9575,65602,0.96,5,1
9576,65612,0.91,10,1
9577,65621,0.92,9,1
9578,65626,0.96,5,1
9579,65633,0.94,7,1
9580,65635,0.99,2,1
9581,65636,1.0,1,1
9582,65637,1.0,1,1
9583,65638,1.0,1,1
9584,65643,0.96,5,1
9585,65653,0.91,10,1
9586,65657,0.97,4,1
9587,65662,0.96,5,1
9588,65664,0.99,2,1
9589,65670,0.95,6,1
9590,65676,0.95,6,1
9591,65692,0.85,16,1
9592,65698,0.95,6,1
9593,65699,1.0,1,1
9594,65706,0.94,7,1
9595,65714,0.93,8,1
9596,65727,0.88,13,1
9597,65730,0.98,3,1
9598,65733,0.98,3,1
9599,65739,0.95,6,1
9600,65745,0.95,6,1
9601,65752,0.94,7,1
9602,65754,0.99,2,1
9603,65761,0.94,7,1
9604,65769,0.93,8,1
9605,65770,1.0,1,1
9606,65771,1.0,1,1
9607,65778,0.94,7,1
9608,65787,0.92,9,1
9609,65791,0.97,4,1
9610,65801,0.91,10,1
9611,65805,0.97,4,1
9612,65810,0.96,5,1
9613,65811,1.0,1,1
9614,65815,0.97,4,1
9615,65819,0.97,4,1
9616,65825,0.95,6,1
9617,65828,0.98,3,1
9618,65829,1.0,1,1
9619,65837,0.93,8,1
9620,65846,0.92,9,1
9621,65851,0.96,5,1
9622,65852,1.0,1,1
9623,65858,0.95,6,1
9624,65863,0.96,5,1
9625,65864,1.0,1,1
9626,65868,0.97,4,1
9627,65877,0.92,9,1
9628,65883,0.95,6,1
9629,65886,0.98,3,1
9630,65895,0.92,9,1
9631,65897,0.99,2,1
9632,65908,0.9,11,1
9633,65912,0.97,4,1
9634,65917,0.96,5,1
9635,65922,0.96,5,1
9636,65924,0.99,2,1
9637,65926,0.99,2,1
9638,65927,1.0,1,1
9639,65936,0.92,9,1
9640,65947,0.9,11,1
9641,65956,0.92,9,1
9642,65966,0.91,10,1
9643,65968,0.99,2,1
9644,65978,0.91,10,1
9645,65988,0.91,10,1
9646,65989,1.0,1,1
9647,65992,0.98,3,1
9648,65995,0.98,3,1
9649,66000,0.96,5,1
9650,66012,0.89,12,1
9651,66014,0.99,2,1
9652,66018,0.97,4,1
9653,66022,0.97,4,1
9654,66036,0.87,14,1
9655,66048,0.89,12,1
9656,66052,0.97,4,1
9657,66053,1.0,1,1
9658,66058,0.96,5,1
9659,66065,0.94,7,1
9660,66067,0.99,2,1
9661,66076,0.92,9,1
9662,66084,0.93,8,1
9663,66089,0.96,5,1
9664,66094,0.96,5,1
9665,66100,0.95,6,1
9666,66103,0.98,3,1
9667,66110,0.94,7,1
9668,66116,0.95,6,1
9669,66129,0.88,13,1
9670,66134,0.96,5,1
9671,66146,0.89,12,1
9672,66149,0.98,3,1
9673,66157,0.93,8,1
9674,66158,1.0,1,1
9675,66160,0.99,2,1
9676,66167,0.94,7,1
9677,66174,0.94,7,1
9678,66177,0.98,3,1
9679,66183,0.95,6,1
9680,66188,0.96,5,1
9681,66190,0.99,2,1
9682,66201,0.9,11,1
9683,66211,0.91,10,1
9684,66215,0.97,4,1
9685,66224,0.92,9,1
9686,66226,0.99,2,1
9687,66231,0.96,5,1
9688,66238,0.94,7,1
9689,66244,0.95,6,1
9690,66258,0.87,14,1
9691,66263,0.96,5,1
9692,66269,0.95,6,1
9693,66280,0.9,11,1
9694,66290,0.91,10,1
9695,66296,0.95,6,1
9696,66299,0.98,3,1
9697,66308,0.92,9,1
9698,66315,0.94,7,1
9699,66321,0.95,6,1
9700,66326,0.96,5,1
9701,66332,0.95,6,1
9702,66336,0.97,4,1
9703,66347,0.9,11,1
9704,66348,1.0,1,1
9705,66358,0.91,10,1
9706,66362,0.97,4,1
9707,66363,1.0,1,1
9708,66368,0.96,5,1
9709,66372,0.97,4,1
9710,66377,0.96,5,1
9711,66383,0.95,6,1
9712,66391,0.93,8,1
9713,66407,0.85,16,1
9714,66416,0.92,9,1
9715,66423,0.94,7,1
9716,66428,0.96,5,1
9717,66432,0.97,4,1
9718,66436,0.97,4,1
9719,66443,0.94,7,1
9720,66455,0.89,12,1
9721,66461,0.95,6,1
9722,66465,0.97,4,1
9723,66474,0.92,9,1
9724,66476,0.99,2,1
9725,66489,0.88,13,1
9726,66490,1.0,1,1
9727,66494,0.97,4,1
9728,66498,0.97,4,1
9729,66502,0.97,4,1
9730,66508,0.95,6,1
9731,66512,0.97,4,1
9732,66523,0.9,11,1
9733,66530,0.94,7,1
9734,66534,0.97,4,1
9735,66543,0.92,9,1
9736,66547,0.97,4,1
9737,66553,0.95,6,1
9738,66558,0.96,5,1
9739,66567,0.92,9,1
9740,66570,0.98,3,1
9741,66571,1.0,1,1
9742,66580,0.92,9,1
9743,66584,0.97,4,1
9744,66588,0.97,4,1
9745,66592,0.97,4,1
9746,66600,0.93,8,1
9747,66607,0.94,7,1
9748,66612,0.96,5,1
9749,66618,0.95,6,1
9750,66620,0.99,2,1
9751,66629,0.92,9,1
9752,66634,0.96,5,1
9753,66645,0.9,11,1
9754,66651,0.95,6,1
9755,66654,0.98,3,1
9756,66662,0.93,8,1
9757,66663,1.0,1,1
9758,66673,0.91,10,1
9759,66679,0.95,6,1
9760,66686,0.94,7,1
9761,66693,0.94,7,1
9762,66700,0.94,7,1
9763,66704,0.97,4,1
9764,66705,1.0,1,1
9765,66709,0.97,4,1
9766,66719,0.91,10,1
9767,66724,0.96,5,1
9768,66726,0.99,2,1
9769,66732,0.95,6,1
9770,66739,0.94,7,1
9771,66741,0.99,2,1
9772,66744,0.98,3,1
9773,66748,0.97,4,1
9774,66751,0.98,3,1
9775,66759,0.93,8,1
9776,66765,0.95,6,1
9777,66780,0.86,15,1
9778,66790,0.91,10,1
9779,66796,0.95,6,1
9780,66797,1.0,1,1
9781,66802,0.96,5,1
9782,66805,0.98,3,1
9783,66812,0.94,7,1
9784,66814,0.99,2,1
9785,66818,0.97,4,1
9786,66823,0.96,5,1
9787,66825,0.99,2,1
9788,66831,0.95,6,1
9789,66832,1.0,1,1
9790,66833,1.0,1,1
9791,66834,1.0,1,1
9792,66838,0.97,4,1
9793,66844,0.95,6,1
9794,66860,0.85,16,1
9795,66863,0.98,3,1
9796,66868,0.96,5,1
9797,66881,0.88,13,1
9798,66896,0.86,15,1
9799,66902,0.95,6,1
9800,66909,0.94,7,1
9801,66917,0.93,8,1
9802,66922,0.96,5,1
9803,66927,0.96,5,1
9804,66929,0.99,2,1
9805,66932,0.98,3,1
9806,66936,0.97,4,1
9807,66945,0.92,9,1
9808,66953,0.93,8,1
9809,66959,0.95,6,1
9810,66966,0.94,7,1
9811,66974,0.93,8,1
9812,66977,0.98,3,1
9813,66981,0.97,4,1
9814,66991,0.91,10,1
9815,66996,0.96,5,1
9816,67003,0.94,7,1
9817,67008,0.96,5,1
9818,67011,0.98,3,1
9819,67017,0.95,6,1
9820,67022,0.96,5,1
9821,67031,0.92,9,1
9822,67037,0.95,6,1
9823,67041,0.97,4,1
9824,67046,0.96,5,1
9825,67051,0.96,5,1
9826,67058,0.94,7,1
9827,67060,0.99,2,1
9828,67068,0.93,8,1
9829,67075,0.94,7,1
9830,67077,0.99,2,1
9831,67081,0.97,4,1
9832,67089,0.93,8,1
9833,67096,0.94,7,1
9834,67104,0.93,8,1
9835,67113,0.92,9,1
9836,67119,0.95,6,1
9837,67123,0.97,4,1
9838,67134,0.9,11,1
9839,67139,0.96,5,1
9840,67144,0.96,5,1
9841,67148,0.97,4,1
9842,67150,0.99,2,1
9843,67154,0.97,4,1
9844,67155,1.0,1,1
9845,67159,0.97,4,1
9846,67161,0.99,2,1
9847,67174,0.88,13,1
9848,67176,0.99,2,1
9849,67181,0.96,5,1
9850,67189,0.93,8,1
9851,67195,0.95,6,1
9852,67197,0.99,2,1
9853,67205,0.93,8,1
9854,67211,0.95,6,1
9855,67213,0.99,2,1
9856,67215,0.99,2,1
9857,67223,0.93,8,1
9858,67228,0.96,5,1
9859,67231,0.98,3,1
9860,67242,0.9,11,1
9861,67245,0.98,3,1
9862,67246,1.0,1,1
9863,67250,0.97,4,1
9864,67254,0.97,4,1
9865,67260,0.95,6,1
9866,67269,0.92,9,1
9867,67271,0.99,2,1
9868,67279,0.93,8,1
9869,67290,0.9,11,1
9870,67298,0.93,8,1
9871,67300,0.99,2,1
9872,67304,0.97,4,1
9873,67305,1.0,1,1
9874,67312,0.94,7,1
9875,67315,0.98,3,1
9876,67319,0.97,4,1
9877,67320,1.0,1,1
9878,67324,0.97,4,1
9879,67333,0.92,9,1
9880,67334,1.0,1,1
9881,67341,0.94,7,1
9882,67343,0.99,2,1
9883,67345,0.99,2,1
9884,67349,0.97,4,1
9885,67353,0.97,4,1
9886,67359,0.95,6,1
9887,67369,0.91,10,1
9888,67386,0.84,17,1
9889,67390,0.97,4,1
9890,67393,0.98,3,1
9891,67395,0.99,2,1
9892,67407,0.89,12,1
9893,67411,0.97,4,1
9894,67418,0.94,7,1
9895,67425,0.94,7,1
9896,67431,0.95,6,1
9897,67439,0.93,8,1
9898,67442,0.98,3,1
9899,67452,0.91,10,1
9900,67460,0.93,8,1
9901,67463,0.98,3,1
9902,67467,0.97,4,1
9903,67475,0.93,8,1
9904,67480,0.96,5,1
9905,67489,0.92,9,1
9906,67497,0.93,8,1
9907,67502,0.96,5,1
9908,67504,0.99,2,1
9909,67516,0.89,12,1
9910,67520,0.97,4,1
9911,67529,0.92,9,1
9912,67534,0.96,5,1
9913,67537,0.98,3,1
9914,67541,0.97,4,1
9915,67549,0.93,8,1
9916,67553,0.97,4,1
9917,67556,0.98,3,1
9918,67559,0.98,3,1
9919,67567,0.93,8,1
9920,67575,0.93,8,1
9921,67582,0.94,7,1
9922,67586,0.97,4,1
9923,67588,0.99,2,1
9924,67596,0.93,8,1
9925,67607,0.9,11,1
9926,67609,0.99,2,1
9927,67613,0.97,4,1
9928,67619,0.95,6,1
9929,67624,0.96,5,1
9930,67626,0.99,2,1
9931,67628,0.99,2,1
9932,67633,0.96,5,1
9933,67641,0.93,8,1
9934,67648,0.94,7,1
9935,67649,1.0,1,1
9936,67656,0.94,7,1
9937,67662,0.95,6,1
9938,67672,0.91,10,1
9939,67674,0.99,2,1
9940,67679,0.96,5,1
9941,67680,1.0,1,1
9942,67689,0.92,9,1
9943,67696,0.94,7,1
9944,67699,0.98,3,1
9945,67702,0.98,3,1
9946,67704,0.99,2,1
9947,67705,1.0,1,1
9948,67713,0.93,8,1
9949,67720,0.94,7,1
9950,67733,0.88,13,1
9951,67738,0.96,5,1
9952,67743,0.96,5,1
9953,67747,0.97,4,1
9954,67750,0.98,3,1
9955,67758,0.93,8,1
9956,67767,0.92,9,1
9957,67774,0.94,7,1
9958,67780,0.95,6,1
9959,67784,0.97,4,1
9960,67794,0.91,10,1
9961,67797,0.98,3,1
9962,67801,0.97,4,1
9963,67807,0.95,6,1
9964,67818,0.9,11,1
9965,67825,0.94,7,1
9966,67826,1.0,1,1
9967,67833,0.94,7,1
9968,67841,0.93,8,1
9969,67847,0.95,6,1
9970,67852,0.96,5,1
9971,67854,0.99,2,1
9972,67855,1.0,1,1
9973,67863,0.93,8,1
9974,67867,0.97,4,1
9975,67873,0.95,6,1
9976,67886,0.88,13,1
9977,67889,0.98,3,1
9978,67895,0.95,6,1
9979,67898,0.98,3,1
9980,67910,0.89,12,1
9981,67911,1.0,1,1
9982,67914,0.98,3,1
9983,67928,0.87,14,1
9984,67931,0.98,3,1
9985,67940,0.92,9,1
9986,67948,0.93,8,1
9987,67956,0.93,8,1
9988,67960,0.97,4,1
9989,67961,1.0,1,1
9990,67965,0.97,4,1
9991,67976,0.9,11,1
9992,67983,0.94,7,1
9993,67992,0.92,9,1
9994,68005,0.88,13,1
9995,68016,0.9,11,1
9996,68020,0.97,4,1
9997,68021,1.0,1,1
9998,68027,0.95,6,1
9999,68037,0.91,10,1
10000,68040,0.98,3,1
10001,68046,0.95,6,1
10002,68054,0.93,8,1
10003,68056,0.99,2,1
10004,68057,1.0,1,1
10005,68058,1.0,1,1
10006,68065,0.94,7,1
10007,68075,0.91,10,1
10008,68081,0.95,6,1
10009,68085,0.97,4,1
10010,68090,0.96,5,1
10011,68096,0.95,6,1
10012,68105,0.92,9,1
10013,68106,1.0,1,1
10014,68109,0.98,3,1
10015,68110,1.0,1,1
10016,68117,0.94,7,1
10017,68121,0.97,4,1
10018,68129,0.93,8,1
10019,68133,0.97,4,1
10020,68144,0.9,11,1
10021,68149,0.96,5,1
10022,68150,1.0,1,1
10023,68153,0.98,3,1
10024,68158,0.96,5,1
10025,68165,0.94,7,1
10026,68167,0.99,2,1
10027,68169,0.99,2,1
10028,68174,0.96,5,1
10029,68177,0.98,3,1
10030,68184,0.94,7,1
10031,68185,1.0,1,1
10032,68191,0.95,6,1
10033,68198,0.94,7,1
10034,68202,0.97,4,1
10035,68209,0.94,7,1
10036,68221,0.89,12,1
10037,68226,0.96,5,1
10038,68230,0.97,4,1
10039,68234,0.97,4,1
10040,68240,0.95,6,1
10041,68243,0.98,3,1
10042,68252,0.92,9,1
10043,68258,0.95,6,1
10044,68265,0.94,7,1
10045,68270,0.96,5,1
10046,68278,0.93,8,1
10047,68289,0.9,11,1
10048,68290,1.0,1,1
10049,68292,0.99,2,1
10050,68298,0.95,6,1
10051,68302,0.97,4,1
10052,68304,0.99,2,1
10053,68307,0.98,3,1
10054,68312,0.96,5,1
10055,68318,0.95,6,1
10056,68326,0.93,8,1
10057,68329,0.98,3,1
10058,68332,0.98,3,1
10059,68339,0.94,7,1
10060,68356,0.84,17,1
10061,68361,0.96,5,1
10062,68368,0.94,7,1
10063,68377,0.92,9,1
10064,68378,1.0,1,1
10065,68386,0.93,8,1
10066,68387,1.0,1,1
10067,68400,0.88,13,1
10068,68404,0.97,4,1
10069,68408,0.97,4,1
10070,68417,0.92,9,1
10071,68423,0.95,6,1
10072,68426,0.98,3,1
10073,68431,0.96,5,1
10074,68438,0.94,7,1
10075,68442,0.97,4,1
10076,68447,0.96,5,1
10077,68449,0.99,2,1
10078,68457,0.93,8,1
10079,68466,0.92,9,1
10080,68471,0.96,5,1
10081,68476,0.96,5,1
10082,68478,0.99,2,1
10083,68488,0.91,10,1
10084,68496,0.93,8,1
10085,68497,1.0,1,1
10086,68499,0.99,2,1
10087,68508,0.92,9,1
10088,68521,0.88,13,1
10089,68526,0.96,5,1
10090,68533,0.94,7,1
10091,68538,0.96,5,1
10092,68542,0.97,4,1
10093,68548,0.95,6,1
10094,68549,1.0,1,1
10095,68554,0.96,5,1
10096,68556,0.99,2,1
10097,68561,0.96,5,1
10098,68569,0.93,8,1
10099,68576,0.94,7,1
10100,68596,0.81,20,1
10101,68601,0.96,5,1
10102,68609,0.93,8,1
10103,68620,0.9,11,1
10104,68627,0.94,7,1
10105,68635,0.93,8,1
10106,68638,0.98,3,1
10107,68650,0.89,12,1
10108,68652,0.99,2,1
10109,68657,0.96,5,1
10110,68666,0.92,9,1
10111,68671,0.96,5,1
10112,68686,0.86,15,1
10113,68693,0.94,7,1
10114,68698,0.96,5,1
10115,68704,0.95,6,1
10116,68710,0.95,6,1
10117,68715,0.96,5,1
10118,68726,0.9,11,1
10119,68732,0.95,6,1
10120,68734,0.99,2,1
10121,68738,0.97,4,1
10122,68742,0.97,4,1
10123,68746,0.97,4,1
10124,68749,0.98,3,1
10125,68754,0.96,5,1
10126,68759,0.96,5,1
10127,68760,1.0,1,1
10128,68765,0.96,5,1
10129,68769,0.97,4,1
10130,68775,0.95,6,1
10131,68782,0.94,7,1
10132,68788,0.95,6,1
10133,68791,0.98,3,1
10134,68802,0.9,11,1
10135,68809,0.94,7,1
10136,68821,0.89,12,1
10137,68827,0.95,6,1
10138,68843,0.85,16,1
10139,68849,0.95,6,1
10140,68851,0.99,2,1
10141,68855,0.97,4,1
10142,68859,0.97,4,1
10143,68865,0.95,6,1
10144,68868,0.98,3,1
10145,68871,0.98,3,1
10146,68874,0.98,3,1
10147,68879,0.96,5,1
10148,68886,0.94,7,1
10149,68901,0.86,15,1
10150,68906,0.96,5,1
10151,68911,0.96,5,1
10152,68912,1.0,1,1
10153,68916,0.97,4,1
10154,68922,0.95,6,1
10155,68932,0.91,10,1
10156,68936,0.97,4,1
10157,68939,0.98,3,1
10158,68941,0.99,2,1
10159,68946,0.96,5,1
10160,68949,0.98,3,1
10161,68952,0.98,3,1
10162,68958,0.95,6,1
10163,68963,0.96,5,1
10164,68974,0.9,11,1
10165,68979,0.96,5,1
10166,68983,0.97,4,1
10167,68985,0.99,2,1
10168,68990,0.96,5,1
10169,68994,0.97,4,1
10170,68997,0.98,3,1
10171,69006,0.92,9,1
10172,69009,0.98,3,1
10173,69012,0.98,3,1
10174,69017,0.96,5,1
10175,69029,0.89,12,1
10176,69048,0.82,19,1
10177,69049,1.0,1,1
10178,69056,0.94,7,1
10179,69058,0.99,2,1
10180,69066,0.93,8,1
10181,69071,0.96,5,1
10182,69074,0.98,3,1
10183,69079,0.96,5,1
10184,69083,0.97,4,1
10185,69085,0.99,2,1
10186,69093,0.93,8,1
10187,69106,0.88,13,1
10188,69115,0.92,9,1
10189,69118,0.98,3,1
10190,69125,0.94,7,1
10191,69131,0.95,6,1
10192,69138,0.94,7,1
10193,69149,0.9,11,1
10194,69159,0.91,10,1
10195,69166,0.94,7,1
10196,69172,0.95,6,1
10197,69174,0.99,2,1
10198,69178,0.97,4,1
10199,69185,0.94,7,1
10200,69188,0.98,3,1
10201,69196,0.93,8,1
10202,69200,0.97,4,1
10203,69206,0.95,6,1
10204,69214,0.93,8,1
10205,69219,0.96,5,1
10206,69224,0.96,5,1
10207,69232,0.93,8,1
10208,69241,0.92,9,1
10209,69245,0.97,4,1
10210,69252,0.94,7,1
10211,69258,0.95,6,1
10212,69259,1.0,1,1
10213,69265,0.95,6,1
10214,69267,0.99,2,1
10215,69274,0.94,7,1
10216,69281,0.94,7,1
10217,69285,0.97,4,1
10218,69286,1.0,1,1
10219,69290,0.97,4,1
10220,69296,0.95,6,1
10221,69299,0.98,3,1
10222,69300,1.0,1,1
10223,69309,0.92,9,1
10224,69312,0.98,3,1
10225,69317,0.96,5,1
10226,69321,0.97,4,1
10227,69323,0.99,2,1
10228,69343,0.81,20,1
10229,69355,0.89,12,1
10230,69356,1.0,1,1
10231,69360,0.97,4,1
10232,69366,0.95,6,1
10233,69372,0.95,6,1
10234,69373,1.0,1,1
10235,69374,1.0,1,1
10236,69379,0.96,5,1
10237,69389,0.91,10,1
10238,69390,1.0,1,1
10239,69397,0.94,7,1
10240,69402,0.96,5,1
10241,69419,0.84,17,1
10242,69424,0.96,5,1
10243,69430,0.95,6,1
10244,69440,0.91,10,1
10245,69441,1.0,1,1
10246,69442,1.0,1,1
10247,69445,0.98,3,1
10248,69450,0.96,5,1
10249,69455,0.96,5,1
10250,69456,1.0,1,1
10251,69467,0.9,11,1
10252,69469,0.99,2,1
10253,69477,0.93,8,1
10254,69482,0.96,5,1
10255,69485,0.98,3,1
10256,69491,0.95,6,1
10257,69498,0.94,7,1
10258,69505,0.94,7,1
10259,69510,0.96,5,1
10260,69517,0.94,7,1
10261,69521,0.97,4,1
10262,69524,0.98,3,1
10263,69530,0.95,6,1
10264,69532,0.99,2,1
10265,69536,0.97,4,1
10266,69541,0.96,5,1
10267,69548,0.94,7,1
10268,69549,1.0,1,1
10269,69556,0.94,7,1
10270,69562,0.95,6,1
10271,69567,0.96,5,1
10272,69573,0.95,6,1
10273,69578,0.96,5,1
10274,69583,0.96,5,1
10275,69587,0.97,4,1
10276,69592,0.96,5,1
10277,69594,0.99,2,1
10278,69596,0.99,2,1
10279,69603,0.94,7,1
10280,69604,1.0,1,1
10281,69610,0.95,6,1
10282,69618,0.93,8,1
10283,69621,0.98,3,1
10284,69622,1.0,1,1
10285,69624,0.99,2,1
10286,69629,0.96,5,1
10287,69639,0.91,10,1
10288,69644,0.96,5,1
10289,69652,0.93,8,1
10290,69658,0.95,6,1
10291,69663,0.96,5,1
10292,69671,0.93,8,1
10293,69674,0.98,3,1
10294,69681,0.94,7,1
10295,69684,0.98,3,1
10296,69694,0.91,10,1
10297,69699,0.96,5,1
10298,69704,0.96,5,1
10299,69712,0.93,8,1
10300,69717,0.96,5,1
10301,69722,0.96,5,1
10302,69732,0.91,10,1
10303,69734,0.99,2,1
10304,69741,0.94,7,1
10305,69743,0.99,2,1
10306,69748,0.96,5,1
10307,69755,0.94,7,1
10308,69762,0.94,7,1
10309,69767,0.96,5,1
10310,69772,0.96,5,1
10311,69778,0.95,6,1
10312,69786,0.93,8,1
10313,69792,0.95,6,1
10314,69796,0.97,4,1
10315,69803,0.94,7,1
10316,69810,0.94,7,1
10317,69816,0.95,6,1
10318,69825,0.92,9,1
10319,69827,0.99,2,1
10320,69828,1.0,1,1
10321,69836,0.93,8,1
10322,69838,0.99,2,1
10323,69841,0.98,3,1
10324,69843,0.99,2,1
10325,69851,0.93,8,1
10326,69856,0.96,5,1
10327,69859,0.98,3,1
10328,69861,0.99,2,1
10329,69870,0.92,9,1
10330,69871,1.0,1,1
10331,69874,0.98,3,1
10332,69877,0.98,3,1
10333,69879,0.99,2,1
10334,69891,0.89,12,1
10335,69897,0.95,6,1
10336,69901,0.97,4,1
10337,69905,0.97,4,1
10338,69912,0.94,7,1
10339,69916,0.97,4,1
10340,69922,0.95,6,1
10341,69929,0.94,7,1
10342,69932,0.98,3,1
10343,69940,0.93,8,1
10344,69944,0.97,4,1
10345,69950,0.95,6,1
10346,69952,0.99,2,1
10347,69959,0.94,7,1
10348,69962,0.98,3,1
10349,69975,0.88,13,1
10350,69979,0.97,4,1
10351,69999,0.81,20,1
10352,70002,0.98,3,1
10353,70009,0.94,7,1
10354,70013,0.97,4,1
10355,70017,0.97,4,1
10356,70018,1.0,1,1
10357,70030,0.89,12,1
10358,70034,0.97,4,1
10359,70038,0.97,4,1
10360,70041,0.98,3,1
10361,70043,0.99,2,1
10362,70046,0.98,3,1
10363,70053,0.94,7,1
10364,70057,0.97,4,1
10365,70062,0.96,5,1
10366,70075,0.88,13,1
10367,70082,0.94,7,1
10368,70088,0.95,6,1
10369,70091,0.98,3,1
10370,70097,0.95,6,1
10371,70106,0.92,9,1
10372,70110,0.97,4,1
10373,70115,0.96,5,1
10374,70117,0.99,2,1
10375,70118,1.0,1,1
10376,70125,0.94,7,1
10377,70130,0.96,5,1
10378,70142,0.89,12,1
10379,70146,0.97,4,1
10380,70153,0.94,7,1
10381,70165,0.89,12,1
10382,70172,0.94,7,1
10383,70173,1.0,1,1
10384,70179,0.95,6,1
10385,70188,0.92,9,1
10386,70194,0.95,6,1
10387,70205,0.9,11,1
10388,70211,0.95,6,1
10389,70213,0.99,2,1
10390,70216,0.98,3,1
10391,70220,0.97,4,1
10392,70226,0.95,6,1
10393,70228,0.99,2,1
10394,70236,0.93,8,1
10395,70249,0.88,13,1
10396,70251,0.99,2,1
10397,70258,0.94,7,1
10398,70261,0.98,3,1
10399,70268,0.94,7,1
10400,70276,0.93,8,1
10401,70281,0.96,5,1
10402,70284,0.98,3,1
10403,70285,1.0,1,1
10404,70288,0.98,3,1
10405,70290,0.99,2,1
10406,70298,0.93,8,1
10407,70301,0.98,3,1
10408,70311,0.91,10,1
10409,70314,0.98,3,1
10410,70320,0.95,6,1
10411,70327,0.94,7,1
10412,70328,1.0,1,1
10413,70332,0.97,4,1
10414,70333,1.0,1,1
10415,70334,1.0,1,1
10416,70338,0.97,4,1
10417,70342,0.97,4,1
10418,70345,0.98,3,1
10419,70350,0.96,5,1
10420,70356,0.95,6,1
10421,70363,0.94,7,1
10422,70369,0.95,6,1
10423,70370,1.0,1,1
10424,70374,0.97,4,1
10425,70381,0.94,7,1
10426,70385,0.97,4,1
10427,70394,0.92,9,1
10428,70398,0.97,4,1
10429,70407,0.92,9,1
10430,70408,1.0,1,1
10431,70413,0.96,5,1
10432,70420,0.94,7,1
10433,70421,1.0,1,1
10434,70422,1.0,1,1
10435,70426,0.97,4,1
10436,70431,0.96,5,1
10437,70435,0.97,4,1
10438,70445,0.91,10,1
10439,70447,0.99,2,1
10440,70452,0.96,5,1
10441,70457,0.96,5,1
10442,70462,0.96,5,1
10443,70468,0.95,6,1
10444,70476,0.93,8,1
10445,70480,0.97,4,1
10446,70484,0.97,4,1
10447,70490,0.95,6,1
10448,70501,0.9,11,1
10449,70502,1.0,1,1
10450,70507,0.96,5,1
10451,70512,0.96,5,1
10452,70516,0.97,4,1
10453,70521,0.96,5,1
10454,70522,1.0,1,1
10455,70548,0.75,26,1
10456,70550,0.99,2,1
10457,70553,0.98,3,1
10458,70557,0.97,4,1
10459,70561,0.97,4,1
10460,70569,0.93,8,1
10461,70583,0.87,14,1
10462,70587,0.97,4,1
10463,70590,0.98,3,1
10464,70596,0.95,6,1
10465,70605,0.92,9,1
10466,70609,0.97,4,1
10467,70611,0.99,2,1
10468,70615,0.97,4,1
10469,70622,0.94,7,1
10470,70632,0.91,10,1
10471,70634,0.99,2,1
10472,70636,0.99,2,1
10473,70641,0.96,5,1
10474,70651,0.91,10,1
10475,70655,0.97,4,1
10476,70660,0.96,5,1
10477,70661,1.0,1,1
10478,70663,0.99,2,1
10479,70667,0.97,4,1
10480,70676,0.92,9,1
10481,70679,0.98,3,1
10482,70688,0.92,9,1
10483,70689,1.0,1,1
10484,70695,0.95,6,1
10485,70707,0.89,12,1
10486,70712,0.96,5,1
10487,70718,0.95,6,1
10488,70720,0.99,2,1
10489,70724,0.97,4,1
10490,70731,0.94,7,1
10491,70736,0.96,5,1
10492,70745,0.92,9,1
10493,70748,0.98,3,1
10494,70754,0.95,6,1
10495,70759,0.96,5,1
10496,70766,0.94,7,1
10497,70771,0.96,5,1
10498,70774,0.98,3,1
10499,70775,1.0,1,1
10500,70778,0.98,3,1
10501,70790,0.89,12,1
10502,70796,0.95,6,1
10503,70803,0.94,7,1
10504,70811,0.93,8,1
10505,70815,0.97,4,1
10506,70816,1.0,1,1
10507,70817,1.0,1,1
10508,70819,0.99,2,1
10509,70824,0.96,5,1
10510,70830,0.95,6,1
10511,70835,0.96,5,1
10512,70843,0.93,8,1
10513,70848,0.96,5,1
10514,70854,0.95,6,1
10515,70857,0.98,3,1
10516,70865,0.93,8,1
10517,70866,1.0,1,1
10518,70875,0.92,9,1
10519,70877,0.99,2,1
10520,70878,1.0,1,1
10521,70885,0.94,7,1
10522,70887,0.99,2,1
10523,70896,0.92,9,1
10524,70898,0.99,2,1
10525,70903,0.96,5,1
10526,70913,0.91,10,1
10527,70925,0.89,12,1
10528,70931,0.95,6,1
10529,70939,0.93,8,1
10530,70949,0.91,10,1
10531,70957,0.93,8,1
10532,70962,0.96,5,1
10533,70969,0.94,7,1
10534,70972,0.98,3,1
10535,70975,0.98,3,1
10536,70979,0.97,4,1
10537,70987,0.93,8,1
10538,70999,0.89,12,1
10539,71009,0.91,10,1
10540,71011,0.99,2,1
10541,71019,0.93,8,1
10542,71022,0.98,3,1
10543,71027,0.96,5,1
10544,71031,0.97,4,1
10545,71034,0.98,3,1
10546,71035,1.0,1,1
10547,71044,0.92,9,1
10548,71048,0.97,4,1
10549,71049,1.0,1,1
10550,71054,0.96,5,1
10551,71064,0.91,10,1
10552,71068,0.97,4,1
10553,71075,0.94,7,1
10554,71078,0.98,3,1
10555,71082,0.97,4,1
10556,71089,0.94,7,1
10557,71095,0.95,6,1
10558,71100,0.96,5,1
10559,71105,0.96,5,1
10560,71114,0.92,9,1
10561,71116,0.99,2,1
10562,71120,0.97,4,1
10563,71123,0.98,3,1
10564,71127,0.97,4,1
10565,71133,0.95,6,1
10566,71139,0.95,6,1
10567,71148,0.92,9,1
10568,71154,0.95,6,1
10569,71161,0.94,7,1
10570,71163,0.99,2,1
10571,71168,0.96,5,1
10572,71175,0.94,7,1
10573,71182,0.94,7,1
10574,71186,0.97,4,1
10575,71190,0.97,4,1
10576,71202,0.89,12,1
10577,71208,0.95,6,1
10578,71210,0.99,2,1
10579,71214,0.97,4,1
10580,71219,0.96,5,1
10581,71220,1.0,1,1
10582,71224,0.97,4,1
10583,71228,0.97,4,1
10584,71233,0.96,5,1
10585,71237,0.97,4,1
10586,71243,0.95,6,1
10587,71254,0.9,11,1
10588,71261,0.94,7,1
10589,71267,0.95,6,1
10590,71272,0.96,5,1
10591,71276,0.97,4,1
10592,71277,1.0,1,1
10593,71284,0.94,7,1
10594,71290,0.95,6,1
10595,71296,0.95,6,1
10596,71302,0.95,6,1
10597,71303,1.0,1,1
10598,71308,0.96,5,1
10599,71312,0.97,4,1
10600,71313,1.0,1,1
10601,71324,0.9,11,1
10602,71329,0.96,5,1
10603,71334,0.96,5,1
10604,71338,0.97,4,1
10605,71345,0.94,7,1
10606,71350,0.96,5,1
10607,71352,0.99,2,1
10608,71354,0.99,2,1
10609,71359,0.96,5,1
10610,71369,0.91,10,1
10611,71373,0.97,4,1
10612,71380,0.94,7,1
10613,71384,0.97,4,1
10614,71392,0.93,8,1
10615,71395,0.98,3,1
10616,71401,0.95,6,1
10617,71403,0.99,2,1
10618,71408,0.96,5,1
10619,71412,0.97,4,1
10620,71416,0.97,4,1
10621,71420,0.97,4,1
10622,71427,0.94,7,1
10623,71431,0.97,4,1
10624,71436,0.96,5,1
10625,71442,0.95,6,1
10626,71446,0.97,4,1
10627,71451,0.96,5,1
10628,71458,0.94,7,1
10629,71463,0.96,5,1
10630,71464,1.0,1,1
10631,71469,0.96,5,1
10632,71474,0.96,5,1
10633,71477,0.98,3,1
10634,71478,1.0,1,1
10635,71482,0.97,4,1
10636,71484,0.99,2,1
10637,71486,0.99,2,1
10638,71487,1.0,1,1
10639,71490,0.98,3,1
10640,71495,0.96,5,1
10641,71499,0.97,4,1
10642,71501,0.99,2,1
10643,71505,0.97,4,1
10644,71506,1.0,1,1
10645,71508,0.99,2,1
10646,71513,0.96,5,1
10647,71518,0.96,5,1
10648,71522,0.97,4,1
10649,71528,0.95,6,1
10650,71531,0.98,3,1
10651,71540,0.92,9,1
10652,71545,0.96,5,1
10653,71551,0.95,6,1
10654,71557,0.95,6,1
10655,71565,0.93,8,1
10656,71572,0.94,7,1
10657,71581,0.92,9,1
10658,71583,0.99,2,1
10659,71588,0.96,5,1
10660,71594,0.95,6,1
10661,71598,0.97,4,1
10662,71603,0.96,5,1
10663,71613,0.91,10,1
10664,71623,0.91,10,1
10665,71628,0.96,5,1
10666,71630,0.99,2,1
10667,71636,0.95,6,1
10668,71643,0.94,7,1
10669,71646,0.98,3,1
10670,71657,0.9,11,1
10671,71660,0.98,3,1
10672,71664,0.97,4,1
10673,71669,0.96,5,1
10674,71676,0.94,7,1
10675,71679,0.98,3,1
10676,71686,0.94,7,1
10677,71695,0.92,9,1
10678,71702,0.94,7,1
10679,71707,0.96,5,1
10680,71711,0.97,4,1
10681,71712,1.0,1,1
10682,71714,0.99,2,1
10683,71721,0.94,7,1
10684,71726,0.96,5,1
10685,71735,0.92,9,1
10686,71746,0.9,11,1
10687,71751,0.96,5,1
10688,71755,0.97,4,1
10689,71761,0.95,6,1
10690,71765,0.97,4,1
10691,71769,0.97,4,1
10692,71776,0.94,7,1
10693,71781,0.96,5,1
10694,71791,0.91,10,1
10695,71799,0.93,8,1
10696,71802,0.98,3,1
10697,71811,0.92,9,1
10698,71818,0.94,7,1
10699,71824,0.95,6,1
10700,71825,1.0,1,1
10701,71828,0.98,3,1
10702,71837,0.92,9,1
10703,71841,0.97,4,1
10704,71845,0.97,4,1
10705,71856,0.9,11,1
10706,71858,0.99,2,1
10707,71861,0.98,3,1
10708,71863,0.99,2,1
10709,71867,0.97,4,1
10710,71873,0.95,6,1
10711,71880,0.94,7,1
10712,71884,0.97,4,1
10713,71892,0.93,8,1
10714,71896,0.97,4,1
10715,71900,0.97,4,1
10716,71904,0.97,4,1
10717,71906,0.99,2,1
10718,71909,0.98,3,1
10719,71918,0.92,9,1
10720,71926,0.93,8,1
10721,71931,0.96,5,1
10722,71934,0.98,3,1
10723,71938,0.97,4,1
10724,71940,0.99,2,1
10725,71951,0.9,11,1
10726,71953,0.99,2,1
10727,71960,0.94,7,1
10728,71965,0.96,5,1
10729,71971,0.95,6,1
10730,71973,0.99,2,1
10731,71984,0.9,11,1
10732,71988,0.97,4,1
10733,71990,0.99,2,1
10734,72001,0.9,11,1
10735,72003,0.99,2,1
10736,72005,0.99,2,1
10737,72012,0.94,7,1
10738,72021,0.92,9,1
10739,72028,0.94,7,1
10740,72043,0.86,15,1
10741,72059,0.85,16,1
10742,72061,0.99,2,1
10743,72088,0.74,27,1
10744,72091,0.98,3,1
10745,72098,0.94,7,1
10746,72099,1.0,1,1
10747,72102,0.98,3,1
10748,72110,0.93,8,1
10749,72113,0.98,3,1
10750,72119,0.95,6,1
10751,72124,0.96,5,1
10752,72126,0.99,2,1
10753,72129,0.98,3,1
10754,72137,0.93,8,1
10755,72149,0.89,12,1
10756,72160,0.9,11,1
10757,72161,1.0,1,1
10758,72171,0.91,10,1
10759,72177,0.95,6,1
10760,72182,0.96,5,1
10761,72188,0.95,6,1
10762,72190,0.99,2,1
10763,72199,0.92,9,1
10764,72202,0.98,3,1
10765,72207,0.96,5,1
10766,72214,0.94,7,1
10767,72217,0.98,3,1
10768,72221,0.97,4,1
10769,72227,0.95,6,1
10770,72231,0.97,4,1
10771,72242,0.9,11,1
10772,72249,0.94,7,1
10773,72259,0.91,10,1
10774,72268,0.92,9,1
10775,72270,0.99,2,1
10776,72275,0.96,5,1
10777,72282,0.94,7,1
10778,72288,0.95,6,1
10779,72290,0.99,2,1
10780,72291,1.0,1,1
10781,72303,0.89,12,1
10782,72306,0.98,3,1
10783,72313,0.94,7,1
10784,72321,0.93,8,1
10785,72322,1.0,1,1
10786,72324,0.99,2,1
10787,72328,0.97,4,1
10788,72331,0.98,3,1
10789,72338,0.94,7,1
10790,72342,0.97,4,1
10791,72351,0.92,9,1
10792,72361,0.91,10,1
10793,72362,1.0,1,1
10794,72370,0.93,8,1
10795,72371,1.0,1,1
10796,72374,0.98,3,1
10797,72381,0.94,7,1
10798,72390,0.92,9,1
10799,72392,0.99,2,1
10800,72393,1.0,1,1
10801,72399,0.95,6,1
10802,72402,0.98,3,1
10803,72405,0.98,3,1
10804,72408,0.98,3,1
10805,72410,0.99,2,1
10806,72418,0.93,8,1
10807,72424,0.95,6,1
10808,72436,0.89,12,1
10809,72448,0.89,12,1
10810,72451,0.98,3,1
10811,72452,1.0,1,1
10812,72457,0.96,5,1
10813,72461,0.97,4,1
10814,72465,0.97,4,1
10815,72467,0.99,2,1
10816,72468,1.0,1,1
10817,72476,0.93,8,1
10818,72485,0.92,9,1
10819,72493,0.93,8,1
10820,72500,0.94,7,1
10821,72508,0.93,8,1
10822,72512,0.97,4,1
10823,72517,0.96,5,1
10824,72519,0.99,2,1
10825,72527,0.93,8,1
10826,72537,0.91,10,1
10827,72544,0.94,7,1
10828,72555,0.9,11,1
10829,72564,0.92,9,1
10830,72571,0.94,7,1
10831,72575,0.97,4,1
10832,72583,0.93,8,1
10833,72588,0.96,5,1
10834,72592,0.97,4,1
10835,72595,0.98,3,1
10836,72596,1.0,1,1
10837,72604,0.93,8,1
10838,72611,0.94,7,1
10839,72617,0.95,6,1
10840,72622,0.96,5,1
10841,72623,1.0,1,1
10842,72624,1.0,1,1
10843,72630,0.95,6,1
10844,72637,0.94,7,1
10845,72644,0.94,7,1
10846,72654,0.91,10,1
10847,72656,0.99,2,1
10848,72662,0.95,6,1
10849,72669,0.94,7,1
10850,72679,0.91,10,1
10851,72689,0.91,10,1
10852,72699,0.91,10,1
10853,72702,0.98,3,1
10854,72718,0.85,16,1
10855,72725,0.94,7,1
10856,72736,0.9,11,1
10857,72744,0.93,8,1
10858,72749,0.96,5,1
10859,72756,0.94,7,1
10860,72762,0.95,6,1
10861,72764,0.99,2,1
10862,72773,0.92,9,1
10863,72781,0.93,8,1
10864,72786,0.96,5,1
10865,72789,0.98,3,1
10866,72794,0.96,5,1
10867,72800,0.95,6,1
10868,72804,0.97,4,1
10869,72813,0.92,9,1
10870,72816,0.98,3,1
10871,72820,0.97,4,1
10872,72824,0.97,4,1
10873,72828,0.97,4,1
10874,72834,0.95,6,1
10875,72847,0.88,13,1
10876,72849,0.99,2,1
10877,72851,0.99,2,1
10878,72860,0.92,9,1
10879,72868,0.93,8,1
10880,72876,0.93,8,1
10881,72880,0.97,4,1
10882,72881,1.0,1,1
10883,72887,0.95,6,1
10884,72895,0.93,8,1
10885,72900,0.96,5,1
10886,72906,0.95,6,1
10887,72909,0.98,3,1
10888,72916,0.94,7,1
10889,72922,0.95,6,1
10890,72927,0.96,5,1
10891,72929,0.99,2,1
10892,72939,0.91,10,1
10893,72945,0.95,6,1
10894,72951,0.95,6,1
10895,72954,0.98,3,1
10896,72958,0.97,4,1
10897,72960,0.99,2,1
10898,72966,0.95,6,1
10899,72970,0.97,4,1
10900,72975,0.96,5,1
10901,72985,0.91,10,1
10902,72987,0.99,2,1
10903,72993,0.95,6,1
10904,73002,0.92,9,1
10905,73003,1.0,1,1
10906,73011,0.93,8,1
10907,73019,0.93,8,1
10908,73025,0.95,6,1
10909,73036,0.9,11,1
10910,73052,0.85,16,1
10911,73055,0.98,3,1
10912,73061,0.95,6,1
10913,73064,0.98,3,1
10914,73066,0.99,2,1
10915,73067,1.0,1,1
10916,73072,0.96,5,1
10917,73074,0.99,2,1
10918,73081,0.94,7,1
10919,73084,0.98,3,1
10920,73092,0.93,8,1
10921,73101,0.92,9,1
10922,73110,0.92,9,1
10923,73115,0.96,5,1
10924,73122,0.94,7,1
10925,73123,1.0,1,1
10926,73132,0.92,9,1
10927,73141,0.92,9,1
10928,73146,0.96,5,1
10929,73152,0.95,6,1
10930,73154,0.99,2,1
10931,73159,0.96,5,1
10932,73168,0.92,9,1
10933,73170,0.99,2,1
10934,73181,0.9,11,1
10935,73187,0.95,6,1
10936,73197,0.91,10,1
10937,73200,0.98,3,1
10938,73207,0.94,7,1
10939,73214,0.94,7,1
10940,73221,0.94,7,1
10941,73232,0.9,11,1
10942,73235,0.98,3,1
10943,73236,1.0,1,1
10944,73237,1.0,1,1
10945,73239,0.99,2,1
10946,73243,0.97,4,1
10947,73254,0.9,11,1
10948,73259,0.96,5,1
10949,73262,0.98,3,1
10950,73270,0.93,8,1
10951,73272,0.99,2,1
10952,73275,0.98,3,1
10953,73282,0.94,7,1
10954,73286,0.97,4,1
10955,73293,0.94,7,1
10956,73297,0.97,4,1
10957,73301,0.97,4,1
10958,73306,0.96,5,1
10959,73308,0.99,2,1
10960,73311,0.98,3,1
10961,73316,0.96,5,1
10962,73319,0.98,3,1
10963,73324,0.96,5,1
10964,73334,0.91,10,1
10965,73340,0.95,6,1
10966,73344,0.97,4,1
10967,73354,0.91,10,1
10968,73362,0.93,8,1
10969,73366,0.97,4,1
10970,73379,0.88,13,1
10971,73389,0.91,10,1
10972,73393,0.97,4,1
10973,73397,0.97,4,1
10974,73400,0.98,3,1
10975,73403,0.98,3,1
10976,73406,0.98,3,1
10977,73409,0.98,3,1
10978,73419,0.91,10,1
10979,73430,0.9,11,1
10980,73439,0.92,9,1
10981,73446,0.94,7,1
10982,73448,0.99,2,1
10983,73456,0.93,8,1
10984,73468,0.89,12,1
10985,73471,0.98,3,1
10986,73476,0.96,5,1
10987,73482,0.95,6,1
10988,73483,1.0,1,1
10989,73486,0.98,3,1
10990,73489,0.98,3,1
10991,73495,0.95,6,1
10992,73500,0.96,5,1
10993,73509,0.92,9,1
10994,73517,0.93,8,1
10995,73522,0.96,5,1
10996,73524,0.99,2,1
10997,73535,0.9,11,1
10998,73537,0.99,2,1
10999,73541,0.97,4,1
11000,73543,0.99,2,1
11001,73548,0.96,5,1
11002,73552,0.97,4,1
11003,73560,0.93,8,1
11004,73563,0.98,3,1
11005,73568,0.96,5,1
11006,73574,0.95,6,1
11007,73581,0.94,7,1
11008,73592,0.9,11,1
11009,73601,0.92,9,1
11010,73603,0.99,2,1
11011,73605,0.99,2,1
11012,73613,0.93,8,1
11013,73618,0.96,5,1
11014,73626,0.93,8,1
11015,73628,0.99,2,1
11016,73635,0.94,7,1
11017,73650,0.86,15,1
11018,73658,0.93,8,1
11019,73666,0.93,8,1
11020,73672,0.95,6,1
11021,73679,0.94,7,1
11022,73683,0.97,4,1
11023,73688,0.96,5,1
11024,73690,0.99,2,1
11025,73693,0.98,3,1
11026,73698,0.96,5,1
11027,73700,0.99,2,1
11028,73703,0.98,3,1
11029,73711,0.93,8,1
11030,73714,0.98,3,1
11031,73717,0.98,3,1
11032,73719,0.99,2,1
11033,73727,0.93,8,1
11034,73729,0.99,2,1
11035,73736,0.94,7,1
11036,73745,0.92,9,1
11037,73752,0.94,7,1
11038,73758,0.95,6,1
11039,73768,0.91,10,1
11040,73774,0.95,6,1
11041,73780,0.95,6,1
11042,73784,0.97,4,1
11043,73788,0.97,4,1
11044,73793,0.96,5,1
11045,73805,0.89,12,1
11046,73808,0.98,3,1
11047,73809,1.0,1,1
11048,73810,1.0,1,1
11049,73813,0.98,3,1
11050,73818,0.96,5,1
11051,73823,0.96,5,1
11052,73833,0.91,10,1
11053,73842,0.92,9,1
11054,73848,0.95,6,1
11055,73849,1.0,1,1
11056,73855,0.95,6,1
11057,73861,0.95,6,1
11058,73871,0.91,10,1
11059,73882,0.9,11,1
11060,73894,0.89,12,1
11061,73896,0.99,2,1
11062,73897,1.0,1,1
11063,73900,0.98,3,1
11064,73906,0.95,6,1
11065,73910,0.97,4,1
11066,73915,0.96,5,1
11067,73924,0.92,9,1
11068,73925,1.0,1,1
11069,73939,0.87,14,1
11070,73940,1.0,1,1
11071,73944,0.97,4,1
11072,73948,0.97,4,1
11073,73949,1.0,1,1
11074,73951,0.99,2,1
11075,73954,0.98,3,1
11076,73960,0.95,6,1
11077,73963,0.98,3,1
11078,73972,0.92,9,1
11079,73975,0.98,3,1
11080,73984,0.92,9,1
11081,73989,0.96,5,1
11082,73993,0.97,4,1
11083,74004,0.9,11,1
11084,74007,0.98,3,1
11085,74012,0.96,5,1
11086,74024,0.89,12,1
11087,74029,0.96,5,1
11088,74040,0.9,11,1
11089,74050,0.91,10,1
11090,74056,0.95,6,1
11091,74059,0.98,3,1
11092,74064,0.96,5,1
11093,74068,0.97,4,1
11094,74077,0.92,9,1
11095,74080,0.98,3,1
11096,74081,1.0,1,1
11097,74085,0.97,4,1
11098,74095,0.91,10,1
11099,74103,0.93,8,1
11100,74110,0.94,7,1
11101,74113,0.98,3,1
11102,74118,0.96,5,1
11103,74125,0.94,7,1
11104,74128,0.98,3,1
11105,74136,0.93,8,1
11106,74141,0.96,5,1
11107,74148,0.94,7,1
11108,74155,0.94,7,1
11109,74157,0.99,2,1
11110,74164,0.94,7,1
11111,74165,1.0,1,1
11112,74170,0.96,5,1
11113,74172,0.99,2,1
11114,74182,0.91,10,1
11115,74186,0.97,4,1
11116,74188,0.99,2,1
11117,74189,1.0,1,1
11118,74196,0.94,7,1
11119,74197,1.0,1,1
11120,74198,1.0,1,1
11121,74207,0.92,9,1
11122,74208,1.0,1,1
11123,74209,1.0,1,1
11124,74211,0.99,2,1
11125,74215,0.97,4,1
11126,74220,0.96,5,1
11127,74221,1.0,1,1
11128,74229,0.93,8,1
11129,74235,0.95,6,1
11130,74238,0.98,3,1
11131,74242,0.97,4,1
11132,74244,0.99,2,1
11133,74245,1.0,1,1
11134,74251,0.95,6,1
11135,74255,0.97,4,1
11136,74263,0.93,8,1
11137,74268,0.96,5,1
11138,74272,0.97,4,1
11139,74282,0.91,10,1
11140,74291,0.92,9,1
11141,74292,1.0,1,1
11142,74294,0.99,2,1
11143,74299,0.96,5,1
11144,74301,0.99,2,1
11145,74305,0.97,4,1
11146,74316,0.9,11,1
11147,74322,0.95,6,1
11148,74327,0.96,5,1
11149,74331,0.97,4,1
11150,74334,0.98,3,1
11151,74342,0.93,8,1
11152,74343,1.0,1,1
11153,74346,0.98,3,1
11154,74350,0.97,4,1
11155,74355,0.96,5,1
11156,74364,0.92,9,1
11157,74373,0.92,9,1
11158,74380,0.94,7,1
11159,74381,1.0,1,1
11160,74382,1.0,1,1
11161,74384,0.99,2,1
11162,74386,0.99,2,1
11163,74391,0.96,5,1
11164,74395,0.97,4,1
11165,74407,0.89,12,1
11166,74410,0.98,3,1
11167,74411,1.0,1,1
11168,74417,0.95,6,1
11169,74423,0.95,6,1
11170,74428,0.96,5,1
11171,74432,0.97,4,1
11172,74433,1.0,1,1
11173,74442,0.92,9,1
11174,74450,0.93,8,1
11175,74452,0.99,2,1
11176,74453,1.0,1,1
11177,74463,0.91,10,1
11178,74470,0.94,7,1
11179,74482,0.89,12,1
11180,74486,0.97,4,1
11181,74488,0.99,2,1
11182,74489,1.0,1,1
11183,74491,0.99,2,1
11184,74504,0.88,13,1
11185,74507,0.98,3,1
11186,74515,0.93,8,1
11187,74521,0.95,6,1
11188,74526,0.96,5,1
11189,74533,0.94,7,1
11190,74536,0.98,3,1
11191,74551,0.86,15,1
11192,74552,1.0,1,1
11193,74555,0.98,3,1
11194,74557,0.99,2,1
11195,74559,0.99,2,1
11196,74566,0.94,7,1
11197,74569,0.98,3,1
11198,74575,0.95,6,1
11199,74587,0.89,12,1
11200,74594,0.94,7,1
11201,74601,0.94,7,1
11202,74611,0.91,10,1
11203,74612,1.0,1,1
11204,74619,0.94,7,1
11205,74629,0.91,10,1
11206,74633,0.97,4,1
11207,74637,0.97,4,1
11208,74645,0.93,8,1
11209,74652,0.94,7,1
11210,74661,0.92,9,1
11211,74663,0.99,2,1
11212,74668,0.96,5,1
11213,74673,0.96,5,1
11214,74679,0.95,6,1
11215,74691,0.89,12,1
11216,74695,0.97,4,1
11217,74697,0.99,2,1
11218,74713,0.85,16,1
11219,74720,0.94,7,1
11220,74728,0.93,8,1
11221,74732,0.97,4,1
11222,74739,0.94,7,1
11223,74743,0.97,4,1
11224,74752,0.92,9,1
11225,74755,0.98,3,1
11226,74761,0.95,6,1
11227,74768,0.94,7,1
11228,74777,0.92,9,1
11229,74784,0.94,7,1
11230,74787,0.98,3,1
11231,74806,0.82,19,1
11232,74812,0.95,6,1
11233,74815,0.98,3,1
11234,74817,0.99,2,1
11235,74824,0.94,7,1
11236,74828,0.97,4,1
11237,74838,0.91,10,1
11238,74839,1.0,1,1
11239,74845,0.95,6,1
11240,74850,0.96,5,1
11241,74859,0.92,9,1
11242,74861,0.99,2,1
11243,74868,0.94,7,1
11244,74870,0.99,2,1
11245,74873,0.98,3,1
11246,74877,0.97,4,1
11247,74879,0.99,2,1
11248,74882,0.98,3,1
11249,74887,0.96,5,1
11250,74889,0.99,2,1
11251,74891,0.99,2,1
11252,74897,0.95,6,1
11253,74905,0.93,8,1
11254,74912,0.94,7,1
11255,74922,0.91,10,1
11256,74929,0.94,7,1
11257,74930,1.0,1,1
11258,74935,0.96,5,1
11259,74936,1.0,1,1
11260,74944,0.93,8,1
11261,74946,0.99,2,1
11262,74950,0.97,4,1
11263,74967,0.84,17,1
11264,74971,0.97,4,1
11265,74980,0.92,9,1
11266,74987,0.94,7,1
11267,74991,0.97,4,1
11268,74992,1.0,1,1
11269,75001,0.92,9,1
11270,75007,0.95,6,1
11271,75019,0.89,12,1
11272,75021,0.99,2,1
11273,75024,0.98,3,1
11274,75029,0.96,5,1
11275,75031,0.99,2,1
11276,75039,0.93,8,1
11277,75043,0.97,4,1
11278,75045,0.99,2,1
11279,75048,0.98,3,1
11280,75054,0.95,6,1
11281,75059,0.96,5,1
11282,75065,0.95,6,1
11283,75067,0.99,2,1
11284,75069,0.99,2,1
11285,75072,0.98,3,1
11286,75077,0.96,5,1
11287,75079,0.99,2,1
11288,75084,0.96,5,1
11289,75090,0.95,6,1
11290,75096,0.95,6,1
11291,75104,0.93,8,1
11292,75107,0.98,3,1
11293,75110,0.98,3,1
11294,75122,0.89,12,1
11295,75126,0.97,4,1
11296,75134,0.93,8,1
11297,75139,0.96,5,1
11298,75145,0.95,6,1
11299,75150,0.96,5,1
11300,75154,0.97,4,1
11301,75160,0.95,6,1
11302,75161,1.0,1,1
11303,75165,0.97,4,1
11304,75166,1.0,1,1
11305,75177,0.9,11,1
11306,75178,1.0,1,1
11307,75185,0.94,7,1
11308,75186,1.0,1,1
11309,75194,0.93,8,1
11310,75202,0.93,8,1
11311,75212,0.91,10,1
11312,75215,0.98,3,1
11313,75238,0.78,23,1
11314,75247,0.92,9,1
11315,75255,0.93,8,1
11316,75272,0.84,17,1
11317,75277,0.96,5,1
11318,75282,0.96,5,1
11319,75284,0.99,2,1
11320,75288,0.97,4,1
11321,75293,0.96,5,1
11322,75297,0.97,4,1
11323,75305,0.93,8,1
11324,75311,0.95,6,1
11325,75318,0.94,7,1
11326,75319,1.0,1,1
11327,75320,1.0,1,1
11328,75324,0.97,4,1
11329,75330,0.95,6,1
11330,75338,0.93,8,1
11331,75346,0.93,8,1
11332,75351,0.96,5,1
11333,75354,0.98,3,1
11334,75358,0.97,4,1
11335,75367,0.92,9,1
11336,75374,0.94,7,1
11337,75384,0.91,10,1
11338,75387,0.98,3,1
11339,75391,0.97,4,1
11340,75396,0.96,5,1
11341,75404,0.93,8,1
11342,75414,0.91,10,1
11343,75422,0.93,8,1
11344,75425,0.98,3,1
11345,75427,0.99,2,1
11346,75433,0.95,6,1
11347,75434,1.0,1,1
11348,75439,0.96,5,1
11349,75449,0.91,10,1
11350,75456,0.94,7,1
11351,75460,0.97,4,1
11352,75465,0.96,5,1
11353,75473,0.93,8,1
11354,75477,0.97,4,1
11355,75478,1.0,1,1
11356,75479,1.0,1,1
11357,75488,0.92,9,1
11358,75493,0.96,5,1
11359,75496,0.98,3,1
11360,75497,1.0,1,1
11361,75498,1.0,1,1
11362,75508,0.91,10,1
11363,75523,0.86,15,1
11364,75531,0.93,8,1
11365,75533,0.99,2,1
11366,75538,0.96,5,1
11367,75544,0.95,6,1
11368,75550,0.95,6,1
11369,75555,0.96,5,1
11370,75558,0.98,3,1
11371,75560,0.99,2,1
11372,75564,0.97,4,1
11373,75570,0.95,6,1
11374,75575,0.96,5,1
11375,75583,0.93,8,1
11376,75590,0.94,7,1
11377,75593,0.98,3,1
11378,75598,0.96,5,1
11379,75599,1.0,1,1
11380,75600,1.0,1,1
11381,75602,0.99,2,1
11382,75608,0.95,6,1
11383,75609,1.0,1,1
11384,75612,0.98,3,1
11385,75616,0.97,4,1
11386,75617,1.0,1,1
11387,75624,0.94,7,1
11388,75626,0.99,2,1
11389,75628,0.99,2,1
11390,75631,0.98,3,1
11391,75634,0.98,3,1
11392,75640,0.95,6,1
11393,75646,0.95,6,1
11394,75653,0.94,7,1
11395,75662,0.92,9,1
11396,75669,0.94,7,1
11397,75675,0.95,6,1
11398,75683,0.93,8,1
11399,75689,0.95,6,1
11400,75691,0.99,2,1
11401,75696,0.96,5,1
11402,75702,0.95,6,1
11403,75707,0.96,5,1
11404,75713,0.95,6,1
11405,75722,0.92,9,1
11406,75730,0.93,8,1
11407,75736,0.95,6,1
11408,75738,0.99,2,1
11409,75746,0.93,8,1
11410,75756,0.91,10,1
11411,75764,0.93,8,1
11412,75766,0.99,2,1
11413,75770,0.97,4,1
11414,75772,0.99,2,1
11415,75776,0.97,4,1
11416,75777,1.0,1,1
11417,75779,0.99,2,1
11418,75785,0.95,6,1
11419,75788,0.98,3,1
11420,75793,0.96,5,1
11421,75800,0.94,7,1
11422,75804,0.97,4,1
11423,75807,0.98,3,1
11424,75816,0.92,9,1
11425,75826,0.91,10,1
11426,75827,1.0,1,1
11427,75834,0.94,7,1
11428,75842,0.93,8,1
11429,75851,0.92,9,1
11430,75857,0.95,6,1
11431,75860,0.98,3,1
11432,75863,0.98,3,1
11433,75867,0.97,4,1
11434,75874,0.94,7,1
11435,75881,0.94,7,1
11436,75883,0.99,2,1
11437,75890,0.94,7,1
11438,75898,0.93,8,1
11439,75904,0.95,6,1
11440,75907,0.98,3,1
11441,75913,0.95,6,1
11442,75919,0.95,6,1
11443,75921,0.99,2,1
11444,75923,0.99,2,1
11445,75929,0.95,6,1
11446,75930,1.0,1,1
11447,75932,0.99,2,1
11448,75940,0.93,8,1
11449,75944,0.97,4,1
11450,75956,0.89,12,1
11451,75961,0.96,5,1
11452,75964,0.98,3,1
11453,75972,0.93,8,1
11454,75975,0.98,3,1
11455,75978,0.98,3,1
11456,75979,1.0,1,1
11457,75986,0.94,7,1
11458,75990,0.97,4,1
11459,75994,0.97,4,1
11460,76001,0.94,7,1
11461,76012,0.9,11,1
11462,76017,0.96,5,1
11463,76019,0.99,2,1
11464,76024,0.96,5,1
11465,76031,0.94,7,1
11466,76037,0.95,6,1
11467,76042,0.96,5,1
11468,76049,0.94,7,1
11469,76053,0.97,4,1
11470,76054,1.0,1,1
11471,76056,0.99,2,1
11472,76063,0.94,7,1
11473,76068,0.96,5,1
11474,76070,0.99,2,1
11475,76077,0.94,7,1
11476,76087,0.91,10,1
11477,76090,0.98,3,1
11478,76096,0.95,6,1
11479,76102,0.95,6,1
11480,76103,1.0,1,1
11481,76110,0.94,7,1
11482,76123,0.88,13,1
11483,76129,0.95,6,1
11484,76134,0.96,5,1
11485,76135,1.0,1,1
11486,76144,0.92,9,1
11487,76150,0.95,6,1
11488,76159,0.92,9,1
11489,76164,0.96,5,1
11490,76170,0.95,6,1
11491,76172,0.99,2,1
11492,76180,0.93,8,1
11493,76195,0.86,15,1
11494,76205,0.91,10,1
11495,76215,0.91,10,1
11496,76228,0.88,13,1
11497,76236,0.93,8,1
11498,76246,0.91,10,1
11499,76253,0.94,7,1
11500,76259,0.95,6,1
11501,76266,0.94,7,1
11502,76274,0.93,8,1
11503,76285,0.9,11,1
11504,76292,0.94,7,1
11505,76304,0.89,12,1
11506,76306,0.99,2,1
11507,76314,0.93,8,1
11508,76323,0.92,9,1
11509,76331,0.93,8,1
11510,76336,0.96,5,1
11511,76344,0.93,8,1
11512,76345,1.0,1,1
11513,76350,0.96,5,1
11514,76354,0.97,4,1
11515,76357,0.98,3,1
11516,76361,0.97,4,1
11517,76364,0.98,3,1
11518,76371,0.94,7,1
11519,76376,0.96,5,1
11520,76384,0.93,8,1
11521,76389,0.96,5,1
11522,76393,0.97,4,1
11523,76401,0.93,8,1
11524,76403,0.99,2,1
11525,76410,0.94,7,1
11526,76411,1.0,1,1
11527,76418,0.94,7,1
11528,76421,0.98,3,1
11529,76434,0.88,13,1
11530,76441,0.94,7,1
11531,76443,0.99,2,1
11532,76449,0.95,6,1
11533,76456,0.94,7,1
11534,76462,0.95,6,1
11535,76466,0.97,4,1
11536,76469,0.98,3,1
11537,76472,0.98,3,1
11538,76475,0.98,3,1
11539,76479,0.97,4,1
11540,76482,0.98,3,1
11541,76489,0.94,7,1
11542,76496,0.94,7,1
11543,76504,0.93,8,1
11544,76510,0.95,6,1
11545,76520,0.91,10,1
11546,76525,0.96,5,1
11547,76531,0.95,6,1
11548,76535,0.97,4,1
11549,76540,0.96,5,1
11550,76544,0.97,4,1
11551,76548,0.97,4,1
11552,76552,0.97,4,1
11553,76560,0.93,8,1
11554,76569,0.92,9,1
11555,76579,0.91,10,1
11556,76581,0.99,2,1
11557,76584,0.98,3,1
11558,76585,1.0,1,1
11559,76593,0.93,8,1
11560,76600,0.94,7,1
11561,76602,0.99,2,1
11562,76607,0.96,5,1
11563,76614,0.94,7,1
11564,76616,0.99,2,1
11565,76626,0.91,10,1
11566,76633,0.94,7,1
11567,76638,0.96,5,1
11568,76645,0.94,7,1
11569,76651,0.95,6,1
11570,76659,0.93,8,1
11571,76666,0.94,7,1
11572,76670,0.97,4,1
11573,76676,0.95,6,1
11574,76679,0.98,3,1
11575,76686,0.94,7,1
11576,76694,0.93,8,1
11577,76699,0.96,5,1
11578,76700,1.0,1,1
11579,76702,0.99,2,1
11580,76710,0.93,8,1
11581,76717,0.94,7,1
11582,76719,0.99,2,1
11583,76721,0.99,2,1
11584,76728,0.94,7,1
11585,76729,1.0,1,1
11586,76732,0.98,3,1
11587,76742,0.91,10,1
11588,76750,0.93,8,1
11589,76759,0.92,9,1
11590,76770,0.9,11,1
11591,76775,0.96,5,1
11592,76779,0.97,4,1
11593,76786,0.94,7,1
11594,76788,0.99,2,1
11595,76791,0.98,3,1
11596,76799,0.93,8,1
11597,76806,0.94,7,1
11598,76811,0.96,5,1
11599,76818,0.94,7,1
11600,76821,0.98,3,1
11601,76829,0.93,8,1
11602,76833,0.97,4,1
11603,76839,0.95,6,1
11604,76849,0.91,10,1
11605,76857,0.93,8,1
11606,76866,0.92,9,1
11607,76872,0.95,6,1
11608,76879,0.94,7,1
11609,76880,1.0,1,1
11610,76888,0.93,8,1
11611,76895,0.94,7,1
11612,76908,0.88,13,1
11613,76909,1.0,1,1
11614,76921,0.89,12,1
11615,76927,0.95,6,1
11616,76928,1.0,1,1
11617,76930,0.99,2,1
11618,76939,0.92,9,1
11619,76947,0.93,8,1
11620,76957,0.91,10,1
11621,76964,0.94,7,1
11622,76975,0.9,11,1
11623,76986,0.9,11,1
11624,76992,0.95,6,1
11625,76997,0.96,5,1
11626,76999,0.99,2,1
11627,77001,0.99,2,1
11628,77005,0.97,4,1
11629,77009,0.97,4,1
11630,77013,0.97,4,1
11631,77021,0.93,8,1
11632,77030,0.92,9,1
11633,77039,0.92,9,1
11634,77044,0.96,5,1
11635,77050,0.95,6,1
11636,77053,0.98,3,1
11637,77056,0.98,3,1
11638,77063,0.94,7,1
11639,77064,1.0,1,1
11640,77067,0.98,3,1
11641,77073,0.95,6,1
11642,77081,0.93,8,1
11643,77084,0.98,3,1
11644,77093,0.92,9,1
11645,77101,0.93,8,1
11646,77103,0.99,2,1
11647,77114,0.9,11,1
11648,77116,0.99,2,1
11649,77120,0.97,4,1
11650,77124,0.97,4,1
11651,77134,0.91,10,1
11652,77135,1.0,1,1
11653,77137,0.99,2,1
11654,77140,0.98,3,1
11655,77147,0.94,7,1
11656,77152,0.96,5,1
11657,77153,1.0,1,1
11658,77157,0.97,4,1
11659,77158,1.0,1,1
11660,77168,0.91,10,1
11661,77172,0.97,4,1
11662,77173,1.0,1,1
11663,77177,0.97,4,1
11664,77179,0.99,2,1
11665,77183,0.97,4,1
11666,77193,0.91,10,1
11667,77203,0.91,10,1
11668,77207,0.97,4,1
11669,77215,0.93,8,1
11670,77218,0.98,3,1
11671,77221,0.98,3,1
11672,77228,0.94,7,1
11673,77236,0.93,8,1
11674,77241,0.96,5,1
11675,77244,0.98,3,1
11676,77245,1.0,1,1
11677,77248,0.98,3,1
11678,77249,1.0,1,1
11679,77255,0.95,6,1
11680,77265,0.91,10,1
11681,77266,1.0,1,1
11682,77273,0.94,7,1
11683,77279,0.95,6,1
11684,77292,0.88,13,1
11685,77297,0.96,5,1
11686,77303,0.95,6,1
11687,77305,0.99,2,1
11688,77311,0.95,6,1
11689,77320,0.92,9,1
11690,77326,0.95,6,1
11691,77334,0.93,8,1
11692,77340,0.95,6,1
11693,77342,0.99,2,1
11694,77348,0.95,6,1
11695,77353,0.96,5,1
11696,77358,0.96,5,1
11697,77364,0.95,6,1
11698,77367,0.98,3,1
11699,77377,0.91,10,1
11700,77380,0.98,3,1
11701,77384,0.97,4,1
11702,77390,0.95,6,1
11703,77391,1.0,1,1
11704,77403,0.89,12,1
11705,77406,0.98,3,1
11706,77412,0.95,6,1
11707,77413,1.0,1,1
11708,77421,0.93,8,1
11709,77422,1.0,1,1
11710,77425,0.98,3,1
11711,77428,0.98,3,1
11712,77429,1.0,1,1
11713,77436,0.94,7,1
11714,77444,0.93,8,1
11715,77447,0.98,3,1
11716,77451,0.97,4,1
11717,77452,1.0,1,1
11718,77462,0.91,10,1
11719,77472,0.91,10,1
11720,77479,0.94,7,1
11721,77485,0.95,6,1
11722,77487,0.99,2,1
11723,77489,0.99,2,1
11724,77501,0.89,12,1
11725,77505,0.97,4,1
11726,77507,0.99,2,1
11727,77514,0.94,7,1
11728,77523,0.92,9,1
11729,77530,0.94,7,1
11730,77538,0.93,8,1
11731,77545,0.94,7,1
11732,77553,0.93,8,1
11733,77554,1.0,1,1
11734,77562,0.93,8,1
11735,77563,1.0,1,1
11736,77567,0.97,4,1
11737,77572,0.96,5,1
11738,77581,0.92,9,1
11739,77585,0.97,4,1
11740,77591,0.95,6,1
11741,77594,0.98,3,1
11742,77607,0.88,13,1
11743,77621,0.87,14,1
11744,77627,0.95,6,1
11745,77632,0.96,5,1
11746,77637,0.96,5,1
11747,77643,0.95,6,1
11748,77652,0.92,9,1
11749,77660,0.93,8,1
11750,77663,0.98,3,1
11751,77667,0.97,4,1
11752,77673,0.95,6,1
11753,77687,0.87,14,1
11754,77689,0.99,2,1
11755,77692,0.98,3,1
11756,77695,0.98,3,1
11757,77699,0.97,4,1
11758,77706,0.94,7,1
11759,77710,0.97,4,1
11760,77712,0.99,2,1
11761,77715,0.98,3,1
11762,77718,0.98,3,1
11763,77720,0.99,2,1
11764,77724,0.97,4,1
11765,77729,0.96,5,1
11766,77736,0.94,7,1
11767,77737,1.0,1,1
11768,77746,0.92,9,1
11769,77749,0.98,3,1
11770,77757,0.93,8,1
11771,77759,0.99,2,1
11772,77765,0.95,6,1
11773,77769,0.97,4,1
11774,77770,1.0,1,1
11775,77776,0.95,6,1
11776,77778,0.99,2,1
11777,77779,1.0,1,1
11778,77785,0.95,6,1
11779,77788,0.98,3,1
11780,77796,0.93,8,1
11781,77801,0.96,5,1
11782,77807,0.95,6,1
11783,77812,0.96,5,1
11784,77824,0.89,12,1
11785,77827,0.98,3,1
11786,77832,0.96,5,1
11787,77836,0.97,4,1
11788,77843,0.94,7,1
11789,77845,0.99,2,1
11790,77849,0.97,4,1
11791,77854,0.96,5,1
11792,77858,0.97,4,1
11793,77861,0.98,3,1
11794,77862,1.0,1,1
11795,77863,1.0,1,1
11796,77868,0.96,5,1
11797,77874,0.95,6,1
11798,77876,0.99,2,1
11799,77879,0.98,3,1
11800,77891,0.89,12,1
11801,77895,0.97,4,1
11802,77899,0.97,4,1
11803,77900,1.0,1,1
11804,77904,0.97,4,1
11805,77905,1.0,1,1
11806,77906,1.0,1,1
11807,77913,0.94,7,1
11808,77917,0.97,4,1
11809,77920,0.98,3,1
11810,77930,0.91,10,1
11811,77937,0.94,7,1
11812,77940,0.98,3,1
11813,77942,0.99,2,1
11814,77951,0.92,9,1
11815,77953,0.99,2,1
11816,77963,0.91,10,1
11817,77975,0.89,12,1
11818,77987,0.89,12,1
11819,77989,0.99,2,1
11820,77998,0.92,9,1
11821,78002,0.97,4,1
11822,78005,0.98,3,1
11823,78012,0.94,7,1
11824,78019,0.94,7,1
11825,78023,0.97,4,1
11826,78030,0.94,7,1
11827,78033,0.98,3,1
11828,78036,0.98,3,1
11829,78040,0.97,4,1
11830,78047,0.94,7,1
11831,78049,0.99,2,1
11832,78050,1.0,1,1
11833,78053,0.98,3,1
11834,78061,0.93,8,1
11835,78063,0.99,2,1
11836,78068,0.96,5,1
11837,78076,0.93,8,1
11838,78089,0.88,13,1
11839,78099,0.91,10,1
11840,78108,0.92,9,1
11841,78120,0.89,12,1
11842,78124,0.97,4,1
11843,78129,0.96,5,1
11844,78133,0.97,4,1
11845,78144,0.9,11,1
11846,78148,0.97,4,1
11847,78152,0.97,4,1
11848,78159,0.94,7,1
11849,78164,0.96,5,1
11850,78169,0.96,5,1
11851,78173,0.97,4,1
11852,78182,0.92,9,1
11853,78188,0.95,6,1
11854,78191,0.98,3,1
11855,78192,1.0,1,1
11856,78198,0.95,6,1
11857,78202,0.97,4,1
11858,78215,0.88,13,1
11859,78223,0.93,8,1
11860,78227,0.97,4,1
11861,78230,0.98,3,1
11862,78232,0.99,2,1
11863,78237,0.96,5,1
11864,78243,0.95,6,1
11865,78250,0.94,7,1
11866,78256,0.95,6,1
11867,78259,0.98,3,1
11868,78267,0.93,8,1
11869,78268,1.0,1,1
11870,78278,0.91,10,1
11871,78288,0.91,10,1
11872,78291,0.98,3,1
11873,78297,0.95,6,1
11874,78305,0.93,8,1
11875,78309,0.97,4,1
11876,78312,0.98,3,1
11877,78320,0.93,8,1
11878,78329,0.92,9,1
11879,78336,0.94,7,1
11880,78346,0.91,10,1
11881,78349,0.98,3,1
11882,78352,0.98,3,1
11883,78360,0.93,8,1
11884,78362,0.99,2,1
11885,78363,1.0,1,1
11886,78368,0.96,5,1
11887,78376,0.93,8,1
11888,78390,0.87,14,1
11889,78404,0.87,14,1
11890,78411,0.94,7,1
11891,78414,0.98,3,1
11892,78419,0.96,5,1
11893,78420,1.0,1,1
11894,78428,0.93,8,1
11895,78434,0.95,6,1
11896,78441,0.94,7,1
11897,78447,0.95,6,1
11898,78452,0.96,5,1
11899,78457,0.96,5,1
11900,78464,0.94,7,1
11901,78473,0.92,9,1
11902,78479,0.95,6,1
11903,78488,0.92,9,1
11904,78498,0.91,10,1
11905,78502,0.97,4,1
11906,78510,0.93,8,1
11907,78512,0.99,2,1
11908,78515,0.98,3,1
11909,78517,0.99,2,1
11910,78520,0.98,3,1
11911,78527,0.94,7,1
11912,78531,0.97,4,1
11913,78541,0.91,10,1
11914,78546,0.96,5,1
11915,78552,0.95,6,1
11916,78560,0.93,8,1
11917,78569,0.92,9,1
11918,78577,0.93,8,1
11919,78583,0.95,6,1
11920,78587,0.97,4,1
11921,78591,0.97,4,1
11922,78596,0.96,5,1
11923,78597,1.0,1,1
11924,78602,0.96,5,1
11925,78608,0.95,6,1
11926,78609,1.0,1,1
11927,78613,0.97,4,1
11928,78616,0.98,3,1
11929,78623,0.94,7,1
11930,78643,0.81,20,1
11931,78650,0.94,7,1
11932,78658,0.93,8,1
11933,78659,1.0,1,1
11934,78662,0.98,3,1
11935,78672,0.91,10,1
11936,78675,0.98,3,1
11937,78679,0.97,4,1
11938,78681,0.99,2,1
11939,78684,0.98,3,1
11940,78692,0.93,8,1
11941,78699,0.94,7,1
11942,78705,0.95,6,1
11943,78709,0.97,4,1
11944,78715,0.95,6,1
11945,78716,1.0,1,1
11946,78720,0.97,4,1
11947,78727,0.94,7,1
11948,78729,0.99,2,1
11949,78736,0.94,7,1
11950,78742,0.95,6,1
11951,78746,0.97,4,1
11952,78762,0.85,16,1
11953,78765,0.98,3,1
11954,78772,0.94,7,1
11955,78780,0.93,8,1
11956,78789,0.92,9,1
11957,78792,0.98,3,1
11958,78800,0.93,8,1
11959,78802,0.99,2,1
11960,78806,0.97,4,1
11961,78824,0.83,18,1
11962,78825,1.0,1,1
11963,78830,0.96,5,1
11964,78836,0.95,6,1
11965,78843,0.94,7,1
11966,78851,0.93,8,1
11967,78853,0.99,2,1
11968,78862,0.92,9,1
11969,78872,0.91,10,1
11970,78875,0.98,3,1
11971,78881,0.95,6,1
11972,78883,0.99,2,1
11973,78887,0.97,4,1
11974,78895,0.93,8,1
11975,78900,0.96,5,1
11976,78909,0.92,9,1
11977,78914,0.96,5,1
11978,78918,0.97,4,1
11979,78921,0.98,3,1
11980,78926,0.96,5,1
11981,78932,0.95,6,1
11982,78940,0.93,8,1
11983,78942,0.99,2,1
11984,78943,1.0,1,1
11985,78947,0.97,4,1
11986,78952,0.96,5,1
11987,78956,0.97,4,1
11988,78959,0.98,3,1
11989,78966,0.94,7,1
11990,78968,0.99,2,1
11991,78973,0.96,5,1
11992,78979,0.95,6,1
11993,78984,0.96,5,1
11994,78986,0.99,2,1
11995,78990,0.97,4,1
11996,78992,0.99,2,1
11997,79001,0.92,9,1
11998,79008,0.94,7,1
11999,79011,0.98,3,1
12000,79013,0.99,2,1
12001,79017,0.97,4,1
12002,79023,0.95,6,1
12003,79030,0.94,7,1
12004,79036,0.95,6,1
12005,79041,0.96,5,1
12006,79047,0.95,6,1
12007,79052,0.96,5,1
12008,79061,0.92,9,1
12009,79067,0.95,6,1
12010,79072,0.96,5,1
12011,79084,0.89,12,1
12012,79088,0.97,4,1
12013,79093,0.96,5,1
12014,79100,0.94,7,1
12015,79105,0.96,5,1
12016,79110,0.96,5,1
12017,79122,0.89,12,1
12018,79126,0.97,4,1
12019,79129,0.98,3,1
12020,79130,1.0,1,1
12021,79139,0.92,9,1
12022,79144,0.96,5,1
12023,79147,0.98,3,1
12024,79151,0.97,4,1
12025,79154,0.98,3,1
12026,79160,0.95,6,1
12027,79163,0.98,3,1
12028,79166,0.98,3,1
12029,79172,0.95,6,1
12030,79176,0.97,4,1
12031,79183,0.94,7,1
12032,79189,0.95,6,1
12033,79195,0.95,6,1
12034,79201,0.95,6,1
12035,79212,0.9,11,1
12036,79219,0.94,7,1
12037,79225,0.95,6,1
12038,79232,0.94,7,1
12039,79236,0.97,4,1
12040,79242,0.95,6,1
12041,79250,0.93,8,1
12042,79251,1.0,1,1
12043,79256,0.96,5,1
12044,79263,0.94,7,1
12045,79265,0.99,2,1
12046,79271,0.95,6,1
12047,79280,0.92,9,1
12048,79281,1.0,1,1
12049,79293,0.89,12,1
12050,79298,0.96,5,1
12051,79300,0.99,2,1
12052,79305,0.96,5,1
12053,79313,0.93,8,1
12054,79316,0.98,3,1
12055,79317,1.0,1,1
12056,79322,0.96,5,1
12057,79326,0.97,4,1
12058,79330,0.97,4,1
12059,79332,0.99,2,1
12060,79337,0.96,5,1
12061,79343,0.95,6,1
12062,79351,0.93,8,1
12063,79356,0.96,5,1
12064,79357,1.0,1,1
12065,79358,1.0,1,1
12066,79367,0.92,9,1
12067,79372,0.96,5,1
12068,79382,0.91,10,1
12069,79386,0.97,4,1
12070,79400,0.87,14,1
12071,79404,0.97,4,1
12072,79412,0.93,8,1
12073,79419,0.94,7,1
12074,79429,0.91,10,1
12075,79432,0.98,3,1
12076,79436,0.97,4,1
12077,79442,0.95,6,1
12078,79445,0.98,3,1
12079,79454,0.92,9,1
12080,79459,0.96,5,1
12081,79468,0.92,9,1
12082,79470,0.99,2,1
12083,79478,0.93,8,1
12084,79480,0.99,2,1
12085,79490,0.91,10,1
12086,79496,0.95,6,1
12087,79502,0.95,6,1
12088,79508,0.95,6,1
12089,79522,0.87,14,1
12090,79532,0.91,10,1
12091,79537,0.96,5,1
12092,79547,0.91,10,1
12093,79553,0.95,6,1
12094,79555,0.99,2,1
12095,79560,0.96,5,1
12096,79568,0.93,8,1
12097,79577,0.92,9,1
12098,79586,0.92,9,1
12099,79591,0.96,5,1
12100,79596,0.96,5,1
12101,79598,0.99,2,1
12102,79600,0.99,2,1
12103,79606,0.95,6,1
12104,79607,1.0,1,1
12105,79611,0.97,4,1
12106,79614,0.98,3,1
12107,79618,0.97,4,1
12108,79624,0.95,6,1
12109,79629,0.96,5,1
12110,79637,0.93,8,1
12111,79642,0.96,5,1
12112,79650,0.93,8,1
12113,79658,0.93,8,1
12114,79670,0.89,12,1
12115,79676,0.95,6,1
12116,79682,0.95,6,1
12117,79688,0.95,6,1
12118,79690,0.99,2,1
12119,79697,0.94,7,1
12120,79702,0.96,5,1
12121,79704,0.99,2,1
12122,79707,0.98,3,1
12123,79717,0.91,10,1
12124,79721,0.97,4,1
12125,79724,0.98,3,1
12126,79732,0.93,8,1
12127,79735,0.98,3,1
12128,79739,0.97,4,1
12129,79744,0.96,5,1
12130,79752,0.93,8,1
12131,79761,0.92,9,1
12132,79763,0.99,2,1
12133,79765,0.99,2,1
12134,79772,0.94,7,1
12135,79774,0.99,2,1
12136,79779,0.96,5,1
12137,79787,0.93,8,1
12138,79789,0.99,2,1
12139,79799,0.91,10,1
12140,79802,0.98,3,1
12141,79808,0.95,6,1
12142,79813,0.96,5,1
12143,79820,0.94,7,1
12144,79822,0.99,2,1
12145,79828,0.95,6,1
12146,79833,0.96,5,1
12147,79837,0.97,4,1
12148,79844,0.94,7,1
12149,79847,0.98,3,1
12150,79849,0.99,2,1
12151,79854,0.96,5,1
12152,79859,0.96,5,1
12153,79862,0.98,3,1
12154,79865,0.98,3,1
12155,79867,0.99,2,1
12156,79872,0.96,5,1
12157,79874,0.99,2,1
12158,79876,0.99,2,1
12159,79878,0.99,2,1
12160,79886,0.93,8,1
12161,79891,0.96,5,1
12162,79899,0.93,8,1
12163,79901,0.99,2,1
12164,79911,0.91,10,1
12165,79913,0.99,2,1
12166,79916,0.98,3,1
12167,79917,1.0,1,1
12168,79926,0.92,9,1
12169,79930,0.97,4,1
12170,79932,0.99,2,1
12171,79935,0.98,3,1
12172,79937,0.99,2,1
12173,79945,0.93,8,1
12174,79952,0.94,7,1
12175,79958,0.95,6,1
12176,79968,0.91,10,1
12177,79971,0.98,3,1
12178,79976,0.96,5,1
12179,79980,0.97,4,1
12180,79985,0.96,5,1
12181,79987,0.99,2,1
12182,79994,0.94,7,1
12183,80001,0.94,7,1
12184,80006,0.96,5,1
12185,80012,0.95,6,1
12186,80024,0.89,12,1
12187,80029,0.96,5,1
12188,80033,0.97,4,1
12189,80037,0.97,4,1
12190,80040,0.98,3,1
12191,80045,0.96,5,1
12192,80046,1.0,1,1
12193,80051,0.96,5,1
12194,80060,0.92,9,1
12195,80066,0.95,6,1
12196,80074,0.93,8,1
12197,80079,0.96,5,1
12198,80085,0.95,6,1
12199,80090,0.96,5,1
12200,80092,0.99,2,1
12201,80094,0.99,2,1
12202,80095,1.0,1,1
12203,80100,0.96,5,1
12204,80103,0.98,3,1
12205,80106,0.98,3,1
12206,80115,0.92,9,1
12207,80120,0.96,5,1
12208,80124,0.97,4,1
12209,80135,0.9,11,1
12210,80141,0.95,6,1
12211,80142,1.0,1,1
12212,80148,0.95,6,1
12213,80150,0.99,2,1
12214,80156,0.95,6,1
12215,80159,0.98,3,1
12216,80165,0.95,6,1
12217,80171,0.95,6,1
12218,80179,0.93,8,1
12219,80181,0.99,2,1
12220,80185,0.97,4,1
12221,80188,0.98,3,1
12222,80190,0.99,2,1
12223,80191,1.0,1,1
12224,80196,0.96,5,1
12225,80204,0.93,8,1
12226,80206,0.99,2,1
12227,80219,0.88,13,1
12228,80226,0.94,7,1
12229,80243,0.84,17,1
12230,80245,0.99,2,1
12231,80251,0.95,6,1
12232,80257,0.95,6,1
12233,80258,1.0,1,1
12234,80265,0.94,7,1
12235,80271,0.95,6,1
12236,80286,0.86,15,1
12237,80289,0.98,3,1
12238,80293,0.97,4,1
12239,80299,0.95,6,1
12240,80301,0.99,2,1
12241,80302,1.0,1,1
12242,80311,0.92,9,1
12243,80320,0.92,9,1
12244,80325,0.96,5,1
12245,80328,0.98,3,1
12246,80335,0.94,7,1
12247,80344,0.92,9,1
12248,80349,0.96,5,1
12249,80354,0.96,5,1
12250,80362,0.93,8,1
12251,80370,0.93,8,1
12252,80381,0.9,11,1
12253,80389,0.93,8,1
12254,80394,0.96,5,1
12255,80397,0.98,3,1
12256,80398,1.0,1,1
12257,80399,1.0,1,1
12258,80401,0.99,2,1
12259,80409,0.93,8,1
12260,80415,0.95,6,1
12261,80421,0.95,6,1
12262,80429,0.93,8,1
12263,80431,0.99,2,1
12264,80432,1.0,1,1
12265,80435,0.98,3,1
12266,80437,0.99,2,1
12267,80438,1.0,1,1
12268,80442,0.97,4,1
12269,80445,0.98,3,1
12270,80465,0.81,20,1
12271,80470,0.96,5,1
12272,80474,0.97,4,1
12273,80479,0.96,5,1
12274,80483,0.97,4,1
12275,80488,0.96,5,1
12276,80499,0.9,11,1
12277,80514,0.86,15,1
12278,80521,0.94,7,1
12279,80540,0.82,19,1
12280,80547,0.94,7,1
12281,80558,0.9,11,1
12282,80563,0.96,5,1
12283,80575,0.89,12,1
12284,80578,0.98,3,1
12285,80581,0.98,3,1
12286,80585,0.97,4,1
12287,80596,0.9,11,1
12288,80600,0.97,4,1
12289,80605,0.96,5,1
12290,80613,0.93,8,1
12291,80614,1.0,1,1
12292,80618,0.97,4,1
12293,80623,0.96,5,1
12294,80628,0.96,5,1
12295,80629,1.0,1,1
12296,80634,0.96,5,1
12297,80638,0.97,4,1
12298,80649,0.9,11,1
12299,80654,0.96,5,1
12300,80663,0.92,9,1
12301,80670,0.94,7,1
12302,80677,0.94,7,1
12303,80686,0.92,9,1
12304,80687,1.0,1,1
12305,80693,0.95,6,1
12306,80701,0.93,8,1
12307,80713,0.89,12,1
12308,80716,0.98,3,1
12309,80724,0.93,8,1
12310,80731,0.94,7,1
12311,80739,0.93,8,1
12312,80754,0.86,15,1
12313,80757,0.98,3,1
12314,80758,1.0,1,1
12315,80759,1.0,1,1
12316,80765,0.95,6,1
12317,80766,1.0,1,1
12318,80770,0.97,4,1
12319,80773,0.98,3,1
12320,80776,0.98,3,1
12321,80781,0.96,5,1
12322,80788,0.94,7,1
12323,80799,0.9,11,1
12324,80804,0.96,5,1
12325,80807,0.98,3,1
12326,80817,0.91,10,1
12327,80826,0.92,9,1
12328,80830,0.97,4,1
12329,80834,0.97,4,1
12330,80837,0.98,3,1
12331,80843,0.95,6,1
12332,80854,0.9,11,1
12333,80857,0.98,3,1
12334,80858,1.0,1,1
12335,80864,0.95,6,1
12336,80865,1.0,1,1
12337,80870,0.96,5,1
12338,80875,0.96,5,1
12339,80880,0.96,5,1
12340,80884,0.97,4,1
12341,80890,0.95,6,1
12342,80895,0.96,5,1
12343,80905,0.91,10,1
12344,80913,0.93,8,1
12345,80917,0.97,4,1
12346,80923,0.95,6,1
12347,80927,0.97,4,1
12348,80931,0.97,4,1
12349,80938,0.94,7,1
12350,80957,0.82,19,1
12351,80963,0.95,6,1
12352,80965,0.99,2,1
12353,80969,0.97,4,1
12354,80974,0.96,5,1
12355,80976,0.99,2,1
12356,80981,0.96,5,1
12357,80984,0.98,3,1
12358,80986,0.99,2,1
12359,80992,0.95,6,1
12360,81000,0.93,8,1
12361,81003,0.98,3,1
12362,81008,0.96,5,1
12363,81011,0.98,3,1
12364,81018,0.94,7,1
12365,81023,0.96,5,1
12366,81043,0.81,20,1
12367,81045,0.99,2,1
12368,81046,1.0,1,1
12369,81055,0.92,9,1
12370,81064,0.92,9,1
12371,81069,0.96,5,1
12372,81074,0.96,5,1
12373,81077,0.98,3,1
12374,81080,0.98,3,1
12375,81090,0.91,10,1
12376,81092,0.99,2,1
12377,81096,0.97,4,1
12378,81099,0.98,3,1
12379,81107,0.93,8,1
12380,81113,0.95,6,1
12381,81118,0.96,5,1
12382,81124,0.95,6,1
12383,81127,0.98,3,1
12384,81130,0.98,3,1
12385,81141,0.9,11,1
12386,81151,0.91,10,1
12387,81152,1.0,1,1
12388,81156,0.97,4,1
12389,81161,0.96,5,1
12390,81166,0.96,5,1
12391,81170,0.97,4,1
12392,81177,0.94,7,1
12393,81182,0.96,5,1
12394,81186,0.97,4,1
12395,81188,0.99,2,1
12396,81195,0.94,7,1
12397,81202,0.94,7,1
12398,81207,0.96,5,1
12399,81212,0.96,5,1
12400,81218,0.95,6,1
12401,81221,0.98,3,1
12402,81234,0.88,13,1
12403,81239,0.96,5,1
12404,81241,0.99,2,1
12405,81250,0.92,9,1
12406,81253,0.98,3,1
12407,81258,0.96,5,1
12408,81262,0.97,4,1
12409,81267,0.96,5,1
12410,81273,0.95,6,1
12411,81282,0.92,9,1
12412,81289,0.94,7,1
12413,81294,0.96,5,1
12414,81305,0.9,11,1
12415,81310,0.96,5,1
12416,81311,1.0,1,1
12417,81320,0.92,9,1
12418,81323,0.98,3,1
12419,81328,0.96,5,1
12420,81331,0.98,3,1
12421,81340,0.92,9,1
12422,81343,0.98,3,1
12423,81356,0.88,13,1
12424,81358,0.99,2,1
12425,81365,0.94,7,1
12426,81373,0.93,8,1
12427,81382,0.92,9,1
12428,81386,0.97,4,1
12429,81389,0.98,3,1
12430,81397,0.93,8,1
12431,81401,0.97,4,1
12432,81403,0.99,2,1
12433,81405,0.99,2,1
12434,81408,0.98,3,1
12435,81414,0.95,6,1
12436,81419,0.96,5,1
12437,81426,0.94,7,1
12438,81429,0.98,3,1
12439,81436,0.94,7,1
12440,81443,0.94,7,1
12441,81451,0.93,8,1
12442,81456,0.96,5,1
12443,81458,0.99,2,1
12444,81465,0.94,7,1
12445,81477,0.89,12,1
12446,81483,0.95,6,1
12447,81488,0.96,5,1
12448,81502,0.87,14,1
12449,81508,0.95,6,1
12450,81519,0.9,11,1
12451,81527,0.93,8,1
12452,81530,0.98,3,1
12453,81532,0.99,2,1
12454,81538,0.95,6,1
12455,81539,1.0,1,1
12456,81545,0.95,6,1
12457,81549,0.97,4,1
12458,81551,0.99,2,1
12459,81557,0.95,6,1
12460,81566,0.92,9,1
12461,81574,0.93,8,1
12462,81576,0.99,2,1
12463,81581,0.96,5,1
12464,81596,0.86,15,1
12465,81597,1.0,1,1
12466,81598,1.0,1,1
12467,81602,0.97,4,1
12468,81606,0.97,4,1
12469,81614,0.93,8,1
12470,81617,0.98,3,1
12471,81620,0.98,3,1
12472,81631,0.9,11,1
12473,81638,0.94,7,1
12474,81646,0.93,8,1
12475,81656,0.91,10,1
12476,81659,0.98,3,1
12477,81667,0.93,8,1
12478,81670,0.98,3,1
12479,81678,0.93,8,1
12480,81681,0.98,3,1
12481,81686,0.96,5,1
12482,81692,0.95,6,1
12483,81696,0.97,4,1
12484,81700,0.97,4,1
12485,81702,0.99,2,1
12486,81709,0.94,7,1
12487,81714,0.96,5,1
12488,81715,1.0,1,1
12489,81724,0.92,9,1
12490,81726,0.99,2,1
12491,81729,0.98,3,1
12492,81730,1.0,1,1
12493,81732,0.99,2,1
12494,81741,0.92,9,1
12495,81742,1.0,1,1
12496,81747,0.96,5,1
12497,81755,0.93,8,1
12498,81758,0.98,3,1
12499,81763,0.96,5,1
12500,81772,0.92,9,1
12501,81784,0.89,12,1
12502,81790,0.95,6,1
12503,81797,0.94,7,1
12504,81799,0.99,2,1
12505,81801,0.99,2,1
12506,81803,0.99,2,1
12507,81806,0.98,3,1
12508,81807,1.0,1,1
12509,81817,0.91,10,1
12510,81822,0.96,5,1
12511,81823,1.0,1,1
12512,81826,0.98,3,1
12513,81835,0.92,9,1
12514,81841,0.95,6,1
12515,81842,1.0,1,1
12516,81849,0.94,7,1
12517,81851,0.99,2,1
12518,81852,1.0,1,1
12519,81854,0.99,2,1
12520,81862,0.93,8,1
12521,81863,1.0,1,1
12522,81870,0.94,7,1
12523,81878,0.93,8,1
12524,81886,0.93,8,1
12525,81894,0.93,8,1
12526,81900,0.95,6,1
12527,81902,0.99,2,1
12528,81903,1.0,1,1
12529,81906,0.98,3,1
12530,81909,0.98,3,1
12531,81913,0.97,4,1
12532,81914,1.0,1,1
12533,81918,0.97,4,1
12534,81922,0.97,4,1
12535,81923,1.0,1,1
12536,81928,0.96,5,1
12537,81938,0.91,10,1
12538,81941,0.98,3,1
12539,81945,0.97,4,1
12540,81946,1.0,1,1
12541,81955,0.92,9,1
12542,81956,1.0,1,1
12543,81964,0.93,8,1
12544,81969,0.96,5,1
12545,81971,0.99,2,1
12546,81975,0.97,4,1
12547,81984,0.92,9,1
12548,81988,0.97,4,1
12549,81992,0.97,4,1
12550,81999,0.94,7,1
12551,82008,0.92,9,1
12552,82014,0.95,6,1
12553,82021,0.94,7,1
12554,82032,0.9,11,1
12555,82037,0.96,5,1
12556,82048,0.9,11,1
12557,82051,0.98,3,1
12558,82058,0.94,7,1
12559,82063,0.96,5,1
12560,82066,0.98,3,1
12561,82067,1.0,1,1
12562,82072,0.96,5,1
12563,82076,0.97,4,1
12564,82085,0.92,9,1
12565,82090,0.96,5,1
12566,82099,0.92,9,1
12567,82106,0.94,7,1
12568,82113,0.94,7,1
12569,82117,0.97,4,1
12570,82122,0.96,5,1
12571,82132,0.91,10,1
12572,82135,0.98,3,1
12573,82138,0.98,3,1
12574,82148,0.91,10,1
12575,82150,0.99,2,1
12576,82158,0.93,8,1
12577,82159,1.0,1,1
12578,82171,0.89,12,1
12579,82177,0.95,6,1
12580,82183,0.95,6,1
12581,82188,0.96,5,1
12582,82196,0.93,8,1
12583,82198,0.99,2,1
12584,82203,0.96,5,1
12585,82205,0.99,2,1
12586,82212,0.94,7,1
12587,82214,0.99,2,1
12588,82219,0.96,5,1
12589,82226,0.94,7,1
12590,82234,0.93,8,1
12591,82239,0.96,5,1
12592,82242,0.98,3,1
12593,82255,0.88,13,1
12594,82277,0.79,22,1
12595,82281,0.97,4,1
12596,82287,0.95,6,1
12597,82293,0.95,6,1
12598,82295,0.99,2,1
12599,82300,0.96,5,1
12600,82302,0.99,2,1
12601,82311,0.92,9,1
12602,82324,0.88,13,1
12603,82336,0.89,12,1
12604,82337,1.0,1,1
12605,82339,0.99,2,1
12606,82347,0.93,8,1
12607,82353,0.95,6,1
12608,82365,0.89,12,1
12609,82368,0.98,3,1
12610,82371,0.98,3,1
12611,82381,0.91,10,1
12612,82389,0.93,8,1
12613,82398,0.92,9,1
12614,82401,0.98,3,1
12615,82405,0.97,4,1
12616,82410,0.96,5,1
12617,82426,0.85,16,1
12618,82433,0.94,7,1
12619,82439,0.95,6,1
12620,82446,0.94,7,1
12621,82454,0.93,8,1
12622,82456,0.99,2,1
12623,82460,0.97,4,1
12624,82469,0.92,9,1
12625,82471,0.99,2,1
12626,82473,0.99,2,1
12627,82477,0.97,4,1
12628,82483,0.95,6,1
12629,82489,0.95,6,1
12630,82501,0.89,12,1
12631,82507,0.95,6,1
12632,82510,0.98,3,1
12633,82514,0.97,4,1
12634,82521,0.94,7,1
12635,82522,1.0,1,1
12636,82528,0.95,6,1
12637,82532,0.97,4,1
12638,82533,1.0,1,1
12639,82541,0.93,8,1
12640,82546,0.96,5,1
12641,82549,0.98,3,1
12642,82553,0.97,4,1
12643,82555,0.99,2,1
12644,82558,0.98,3,1
12645,82576,0.83,18,1
12646,82580,0.97,4,1
12647,82584,0.97,4,1
12648,82590,0.95,6,1
12649,82593,0.98,3,1
12650,82597,0.97,4,1
12651,82602,0.96,5,1
12652,82617,0.86,15,1
12653,82618,1.0,1,1
12654,82624,0.95,6,1
12655,82631,0.94,7,1
12656,82633,0.99,2,1
12657,82641,0.93,8,1
12658,82643,0.99,2,1
12659,82650,0.94,7,1
12660,82667,0.84,17,1
12661,82670,0.98,3,1
12662,82678,0.93,8,1
12663,82681,0.98,3,1
12664,82689,0.93,8,1
12665,82698,0.92,9,1
12666,82705,0.94,7,1
12667,82710,0.96,5,1
12668,82714,0.97,4,1
12669,82720,0.95,6,1
12670,82721,1.0,1,1
12671,82728,0.94,7,1
12672,82732,0.97,4,1
12673,82744,0.89,12,1
12674,82748,0.97,4,1
12675,82757,0.92,9,1
12676,82760,0.98,3,1
12677,82775,0.86,15,1
12678,82780,0.96,5,1
12679,82795,0.86,15,1
12680,82797,0.99,2,1
12681,82805,0.93,8,1
12682,82816,0.9,11,1
12683,82827,0.9,11,1
12684,82832,0.96,5,1
12685,82836,0.97,4,1
12686,82844,0.93,8,1
12687,82846,0.99,2,1
12688,82847,1.0,1,1
12689,82856,0.92,9,1
12690,82864,0.93,8,1
12691,82866,0.99,2,1
12692,82877,0.9,11,1
12693,82888,0.9,11,1
12694,82892,0.97,4,1
12695,82894,0.99,2,1
12696,82902,0.93,8,1
12697,82906,0.97,4,1
12698,82910,0.97,4,1
12699,82928,0.83,18,1
12700,82936,0.93,8,1
12701,82941,0.96,5,1
12702,82947,0.95,6,1
12703,82953,0.95,6,1
12704,82958,0.96,5,1
12705,82960,0.99,2,1
12706,82964,0.97,4,1
12707,82971,0.94,7,1
12708,82976,0.96,5,1
12709,82980,0.97,4,1
12710,82983,0.98,3,1
12711,82989,0.95,6,1
12712,82992,0.98,3,1
12713,82998,0.95,6,1
12714,83001,0.98,3,1
12715,83015,0.87,14,1
12716,83022,0.94,7,1
12717,83036,0.87,14,1
12718,83039,0.98,3,1
12719,83049,0.91,10,1
12720,83050,1.0,1,1
12721,83056,0.95,6,1
12722,83063,0.94,7,1
12723,83072,0.92,9,1
12724,83078,0.95,6,1
12725,83092,0.87,14,1
12726,83094,0.99,2,1
12727,83101,0.94,7,1
12728,83105,0.97,4,1
12729,83111,0.95,6,1
12730,83113,0.99,2,1
12731,83114,1.0,1,1
12732,83117,0.98,3,1
12733,83122,0.96,5,1
12734,83127,0.96,5,1
12735,83134,0.94,7,1
12736,83135,1.0,1,1
12737,83136,1.0,1,1
12738,83144,0.93,8,1
12739,83149,0.96,5,1
12740,83153,0.97,4,1
12741,83157,0.97,4,1
12742,83163,0.95,6,1
12743,83169,0.95,6,1
12744,83171,0.99,2,1
12745,83180,0.92,9,1
12746,83190,0.91,10,1
12747,83196,0.95,6,1
12748,83205,0.92,9,1
12749,83209,0.97,4,1
12750,83211,0.99,2,1
12751,83217,0.95,6,1
12752,83226,0.92,9,1
12753,83231,0.96,5,1
12754,83235,0.97,4,1
12755,83237,0.99,2,1
12756,83239,0.99,2,1
12757,83240,1.0,1,1
12758,83245,0.96,5,1
12759,83248,0.98,3,1
12760,83255,0.94,7,1
12761,83264,0.92,9,1
12762,83271,0.94,7,1
12763,83278,0.94,7,1
12764,83282,0.97,4,1
12765,83287,0.96,5,1
12766,83292,0.96,5,1
12767,83295,0.98,3,1
12768,83299,0.97,4,1
12769,83304,0.96,5,1
12770,83309,0.96,5,1
12771,83312,0.98,3,1
12772,83320,0.93,8,1
12773,83324,0.97,4,1
12774,83331,0.94,7,1
12775,83334,0.98,3,1
12776,83343,0.92,9,1
12777,83346,0.98,3,1
12778,83349,0.98,3,1
12779,83350,1.0,1,1
12780,83353,0.98,3,1
12781,83364,0.9,11,1
12782,83369,0.96,5,1
12783,83377,0.93,8,1
12784,83383,0.95,6,1
12785,83388,0.96,5,1
12786,83394,0.95,6,1
12787,83399,0.96,5,1
12788,83404,0.96,5,1
12789,83408,0.97,4,1
12790,83416,0.93,8,1
12791,83423,0.94,7,1
12792,83425,0.99,2,1
12793,83428,0.98,3,1
12794,83429,1.0,1,1
12795,83444,0.86,15,1
12796,83448,0.97,4,1
12797,83460,0.89,12,1
12798,83464,0.97,4,1
12799,83467,0.98,3,1
12800,83475,0.93,8,1
12801,83481,0.95,6,1
12802,83485,0.97,4,1
12803,83495,0.91,10,1
12804,83500,0.96,5,1
12805,83503,0.98,3,1
12806,83507,0.97,4,1
12807,83510,0.98,3,1
12808,83511,1.0,1,1
12809,83515,0.97,4,1
12810,83520,0.96,5,1
12811,83524,0.97,4,1
12812,83526,0.99,2,1
12813,83529,0.98,3,1
12814,83535,0.95,6,1
12815,83539,0.97,4,1
12816,83544,0.96,5,1
12817,83555,0.9,11,1
12818,83557,0.99,2,1
12819,83558,1.0,1,1
12820,83564,0.95,6,1
12821,83568,0.97,4,1
12822,83573,0.96,5,1
12823,83577,0.97,4,1
12824,83581,0.97,4,1
12825,83591,0.91,10,1
12826,83592,1.0,1,1
12827,83599,0.94,7,1
12828,83608,0.92,9,1
12829,83611,0.98,3,1
12830,83617,0.95,6,1
12831,83619,0.99,2,1
12832,83620,1.0,1,1
12833,83621,1.0,1,1
12834,83626,0.96,5,1
12835,83633,0.94,7,1
12836,83637,0.97,4,1
12837,83645,0.93,8,1
12838,83649,0.97,4,1
12839,83657,0.93,8,1
12840,83664,0.94,7,1
12841,83669,0.96,5,1
12842,83678,0.92,9,1
12843,83680,0.99,2,1
12844,83688,0.93,8,1
12845,83693,0.96,5,1
12846,83698,0.96,5,1
12847,83703,0.96,5,1
12848,83709,0.95,6,1
12849,83719,0.91,10,1
12850,83722,0.98,3,1
12851,83726,0.97,4,1
12852,83734,0.93,8,1
12853,83747,0.88,13,1
12854,83755,0.93,8,1
12855,83759,0.97,4,1
12856,83762,0.98,3,1
12857,83772,0.91,10,1
12858,83776,0.97,4,1
12859,83782,0.95,6,1
12860,83790,0.93,8,1
12861,83793,0.98,3,1
12862,83799,0.95,6,1
12863,83803,0.97,4,1
12864,83808,0.96,5,1
12865,83809,1.0,1,1
12866,83814,0.96,5,1
12867,83819,0.96,5,1
12868,83827,0.93,8,1
12869,83829,0.99,2,1
12870,83835,0.95,6,1
12871,83840,0.96,5,1
12872,83851,0.9,11,1
12873,83854,0.98,3,1
12874,83855,1.0,1,1
12875,83863,0.93,8,1
12876,83865,0.99,2,1
12877,83872,0.94,7,1
12878,83880,0.93,8,1
12879,83885,0.96,5,1
12880,83886,1.0,1,1
12881,83893,0.94,7,1
12882,83896,0.98,3,1
12883,83901,0.96,5,1
12884,83903,0.99,2,1
12885,83907,0.97,4,1
12886,83912,0.96,5,1
12887,83917,0.96,5,1
12888,83921,0.97,4,1
12889,83925,0.97,4,1
12890,83930,0.96,5,1
12891,83937,0.94,7,1
12892,83943,0.95,6,1
12893,83946,0.98,3,1
12894,83949,0.98,3,1
12895,83954,0.96,5,1
12896,83957,0.98,3,1
12897,83962,0.96,5,1
12898,83965,0.98,3,1
12899,83966,1.0,1,1
12900,83975,0.92,9,1
12901,83987,0.89,12,1
12902,83988,1.0,1,1
12903,83993,0.96,5,1
12904,83995,0.99,2,1
12905,83999,0.97,4,1
12906,84001,0.99,2,1
12907,84004,0.98,3,1
12908,84008,0.97,4,1
12909,84017,0.92,9,1
12910,84019,0.99,2,1
12911,84022,0.98,3,1
12912,84028,0.95,6,1
12913,84035,0.94,7,1
12914,84040,0.96,5,1
12915,84046,0.95,6,1
12916,84052,0.95,6,1
12917,84058,0.95,6,1
12918,84063,0.96,5,1
12919,84067,0.97,4,1
12920,84073,0.95,6,1
12921,84075,0.99,2,1
12922,84083,0.93,8,1
12923,84085,0.99,2,1
12924,84093,0.93,8,1
12925,84094,1.0,1,1
12926,84099,0.96,5,1
12927,84103,0.97,4,1
12928,84113,0.91,10,1
12929,84120,0.94,7,1
12930,84128,0.93,8,1
12931,84134,0.95,6,1
12932,84140,0.95,6,1
12933,84150,0.91,10,1
12934,84160,0.91,10,1
12935,84180,0.81,20,1
12936,84191,0.9,11,1
12937,84193,0.99,2,1
12938,84203,0.91,10,1
12939,84206,0.98,3,1
12940,84211,0.96,5,1
12941,84216,0.96,5,1
12942,84221,0.96,5,1
12943,84227,0.95,6,1
12944,84230,0.98,3,1
12945,84236,0.95,6,1
12946,84239,0.98,3,1
12947,84250,0.9,11,1
12948,84254,0.97,4,1
12949,84262,0.93,8,1
12950,84266,0.97,4,1
12951,84267,1.0,1,1
12952,84274,0.94,7,1
12953,84277,0.98,3,1
12954,84283,0.95,6,1
12955,84284,1.0,1,1
12956,84287,0.98,3,1
12957,84292,0.96,5,1
12958,84296,0.97,4,1
12959,84300,0.97,4,1
12960,84305,0.96,5,1
12961,84309,0.97,4,1
12962,84325,0.85,16,1
12963,84336,0.9,11,1
12964,84339,0.98,3,1
12965,84342,0.98,3,1
12966,84350,0.93,8,1
12967,84359,0.92,9,1
12968,84366,0.94,7,1
12969,84367,1.0,1,1
12970,84369,0.99,2,1
12971,84374,0.96,5,1
12972,84377,0.98,3,1
12973,84387,0.91,10,1
12974,84391,0.97,4,1
12975,84393,0.99,2,1
12976,84400,0.94,7,1
12977,84402,0.99,2,1
12978,84407,0.96,5,1
12979,84423,0.85,16,1
12980,84431,0.93,8,1
12981,84439,0.93,8,1
12982,84441,0.99,2,1
12983,84442,1.0,1,1
12984,84445,0.98,3,1
12985,84456,0.9,11,1
12986,84467,0.9,11,1
12987,84473,0.95,6,1
12988,84476,0.98,3,1
12989,84491,0.86,15,1
12990,84496,0.96,5,1
12991,84505,0.92,9,1
12992,84508,0.98,3,1
12993,84518,0.91,10,1
12994,84524,0.95,6,1
12995,84537,0.88,13,1
12996,84543,0.95,6,1
12997,84547,0.97,4,1
12998,84551,0.97,4,1
12999,84561,0.91,10,1
13000,84582,0.8,21,1
13001,84590,0.93,8,1
13002,84594,0.97,4,1
13003,84603,0.92,9,1
13004,84606,0.98,3,1
13005,84615,0.92,9,1
13006,84618,0.98,3,1
13007,84628,0.91,10,1
13008,84634,0.95,6,1
13009,84645,0.9,11,1
13010,84648,0.98,3,1
13011,84651,0.98,3,1
13012,84662,0.9,11,1
13013,84665,0.98,3,1
13014,84668,0.98,3,1
13015,84676,0.93,8,1
13016,84682,0.95,6,1
13017,84687,0.96,5,1
13018,84689,0.99,2,1
13019,84694,0.96,5,1
13020,84699,0.96,5,1
13021,84702,0.98,3,1
13022,84709,0.94,7,1
13023,84713,0.97,4,1
13024,84721,0.93,8,1
13025,84722,1.0,1,1
13026,84730,0.93,8,1
13027,84734,0.97,4,1
13028,84736,0.99,2,1
13029,84746,0.91,10,1
13030,84749,0.98,3,1
13031,84753,0.97,4,1
13032,84756,0.98,3,1
13033,84764,0.93,8,1
13034,84773,0.92,9,1
13035,84781,0.93,8,1
13036,84792,0.9,11,1
13037,84796,0.97,4,1
13038,84801,0.96,5,1
13039,84804,0.98,3,1
13040,84814,0.91,10,1
13041,84822,0.93,8,1
13042,84825,0.98,3,1
13043,84830,0.96,5,1
13044,84838,0.93,8,1
13045,84845,0.94,7,1
13046,84848,0.98,3,1
13047,84859,0.9,11,1
13048,84860,1.0,1,1
13049,84865,0.96,5,1
13050,84870,0.96,5,1
13051,84873,0.98,3,1
13052,84883,0.91,10,1
13053,84890,0.94,7,1
13054,84892,0.99,2,1
13055,84899,0.94,7,1
13056,84907,0.93,8,1
13057,84912,0.96,5,1
13058,84922,0.91,10,1
13059,84925,0.98,3,1
13060,84932,0.94,7,1
13061,84938,0.95,6,1
13062,84946,0.93,8,1
13063,84958,0.89,12,1
13064,84965,0.94,7,1
13065,84970,0.96,5,1
13066,84977,0.94,7,1
13067,84986,0.92,9,1
13068,84991,0.96,5,1
13069,84996,0.96,5,1
13070,85002,0.95,6,1
13071,85005,0.98,3,1
13072,85006,1.0,1,1
13073,85010,0.97,4,1
13074,85014,0.97,4,1
13075,85018,0.97,4,1
13076,85025,0.94,7,1
13077,85029,0.97,4,1
13078,85030,1.0,1,1
13079,85035,0.96,5,1
13080,85040,0.96,5,1
13081,85045,0.96,5,1
13082,85046,1.0,1,1
13083,85052,0.95,6,1
13084,85059,0.94,7,1
13085,85063,0.97,4,1
13086,85073,0.91,10,1
13087,85078,0.96,5,1
13088,85082,0.97,4,1
13089,85088,0.95,6,1
13090,85096,0.93,8,1
13091,85100,0.97,4,1
13092,85106,0.95,6,1
13093,85108,0.99,2,1
13094,85111,0.98,3,1
13095,85120,0.92,9,1
13096,85125,0.96,5,1
13097,85143,0.83,18,1
13098,85151,0.93,8,1
13099,85157,0.95,6,1
13100,85167,0.91,10,1
13101,85171,0.97,4,1
13102,85179,0.93,8,1
13103,85185,0.95,6,1
13104,85195,0.91,10,1
13105,85199,0.97,4,1
13106,85203,0.97,4,1
13107,85209,0.95,6,1
13108,85217,0.93,8,1
13109,85229,0.89,12,1
13110,85236,0.94,7,1
13111,85242,0.95,6,1
13112,85246,0.97,4,1
13113,85251,0.96,5,1
13114,85255,0.97,4,1
13115,85264,0.92,9,1
13116,85271,0.94,7,1
13117,85278,0.94,7,1
13118,85282,0.97,4,1
13119,85288,0.95,6,1
13120,85295,0.94,7,1
13121,85298,0.98,3,1
13122,85306,0.93,8,1
13123,85314,0.93,8,1
13124,85321,0.94,7,1
13125,85328,0.94,7,1
13126,85336,0.93,8,1
13127,85339,0.98,3,1
13128,85344,0.96,5,1
13129,85348,0.97,4,1
13130,85350,0.99,2,1
13131,85359,0.92,9,1
13132,85374,0.86,15,1
13133,85379,0.96,5,1
13134,85380,1.0,1,1
13135,85399,0.82,19,1
13136,85408,0.92,9,1
13137,85412,0.97,4,1
13138,85415,0.98,3,1
13139,85422,0.94,7,1
13140,85423,1.0,1,1
13141,85427,0.97,4,1
13142,85434,0.94,7,1
13143,85443,0.92,9,1
13144,85449,0.95,6,1
13145,85459,0.91,10,1
13146,85462,0.98,3,1
13147,85466,0.97,4,1
13148,85474,0.93,8,1
13149,85476,0.99,2,1
13150,85485,0.92,9,1
13151,85488,0.98,3,1
13152,85495,0.94,7,1
13153,85499,0.97,4,1
13154,85506,0.94,7,1
13155,85512,0.95,6,1
13156,85519,0.94,7,1
13157,85523,0.97,4,1
13158,85531,0.93,8,1
13159,85536,0.96,5,1
13160,85537,1.0,1,1
13161,85545,0.93,8,1
13162,85548,0.98,3,1
13163,85551,0.98,3,1
13164,85557,0.95,6,1
13165,85564,0.94,7,1
13166,85566,0.99,2,1
13167,85575,0.92,9,1
13168,85588,0.88,13,1
13169,85595,0.94,7,1
13170,85602,0.94,7,1
13171,85605,0.98,3,1
13172,85613,0.93,8,1
13173,85617,0.97,4,1
13174,85618,1.0,1,1
13175,85622,0.97,4,1
13176,85625,0.98,3,1
13177,85628,0.98,3,1
13178,85633,0.96,5,1
13179,85637,0.97,4,1
13180,85639,0.99,2,1
13181,85642,0.98,3,1
13182,85657,0.86,15,1
13183,85667,0.91,10,1
13184,85672,0.96,5,1
13185,85674,0.99,2,1
13186,85675,1.0,1,1
13187,85679,0.97,4,1
13188,85684,0.96,5,1
13189,85688,0.97,4,1
13190,85694,0.95,6,1
13191,85696,0.99,2,1
13192,85698,0.99,2,1
13193,85707,0.92,9,1
13194,85711,0.97,4,1
13195,85715,0.97,4,1
13196,85723,0.93,8,1
13197,85731,0.93,8,1
13198,85734,0.98,3,1
13199,85739,0.96,5,1
13200,85746,0.94,7,1
13201,85748,0.99,2,1
13202,85751,0.98,3,1
13203,85755,0.97,4,1
13204,85757,0.99,2,1
13205,85763,0.95,6,1
13206,85770,0.94,7,1
13207,85774,0.97,4,1
13208,85780,0.95,6,1
13209,85786,0.95,6,1
13210,85792,0.95,6,1
13211,85798,0.95,6,1
13212,85803,0.96,5,1
13213,85808,0.96,5,1
13214,85813,0.96,5,1
13215,85818,0.96,5,1
13216,85822,0.97,4,1
13217,85829,0.94,7,1
13218,85837,0.93,8,1
13219,85839,0.99,2,1
13220,85840,1.0,1,1
13221,85845,0.96,5,1
13222,85852,0.94,7,1
13223,85856,0.97,4,1
13224,85862,0.95,6,1
13225,85865,0.98,3,1
13226,85870,0.96,5,1
13227,85875,0.96,5,1
13228,85883,0.93,8,1
13229,85892,0.92,9,1
13230,85902,0.91,10,1
13231,85907,0.96,5,1
13232,85917,0.91,10,1
13233,85925,0.93,8,1
13234,85932,0.94,7,1
13235,85942,0.91,10,1
13236,85947,0.96,5,1
13237,85954,0.94,7,1
13238,85959,0.96,5,1
13239,85968,0.92,9,1
13240,85971,0.98,3,1
13241,85972,1.0,1,1
13242,85974,0.99,2,1
13243,85976,0.99,2,1
13244,85979,0.98,3,1
13245,85986,0.94,7,1
13246,85989,0.98,3,1
13247,85990,1.0,1,1
13248,85999,0.92,9,1
13249,86005,0.95,6,1
13250,86010,0.96,5,1
13251,86017,0.94,7,1
13252,86022,0.96,5,1
13253,86035,0.88,13,1
13254,86038,0.98,3,1
13255,86049,0.9,11,1
13256,86052,0.98,3,1
13257,86055,0.98,3,1
13258,86063,0.93,8,1
13259,86070,0.94,7,1
13260,86072,0.99,2,1
13261,86081,0.92,9,1
13262,86082,1.0,1,1
13263,86086,0.97,4,1
13264,86090,0.97,4,1
13265,86098,0.93,8,1
13266,86108,0.91,10,1
13267,86123,0.86,15,1
13268,86127,0.97,4,1
13269,86136,0.92,9,1
13270,86138,0.99,2,1
13271,86147,0.92,9,1
13272,86152,0.96,5,1
13273,86159,0.94,7,1
13274,86160,1.0,1,1
13275,86173,0.88,13,1
13276,86184,0.9,11,1
13277,86191,0.94,7,1
13278,86201,0.91,10,1
13279,86205,0.97,4,1
13280,86207,0.99,2,1
13281,86219,0.89,12,1
13282,86223,0.97,4,1
13283,86230,0.94,7,1
13284,86232,0.99,2,1
13285,86243,0.9,11,1
13286,86248,0.96,5,1
13287,86253,0.96,5,1
13288,86262,0.92,9,1
13289,86272,0.91,10,1
13290,86276,0.97,4,1
13291,86280,0.97,4,1
13292,86282,0.99,2,1
13293,86288,0.95,6,1
13294,86299,0.9,11,1
13295,86301,0.99,2,1
13296,86304,0.98,3,1
13297,86315,0.9,11,1
13298,86320,0.96,5,1
13299,86324,0.97,4,1
13300,86326,0.99,2,1
13301,86333,0.94,7,1
13302,86340,0.94,7,1
13303,86348,0.93,8,1
13304,86352,0.97,4,1
13305,86356,0.97,4,1
13306,86357,1.0,1,1
13307,86359,0.99,2,1
13308,86362,0.98,3,1
13309,86372,0.91,10,1
13310,86379,0.94,7,1
13311,86385,0.95,6,1
13312,86391,0.95,6,1
13313,86402,0.9,11,1
13314,86404,0.99,2,1
13315,86405,1.0,1,1
13316,86411,0.95,6,1
13317,86416,0.96,5,1
13318,86421,0.96,5,1
13319,86425,0.97,4,1
13320,86433,0.93,8,1
13321,86440,0.94,7,1
13322,86443,0.98,3,1
13323,86446,0.98,3,1
13324,86451,0.96,5,1
13325,86454,0.98,3,1
13326,86461,0.94,7,1
13327,86464,0.98,3,1
13328,86466,0.99,2,1
13329,86468,0.99,2,1
13330,86478,0.91,10,1
13331,86482,0.97,4,1
13332,86489,0.94,7,1
13333,86494,0.96,5,1
13334,86501,0.94,7,1
13335,86503,0.99,2,1
13336,86508,0.96,5,1
13337,86509,1.0,1,1
13338,86520,0.9,11,1
13339,86527,0.94,7,1
13340,86534,0.94,7,1
13341,86547,0.88,13,1
13342,86548,1.0,1,1
13343,86560,0.89,12,1
13344,86565,0.96,5,1
13345,86567,0.99,2,1
13346,86575,0.93,8,1
13347,86585,0.91,10,1
13348,86590,0.96,5,1
13349,86591,1.0,1,1
13350,86594,0.98,3,1
13351,86603,0.92,9,1
13352,86610,0.94,7,1
13353,86615,0.96,5,1
13354,86623,0.93,8,1
13355,86628,0.96,5,1
13356,86631,0.98,3,1
13357,86633,0.99,2,1
13358,86636,0.98,3,1
13359,86642,0.95,6,1
13360,86648,0.95,6,1
13361,86655,0.94,7,1
13362,86660,0.96,5,1
13363,86668,0.93,8,1
13364,86675,0.94,7,1
13365,86678,0.98,3,1
13366,86683,0.96,5,1
13367,86687,0.97,4,1
13368,86690,0.98,3,1
13369,86695,0.96,5,1
13370,86701,0.95,6,1
13371,86706,0.96,5,1
13372,86709,0.98,3,1
13373,86716,0.94,7,1
13374,86720,0.97,4,1
13375,86726,0.95,6,1
13376,86728,0.99,2,1
13377,86733,0.96,5,1
13378,86737,0.97,4,1
13379,86749,0.89,12,1
13380,86753,0.97,4,1
13381,86758,0.96,5,1
13382,86764,0.95,6,1
13383,86768,0.97,4,1
13384,86778,0.91,10,1
13385,86787,0.92,9,1
13386,86790,0.98,3,1
13387,86795,0.96,5,1
13388,86801,0.95,6,1
13389,86807,0.95,6,1
13390,86812,0.96,5,1
13391,86815,0.98,3,1
13392,86821,0.95,6,1
13393,86825,0.97,4,1
13394,86827,0.99,2,1
13395,86837,0.91,10,1
13396,86843,0.95,6,1
13397,86845,0.99,2,1
13398,86855,0.91,10,1
13399,86864,0.92,9,1
13400,86867,0.98,3,1
13401,86873,0.95,6,1
13402,86880,0.94,7,1
13403,86881,1.0,1,1
13404,86887,0.95,6,1
13405,86892,0.96,5,1
13406,86896,0.97,4,1
13407,86904,0.93,8,1
13408,86906,0.99,2,1
13409,86910,0.97,4,1
13410,86911,1.0,1,1
13411,86918,0.94,7,1
13412,86926,0.93,8,1
13413,86929,0.98,3,1
13414,86930,1.0,1,1
13415,86935,0.96,5,1
13416,86936,1.0,1,1
13417,86942,0.95,6,1
13418,86952,0.91,10,1
13419,86961,0.92,9,1
13420,86962,1.0,1,1
13421,86964,0.99,2,1
13422,86975,0.9,11,1
13423,86979,0.97,4,1
13424,86986,0.94,7,1
13425,86991,0.96,5,1
13426,86993,0.99,2,1
13427,87003,0.91,10,1
13428,87014,0.9,11,1
13429,87024,0.91,10,1
13430,87028,0.97,4,1
13431,87030,0.99,2,1
13432,87032,0.99,2,1
13433,87038,0.95,6,1
13434,87039,1.0,1,1
13435,87047,0.93,8,1
13436,87052,0.96,5,1
13437,87056,0.97,4,1
13438,87058,0.99,2,1
13439,87065,0.94,7,1
13440,87069,0.97,4,1
13441,87079,0.91,10,1
13442,87085,0.95,6,1
13443,87086,1.0,1,1
13444,87087,1.0,1,1
13445,87094,0.94,7,1
13446,87102,0.93,8,1
13447,87104,0.99,2,1
13448,87114,0.91,10,1
13449,87118,0.97,4,1
13450,87125,0.94,7,1
13451,87132,0.94,7,1
13452,87137,0.96,5,1
13453,87142,0.96,5,1
13454,87148,0.95,6,1
13455,87157,0.92,9,1
13456,87161,0.97,4,1
13457,87171,0.91,10,1
13458,87173,0.99,2,1
13459,87176,0.98,3,1
13460,87178,0.99,2,1
13461,87185,0.94,7,1
13462,87186,1.0,1,1
13463,87187,1.0,1,1
13464,87192,0.96,5,1
13465,87209,0.84,17,1
13466,87210,1.0,1,1
13467,87211,1.0,1,1
13468,87214,0.98,3,1
13469,87219,0.96,5,1
13470,87227,0.93,8,1
13471,87234,0.94,7,1
13472,87241,0.94,7,1
13473,87249,0.93,8,1
13474,87255,0.95,6,1
13475,87261,0.95,6,1
13476,87269,0.93,8,1
13477,87273,0.97,4,1
13478,87284,0.9,11,1
13479,87286,0.99,2,1
13480,87292,0.95,6,1
13481,87295,0.98,3,1
13482,87302,0.94,7,1
13483,87304,0.99,2,1
13484,87313,0.92,9,1
13485,87318,0.96,5,1
13486,87329,0.9,11,1
13487,87334,0.96,5,1
13488,87338,0.97,4,1
13489,87340,0.99,2,1
13490,87343,0.98,3,1
13491,87345,0.99,2,1
13492,87353,0.93,8,1
13493,87354,1.0,1,1
13494,87363,0.92,9,1
13495,87367,0.97,4,1
13496,87370,0.98,3,1
13497,87379,0.92,9,1
13498,87389,0.91,10,1
13499,87397,0.93,8,1
13500,87398,1.0,1,1
13501,87404,0.95,6,1
13502,87407,0.98,3,1
13503,87411,0.97,4,1
13504,87412,1.0,1,1
13505,87417,0.96,5,1
13506,87422,0.96,5,1
13507,87429,0.94,7,1
13508,87437,0.93,8,1
13509,87439,0.99,2,1
13510,87443,0.97,4,1
13511,87447,0.97,4,1
13512,87451,0.97,4,1
13513,87455,0.97,4,1
13514,87462,0.94,7,1
13515,87463,1.0,1,1
13516,87465,0.99,2,1
13517,87468,0.98,3,1
13518,87473,0.96,5,1
13519,87486,0.88,13,1
13520,87488,0.99,2,1
13521,87492,0.97,4,1
13522,87495,0.98,3,1
13523,87496,1.0,1,1
13524,87505,0.92,9,1
13525,87512,0.94,7,1
13526,87517,0.96,5,1
13527,87521,0.97,4,1
13528,87524,0.98,3,1
13529,87532,0.93,8,1
13530,87536,0.97,4,1
13531,87540,0.97,4,1
13532,87546,0.95,6,1
13533,87551,0.96,5,1
13534,87557,0.95,6,1
13535,87567,0.91,10,1
13536,87570,0.98,3,1
13537,87573,0.98,3,1
13538,87578,0.96,5,1
13539,87581,0.98,3,1
13540,87582,1.0,1,1
13541,87584,0.99,2,1
13542,87595,0.9,11,1
13543,87602,0.94,7,1
13544,87604,0.99,2,1
13545,87611,0.94,7,1
13546,87620,0.92,9,1
13547,87621,1.0,1,1
13548,87623,0.99,2,1
13549,87627,0.97,4,1
13550,87638,0.9,11,1
13551,87648,0.91,10,1
13552,87664,0.85,16,1
13553,87672,0.93,8,1
13554,87679,0.94,7,1
13555,87682,0.98,3,1
13556,87689,0.94,7,1
13557,87698,0.92,9,1
13558,87703,0.96,5,1
13559,87709,0.95,6,1
13560,87713,0.97,4,1
13561,87719,0.95,6,1
13562,87726,0.94,7,1
13563,87732,0.95,6,1
13564,87734,0.99,2,1
13565,87735,1.0,1,1
13566,87740,0.96,5,1
13567,87754,0.87,14,1
13568,87759,0.96,5,1
13569,87763,0.97,4,1
13570,87768,0.96,5,1
13571,87771,0.98,3,1
13572,87776,0.96,5,1
13573,87778,0.99,2,1
13574,87788,0.91,10,1
13575,87793,0.96,5,1
13576,87801,0.93,8,1
13577,87808,0.94,7,1
13578,87809,1.0,1,1
13579,87814,0.96,5,1
13580,87817,0.98,3,1
13581,87819,0.99,2,1
13582,87824,0.96,5,1
13583,87834,0.91,10,1
13584,87844,0.91,10,1
13585,87855,0.9,11,1
13586,87856,1.0,1,1
13587,87864,0.93,8,1
13588,87869,0.96,5,1
13589,87880,0.9,11,1
13590,87890,0.91,10,1
13591,87891,1.0,1,1
13592,87899,0.93,8,1
13593,87908,0.92,9,1
13594,87912,0.97,4,1
13595,87919,0.94,7,1
13596,87929,0.91,10,1
13597,87934,0.96,5,1
13598,87939,0.96,5,1
13599,87941,0.99,2,1
13600,87944,0.98,3,1
13601,87947,0.98,3,1
13602,87952,0.96,5,1
13603,87964,0.89,12,1
13604,87970,0.95,6,1
13605,87974,0.97,4,1
13606,87981,0.94,7,1
13607,88009,0.73,28,1
13608,88012,0.98,3,1
13609,88014,0.99,2,1
13610,88023,0.92,9,1
13611,88024,1.0,1,1
13612,88032,0.93,8,1
13613,88036,0.97,4,1
13614,88048,0.89,12,1
13615,88056,0.93,8,1
13616,88060,0.97,4,1
13617,88068,0.93,8,1
13618,88069,1.0,1,1
13619,88071,0.99,2,1
13620,88074,0.98,3,1
13621,88081,0.94,7,1
13622,88093,0.89,12,1
13623,88099,0.95,6,1
13624,88101,0.99,2,1
13625,88107,0.95,6,1
13626,88119,0.89,12,1
13627,88122,0.98,3,1
13628,88123,1.0,1,1
13629,88126,0.98,3,1
13630,88131,0.96,5,1
13631,88143,0.89,12,1
13632,88146,0.98,3,1
13633,88156,0.91,10,1
13634,88162,0.95,6,1
13635,88167,0.96,5,1
13636,88175,0.93,8,1
13637,88180,0.96,5,1
13638,88186,0.95,6,1
13639,88188,0.99,2,1
13640,88202,0.87,14,1
13641,88208,0.95,6,1
13642,88214,0.95,6,1
13643,88219,0.96,5,1
13644,88221,0.99,2,1
13645,88222,1.0,1,1
13646,88226,0.97,4,1
13647,88233,0.94,7,1
13648,88239,0.95,6,1
13649,88247,0.93,8,1
13650,88251,0.97,4,1
13651,88253,0.99,2,1
13652,88261,0.93,8,1
13653,88264,0.98,3,1
13654,88267,0.98,3,1
13655,88279,0.89,12,1
13656,88284,0.96,5,1
13657,88286,0.99,2,1
13658,88289,0.98,3,1
13659,88305,0.85,16,1
13660,88310,0.96,5,1
13661,88325,0.86,15,1
13662,88330,0.96,5,1
13663,88339,0.92,9,1
13664,88342,0.98,3,1
13665,88347,0.96,5,1
13666,88355,0.93,8,1
13667,88366,0.9,11,1
13668,88372,0.95,6,1
13669,88373,1.0,1,1
13670,88381,0.93,8,1
13671,88388,0.94,7,1
13672,88393,0.96,5,1
13673,88396,0.98,3,1
13674,88399,0.98,3,1
13675,88401,0.99,2,1
13676,88405,0.97,4,1
13677,88413,0.93,8,1
13678,88419,0.95,6,1
13679,88422,0.98,3,1
13680,88424,0.99,2,1
13681,88430,0.95,6,1
13682,88432,0.99,2,1
13683,88440,0.93,8,1
13684,88448,0.93,8,1
13685,88459,0.9,11,1
13686,88467,0.93,8,1
13687,88473,0.95,6,1
13688,88479,0.95,6,1
13689,88481,0.99,2,1
13690,88486,0.96,5,1
13691,88493,0.94,7,1
13692,88496,0.98,3,1
13693,88498,0.99,2,1
13694,88500,0.99,2,1
13695,88504,0.97,4,1
13696,88513,0.92,9,1
13697,88519,0.95,6,1
13698,88522,0.98,3,1
13699,88524,0.99,2,1
13700,88528,0.97,4,1
13701,88537,0.92,9,1
13702,88547,0.91,10,1
13703,88553,0.95,6,1
13704,88557,0.97,4,1
13705,88560,0.98,3,1
13706,88572,0.89,12,1
13707,88576,0.97,4,1
13708,88580,0.97,4,1
13709,88584,0.97,4,1
13710,88588,0.97,4,1
13711,88594,0.95,6,1
13712,88596,0.99,2,1
13713,88609,0.88,13,1
13714,88621,0.89,12,1
13715,88625,0.97,4,1
13716,88629,0.97,4,1
13717,88640,0.9,11,1
13718,88644,0.97,4,1
13719,88647,0.98,3,1
13720,88649,0.99,2,1
13721,88655,0.95,6,1
13722,88657,0.99,2,1
13723,88659,0.99,2,1
13724,88660,1.0,1,1
13725,88663,0.98,3,1
13726,88670,0.94,7,1
13727,88680,0.91,10,1
13728,88683,0.98,3,1
13729,88688,0.96,5,1
13730,88694,0.95,6,1
13731,88698,0.97,4,1
13732,88702,0.97,4,1
13733,88707,0.96,5,1
13734,88714,0.94,7,1
13735,88726,0.89,12,1
13736,88733,0.94,7,1
13737,88741,0.93,8,1
13738,88743,0.99,2,1
13739,88746,0.98,3,1
13740,88747,1.0,1,1
13741,88754,0.94,7,1
13742,88758,0.97,4,1
13743,88764,0.95,6,1
13744,88772,0.93,8,1
13745,88776,0.97,4,1
13746,88783,0.94,7,1
13747,88793,0.91,10,1
13748,88800,0.94,7,1
13749,88801,1.0,1,1
13750,88802,1.0,1,1
13751,88811,0.92,9,1
13752,88818,0.94,7,1
13753,88825,0.94,7,1
13754,88838,0.88,13,1
13755,88844,0.95,6,1
13756,88850,0.95,6,1
13757,88859,0.92,9,1
13758,88863,0.97,4,1
13759,88867,0.97,4,1
13760,88873,0.95,6,1
13761,88882,0.92,9,1
13762,88883,1.0,1,1
13763,88886,0.98,3,1
13764,88890,0.97,4,1
13765,88897,0.94,7,1
13766,88904,0.94,7,1
13767,88907,0.98,3,1
13768,88924,0.84,17,1
13769,88932,0.93,8,1
13770,88934,0.99,2,1
13771,88949,0.86,15,1
13772,88959,0.91,10,1
13773,88967,0.93,8,1
13774,88974,0.94,7,1
13775,88982,0.93,8,1
13776,88990,0.93,8,1
13777,88992,0.99,2,1
13778,88998,0.95,6,1
13779,89001,0.98,3,1
13780,89006,0.96,5,1
13781,89009,0.98,3,1
13782,89011,0.99,2,1
13783,89014,0.98,3,1
13784,89016,0.99,2,1
13785,89017,1.0,1,1
13786,89019,0.99,2,1
13787,89027,0.93,8,1
13788,89031,0.97,4,1
13789,89050,0.82,19,1
13790,89056,0.95,6,1
13791,89067,0.9,11,1
13792,89072,0.96,5,1
13793,89075,0.98,3,1
13794,89076,1.0,1,1
13795,89079,0.98,3,1
13796,89088,0.92,9,1
13797,89098,0.91,10,1
13798,89101,0.98,3,1
13799,89107,0.95,6,1
13800,89112,0.96,5,1
13801,89115,0.98,3,1
13802,89120,0.96,5,1
13803,89126,0.95,6,1
13804,89127,1.0,1,1
13805,89132,0.96,5,1
13806,89137,0.96,5,1
13807,89139,0.99,2,1
13808,89150,0.9,11,1
13809,89154,0.97,4,1
13810,89160,0.95,6,1
13811,89161,1.0,1,1
13812,89162,1.0,1,1
13813,89167,0.96,5,1
13814,89176,0.92,9,1
13815,89185,0.92,9,1
13816,89188,0.98,3,1
13817,89197,0.92,9,1
13818,89202,0.96,5,1
13819,89209,0.94,7,1
13820,89216,0.94,7,1
13821,89225,0.92,9,1
13822,89234,0.92,9,1
13823,89238,0.97,4,1
13824,89244,0.95,6,1
13825,89250,0.95,6,1
13826,89260,0.91,10,1
13827,89264,0.97,4,1
13828,89267,0.98,3,1
13829,89274,0.94,7,1
13830,89279,0.96,5,1
13831,89288,0.92,9,1
13832,89294,0.95,6,1
13833,89304,0.91,10,1
13834,89307,0.98,3,1
13835,89312,0.96,5,1
13836,89320,0.93,8,1
13837,89326,0.95,6,1
13838,89337,0.9,11,1
13839,89343,0.95,6,1
13840,89348,0.96,5,1
13841,89350,0.99,2,1
13842,89351,1.0,1,1
13843,89359,0.93,8,1
13844,89364,0.96,5,1
13845,89366,0.99,2,1
13846,89376,0.91,10,1
13847,89383,0.94,7,1
13848,89389,0.95,6,1
13849,89397,0.93,8,1
13850,89400,0.98,3,1
13851,89407,0.94,7,1
13852,89410,0.98,3,1
13853,89411,1.0,1,1
13854,89420,0.92,9,1
13855,89427,0.94,7,1
13856,89436,0.92,9,1
13857,89443,0.94,7,1
13858,89448,0.96,5,1
13859,89453,0.96,5,1
13860,89457,0.97,4,1
13861,89462,0.96,5,1
13862,89470,0.93,8,1
13863,89474,0.97,4,1
13864,89478,0.97,4,1
13865,89485,0.94,7,1
13866,89488,0.98,3,1
13867,89493,0.96,5,1
13868,89498,0.96,5,1
13869,89500,0.99,2,1
13870,89504,0.97,4,1
13871,89510,0.95,6,1
13872,89523,0.88,13,1
13873,89529,0.95,6,1
13874,89534,0.96,5,1
13875,89538,0.97,4,1
13876,89549,0.9,11,1
13877,89557,0.93,8,1
13878,89564,0.94,7,1
13879,89567,0.98,3,1
13880,89575,0.93,8,1
13881,89582,0.94,7,1
13882,89587,0.96,5,1
13883,89594,0.94,7,1
13884,89598,0.97,4,1
13885,89605,0.94,7,1
13886,89608,0.98,3,1
13887,89613,0.96,5,1
13888,89616,0.98,3,1
13889,89623,0.94,7,1
13890,89628,0.96,5,1
13891,89631,0.98,3,1
13892,89636,0.96,5,1
13893,89639,0.98,3,1
13894,89642,0.98,3,1
13895,89644,0.99,2,1
13896,89652,0.93,8,1
13897,89658,0.95,6,1
13898,89662,0.97,4,1
13899,89663,1.0,1,1
13900,89674,0.9,11,1
13901,89679,0.96,5,1
13902,89687,0.93,8,1
13903,89688,1.0,1,1
13904,89693,0.96,5,1
13905,89705,0.89,12,1
13906,89713,0.93,8,1
13907,89716,0.98,3,1
13908,89723,0.94,7,1
13909,89733,0.91,10,1
13910,89735,0.99,2,1
13911,89742,0.94,7,1
13912,89747,0.96,5,1
13913,89750,0.98,3,1
13914,89753,0.98,3,1
13915,89754,1.0,1,1
13916,89760,0.95,6,1
13917,89771,0.9,11,1
13918,89788,0.84,17,1
13919,89789,1.0,1,1
13920,89797,0.93,8,1
13921,89808,0.9,11,1
13922,89810,0.99,2,1
13923,89816,0.95,6,1
13924,89823,0.94,7,1
13925,89827,0.97,4,1
13926,89833,0.95,6,1
13927,89839,0.95,6,1
13928,89844,0.96,5,1
13929,89845,1.0,1,1
13930,89850,0.96,5,1
13931,89859,0.92,9,1
13932,89862,0.98,3,1
13933,89864,0.99,2,1
13934,89867,0.98,3,1
13935,89873,0.95,6,1
13936,89886,0.88,13,1
13937,89893,0.94,7,1
13938,89897,0.97,4,1
13939,89899,0.99,2,1
13940,89903,0.97,4,1
13941,89905,0.99,2,1
13942,89916,0.9,11,1
13943,89920,0.97,4,1
13944,89923,0.98,3,1
13945,89930,0.94,7,1
13946,89934,0.97,4,1
13947,89941,0.94,7,1
13948,89944,0.98,3,1
13949,89945,1.0,1,1
13950,89953,0.93,8,1
13951,89955,0.99,2,1
13952,89963,0.93,8,1
13953,89973,0.91,10,1
13954,89974,1.0,1,1
13955,89978,0.97,4,1
13956,89984,0.95,6,1
13957,89992,0.93,8,1
13958,89996,0.97,4,1
13959,90000,0.97,4,1
13960,90004,0.97,4,1
13961,90006,0.99,2,1
13962,90013,0.94,7,1
13963,90020,0.94,7,1
13964,90021,1.0,1,1
13965,90023,0.99,2,1
13966,90025,0.99,2,1
13967,90033,0.93,8,1
13968,90035,0.99,2,1
13969,90038,0.98,3,1
13970,90044,0.95,6,1
13971,90046,0.99,2,1
13972,90051,0.96,5,1
13973,90052,1.0,1,1
13974,90054,0.99,2,1
13975,90065,0.9,11,1
13976,90071,0.95,6,1
13977,90073,0.99,2,1
13978,90077,0.97,4,1
13979,90079,0.99,2,1
13980,90086,0.94,7,1
13981,90088,0.99,2,1
13982,90095,0.94,7,1
13983,90099,0.97,4,1
13984,90100,1.0,1,1
13985,90103,0.98,3,1
13986,90106,0.98,3,1
13987,90114,0.93,8,1
13988,90119,0.96,5,1
13989,90126,0.94,7,1
13990,90129,0.98,3,1
13991,90137,0.93,8,1
13992,90149,0.89,12,1
13993,90157,0.93,8,1
13994,90163,0.95,6,1
13995,90172,0.92,9,1
13996,90174,0.99,2,1
13997,90182,0.93,8,1
13998,90185,0.98,3,1
13999,90195,0.91,10,1
14000,90200,0.96,5,1
14001,90202,0.99,2,1
14002,90210,0.93,8,1
14003,90213,0.98,3,1
14004,90221,0.93,8,1
14005,90223,0.99,2,1
14006,90226,0.98,3,1
14007,90233,0.94,7,1
14008,90248,0.86,15,1
14009,90264,0.85,16,1
14010,90270,0.95,6,1
14011,90274,0.97,4,1
14012,90278,0.97,4,1
14013,90285,0.94,7,1
14014,90294,0.92,9,1
14015,90296,0.99,2,1
14016,90304,0.93,8,1
14017,90311,0.94,7,1
14018,90318,0.94,7,1
14019,90325,0.94,7,1
14020,90331,0.95,6,1
14021,90334,0.98,3,1
14022,90339,0.96,5,1
14023,90344,0.96,5,1
14024,90353,0.92,9,1
14025,90356,0.98,3,1
14026,90360,0.97,4,1
14027,90364,0.97,4,1
14028,90369,0.96,5,1
14029,90372,0.98,3,1
14030,90375,0.98,3,1
14031,90390,0.86,15,1
14032,90394,0.97,4,1
14033,90396,0.99,2,1
14034,90401,0.96,5,1
14035,90408,0.94,7,1
14036,90411,0.98,3,1
14037,90414,0.98,3,1
14038,90418,0.97,4,1
14039,90423,0.96,5,1
14040,90435,0.89,12,1
14041,90449,0.87,14,1
14042,90451,0.99,2,1
14043,90461,0.91,10,1
14044,90468,0.94,7,1
14045,90472,0.97,4,1
14046,90476,0.97,4,1
14047,90481,0.96,5,1
14048,90484,0.98,3,1
14049,90493,0.92,9,1
14050,90503,0.91,10,1
14051,90517,0.87,14,1
14052,90521,0.97,4,1
14053,90523,0.99,2,1
14054,90529,0.95,6,1
14055,90533,0.97,4,1
14056,90542,0.92,9,1
14057,90546,0.97,4,1
14058,90549,0.98,3,1
14059,90556,0.94,7,1
14060,90559,0.98,3,1
14061,90561,0.99,2,1
14062,90566,0.96,5,1
14063,90569,0.98,3,1
14064,90578,0.92,9,1
14065,90591,0.88,13,1
14066,90594,0.98,3,1
14067,90598,0.97,4,1
14068,90611,0.88,13,1
14069,90616,0.96,5,1
14070,90617,1.0,1,1
14071,90618,1.0,1,1
14072,90629,0.9,11,1
14073,90635,0.95,6,1
14074,90646,0.9,11,1
14075,90647,1.0,1,1
14076,90648,1.0,1,1
14077,90651,0.98,3,1
14078,90658,0.94,7,1
14079,90661,0.98,3,1
14080,90664,0.98,3,1
14081,90665,1.0,1,1
14082,90673,0.93,8,1
14083,90674,1.0,1,1
14084,90679,0.96,5,1
14085,90688,0.92,9,1
14086,90692,0.97,4,1
14087,90699,0.94,7,1
14088,90701,0.99,2,1
14089,90702,1.0,1,1
14090,90712,0.91,10,1
14091,90714,0.99,2,1
14092,90719,0.96,5,1
14093,90729,0.91,10,1
14094,90736,0.94,7,1
14095,90745,0.92,9,1
14096,90752,0.94,7,1
14097,90757,0.96,5,1
14098,90765,0.93,8,1
14099,90768,0.98,3,1
14100,90772,0.97,4,1
14101,90780,0.93,8,1
14102,90781,1.0,1,1
14103,90784,0.98,3,1
14104,90791,0.94,7,1
14105,90800,0.92,9,1
14106,90814,0.87,14,1
14107,90837,0.78,23,1
14108,90844,0.94,7,1
14109,90849,0.96,5,1
14110,90861,0.89,12,1
14111,90866,0.96,5,1
14112,90871,0.96,5,1
14113,90874,0.98,3,1
14114,90876,0.99,2,1
14115,90879,0.98,3,1
14116,90881,0.99,2,1
14117,90888,0.94,7,1
14118,90896,0.93,8,1
14119,90899,0.98,3,1
14120,90901,0.99,2,1
14121,90903,0.99,2,1
14122,90912,0.92,9,1
14123,90915,0.98,3,1
14124,90922,0.94,7,1
14125,90931,0.92,9,1
14126,90936,0.96,5,1
14127,90945,0.92,9,1
14128,90948,0.98,3,1
14129,90953,0.96,5,1
14130,90956,0.98,3,1
14131,90966,0.91,10,1
14132,90967,1.0,1,1
14133,90971,0.97,4,1
14134,90980,0.92,9,1
14135,90986,0.95,6,1
14136,90992,0.95,6,1
14137,91002,0.91,10,1
14138,91006,0.97,4,1
14139,91015,0.92,9,1
14140,91019,0.97,4,1
14141,91022,0.98,3,1
14142,91026,0.97,4,1
14143,91034,0.93,8,1
14144,91041,0.94,7,1
14145,91047,0.95,6,1
14146,91053,0.95,6,1
14147,91056,0.98,3,1
14148,91058,0.99,2,1
14149,91066,0.93,8,1
14150,91072,0.95,6,1
14151,91079,0.94,7,1
14152,91084,0.96,5,1
14153,91091,0.94,7,1
14154,91092,1.0,1,1
14155,91100,0.93,8,1
14156,91107,0.94,7,1
14157,91117,0.91,10,1
14158,91120,0.98,3,1
14159,91124,0.97,4,1
14160,91125,1.0,1,1
14161,91132,0.94,7,1
14162,91135,0.98,3,1
14163,91136,1.0,1,1
14164,91140,0.97,4,1
14165,91145,0.96,5,1
14166,91146,1.0,1,1
14167,91153,0.94,7,1
14168,91160,0.94,7,1
14169,91166,0.95,6,1
14170,91172,0.95,6,1
14171,91179,0.94,7,1
14172,91180,1.0,1,1
14173,91192,0.89,12,1
14174,91196,0.97,4,1
14175,91203,0.94,7,1
14176,91211,0.93,8,1
14177,91213,0.99,2,1
14178,91219,0.95,6,1
14179,91223,0.97,4,1
14180,91226,0.98,3,1
14181,91230,0.97,4,1
14182,91238,0.93,8,1
14183,91239,1.0,1,1
14184,91248,0.92,9,1
14185,91251,0.98,3,1
14186,91257,0.95,6,1
14187,91264,0.94,7,1
14188,91265,1.0,1,1
14189,91273,0.93,8,1
14190,91276,0.98,3,1
14191,91282,0.95,6,1
14192,91289,0.94,7,1
14193,91295,0.95,6,1
14194,91298,0.98,3,1
14195,91305,0.94,7,1
14196,91307,0.99,2,1
14197,91316,0.92,9,1
14198,91325,0.92,9,1
14199,91330,0.96,5,1
14200,91337,0.94,7,1
14201,91341,0.97,4,1
14202,91349,0.93,8,1
14203,91354,0.96,5,1
14204,91355,1.0,1,1
14205,91365,0.91,10,1
14206,91368,0.98,3,1
14207,91374,0.95,6,1
14208,91383,0.92,9,1
14209,91397,0.87,14,1
14210,91403,0.95,6,1
14211,91410,0.94,7,1
14212,91416,0.95,6,1
14213,91417,1.0,1,1
14214,91419,0.99,2,1
14215,91421,0.99,2,1
14216,91428,0.94,7,1
14217,91435,0.94,7,1
14218,91446,0.9,11,1
14219,91456,0.91,10,1
14220,91471,0.86,15,1
14221,91479,0.93,8,1
14222,91483,0.97,4,1
14223,91484,1.0,1,1
14224,91487,0.98,3,1
14225,91490,0.98,3,1
14226,91501,0.9,11,1
14227,91505,0.97,4,1
14228,91514,0.92,9,1
14229,91517,0.98,3,1
14230,91523,0.95,6,1
14231,91529,0.95,6,1
14232,91534,0.96,5,1
14233,91540,0.95,6,1
14234,91550,0.91,10,1
14235,91552,0.99,2,1
14236,91554,0.99,2,1
14237,91564,0.91,10,1
14238,91576,0.89,12,1
14239,91579,0.98,3,1
14240,91585,0.95,6,1
14241,91590,0.96,5,1
14242,91592,0.99,2,1
14243,91603,0.9,11,1
14244,91605,0.99,2,1
14245,91614,0.92,9,1
14246,91620,0.95,6,1
14247,91627,0.94,7,1
14248,91628,1.0,1,1
14249,91638,0.91,10,1
14250,91644,0.95,6,1
14251,91653,0.92,9,1
14252,91657,0.97,4,1
14253,91661,0.97,4,1
14254,91664,0.98,3,1
14255,91670,0.95,6,1
14256,91678,0.93,8,1
14257,91679,1.0,1,1
14258,91681,0.99,2,1
14259,91682,1.0,1,1
14260,91684,0.99,2,1
14261,91688,0.97,4,1
14262,91695,0.94,7,1
14263,91696,1.0,1,1
14264,91703,0.94,7,1
14265,91707,0.97,4,1
14266,91717,0.91,10,1
14267,91732,0.86,15,1
14268,91735,0.98,3,1
14269,91737,0.99,2,1
14270,91742,0.96,5,1
14271,91747,0.96,5,1
14272,91752,0.96,5,1
14273,91753,1.0,1,1
14274,91756,0.98,3,1
14275,91763,0.94,7,1
14276,91769,0.95,6,1
14277,91773,0.97,4,1
14278,91775,0.99,2,1
14279,91782,0.94,7,1
14280,91787,0.96,5,1
14281,91791,0.97,4,1
14282,91796,0.96,5,1
14283,91799,0.98,3,1
14284,91810,0.9,11,1
14285,91818,0.93,8,1
14286,91822,0.97,4,1
14287,91834,0.89,12,1
14288,91837,0.98,3,1
14289,91840,0.98,3,1
14290,91847,0.94,7,1
14291,91854,0.94,7,1
14292,91857,0.98,3,1
14293,91863,0.95,6,1
14294,91870,0.94,7,1
14295,91875,0.96,5,1
14296,91882,0.94,7,1
14297,91888,0.95,6,1
14298,91889,1.0,1,1
14299,91890,1.0,1,1
14300,91894,0.97,4,1
14301,91897,0.98,3,1
14302,91901,0.97,4,1
14303,91904,0.98,3,1
14304,91907,0.98,3,1
14305,91919,0.89,12,1
14306,91924,0.96,5,1
14307,91930,0.95,6,1
14308,91938,0.93,8,1
14309,91945,0.94,7,1
14310,91950,0.96,5,1
14311,91954,0.97,4,1
14312,91958,0.97,4,1
14313,91963,0.96,5,1
14314,91974,0.9,11,1
14315,91983,0.92,9,1
14316,91990,0.94,7,1
14317,91992,0.99,2,1
14318,91995,0.98,3,1
14319,91997,0.99,2,1
14320,92004,0.94,7,1
14321,92008,0.97,4,1
14322,92011,0.98,3,1
14323,92016,0.96,5,1
14324,92017,1.0,1,1
14325,92020,0.98,3,1
14326,92028,0.93,8,1
14327,92030,0.99,2,1
14328,92033,0.98,3,1
14329,92043,0.91,10,1
14330,92049,0.95,6,1
14331,92055,0.95,6,1
14332,92058,0.98,3,1
14333,92064,0.95,6,1
14334,92074,0.91,10,1
14335,92081,0.94,7,1
14336,92087,0.95,6,1
14337,92097,0.91,10,1
14338,92098,1.0,1,1
14339,92101,0.98,3,1
14340,92102,1.0,1,1
14341,92108,0.95,6,1
14342,92111,0.98,3,1
14343,92117,0.95,6,1
14344,92125,0.93,8,1
14345,92128,0.98,3,1
14346,92130,0.99,2,1
14347,92136,0.95,6,1
14348,92142,0.95,6,1
14349,92143,1.0,1,1
14350,92151,0.93,8,1
14351,92156,0.96,5,1
14352,92160,0.97,4,1
14353,92172,0.89,12,1
14354,92180,0.93,8,1
14355,92184,0.97,4,1
14356,92189,0.96,5,1
14357,92197,0.93,8,1
14358,92200,0.98,3,1
14359,92202,0.99,2,1
14360,92207,0.96,5,1
14361,92214,0.94,7,1
14362,92218,0.97,4,1
14363,92228,0.91,10,1
14364,92231,0.98,3,1
14365,92234,0.98,3,1
14366,92238,0.97,4,1
14367,92252,0.87,14,1
14368,92256,0.97,4,1
14369,92257,1.0,1,1
14370,92259,0.99,2,1
14371,92268,0.92,9,1
14372,92271,0.98,3,1
14373,92275,0.97,4,1
14374,92282,0.94,7,1
14375,92283,1.0,1,1
14376,92286,0.98,3,1
14377,92295,0.92,9,1
14378,92303,0.93,8,1
14379,92305,0.99,2,1
14380,92306,1.0,1,1
14381,92312,0.95,6,1
14382,92321,0.92,9,1
14383,92323,0.99,2,1
14384,92324,1.0,1,1
14385,92330,0.95,6,1
14386,92336,0.95,6,1
14387,92342,0.95,6,1
14388,92343,1.0,1,1
14389,92348,0.96,5,1
14390,92357,0.92,9,1
14391,92359,0.99,2,1
14392,92363,0.97,4,1
14393,92370,0.94,7,1
14394,92374,0.97,4,1
14395,92376,0.99,2,1
14396,92383,0.94,7,1
14397,92384,1.0,1,1
14398,92388,0.97,4,1
14399,92400,0.89,12,1
14400,92401,1.0,1,1
14401,92403,0.99,2,1
14402,92407,0.97,4,1
14403,92416,0.92,9,1
14404,92421,0.96,5,1
14405,92423,0.99,2,1
14406,92430,0.94,7,1
14407,92432,0.99,2,1
14408,92436,0.97,4,1
14409,92440,0.97,4,1
14410,92450,0.91,10,1
14411,92460,0.91,10,1
14412,92465,0.96,5,1
14413,92467,0.99,2,1
14414,92472,0.96,5,1
14415,92478,0.95,6,1
14416,92494,0.85,16,1
14417,92499,0.96,5,1
14418,92505,0.95,6,1
14419,92508,0.98,3,1
14420,92514,0.95,6,1
14421,92516,0.99,2,1
14422,92525,0.92,9,1
14423,92533,0.93,8,1
14424,92536,0.98,3,1
14425,92547,0.9,11,1
14426,92551,0.97,4,1
14427,92552,1.0,1,1
14428,92556,0.97,4,1
14429,92557,1.0,1,1
14430,92574,0.84,17,1
14431,92578,0.97,4,1
14432,92580,0.99,2,1
14433,92589,0.92,9,1
14434,92594,0.96,5,1
14435,92602,0.93,8,1
14436,92603,1.0,1,1
14437,92611,0.93,8,1
14438,92622,0.9,11,1
14439,92628,0.95,6,1
14440,92634,0.95,6,1
14441,92636,0.99,2,1
14442,92645,0.92,9,1
14443,92651,0.95,6,1
14444,92653,0.99,2,1
14445,92656,0.98,3,1
14446,92658,0.99,2,1
14447,92663,0.96,5,1
14448,92667,0.97,4,1
14449,92672,0.96,5,1
14450,92679,0.94,7,1
14451,92682,0.98,3,1
14452,92687,0.96,5,1
14453,92699,0.89,12,1
14454,92702,0.98,3,1
14455,92706,0.97,4,1
14456,92708,0.99,2,1
14457,92713,0.96,5,1
14458,92717,0.97,4,1
14459,92721,0.97,4,1
14460,92723,0.99,2,1
14461,92732,0.92,9,1
14462,92733,1.0,1,1
14463,92734,1.0,1,1
14464,92737,0.98,3,1
14465,92739,0.99,2,1
14466,92742,0.98,3,1
14467,92747,0.96,5,1
14468,92757,0.91,10,1
14469,92763,0.95,6,1
14470,92769,0.95,6,1
14471,92771,0.99,2,1
14472,92783,0.89,12,1
14473,92788,0.96,5,1
14474,92790,0.99,2,1
14475,92801,0.9,11,1
14476,92806,0.96,5,1
14477,92808,0.99,2,1
14478,92819,0.9,11,1
14479,92823,0.97,4,1
14480,92827,0.97,4,1
14481,92833,0.95,6,1
14482,92836,0.98,3,1
14483,92840,0.97,4,1
14484,92842,0.99,2,1
14485,92844,0.99,2,1
14486,92853,0.92,9,1
14487,92861,0.93,8,1
14488,92880,0.82,19,1
14489,92881,1.0,1,1
14490,92885,0.97,4,1
14491,92886,1.0,1,1
14492,92900,0.87,14,1
14493,92908,0.93,8,1
14494,92910,0.99,2,1
14495,92915,0.96,5,1
14496,92922,0.94,7,1
14497,92930,0.93,8,1
14498,92938,0.93,8,1
14499,92940,0.99,2,1
14500,92942,0.99,2,1
14501,92945,0.98,3,1
14502,92952,0.94,7,1
14503,92960,0.93,8,1
14504,92965,0.96,5,1
14505,92968,0.98,3,1
14506,92972,0.97,4,1
14507,92977,0.96,5,1
14508,92983,0.95,6,1
14509,92987,0.97,4,1
14510,92993,0.95,6,1
14511,92994,1.0,1,1
14512,93000,0.95,6,1
14513,93006,0.95,6,1
14514,93013,0.94,7,1
14515,93020,0.94,7,1
14516,93025,0.96,5,1
14517,93028,0.98,3,1
14518,93033,0.96,5,1
14519,93035,0.99,2,1
14520,93037,0.99,2,1
14521,93045,0.93,8,1
14522,93054,0.92,9,1
14523,93059,0.96,5,1
14524,93064,0.96,5,1
14525,93070,0.95,6,1
14526,93076,0.95,6,1
14527,93080,0.97,4,1
14528,93095,0.86,15,1
14529,93101,0.95,6,1
14530,93109,0.93,8,1
14531,93117,0.93,8,1
14532,93121,0.97,4,1
14533,93134,0.88,13,1
14534,93143,0.92,9,1
14535,93152,0.92,9,1
14536,93159,0.94,7,1
14537,93160,1.0,1,1
14538,93167,0.94,7,1
14539,93171,0.97,4,1
14540,93176,0.96,5,1
14541,93180,0.97,4,1
14542,93193,0.88,13,1
14543,93196,0.98,3,1
14544,93200,0.97,4,1
14545,93210,0.91,10,1
14546,93218,0.93,8,1
14547,93219,1.0,1,1
14548,93225,0.95,6,1
14549,93226,1.0,1,1
14550,93228,0.99,2,1
14551,93233,0.96,5,1
14552,93237,0.97,4,1
14553,93244,0.94,7,1
14554,93249,0.96,5,1
14555,93253,0.97,4,1
14556,93256,0.98,3,1
14557,93261,0.96,5,1
14558,93268,0.94,7,1
14559,93272,0.97,4,1
14560,93275,0.98,3,1
14561,93276,1.0,1,1
14562,93278,0.99,2,1
14563,93280,0.99,2,1
14564,93288,0.93,8,1
14565,93300,0.89,12,1
14566,93304,0.97,4,1
14567,93310,0.95,6,1
14568,93315,0.96,5,1
14569,93317,0.99,2,1
14570,93326,0.92,9,1
14571,93330,0.97,4,1
14572,93338,0.93,8,1
14573,93339,1.0,1,1
14574,93344,0.96,5,1
14575,93349,0.96,5,1
14576,93353,0.97,4,1
14577,93366,0.88,13,1
14578,93371,0.96,5,1
14579,93374,0.98,3,1
14580,93378,0.97,4,1
14581,93380,0.99,2,1
14582,93385,0.96,5,1
14583,93387,0.99,2,1
14584,93389,0.99,2,1
14585,93392,0.98,3,1
14586,93393,1.0,1,1
14587,93403,0.91,10,1
14588,93406,0.98,3,1
14589,93415,0.92,9,1
14590,93421,0.95,6,1
14591,93429,0.93,8,1
14592,93437,0.93,8,1
14593,93441,0.97,4,1
14594,93447,0.95,6,1
14595,93453,0.95,6,1
14596,93462,0.92,9,1
14597,93464,0.99,2,1
14598,93465,1.0,1,1
14599,93476,0.9,11,1
14600,93488,0.89,12,1
14601,93491,0.98,3,1
14602,93496,0.96,5,1
14603,93497,1.0,1,1
14604,93502,0.96,5,1
14605,93504,0.99,2,1
14606,93507,0.98,3,1
14607,93530,0.78,23,1
14608,93535,0.96,5,1
14609,93538,0.98,3,1
14610,93540,0.99,2,1
14611,93541,1.0,1,1
14612,93549,0.93,8,1
14613,93550,1.0,1,1
14614,93551,1.0,1,1
14615,93552,1.0,1,1
14616,93558,0.95,6,1
14617,93559,1.0,1,1
14618,93571,0.89,12,1
14619,93573,0.99,2,1
14620,93581,0.93,8,1
14621,93583,0.99,2,1
14622,93587,0.97,4,1
14623,93600,0.88,13,1
14624,93608,0.93,8,1
14625,93633,0.76,25,1
14626,93640,0.94,7,1
14627,93641,1.0,1,1
14628,93644,0.98,3,1
14629,93650,0.95,6,1
14630,93654,0.97,4,1
14631,93656,0.99,2,1
14632,93660,0.97,4,1
14633,93671,0.9,11,1
14634,93680,0.92,9,1
14635,93689,0.92,9,1
14636,93693,0.97,4,1
14637,93696,0.98,3,1
14638,93697,1.0,1,1
14639,93704,0.94,7,1
14640,93707,0.98,3,1
14641,93716,0.92,9,1
14642,93720,0.97,4,1
14643,93721,1.0,1,1
14644,93728,0.94,7,1
14645,93734,0.95,6,1
14646,93740,0.95,6,1
14647,93747,0.94,7,1
14648,93751,0.97,4,1
14649,93758,0.94,7,1
14650,93765,0.94,7,1
14651,93776,0.9,11,1
14652,93781,0.96,5,1
14653,93791,0.91,10,1
14654,93795,0.97,4,1
14655,93798,0.98,3,1
14656,93803,0.96,5,1
14657,93810,0.94,7,1
14658,93817,0.94,7,1
14659,93820,0.98,3,1
14660,93821,1.0,1,1
14661,93825,0.97,4,1
14662,93829,0.97,4,1
14663,93837,0.93,8,1
14664,93840,0.98,3,1
14665,93846,0.95,6,1
14666,93854,0.93,8,1
14667,93858,0.97,4,1
14668,93868,0.91,10,1
14669,93871,0.98,3,1
14670,93878,0.94,7,1
14671,93889,0.9,11,1
14672,93894,0.96,5,1
14673,93903,0.92,9,1
14674,93916,0.88,13,1
14675,93917,1.0,1,1
14676,93921,0.97,4,1
14677,93930,0.92,9,1
14678,93936,0.95,6,1
14679,93942,0.95,6,1
14680,93944,0.99,2,1
14681,93953,0.92,9,1
14682,93956,0.98,3,1
14683,93968,0.89,12,1
14684,93973,0.96,5,1
14685,93982,0.92,9,1
14686,93988,0.95,6,1
14687,93995,0.94,7,1
14688,93997,0.99,2,1
14689,94000,0.98,3,1
14690,94001,1.0,1,1
14691,94010,0.92,9,1
14692,94011,1.0,1,1
14693,94012,1.0,1,1
14694,94014,0.99,2,1
14695,94021,0.94,7,1
14696,94029,0.93,8,1
14697,94040,0.9,11,1
14698,94044,0.97,4,1
14699,94045,1.0,1,1
14700,94050,0.96,5,1
14701,94053,0.98,3,1
14702,94055,0.99,2,1
14703,94065,0.91,10,1
14704,94067,0.99,2,1
14705,94072,0.96,5,1
14706,94074,0.99,2,1
14707,94079,0.96,5,1
14708,94099,0.81,20,1
14709,94107,0.93,8,1
14710,94116,0.92,9,1
14711,94120,0.97,4,1
14712,94124,0.97,4,1
14713,94134,0.91,10,1
14714,94137,0.98,3,1
14715,94147,0.91,10,1
14716,94155,0.93,8,1
14717,94161,0.95,6,1
14718,94174,0.88,13,1
14719,94177,0.98,3,1
14720,94182,0.96,5,1
14721,94186,0.97,4,1
14722,94194,0.93,8,1
14723,94205,0.9,11,1
14724,94208,0.98,3,1
14725,94213,0.96,5,1
14726,94219,0.95,6,1
14727,94228,0.92,9,1
14728,94232,0.97,4,1
14729,94240,0.93,8,1
14730,94250,0.91,10,1
14731,94256,0.95,6,1
14732,94262,0.95,6,1
14733,94264,0.99,2,1
14734,94267,0.98,3,1
14735,94271,0.97,4,1
14736,94272,1.0,1,1
14737,94275,0.98,3,1
14738,94280,0.96,5,1
14739,94284,0.97,4,1
14740,94288,0.97,4,1
14741,94294,0.95,6,1
14742,94295,1.0,1,1
14743,94296,1.0,1,1
14744,94303,0.94,7,1
14745,94305,0.99,2,1
14746,94310,0.96,5,1
14747,94318,0.93,8,1
14748,94320,0.99,2,1
14749,94327,0.94,7,1
14750,94331,0.97,4,1
14751,94332,1.0,1,1
14752,94338,0.95,6,1
14753,94340,0.99,2,1
14754,94345,0.96,5,1
14755,94350,0.96,5,1
14756,94354,0.97,4,1
14757,94357,0.98,3,1
14758,94361,0.97,4,1
14759,94364,0.98,3,1
14760,94368,0.97,4,1
14761,94371,0.98,3,1
14762,94377,0.95,6,1
14763,94384,0.94,7,1
14764,94386,0.99,2,1
14765,94393,0.94,7,1
14766,94404,0.9,11,1
14767,94410,0.95,6,1
14768,94418,0.93,8,1
14769,94423,0.96,5,1
14770,94425,0.99,2,1
14771,94428,0.98,3,1
14772,94434,0.95,6,1
14773,94435,1.0,1,1
14774,94445,0.91,10,1
14775,94451,0.95,6,1
14776,94454,0.98,3,1
14777,94458,0.97,4,1
14778,94468,0.91,10,1
14779,94469,1.0,1,1
14780,94479,0.91,10,1
14781,94480,1.0,1,1
14782,94487,0.94,7,1
14783,94491,0.97,4,1
14784,94493,0.99,2,1
14785,94495,0.99,2,1
14786,94497,0.99,2,1
14787,94504,0.94,7,1
14788,94507,0.98,3,1
14789,94508,1.0,1,1
14790,94513,0.96,5,1
14791,94515,0.99,2,1
14792,94525,0.91,10,1
14793,94528,0.98,3,1
14794,94532,0.97,4,1
14795,94539,0.94,7,1
14796,94541,0.99,2,1
14797,94542,1.0,1,1
14798,94544,0.99,2,1
14799,94548,0.97,4,1
14800,94551,0.98,3,1
14801,94558,0.94,7,1
14802,94560,0.99,2,1
14803,94564,0.97,4,1
14804,94573,0.92,9,1
14805,94576,0.98,3,1
14806,94577,1.0,1,1
14807,94585,0.93,8,1
14808,94589,0.97,4,1
14809,94599,0.91,10,1
14810,94603,0.97,4,1
14811,94609,0.95,6,1
14812,94615,0.95,6,1
14813,94617,0.99,2,1
14814,94620,0.98,3,1
14815,94626,0.95,6,1
14816,94630,0.97,4,1
14817,94640,0.91,10,1
14818,94644,0.97,4,1
14819,94645,1.0,1,1
14820,94651,0.95,6,1
14821,94656,0.96,5,1
14822,94660,0.97,4,1
14823,94663,0.98,3,1
14824,94669,0.95,6,1
14825,94671,0.99,2,1
14826,94673,0.99,2,1
14827,94677,0.97,4,1
14828,94680,0.98,3,1
14829,94685,0.96,5,1
14830,94686,1.0,1,1
14831,94687,1.0,1,1
14832,94700,0.88,13,1
14833,94701,1.0,1,1
14834,94705,0.97,4,1
14835,94708,0.98,3,1
14836,94712,0.97,4,1
14837,94716,0.97,4,1
14838,94719,0.98,3,1
14839,94721,0.99,2,1
14840,94728,0.94,7,1
14841,94737,0.92,9,1
14842,94744,0.94,7,1
14843,94747,0.98,3,1
14844,94751,0.97,4,1
14845,94759,0.93,8,1
14846,94761,0.99,2,1
14847,94765,0.97,4,1
14848,94767,0.99,2,1
14849,94772,0.96,5,1
14850,94783,0.9,11,1
14851,94789,0.95,6,1
14852,94794,0.96,5,1
14853,94795,1.0,1,1
14854,94803,0.93,8,1
14855,94812,0.92,9,1
14856,94824,0.89,12,1
14857,94829,0.96,5,1
14858,94834,0.96,5,1
14859,94839,0.96,5,1
14860,94845,0.95,6,1
14861,94846,1.0,1,1
14862,94851,0.96,5,1
14863,94855,0.97,4,1
14864,94857,0.99,2,1
14865,94862,0.96,5,1
14866,94865,0.98,3,1
14867,94871,0.95,6,1
14868,94872,1.0,1,1
14869,94874,0.99,2,1
14870,94877,0.98,3,1
14871,94888,0.9,11,1
14872,94893,0.96,5,1
14873,94900,0.94,7,1
14874,94906,0.95,6,1
14875,94910,0.97,4,1
14876,94913,0.98,3,1
14877,94918,0.96,5,1
14878,94925,0.94,7,1
14879,94930,0.96,5,1
14880,94935,0.96,5,1
14881,94945,0.91,10,1
14882,94953,0.93,8,1
14883,94964,0.9,11,1
14884,94969,0.96,5,1
14885,94972,0.98,3,1
14886,94975,0.98,3,1
14887,94983,0.93,8,1
14888,94987,0.97,4,1
14889,94998,0.9,11,1
14890,95010,0.89,12,1
14891,95013,0.98,3,1
14892,95020,0.94,7,1
14893,95032,0.89,12,1
14894,95038,0.95,6,1
14895,95040,0.99,2,1
14896,95047,0.94,7,1
14897,95052,0.96,5,1
14898,95058,0.95,6,1
14899,95062,0.97,4,1
14900,95070,0.93,8,1
14901,95077,0.94,7,1
14902,95081,0.97,4,1
14903,95084,0.98,3,1
14904,95090,0.95,6,1
14905,95096,0.95,6,1
14906,95104,0.93,8,1
14907,95108,0.97,4,1
14908,95114,0.95,6,1
14909,95118,0.97,4,1
14910,95125,0.94,7,1
14911,95126,1.0,1,1
14912,95130,0.97,4,1
14913,95135,0.96,5,1
14914,95139,0.97,4,1
14915,95142,0.98,3,1
14916,95145,0.98,3,1
14917,95152,0.94,7,1
14918,95158,0.95,6,1
14919,95160,0.99,2,1
14920,95168,0.93,8,1
14921,95176,0.93,8,1
14922,95178,0.99,2,1
14923,95181,0.98,3,1
14924,95187,0.95,6,1
14925,95191,0.97,4,1
14926,95195,0.97,4,1
14927,95196,1.0,1,1
14928,95200,0.97,4,1
14929,95201,1.0,1,1
14930,95206,0.96,5,1
14931,95212,0.95,6,1
14932,95216,0.97,4,1
14933,95219,0.98,3,1
14934,95222,0.98,3,1
14935,95224,0.99,2,1
14936,95231,0.94,7,1
14937,95235,0.97,4,1
14938,95243,0.93,8,1
14939,95250,0.94,7,1
14940,95253,0.98,3,1
14941,95262,0.92,9,1
14942,95263,1.0,1,1
14943,95272,0.92,9,1
14944,95279,0.94,7,1
14945,95281,0.99,2,1
14946,95294,0.88,13,1
14947,95295,1.0,1,1
14948,95301,0.95,6,1
14949,95305,0.97,4,1
14950,95310,0.96,5,1
14951,95319,0.92,9,1
14952,95320,1.0,1,1
14953,95327,0.94,7,1
14954,95331,0.97,4,1
14955,95344,0.88,13,1
14956,95345,1.0,1,1
14957,95351,0.95,6,1
14958,95357,0.95,6,1
14959,95360,0.98,3,1
14960,95364,0.97,4,1
14961,95369,0.96,5,1
14962,95376,0.94,7,1
14963,95388,0.89,12,1
14964,95395,0.94,7,1
14965,95402,0.94,7,1
14966,95404,0.99,2,1
14967,95409,0.96,5,1
14968,95411,0.99,2,1
14969,95413,0.99,2,1
14970,95417,0.97,4,1
14971,95421,0.97,4,1
14972,95429,0.93,8,1
14973,95434,0.96,5,1
14974,95439,0.96,5,1
14975,95444,0.96,5,1
14976,95451,0.94,7,1
14977,95460,0.92,9,1
14978,95465,0.96,5,1
14979,95471,0.95,6,1
14980,95477,0.95,6,1
14981,95478,1.0,1,1
14982,95481,0.98,3,1
14983,95484,0.98,3,1
14984,95487,0.98,3,1
14985,95497,0.91,10,1
14986,95498,1.0,1,1
14987,95508,0.91,10,1
14988,95513,0.96,5,1
14989,95516,0.98,3,1
14990,95525,0.92,9,1
14991,95530,0.96,5,1
14992,95534,0.97,4,1
14993,95541,0.94,7,1
14994,95547,0.95,6,1
14995,95548,1.0,1,1
14996,95552,0.97,4,1
14997,95557,0.96,5,1
14998,95558,1.0,1,1
14999,95560,0.99,2,1
15000,95566,0.95,6,1
15001,95569,0.98,3,1
15002,95576,0.94,7,1
15003,95578,0.99,2,1
15004,95584,0.95,6,1
15005,95589,0.96,5,1
15006,95592,0.98,3,1
15007,95597,0.96,5,1
15008,95599,0.99,2,1
15009,95607,0.93,8,1
15010,95609,0.99,2,1
15011,95617,0.93,8,1
15012,95619,0.99,2,1
15013,95620,1.0,1,1
15014,95625,0.96,5,1
15015,95626,1.0,1,1
15016,95635,0.92,9,1
15017,95640,0.96,5,1
15018,95642,0.99,2,1
15019,95644,0.99,2,1
15020,95647,0.98,3,1
15021,95651,0.97,4,1
15022,95652,1.0,1,1
15023,95656,0.97,4,1
15024,95658,0.99,2,1
15025,95661,0.98,3,1
15026,95670,0.92,9,1
15027,95672,0.99,2,1
15028,95677,0.96,5,1
15029,95681,0.97,4,1
15030,95691,0.91,10,1
15031,95697,0.95,6,1
15032,95701,0.97,4,1
15033,95707,0.95,6,1
15034,95714,0.94,7,1
15035,95721,0.94,7,1
15036,95730,0.92,9,1
15037,95734,0.97,4,1
15038,95741,0.94,7,1
15039,95749,0.93,8,1
15040,95751,0.99,2,1
15041,95754,0.98,3,1
15042,95760,0.95,6,1
15043,95764,0.97,4,1
15044,95777,0.88,13,1
15045,95787,0.91,10,1
15046,95788,1.0,1,1
15047,95797,0.92,9,1
15048,95802,0.96,5,1
15049,95806,0.97,4,1
15050,95815,0.92,9,1
15051,95820,0.96,5,1
15052,95822,0.99,2,1
15053,95830,0.93,8,1
15054,95836,0.95,6,1
15055,95839,0.98,3,1
15056,95845,0.95,6,1
15057,95847,0.99,2,1
15058,95848,1.0,1,1
15059,95851,0.98,3,1
15060,95860,0.92,9,1
15061,95863,0.98,3,1
15062,95866,0.98,3,1
15063,95873,0.94,7,1
15064,95879,0.95,6,1
15065,95880,1.0,1,1
15066,95886,0.95,6,1
15067,95893,0.94,7,1
15068,95896,0.98,3,1
15069,95901,0.96,5,1
15070,95907,0.95,6,1
15071,95918,0.9,11,1
15072,95927,0.92,9,1
15073,95928,1.0,1,1
15074,95929,1.0,1,1
15075,95932,0.98,3,1
15076,95933,1.0,1,1
15077,95942,0.92,9,1
15078,95952,0.91,10,1
15079,95959,0.94,7,1
15080,95965,0.95,6,1
15081,95968,0.98,3,1
15082,95973,0.96,5,1
15083,95978,0.96,5,1
15084,95988,0.91,10,1
15085,95994,0.95,6,1
15086,96011,0.84,17,1
15087,96018,0.94,7,1
15088,96022,0.97,4,1
15089,96030,0.93,8,1
15090,96033,0.98,3,1
15091,96038,0.96,5,1
15092,96043,0.96,5,1
15093,96050,0.94,7,1
15094,96054,0.97,4,1
15095,96057,0.98,3,1
15096,96058,1.0,1,1
15097,96059,1.0,1,1
15098,96063,0.97,4,1
15099,96068,0.96,5,1
15100,96074,0.95,6,1
15101,96082,0.93,8,1
15102,96083,1.0,1,1
15103,96091,0.93,8,1
15104,96096,0.96,5,1
15105,96102,0.95,6,1
15106,96107,0.96,5,1
15107,96115,0.93,8,1
15108,96124,0.92,9,1
15109,96133,0.92,9,1
15110,96137,0.97,4,1
15111,96147,0.91,10,1
15112,96156,0.92,9,1
15113,96157,1.0,1,1
15114,96159,0.99,2,1
15115,96160,1.0,1,1
15116,96161,1.0,1,1
15117,96166,0.96,5,1
15118,96171,0.96,5,1
15119,96177,0.95,6,1
15120,96179,0.99,2,1
15121,96184,0.96,5,1
15122,96186,0.99,2,1
15123,96192,0.95,6,1
15124,96196,0.97,4,1
15125,96204,0.93,8,1
15126,96210,0.95,6,1
15127,96216,0.95,6,1
15128,96222,0.95,6,1
15129,96225,0.98,3,1
15130,96243,0.83,18,1
15131,96249,0.95,6,1
15132,96251,0.99,2,1
15133,96255,0.97,4,1
15134,96258,0.98,3,1
15135,96263,0.96,5,1
15136,96264,1.0,1,1
15137,96268,0.97,4,1
15138,96273,0.96,5,1
15139,96281,0.93,8,1
15140,96284,0.98,3,1
15141,96292,0.93,8,1
15142,96295,0.98,3,1
15143,96298,0.98,3,1
15144,96306,0.93,8,1
15145,96313,0.94,7,1
15146,96314,1.0,1,1
15147,96328,0.87,14,1
15148,96332,0.97,4,1
15149,96339,0.94,7,1
15150,96346,0.94,7,1
15151,96353,0.94,7,1
15152,96358,0.96,5,1
15153,96362,0.97,4,1
15154,96376,0.87,14,1
15155,96378,0.99,2,1
15156,96390,0.89,12,1
15157,96394,0.97,4,1
15158,96400,0.95,6,1
15159,96404,0.97,4,1
15160,96409,0.96,5,1
15161,96412,0.98,3,1
15162,96416,0.97,4,1
15163,96423,0.94,7,1
15164,96431,0.93,8,1
15165,96438,0.94,7,1
15166,96439,1.0,1,1
15167,96442,0.98,3,1
15168,96449,0.94,7,1
15169,96456,0.94,7,1
15170,96461,0.96,5,1
15171,96466,0.96,5,1
15172,96470,0.97,4,1
15173,96478,0.93,8,1
15174,96484,0.95,6,1
15175,96490,0.95,6,1
15176,96499,0.92,9,1
15177,96507,0.93,8,1
15178,96511,0.97,4,1
15179,96513,0.99,2,1
15180,96522,0.92,9,1
15181,96523,1.0,1,1
15182,96528,0.96,5,1
15183,96535,0.94,7,1
15184,96537,0.99,2,1
15185,96542,0.96,5,1
15186,96546,0.97,4,1
15187,96554,0.93,8,1
15188,96564,0.91,10,1
15189,96571,0.94,7,1
15190,96572,1.0,1,1
15191,96584,0.89,12,1
15192,96589,0.96,5,1
15193,96594,0.96,5,1
15194,96597,0.98,3,1
15195,96609,0.89,12,1
15196,96612,0.98,3,1
15197,96620,0.93,8,1
15198,96629,0.92,9,1
15199,96636,0.94,7,1
15200,96640,0.97,4,1
15201,96650,0.91,10,1
15202,96663,0.88,13,1
15203,96669,0.95,6,1
15204,96674,0.96,5,1
15205,96681,0.94,7,1
15206,96686,0.96,5,1
15207,96692,0.95,6,1
15208,96698,0.95,6,1
15209,96707,0.92,9,1
15210,96713,0.95,6,1
15211,96718,0.96,5,1
15212,96724,0.95,6,1
15213,96729,0.96,5,1
15214,96731,0.99,2,1
15215,96746,0.86,15,1
15216,96760,0.87,14,1
15217,96761,1.0,1,1
15218,96766,0.96,5,1
15219,96768,0.99,2,1
15220,96781,0.88,13,1
15221,96786,0.96,5,1
15222,96787,1.0,1,1
15223,96792,0.96,5,1
15224,96797,0.96,5,1
15225,96802,0.96,5,1
15226,96803,1.0,1,1
15227,96807,0.97,4,1
15228,96819,0.89,12,1
15229,96822,0.98,3,1
15230,96832,0.91,10,1
15231,96838,0.95,6,1
15232,96846,0.93,8,1
15233,96848,0.99,2,1
15234,96854,0.95,6,1
15235,96858,0.97,4,1
15236,96860,0.99,2,1
15237,96866,0.95,6,1
15238,96872,0.95,6,1
15239,96875,0.98,3,1
15240,96882,0.94,7,1
15241,96888,0.95,6,1
15242,96894,0.95,6,1
15243,96902,0.93,8,1
15244,96906,0.97,4,1
15245,96913,0.94,7,1
15246,96916,0.98,3,1
15247,96928,0.89,12,1
15248,96933,0.96,5,1
15249,96936,0.98,3,1
15250,96937,1.0,1,1
15251,96940,0.98,3,1
15252,96942,0.99,2,1
15253,96945,0.98,3,1
15254,96946,1.0,1,1
15255,96947,1.0,1,1
15256,96959,0.89,12,1
15257,96966,0.94,7,1
15258,96976,0.91,10,1
15259,96984,0.93,8,1
15260,96985,1.0,1,1
15261,96989,0.97,4,1
15262,96991,0.99,2,1
15263,96998,0.94,7,1
15264,97002,0.97,4,1
15265,97004,0.99,2,1
15266,97011,0.94,7,1
15267,97018,0.94,7,1
15268,97023,0.96,5,1
15269,97030,0.94,7,1
15270,97035,0.96,5,1
15271,97044,0.92,9,1
15272,97052,0.93,8,1
15273,97057,0.96,5,1
15274,97064,0.94,7,1
15275,97066,0.99,2,1
15276,97069,0.98,3,1
15277,97079,0.91,10,1
15278,97084,0.96,5,1
15279,97093,0.92,9,1
15280,97101,0.93,8,1
15281,97111,0.91,10,1
15282,97116,0.96,5,1
15283,97125,0.92,9,1
15284,97129,0.97,4,1
15285,97131,0.99,2,1
15286,97138,0.94,7,1
15287,97139,1.0,1,1
15288,97149,0.91,10,1
15289,97154,0.96,5,1
15290,97158,0.97,4,1
15291,97161,0.98,3,1
15292,97173,0.89,12,1
15293,97175,0.99,2,1
15294,97182,0.94,7,1
15295,97189,0.94,7,1
15296,97193,0.97,4,1
15297,97199,0.95,6,1
15298,97202,0.98,3,1
15299,97207,0.96,5,1
15300,97210,0.98,3,1
15301,97213,0.98,3,1
15302,97216,0.98,3,1
15303,97223,0.94,7,1
15304,97225,0.99,2,1
15305,97234,0.92,9,1
15306,97244,0.91,10,1
15307,97246,0.99,2,1
15308,97249,0.98,3,1
15309,97250,1.0,1,1
15310,97251,1.0,1,1
15311,97256,0.96,5,1
15312,97263,0.94,7,1
15313,97271,0.93,8,1
15314,97278,0.94,7,1
15315,97280,0.99,2,1
15316,97284,0.97,4,1
15317,97298,0.87,14,1
15318,97303,0.96,5,1
15319,97310,0.94,7,1
15320,97319,0.92,9,1
15321,97326,0.94,7,1
15322,97333,0.94,7,1
15323,97337,0.97,4,1
15324,97342,0.96,5,1
15325,97347,0.96,5,1
15326,97349,0.99,2,1
15327,97357,0.93,8,1
15328,97363,0.95,6,1
15329,97369,0.95,6,1
15330,97378,0.92,9,1
15331,97379,1.0,1,1
15332,97383,0.97,4,1
15333,97394,0.9,11,1
15334,97399,0.96,5,1
15335,97414,0.86,15,1
15336,97417,0.98,3,1
15337,97420,0.98,3,1
15338,97434,0.87,14,1
15339,97435,1.0,1,1
15340,97436,1.0,1,1
15341,97450,0.87,14,1
15342,97455,0.96,5,1
15343,97457,0.99,2,1
15344,97461,0.97,4,1
15345,97462,1.0,1,1
15346,97468,0.95,6,1
15347,97470,0.99,2,1
15348,97475,0.96,5,1
15349,97477,0.99,2,1
15350,97479,0.99,2,1
15351,97484,0.96,5,1
15352,97490,0.95,6,1
15353,97495,0.96,5,1
15354,97499,0.97,4,1
15355,97507,0.93,8,1
15356,97516,0.92,9,1
15357,97518,0.99,2,1
15358,97524,0.95,6,1
15359,97526,0.99,2,1
15360,97535,0.92,9,1
15361,97541,0.95,6,1
15362,97548,0.94,7,1
15363,97551,0.98,3,1
15364,97553,0.99,2,1
15365,97554,1.0,1,1
15366,97563,0.92,9,1
15367,97568,0.96,5,1
15368,97575,0.94,7,1
15369,97586,0.9,11,1
15370,97590,0.97,4,1
15371,97598,0.93,8,1
15372,97602,0.97,4,1
15373,97608,0.95,6,1
15374,97612,0.97,4,1
15375,97618,0.95,6,1
15376,97626,0.93,8,1
15377,97635,0.92,9,1
15378,97640,0.96,5,1
15379,97653,0.88,13,1
15380,97654,1.0,1,1
15381,97659,0.96,5,1
15382,97668,0.92,9,1
15383,97676,0.93,8,1
15384,97682,0.95,6,1
15385,97683,1.0,1,1
15386,97694,0.9,11,1
15387,97698,0.97,4,1
15388,97702,0.97,4,1
15389,97705,0.98,3,1
15390,97709,0.97,4,1
15391,97713,0.97,4,1
15392,97714,1.0,1,1
15393,97723,0.92,9,1
15394,97732,0.92,9,1
15395,97736,0.97,4,1
15396,97737,1.0,1,1
15397,97748,0.9,11,1
15398,97751,0.98,3,1
15399,97773,0.79,22,1
15400,97782,0.92,9,1
15401,97785,0.98,3,1
15402,97790,0.96,5,1
15403,97794,0.97,4,1
15404,97797,0.98,3,1
15405,97803,0.95,6,1
15406,97809,0.95,6,1
15407,97818,0.92,9,1
15408,97826,0.93,8,1
15409,97835,0.92,9,1
15410,97842,0.94,7,1
15411,97848,0.95,6,1
15412,97851,0.98,3,1
15413,97854,0.98,3,1
15414,97856,0.99,2,1
15415,97864,0.93,8,1
15416,97870,0.95,6,1
15417,97874,0.97,4,1
15418,97876,0.99,2,1
15419,97884,0.93,8,1
15420,97893,0.92,9,1
15421,97900,0.94,7,1
15422,97906,0.95,6,1
15423,97909,0.98,3,1
15424,97912,0.98,3,1
15425,97916,0.97,4,1
15426,97921,0.96,5,1
15427,97924,0.98,3,1
15428,97927,0.98,3,1
15429,97933,0.95,6,1
15430,97939,0.95,6,1
15431,97940,1.0,1,1
15432,97942,0.99,2,1
15433,97951,0.92,9,1
15434,97957,0.95,6,1
15435,97967,0.91,10,1
15436,97971,0.97,4,1
15437,97977,0.95,6,1
15438,97985,0.93,8,1
15439,97990,0.96,5,1
15440,98000,0.91,10,1
15441,98005,0.96,5,1
15442,98014,0.92,9,1
15443,98020,0.95,6,1
15444,98025,0.96,5,1
15445,98028,0.98,3,1
15446,98034,0.95,6,1
15447,98040,0.95,6,1
15448,98044,0.97,4,1
15449,98047,0.98,3,1
15450,98054,0.94,7,1
15451,98055,1.0,1,1
15452,98058,0.98,3,1
15453,98063,0.96,5,1
15454,98066,0.98,3,1
15455,98076,0.91,10,1
15456,98080,0.97,4,1
15457,98085,0.96,5,1
15458,98093,0.93,8,1
15459,98100,0.94,7,1
15460,98108,0.93,8,1
15461,98110,0.99,2,1
15462,98120,0.91,10,1
15463,98121,1.0,1,1
15464,98126,0.96,5,1
15465,98130,0.97,4,1
15466,98137,0.94,7,1
15467,98138,1.0,1,1
15468,98147,0.92,9,1
15469,98148,1.0,1,1
15470,98151,0.98,3,1
15471,98158,0.94,7,1
15472,98163,0.96,5,1
15473,98171,0.93,8,1
15474,98176,0.96,5,1
15475,98182,0.95,6,1
15476,98192,0.91,10,1
15477,98194,0.99,2,1
15478,98200,0.95,6,1
15479,98210,0.91,10,1
15480,98215,0.96,5,1
15481,98221,0.95,6,1
15482,98233,0.89,12,1
15483,98247,0.87,14,1
15484,98256,0.92,9,1
15485,98259,0.98,3,1
15486,98266,0.94,7,1
15487,98267,1.0,1,1
15488,98269,0.99,2,1
15489,98273,0.97,4,1
15490,98277,0.97,4,1
15491,98287,0.91,10,1
15492,98294,0.94,7,1
15493,98303,0.92,9,1
15494,98309,0.95,6,1
15495,98322,0.88,13,1
15496,98334,0.89,12,1
15497,98347,0.88,13,1
15498,98355,0.93,8,1
15499,98368,0.88,13,1
15500,98384,0.85,16,1
15501,98386,0.99,2,1
15502,98387,1.0,1,1
15503,98394,0.94,7,1
15504,98399,0.96,5,1
15505,98401,0.99,2,1
15506,98404,0.98,3,1
15507,98406,0.99,2,1
15508,98410,0.97,4,1
15509,98414,0.97,4,1
15510,98419,0.96,5,1
15511,98431,0.89,12,1
15512,98439,0.93,8,1
15513,98445,0.95,6,1
15514,98453,0.93,8,1
15515,98459,0.95,6,1
15516,98461,0.99,2,1
15517,98465,0.97,4,1
15518,98472,0.94,7,1
15519,98478,0.95,6,1
15520,98485,0.94,7,1
15521,98491,0.95,6,1
15522,98499,0.93,8,1
15523,98504,0.96,5,1
15524,98507,0.98,3,1
15525,98508,1.0,1,1
15526,98513,0.96,5,1
15527,98517,0.97,4,1
15528,98529,0.89,12,1
15529,98533,0.97,4,1
15530,98534,1.0,1,1
15531,98538,0.97,4,1
15532,98547,0.92,9,1
15533,98560,0.88,13,1
15534,98566,0.95,6,1
15535,98569,0.98,3,1
15536,98576,0.94,7,1
15537,98580,0.97,4,1
15538,98585,0.96,5,1
15539,98595,0.91,10,1
15540,98601,0.95,6,1
15541,98602,1.0,1,1
15542,98610,0.93,8,1
15543,98614,0.97,4,1
15544,98619,0.96,5,1
15545,98623,0.97,4,1
15546,98625,0.99,2,1
15547,98640,0.86,15,1
15548,98641,1.0,1,1
15549,98648,0.94,7,1
15550,98655,0.94,7,1
15551,98659,0.97,4,1
15552,98662,0.98,3,1
15553,98664,0.99,2,1
15554,98665,1.0,1,1
15555,98672,0.94,7,1
15556,98681,0.92,9,1
15557,98685,0.97,4,1
15558,98691,0.95,6,1
15559,98697,0.95,6,1
15560,98703,0.95,6,1
15561,98707,0.97,4,1
15562,98711,0.97,4,1
15563,98718,0.94,7,1
15564,98723,0.96,5,1
15565,98728,0.96,5,1
15566,98737,0.92,9,1
15567,98746,0.92,9,1
15568,98752,0.95,6,1
15569,98756,0.97,4,1
15570,98759,0.98,3,1
15571,98768,0.92,9,1
15572,98775,0.94,7,1
15573,98779,0.97,4,1
15574,98789,0.91,10,1
15575,98793,0.97,4,1
15576,98795,0.99,2,1
15577,98805,0.91,10,1
15578,98812,0.94,7,1
15579,98816,0.97,4,1
15580,98824,0.93,8,1
15581,98830,0.95,6,1
15582,98840,0.91,10,1
15583,98846,0.95,6,1
15584,98856,0.91,10,1
15585,98860,0.97,4,1
15586,98864,0.97,4,1
15587,98872,0.93,8,1
15588,98876,0.97,4,1
15589,98879,0.98,3,1
15590,98881,0.99,2,1
15591,98886,0.96,5,1
15592,98892,0.95,6,1
15593,98901,0.92,9,1
15594,98910,0.92,9,1
15595,98916,0.95,6,1
15596,98924,0.93,8,1
15597,98926,0.99,2,1
15598,98930,0.97,4,1
15599,98935,0.96,5,1
15600,98943,0.93,8,1
15601,98946,0.98,3,1
15602,98952,0.95,6,1
15603,98953,1.0,1,1
15604,98958,0.96,5,1
15605,98963,0.96,5,1
15606,98966,0.98,3,1
15607,98972,0.95,6,1
15608,98974,0.99,2,1
15609,98979,0.96,5,1
15610,98985,0.95,6,1
15611,98990,0.96,5,1
15612,98998,0.93,8,1
15613,99004,0.95,6,1
15614,99005,1.0,1,1
15615,99009,0.97,4,1
15616,99023,0.87,14,1
15617,99027,0.97,4,1
15618,99028,1.0,1,1
15619,99035,0.94,7,1
15620,99036,1.0,1,1
15621,99039,0.98,3,1
15622,99040,1.0,1,1
15623,99042,0.99,2,1
15624,99047,0.96,5,1
15625,99051,0.97,4,1
15626,99054,0.98,3,1
15627,99059,0.96,5,1
15628,99065,0.95,6,1
15629,99074,0.92,9,1
15630,99084,0.91,10,1
15631,99085,1.0,1,1
15632,99087,0.99,2,1
15633,99090,0.98,3,1
15634,99097,0.94,7,1
15635,99100,0.98,3,1
15636,99106,0.95,6,1
15637,99112,0.95,6,1
15638,99116,0.97,4,1
15639,99121,0.96,5,1
15640,99126,0.96,5,1
15641,99127,1.0,1,1
15642,99139,0.89,12,1
15643,99148,0.92,9,1
15644,99155,0.94,7,1
15645,99157,0.99,2,1
15646,99169,0.89,12,1
15647,99173,0.97,4,1
15648,99177,0.97,4,1
15649,99185,0.93,8,1
15650,99192,0.94,7,1
15651,99195,0.98,3,1
15652,99202,0.94,7,1
15653,99205,0.98,3,1
15654,99206,1.0,1,1
15655,99212,0.95,6,1
15656,99217,0.96,5,1
15657,99221,0.97,4,1
15658,99226,0.96,5,1
15659,99227,1.0,1,1
15660,99233,0.95,6,1
15661,99245,0.89,12,1
15662,99254,0.92,9,1
15663,99258,0.97,4,1
15664,99266,0.93,8,1
15665,99277,0.9,11,1
15666,99282,0.96,5,1
15667,99295,0.88,13,1
15668,99297,0.99,2,1
15669,99303,0.95,6,1
15670,99304,1.0,1,1
15671,99307,0.98,3,1
15672,99312,0.96,5,1
15673,99331,0.82,19,1
15674,99336,0.96,5,1
15675,99341,0.96,5,1
15676,99351,0.91,10,1
15677,99355,0.97,4,1
15678,99361,0.95,6,1
15679,99363,0.99,2,1
15680,99371,0.93,8,1
15681,99377,0.95,6,1
15682,99386,0.92,9,1
15683,99390,0.97,4,1
15684,99394,0.97,4,1
15685,99401,0.94,7,1
15686,99405,0.97,4,1
15687,99412,0.94,7,1
15688,99417,0.96,5,1
15689,99420,0.98,3,1
15690,99428,0.93,8,1
15691,99446,0.83,18,1
15692,99450,0.97,4,1
15693,99451,1.0,1,1
15694,99459,0.93,8,1
15695,99465,0.95,6,1
15696,99471,0.95,6,1
15697,99481,0.91,10,1
15698,99490,0.92,9,1
15699,99503,0.88,13,1
15700,99509,0.95,6,1
15701,99510,1.0,1,1
15702,99511,1.0,1,1
15703,99518,0.94,7,1
15704,99523,0.96,5,1
15705,99534,0.9,11,1
15706,99537,0.98,3,1
15707,99540,0.98,3,1
15708,99546,0.95,6,1
15709,99552,0.95,6,1
15710,99562,0.91,10,1
15711,99566,0.97,4,1
15712,99573,0.94,7,1
15713,99578,0.96,5,1
15714,99581,0.98,3,1
15715,99583,0.99,2,1
15716,99600,0.84,17,1
15717,99606,0.95,6,1
15718,99626,0.81,20,1
15719,99635,0.92,9,1
15720,99637,0.99,2,1
15721,99646,0.92,9,1
15722,99655,0.92,9,1
15723,99666,0.9,11,1
15724,99672,0.95,6,1
15725,99677,0.96,5,1
15726,99680,0.98,3,1
15727,99690,0.91,10,1
15728,99693,0.98,3,1
15729,99704,0.9,11,1
15730,99708,0.97,4,1
15731,99713,0.96,5,1
15732,99714,1.0,1,1
15733,99724,0.91,10,1
15734,99728,0.97,4,1
15735,99732,0.97,4,1
15736,99738,0.95,6,1
15737,99745,0.94,7,1
15738,99750,0.96,5,1
15739,99753,0.98,3,1
15740,99757,0.97,4,1
15741,99758,1.0,1,1
15742,99764,0.95,6,1
15743,99768,0.97,4,1
15744,99770,0.99,2,1
15745,99775,0.96,5,1
15746,99785,0.91,10,1
15747,99786,1.0,1,1
15748,99793,0.94,7,1
15749,99794,1.0,1,1
15750,99797,0.98,3,1
15751,99804,0.94,7,1
15752,99810,0.95,6,1
15753,99815,0.96,5,1
15754,99816,1.0,1,1
15755,99822,0.95,6,1
15756,99830,0.93,8,1
15757,99838,0.93,8,1
15758,99844,0.95,6,1
15759,99845,1.0,1,1
15760,99849,0.97,4,1
15761,99854,0.96,5,1
15762,99863,0.92,9,1
15763,99867,0.97,4,1
15764,99883,0.85,16,1
15765,99888,0.96,5,1
15766,99899,0.9,11,1
15767,99907,0.93,8,1
15768,99914,0.94,7,1
15769,99919,0.96,5,1
15770,99925,0.95,6,1
15771,99926,1.0,1,1
15772,99933,0.94,7,1
15773,99936,0.98,3,1
15774,99955,0.82,19,1
15775,99966,0.9,11,1
15776,99968,0.99,2,1
15777,99971,0.98,3,1
15778,99974,0.98,3,1
15779,99977,0.98,3,1
15780,99985,0.93,8,1
15781,99994,0.92,9,1
15782,99997,0.98,3,1
15783,100005,0.93,8,1
15784,100008,0.98,3,1
15785,100021,0.88,13,1
15786,100028,0.94,7,1
15787,100031,0.98,3,1
15788,100039,0.93,8,1
15789,100040,1.0,1,1
15790,100046,0.95,6,1
15791,100049,0.98,3,1
15792,100059,0.91,10,1
15793,100064,0.96,5,1
15794,100066,0.99,2,1
15795,100069,0.98,3,1
15796,100075,0.95,6,1
15797,100083,0.93,8,1
15798,100093,0.91,10,1
15799,100101,0.93,8,1
15800,100108,0.94,7,1
15801,100116,0.93,8,1
15802,100117,1.0,1,1
15803,100118,1.0,1,1
15804,100123,0.96,5,1
15805,100130,0.94,7,1
15806,100133,0.98,3,1
15807,100141,0.93,8,1
15808,100146,0.96,5,1
15809,100153,0.94,7,1
15810,100158,0.96,5,1
15811,100160,0.99,2,1
15812,100164,0.97,4,1
15813,100167,0.98,3,1
15814,100175,0.93,8,1
15815,100180,0.96,5,1
15816,100183,0.98,3,1
15817,100189,0.95,6,1
15818,100193,0.97,4,1
15819,100199,0.95,6,1
15820,100206,0.94,7,1
15821,100215,0.92,9,1
15822,100220,0.96,5,1
15823,100224,0.97,4,1
15824,100228,0.97,4,1
15825,100234,0.95,6,1
15826,100244,0.91,10,1
15827,100249,0.96,5,1
15828,100252,0.98,3,1
15829,100255,0.98,3,1
15830,100262,0.94,7,1
15831,100271,0.92,9,1
15832,100273,0.99,2,1
15833,100274,1.0,1,1
15834,100281,0.94,7,1
15835,100285,0.97,4,1
15836,100294,0.92,9,1
15837,100298,0.97,4,1
15838,100306,0.93,8,1
15839,100310,0.97,4,1
15840,100317,0.94,7,1
15841,100322,0.96,5,1
15842,100325,0.98,3,1
15843,100327,0.99,2,1
15844,100332,0.96,5,1
15845,100334,0.99,2,1
15846,100343,0.92,9,1
15847,100348,0.96,5,1
15848,100350,0.99,2,1
