episode,timesteps,reward,length,success
1,150535,0.94,7,1
2,150599,-1.63,64,0
3,150610,0.9,11,1
4,150611,1.0,1,1
5,150621,0.91,10,1
6,150685,-1.63,64,0
7,150697,0.89,12,1
8,150761,-1.63,64,0
9,150770,0.92,9,1
10,150772,0.99,2,1
11,150836,-1.63,64,0
12,150837,1.0,1,1
13,150901,-1.63,64,0
14,150907,0.95,6,1
15,150912,0.96,5,1
16,150914,0.99,2,1
17,150925,0.9,11,1
18,150989,-1.63,64,0
19,150996,0.94,7,1
20,151006,0.91,10,1
21,151007,1.0,1,1
22,151071,-1.63,64,0
23,151078,0.94,7,1
24,151087,0.92,9,1
25,151099,0.89,12,1
26,151101,0.99,2,1
27,151107,0.95,6,1
28,151117,0.91,10,1
29,151181,-1.63,64,0
30,151188,0.94,7,1
31,151206,0.83,18,1
32,151218,0.89,12,1
33,151223,0.96,5,1
34,151247,0.77,24,1
35,151253,0.95,6,1
36,151317,-1.63,64,0
37,151321,0.97,4,1
38,151325,0.97,4,1
39,151328,0.98,3,1
40,151333,0.96,5,1
41,151337,0.97,4,1
42,151401,-1.63,64,0
43,151411,0.91,10,1
44,151464,0.48,53,1
45,151504,0.61,40,1
46,151568,-1.63,64,0
47,151581,0.88,13,1
48,151645,-1.63,64,0
49,151664,0.82,19,1
50,151696,0.69,32,1
51,151717,0.8,21,1
52,151724,0.94,7,1
53,151784,0.41,60,1
54,151791,0.94,7,1
55,151855,-1.63,64,0
56,151861,0.95,6,1
57,151864,0.98,3,1
58,151928,-1.63,64,0
59,151931,0.98,3,1
60,151995,-1.63,64,0
61,152002,0.94,7,1
62,152008,0.95,6,1
63,152072,-1.63,64,0
64,152080,0.93,8,1
65,152105,0.76,25,1
66,152116,0.9,11,1
67,152123,0.94,7,1
68,152130,0.94,7,1
69,152137,0.94,7,1
70,152144,0.94,7,1
71,152152,0.93,8,1
72,152156,0.97,4,1
73,152166,0.91,10,1
74,152182,0.85,16,1
75,152194,0.89,12,1
76,152230,0.65,36,1
77,152232,0.99,2,1
78,152294,0.39,62,1
79,152300,0.95,6,1
80,152311,0.9,11,1
81,152325,0.87,14,1
82,152372,0.54,47,1
83,152378,0.95,6,1
84,152381,0.98,3,1
85,152445,-1.63,64,0
86,152451,0.95,6,1
87,152485,0.67,34,1
88,152491,0.95,6,1
89,152501,0.91,10,1
90,152506,0.96,5,1
91,152529,0.78,23,1
92,152536,0.94,7,1
93,152563,0.74,27,1
94,152566,0.98,3,1
95,152573,0.94,7,1
96,152583,0.91,10,1
97,152587,0.97,4,1
98,152594,0.94,7,1
99,152617,0.78,23,1
100,152640,0.78,23,1
101,152651,0.9,11,1
102,152661,0.91,10,1
103,152667,0.95,6,1
104,152676,0.92,9,1
105,152677,1.0,1,1
106,152685,0.93,8,1
107,152694,0.92,9,1
108,152701,0.94,7,1
109,152726,0.76,25,1
110,152730,0.97,4,1
111,152736,0.95,6,1
112,152745,0.92,9,1
113,152758,0.88,13,1
114,152764,0.95,6,1
115,152789,0.76,25,1
116,152793,0.97,4,1
117,152813,0.81,20,1
118,152823,0.91,10,1
119,152830,0.94,7,1
120,152838,0.93,8,1
121,152850,0.89,12,1
122,152855,0.96,5,1
123,152860,0.96,5,1
124,152868,0.93,8,1
125,152876,0.93,8,1
126,152895,0.82,19,1
127,152896,1.0,1,1
128,152918,0.79,22,1
129,152925,0.94,7,1
130,152935,0.91,10,1
131,152939,0.97,4,1
132,152944,0.96,5,1
133,152960,0.85,16,1
134,153003,0.58,43,1
135,153007,0.97,4,1
136,153013,0.95,6,1
137,153023,0.91,10,1
138,153024,1.0,1,1
139,153032,0.93,8,1
140,153042,0.91,10,1
141,153048,0.95,6,1
142,153058,0.91,10,1
143,153071,0.88,13,1
144,153072,1.0,1,1
145,153076,0.97,4,1
146,153078,0.99,2,1
147,153094,0.85,16,1
148,153108,0.87,14,1
149,153117,0.92,9,1
150,153118,1.0,1,1
151,153131,0.88,13,1
152,153147,0.85,16,1
153,153159,0.89,12,1
154,153160,1.0,1,1
155,153166,0.95,6,1
156,153192,0.75,26,1
157,153222,0.71,30,1
158,153224,0.99,2,1
159,153225,1.0,1,1
160,153230,0.96,5,1
161,153241,0.9,11,1
162,153248,0.94,7,1
163,153254,0.95,6,1
164,153256,0.99,2,1
165,153268,0.89,12,1
166,153280,0.89,12,1
167,153290,0.91,10,1
168,153302,0.89,12,1
169,153309,0.94,7,1
170,153310,1.0,1,1
171,153317,0.94,7,1
172,153324,0.94,7,1
173,153332,0.93,8,1
174,153343,0.9,11,1
175,153349,0.95,6,1
176,153359,0.91,10,1
177,153367,0.93,8,1
178,153370,0.98,3,1
179,153392,0.79,22,1
180,153400,0.93,8,1
181,153408,0.93,8,1
182,153416,0.93,8,1
183,153424,0.93,8,1
184,153434,0.91,10,1
185,153444,0.91,10,1
186,153453,0.92,9,1
187,153474,0.8,21,1
188,153481,0.94,7,1
189,153492,0.9,11,1
190,153513,0.8,21,1
191,153516,0.98,3,1
192,153532,0.85,16,1
193,153533,1.0,1,1
194,153541,0.93,8,1
195,153542,1.0,1,1
196,153543,1.0,1,1
197,153545,0.99,2,1
198,153550,0.96,5,1
199,153557,0.94,7,1
200,153568,0.9,11,1
201,153596,0.73,28,1
202,153601,0.96,5,1
203,153608,0.94,7,1
204,153617,0.92,9,1
205,153619,0.99,2,1
206,153625,0.95,6,1
207,153652,0.74,27,1
208,153659,0.94,7,1
209,153669,0.91,10,1
210,153673,0.97,4,1
211,153681,0.93,8,1
212,153684,0.98,3,1
213,153700,0.85,16,1
214,153707,0.94,7,1
215,153713,0.95,6,1
216,153718,0.96,5,1
217,153723,0.96,5,1
218,153730,0.94,7,1
219,153733,0.98,3,1
220,153740,0.94,7,1
221,153750,0.91,10,1
222,153759,0.92,9,1
223,153770,0.9,11,1
224,153798,0.73,28,1
225,153812,0.87,14,1
226,153819,0.94,7,1
227,153821,0.99,2,1
228,153832,0.9,11,1
229,153834,0.99,2,1
230,153860,0.75,26,1
231,153867,0.94,7,1
232,153872,0.96,5,1
233,153874,0.99,2,1
234,153888,0.87,14,1
235,153913,0.76,25,1
236,153914,1.0,1,1
237,153922,0.93,8,1
238,153938,0.85,16,1
239,153943,0.96,5,1
240,153957,0.87,14,1
241,153965,0.93,8,1
242,153967,0.99,2,1
243,153981,0.87,14,1
244,153988,0.94,7,1
245,153993,0.96,5,1
246,154004,0.9,11,1
247,154016,0.89,12,1
248,154019,0.98,3,1
249,154026,0.94,7,1
250,154035,0.92,9,1
251,154058,0.78,23,1
252,154062,0.97,4,1
253,154069,0.94,7,1
254,154070,1.0,1,1
255,154072,0.99,2,1
256,154077,0.96,5,1
257,154104,0.74,27,1
258,154114,0.91,10,1
259,154122,0.93,8,1
260,154137,0.86,15,1
261,154146,0.92,9,1
262,154154,0.93,8,1
263,154155,1.0,1,1
264,154162,0.94,7,1
265,154172,0.91,10,1
266,154179,0.94,7,1
267,154189,0.91,10,1
268,154199,0.91,10,1
269,154208,0.92,9,1
270,154220,0.89,12,1
271,154229,0.92,9,1
272,154233,0.97,4,1
273,154243,0.91,10,1
274,154260,0.84,17,1
275,154268,0.93,8,1
276,154272,0.97,4,1
277,154277,0.96,5,1
278,154285,0.93,8,1
279,154300,0.86,15,1
280,154307,0.94,7,1
281,154317,0.91,10,1
282,154333,0.85,16,1
283,154340,0.94,7,1
284,154348,0.93,8,1
285,154363,0.86,15,1
286,154373,0.91,10,1
287,154374,1.0,1,1
288,154384,0.91,10,1
289,154395,0.9,11,1
290,154412,0.84,17,1
291,154419,0.94,7,1
292,154428,0.92,9,1
293,154432,0.97,4,1
294,154436,0.97,4,1
295,154444,0.93,8,1
296,154452,0.93,8,1
297,154461,0.92,9,1
298,154472,0.9,11,1
299,154492,0.81,20,1
300,154493,1.0,1,1
301,154514,0.8,21,1
302,154522,0.93,8,1
303,154538,0.85,16,1
304,154543,0.96,5,1
305,154554,0.9,11,1
306,154565,0.9,11,1
307,154571,0.95,6,1
308,154591,0.81,20,1
309,154606,0.86,15,1
310,154618,0.89,12,1
311,154623,0.96,5,1
312,154630,0.94,7,1
313,154641,0.9,11,1
314,154652,0.9,11,1
315,154659,0.94,7,1
316,154661,0.99,2,1
317,154681,0.81,20,1
318,154682,1.0,1,1
319,154688,0.95,6,1
320,154702,0.87,14,1
321,154707,0.96,5,1
322,154717,0.91,10,1
323,154723,0.95,6,1
324,154740,0.84,17,1
325,154743,0.98,3,1
326,154751,0.93,8,1
327,154766,0.86,15,1
328,154773,0.94,7,1
329,154780,0.94,7,1
330,154782,0.99,2,1
331,154789,0.94,7,1
332,154794,0.96,5,1
333,154803,0.92,9,1
334,154810,0.94,7,1
335,154816,0.95,6,1
336,154822,0.95,6,1
337,154833,0.9,11,1
338,154847,0.87,14,1
339,154858,0.9,11,1
340,154859,1.0,1,1
341,154881,0.79,22,1
342,154886,0.96,5,1
343,154893,0.94,7,1
344,154900,0.94,7,1
345,154901,1.0,1,1
346,154908,0.94,7,1
347,154918,0.91,10,1
348,154929,0.9,11,1
349,154934,0.96,5,1
350,154942,0.93,8,1
351,154957,0.86,15,1
352,154968,0.9,11,1
353,154974,0.95,6,1
354,154984,0.91,10,1
355,154989,0.96,5,1
356,155000,0.9,11,1
357,155009,0.92,9,1
358,155015,0.95,6,1
359,155021,0.95,6,1
360,155028,0.94,7,1
361,155034,0.95,6,1
362,155043,0.92,9,1
363,155054,0.9,11,1
364,155061,0.94,7,1
365,155066,0.96,5,1
366,155068,0.99,2,1
367,155075,0.94,7,1
368,155076,1.0,1,1
369,155083,0.94,7,1
370,155091,0.93,8,1
371,155093,0.99,2,1
372,155103,0.91,10,1
373,155111,0.93,8,1
374,155120,0.92,9,1
375,155126,0.95,6,1
376,155134,0.93,8,1
377,155150,0.85,16,1
378,155156,0.95,6,1
379,155160,0.97,4,1
380,155172,0.89,12,1
381,155183,0.9,11,1
382,155191,0.93,8,1
383,155203,0.89,12,1
384,155218,0.86,15,1
385,155224,0.95,6,1
386,155232,0.93,8,1
387,155243,0.9,11,1
388,155254,0.9,11,1
389,155261,0.94,7,1
390,155267,0.95,6,1
391,155277,0.91,10,1
392,155289,0.89,12,1
393,155300,0.9,11,1
394,155315,0.86,15,1
395,155321,0.95,6,1
396,155331,0.91,10,1
397,155336,0.96,5,1
398,155356,0.81,20,1
399,155363,0.94,7,1
400,155366,0.98,3,1
401,155377,0.9,11,1
402,155386,0.92,9,1
403,155390,0.97,4,1
404,155396,0.95,6,1
405,155403,0.94,7,1
406,155413,0.91,10,1
407,155427,0.87,14,1
408,155434,0.94,7,1
409,155449,0.86,15,1
410,155459,0.91,10,1
411,155473,0.87,14,1
412,155485,0.89,12,1
413,155503,0.83,18,1
414,155509,0.95,6,1
415,155511,0.99,2,1
416,155524,0.88,13,1
417,155532,0.93,8,1
418,155542,0.91,10,1
419,155546,0.97,4,1
420,155553,0.94,7,1
421,155558,0.96,5,1
422,155565,0.94,7,1
423,155578,0.88,13,1
424,155588,0.91,10,1
425,155589,1.0,1,1
426,155593,0.97,4,1
427,155599,0.95,6,1
428,155608,0.92,9,1
429,155611,0.98,3,1
430,155620,0.92,9,1
431,155632,0.89,12,1
432,155642,0.91,10,1
433,155653,0.9,11,1
434,155662,0.92,9,1
435,155665,0.98,3,1
436,155668,0.98,3,1
437,155680,0.89,12,1
438,155687,0.94,7,1
439,155692,0.96,5,1
440,155698,0.95,6,1
441,155703,0.96,5,1
442,155708,0.96,5,1
443,155717,0.92,9,1
444,155722,0.96,5,1
445,155727,0.96,5,1
446,155735,0.93,8,1
447,155743,0.93,8,1
448,155756,0.88,13,1
449,155767,0.9,11,1
450,155775,0.93,8,1
451,155784,0.92,9,1
452,155789,0.96,5,1
453,155797,0.93,8,1
454,155804,0.94,7,1
455,155816,0.89,12,1
456,155828,0.89,12,1
457,155837,0.92,9,1
458,155847,0.91,10,1
459,155857,0.91,10,1
460,155863,0.95,6,1
461,155868,0.96,5,1
462,155880,0.89,12,1
463,155882,0.99,2,1
464,155884,0.99,2,1
465,155891,0.94,7,1
466,155900,0.92,9,1
467,155906,0.95,6,1
468,155915,0.92,9,1
469,155923,0.93,8,1
470,155934,0.9,11,1
471,155943,0.92,9,1
472,155950,0.94,7,1
473,155958,0.93,8,1
474,155965,0.94,7,1
475,155966,1.0,1,1
476,155977,0.9,11,1
477,155984,0.94,7,1
478,155990,0.95,6,1
479,155999,0.92,9,1
480,156004,0.96,5,1
481,156006,0.99,2,1
482,156007,1.0,1,1
483,156018,0.9,11,1
484,156030,0.89,12,1
485,156039,0.92,9,1
486,156060,0.8,21,1
487,156068,0.93,8,1
488,156085,0.84,17,1
489,156093,0.93,8,1
490,156098,0.96,5,1
491,156099,1.0,1,1
492,156109,0.91,10,1
493,156131,0.79,22,1
494,156139,0.93,8,1
495,156151,0.89,12,1
496,156163,0.89,12,1
497,156168,0.96,5,1
498,156174,0.95,6,1
499,156178,0.97,4,1
500,156188,0.91,10,1
501,156198,0.91,10,1
502,156205,0.94,7,1
503,156216,0.9,11,1
504,156228,0.89,12,1
505,156235,0.94,7,1
506,156236,1.0,1,1
507,156243,0.94,7,1
508,156251,0.93,8,1
509,156260,0.92,9,1
510,156265,0.96,5,1
511,156277,0.89,12,1
512,156287,0.91,10,1
513,156302,0.86,15,1
514,156305,0.98,3,1
515,156310,0.96,5,1
516,156317,0.94,7,1
517,156326,0.92,9,1
518,156334,0.93,8,1
519,156337,0.98,3,1
520,156346,0.92,9,1
521,156347,1.0,1,1
522,156356,0.92,9,1
523,156363,0.94,7,1
524,156375,0.89,12,1
525,156387,0.89,12,1
526,156388,1.0,1,1
527,156396,0.93,8,1
528,156405,0.92,9,1
529,156420,0.86,15,1
530,156429,0.92,9,1
531,156444,0.86,15,1
532,156445,1.0,1,1
533,156457,0.89,12,1
534,156464,0.94,7,1
535,156476,0.89,12,1
536,156481,0.96,5,1
537,156486,0.96,5,1
538,156494,0.93,8,1
539,156506,0.89,12,1
540,156513,0.94,7,1
541,156514,1.0,1,1
542,156521,0.94,7,1
543,156527,0.95,6,1
544,156535,0.93,8,1
545,156541,0.95,6,1
546,156549,0.93,8,1
547,156553,0.97,4,1
548,156556,0.98,3,1
549,156564,0.93,8,1
550,156574,0.91,10,1
551,156584,0.91,10,1
552,156588,0.97,4,1
553,156594,0.95,6,1
554,156602,0.93,8,1
555,156609,0.94,7,1
556,156616,0.94,7,1
557,156622,0.95,6,1
558,156627,0.96,5,1
559,156646,0.82,19,1
560,156650,0.97,4,1
561,156656,0.95,6,1
562,156661,0.96,5,1
563,156667,0.95,6,1
564,156668,1.0,1,1
565,156675,0.94,7,1
566,156687,0.89,12,1
567,156695,0.93,8,1
568,156698,0.98,3,1
569,156705,0.94,7,1
570,156716,0.9,11,1
571,156723,0.94,7,1
572,156733,0.91,10,1
573,156739,0.95,6,1
574,156755,0.85,16,1
575,156756,1.0,1,1
576,156765,0.92,9,1
577,156775,0.91,10,1
578,156783,0.93,8,1
579,156791,0.93,8,1
580,156797,0.95,6,1
581,156804,0.94,7,1
582,156807,0.98,3,1
583,156815,0.93,8,1
584,156817,0.99,2,1
585,156821,0.97,4,1
586,156834,0.88,13,1
587,156840,0.95,6,1
588,156849,0.92,9,1
589,156854,0.96,5,1
590,156864,0.91,10,1
591,156875,0.9,11,1
592,156883,0.93,8,1
593,156890,0.94,7,1
594,156897,0.94,7,1
595,156907,0.91,10,1
596,156922,0.86,15,1
597,156923,1.0,1,1
598,156934,0.9,11,1
599,156939,0.96,5,1
600,156949,0.91,10,1
601,156962,0.88,13,1
602,156969,0.94,7,1
603,156979,0.91,10,1
604,156989,0.91,10,1
605,156996,0.94,7,1
606,156997,1.0,1,1
607,157006,0.92,9,1
608,157013,0.94,7,1
609,157014,1.0,1,1
610,157021,0.94,7,1
611,157027,0.95,6,1
612,157036,0.92,9,1
613,157052,0.85,16,1
614,157053,1.0,1,1
615,157062,0.92,9,1
616,157072,0.91,10,1
617,157082,0.91,10,1
618,157089,0.94,7,1
619,157101,0.89,12,1
620,157106,0.96,5,1
621,157119,0.88,13,1
622,157131,0.89,12,1
623,157146,0.86,15,1
624,157156,0.91,10,1
625,157165,0.92,9,1
626,157173,0.93,8,1
627,157183,0.91,10,1
628,157193,0.91,10,1
629,157200,0.94,7,1
630,157207,0.94,7,1
631,157217,0.91,10,1
632,157223,0.95,6,1
633,157231,0.93,8,1
634,157236,0.96,5,1
635,157250,0.87,14,1
636,157251,1.0,1,1
637,157259,0.93,8,1
638,157267,0.93,8,1
639,157271,0.97,4,1
640,157281,0.91,10,1
641,157287,0.95,6,1
642,157296,0.92,9,1
643,157308,0.89,12,1
644,157309,1.0,1,1
645,157319,0.91,10,1
646,157331,0.89,12,1
647,157336,0.96,5,1
648,157346,0.91,10,1
649,157355,0.92,9,1
650,157367,0.89,12,1
651,157374,0.94,7,1
652,157381,0.94,7,1
653,157384,0.98,3,1
654,157385,1.0,1,1
655,157391,0.95,6,1
656,157392,1.0,1,1
657,157402,0.91,10,1
658,157407,0.96,5,1
659,157414,0.94,7,1
660,157425,0.9,11,1
661,157432,0.94,7,1
662,157442,0.91,10,1
663,157450,0.93,8,1
664,157457,0.94,7,1
665,157458,1.0,1,1
666,157469,0.9,11,1
667,157478,0.92,9,1
668,157484,0.95,6,1
669,157491,0.94,7,1
670,157495,0.97,4,1
671,157509,0.87,14,1
672,157520,0.9,11,1
673,157529,0.92,9,1
674,157539,0.91,10,1
675,157547,0.93,8,1
676,157554,0.94,7,1
677,157562,0.93,8,1
678,157568,0.95,6,1
679,157569,1.0,1,1
680,157578,0.92,9,1
681,157586,0.93,8,1
682,157587,1.0,1,1
683,157596,0.92,9,1
684,157602,0.95,6,1
685,157607,0.96,5,1
686,157616,0.92,9,1
687,157628,0.89,12,1
688,157638,0.91,10,1
689,157651,0.88,13,1
690,157654,0.98,3,1
691,157656,0.99,2,1
692,157661,0.96,5,1
693,157671,0.91,10,1
694,157678,0.94,7,1
695,157685,0.94,7,1
696,157695,0.91,10,1
697,157699,0.97,4,1
698,157706,0.94,7,1
699,157713,0.94,7,1
700,157724,0.9,11,1
701,157728,0.97,4,1
702,157735,0.94,7,1
703,157736,1.0,1,1
704,157746,0.91,10,1
705,157752,0.95,6,1
706,157755,0.98,3,1
707,157762,0.94,7,1
708,157771,0.92,9,1
709,157779,0.93,8,1
710,157790,0.9,11,1
711,157795,0.96,5,1
712,157798,0.98,3,1
713,157804,0.95,6,1
714,157825,0.8,21,1
715,157834,0.92,9,1
716,157841,0.94,7,1
717,157844,0.98,3,1
718,157851,0.94,7,1
719,157861,0.91,10,1
720,157870,0.92,9,1
721,157872,0.99,2,1
722,157883,0.9,11,1
723,157892,0.92,9,1
724,157895,0.98,3,1
725,157900,0.96,5,1
726,157907,0.94,7,1
727,157912,0.96,5,1
728,157921,0.92,9,1
729,157928,0.94,7,1
730,157933,0.96,5,1
731,157943,0.91,10,1
732,157944,1.0,1,1
733,157953,0.92,9,1
734,157957,0.97,4,1
735,157967,0.91,10,1
736,157975,0.93,8,1
737,157983,0.93,8,1
738,157992,0.92,9,1
739,157997,0.96,5,1
740,157998,1.0,1,1
741,158000,0.99,2,1
742,158004,0.97,4,1
743,158014,0.91,10,1
744,158025,0.9,11,1
745,158035,0.91,10,1
746,158051,0.85,16,1
747,158064,0.88,13,1
748,158075,0.9,11,1
749,158084,0.92,9,1
750,158085,1.0,1,1
751,158090,0.96,5,1
752,158091,1.0,1,1
753,158099,0.93,8,1
754,158107,0.93,8,1
755,158118,0.9,11,1
756,158123,0.96,5,1
757,158131,0.93,8,1
758,158144,0.88,13,1
759,158145,1.0,1,1
760,158149,0.97,4,1
761,158161,0.89,12,1
762,158163,0.99,2,1
763,158165,0.99,2,1
764,158177,0.89,12,1
765,158182,0.96,5,1
766,158195,0.88,13,1
767,158202,0.94,7,1
768,158208,0.95,6,1
769,158216,0.93,8,1
770,158223,0.94,7,1
771,158227,0.97,4,1
772,158237,0.91,10,1
773,158239,0.99,2,1
774,158248,0.92,9,1
775,158256,0.93,8,1
776,158262,0.95,6,1
777,158263,1.0,1,1
778,158275,0.89,12,1
779,158283,0.93,8,1
780,158284,1.0,1,1
781,158289,0.96,5,1
782,158295,0.95,6,1
783,158297,0.99,2,1
784,158299,0.99,2,1
785,158313,0.87,14,1
786,158314,1.0,1,1
787,158320,0.95,6,1
788,158327,0.94,7,1
789,158328,1.0,1,1
790,158334,0.95,6,1
791,158343,0.92,9,1
792,158350,0.94,7,1
793,158351,1.0,1,1
794,158356,0.96,5,1
795,158361,0.96,5,1
796,158370,0.92,9,1
797,158371,1.0,1,1
798,158379,0.93,8,1
799,158385,0.95,6,1
800,158391,0.95,6,1
801,158399,0.93,8,1
802,158406,0.94,7,1
803,158415,0.92,9,1
804,158426,0.9,11,1
805,158432,0.95,6,1
806,158435,0.98,3,1
807,158442,0.94,7,1
808,158454,0.89,12,1
809,158465,0.9,11,1
810,158471,0.95,6,1
811,158481,0.91,10,1
812,158484,0.98,3,1
813,158487,0.98,3,1
814,158495,0.93,8,1
815,158499,0.97,4,1
816,158507,0.93,8,1
817,158516,0.92,9,1
818,158524,0.93,8,1
819,158529,0.96,5,1
820,158540,0.9,11,1
821,158544,0.97,4,1
822,158551,0.94,7,1
823,158561,0.91,10,1
824,158568,0.94,7,1
825,158579,0.9,11,1
826,158580,1.0,1,1
827,158587,0.94,7,1
828,158594,0.94,7,1
829,158596,0.99,2,1
830,158600,0.97,4,1
831,158606,0.95,6,1
832,158615,0.92,9,1
833,158623,0.93,8,1
834,158633,0.91,10,1
835,158635,0.99,2,1
836,158643,0.93,8,1
837,158653,0.91,10,1
838,158660,0.94,7,1
839,158670,0.91,10,1
840,158678,0.93,8,1
841,158685,0.94,7,1
842,158691,0.95,6,1
843,158707,0.85,16,1
844,158715,0.93,8,1
845,158724,0.92,9,1
846,158731,0.94,7,1
847,158734,0.98,3,1
848,158743,0.92,9,1
849,158752,0.92,9,1
850,158753,1.0,1,1
851,158759,0.95,6,1
852,158769,0.91,10,1
853,158775,0.95,6,1
854,158791,0.85,16,1
855,158798,0.94,7,1
856,158804,0.95,6,1
857,158811,0.94,7,1
858,158820,0.92,9,1
859,158825,0.96,5,1
860,158836,0.9,11,1
861,158842,0.95,6,1
862,158843,1.0,1,1
863,158851,0.93,8,1
864,158856,0.96,5,1
865,158860,0.97,4,1
866,158870,0.91,10,1
867,158880,0.91,10,1
868,158888,0.93,8,1
869,158897,0.92,9,1
870,158904,0.94,7,1
871,158909,0.96,5,1
872,158915,0.95,6,1
873,158923,0.93,8,1
874,158926,0.98,3,1
875,158933,0.94,7,1
876,158943,0.91,10,1
877,158947,0.97,4,1
878,158948,1.0,1,1
879,158959,0.9,11,1
880,158967,0.93,8,1
881,158974,0.94,7,1
882,158983,0.92,9,1
883,158991,0.93,8,1
884,158999,0.93,8,1
885,159012,0.88,13,1
886,159020,0.93,8,1
887,159024,0.97,4,1
888,159033,0.92,9,1
889,159043,0.91,10,1
890,159050,0.94,7,1
891,159051,1.0,1,1
892,159061,0.91,10,1
893,159070,0.92,9,1
894,159075,0.96,5,1
895,159086,0.9,11,1
896,159090,0.97,4,1
897,159095,0.96,5,1
898,159101,0.95,6,1
899,159116,0.86,15,1
900,159117,1.0,1,1
901,159123,0.95,6,1
902,159129,0.95,6,1
903,159138,0.92,9,1
904,159150,0.89,12,1
905,159162,0.89,12,1
906,159167,0.96,5,1
907,159170,0.98,3,1
908,159177,0.94,7,1
909,159188,0.9,11,1
910,159195,0.94,7,1
911,159201,0.95,6,1
912,159207,0.95,6,1
913,159213,0.95,6,1
914,159220,0.94,7,1
915,159225,0.96,5,1
916,159235,0.91,10,1
917,159248,0.88,13,1
918,159257,0.92,9,1
919,159264,0.94,7,1
920,159272,0.93,8,1
921,159273,1.0,1,1
922,159283,0.91,10,1
923,159294,0.9,11,1
924,159304,0.91,10,1
925,159306,0.99,2,1
926,159316,0.91,10,1
927,159324,0.93,8,1
928,159327,0.98,3,1
929,159338,0.9,11,1
930,159347,0.92,9,1
931,159352,0.96,5,1
932,159357,0.96,5,1
933,159364,0.94,7,1
934,159371,0.94,7,1
935,159372,1.0,1,1
936,159386,0.87,14,1
937,159395,0.92,9,1
938,159398,0.98,3,1
939,159405,0.94,7,1
940,159413,0.93,8,1
941,159424,0.9,11,1
942,159430,0.95,6,1
943,159439,0.92,9,1
944,159444,0.96,5,1
945,159451,0.94,7,1
946,159460,0.92,9,1
947,159470,0.91,10,1
948,159478,0.93,8,1
949,159482,0.97,4,1
950,159490,0.93,8,1
951,159498,0.93,8,1
952,159507,0.92,9,1
953,159516,0.92,9,1
954,159523,0.94,7,1
955,159526,0.98,3,1
956,159527,1.0,1,1
957,159536,0.92,9,1
958,159545,0.92,9,1
959,159549,0.97,4,1
960,159555,0.95,6,1
961,159557,0.99,2,1
962,159561,0.97,4,1
963,159566,0.96,5,1
964,159574,0.93,8,1
965,159578,0.97,4,1
966,159587,0.92,9,1
967,159594,0.94,7,1
968,159604,0.91,10,1
969,159609,0.96,5,1
970,159617,0.93,8,1
971,159626,0.92,9,1
972,159630,0.97,4,1
973,159641,0.9,11,1
974,159651,0.91,10,1
975,159661,0.91,10,1
976,159664,0.98,3,1
977,159671,0.94,7,1
978,159682,0.9,11,1
979,159691,0.92,9,1
980,159701,0.91,10,1
981,159703,0.99,2,1
982,159704,1.0,1,1
983,159710,0.95,6,1
984,159717,0.94,7,1
985,159722,0.96,5,1
986,159723,1.0,1,1
987,159732,0.92,9,1
988,159738,0.95,6,1
989,159748,0.91,10,1
990,159758,0.91,10,1
991,159768,0.91,10,1
992,159774,0.95,6,1
993,159778,0.97,4,1
994,159782,0.97,4,1
995,159791,0.92,9,1
996,159796,0.96,5,1
997,159799,0.98,3,1
998,159810,0.9,11,1
999,159818,0.93,8,1
1000,159832,0.87,14,1
1001,159838,0.95,6,1
1002,159846,0.93,8,1
1003,159856,0.91,10,1
1004,159860,0.97,4,1
1005,159866,0.95,6,1
1006,159875,0.92,9,1
1007,159880,0.96,5,1
1008,159888,0.93,8,1
1009,159891,0.98,3,1
1010,159901,0.91,10,1
1011,159911,0.91,10,1
1012,159912,1.0,1,1
1013,159919,0.94,7,1
1014,159928,0.92,9,1
1015,159935,0.94,7,1
1016,159936,1.0,1,1
1017,159946,0.91,10,1
1018,159954,0.93,8,1
1019,159965,0.9,11,1
1020,159970,0.96,5,1
1021,159976,0.95,6,1
1022,159980,0.97,4,1
1023,159984,0.97,4,1
1024,159989,0.96,5,1
1025,159998,0.92,9,1
1026,160005,0.94,7,1
1027,160012,0.94,7,1
1028,160019,0.94,7,1
1029,160028,0.92,9,1
1030,160035,0.94,7,1
1031,160045,0.91,10,1
1032,160053,0.93,8,1
1033,160058,0.96,5,1
1034,160068,0.91,10,1
1035,160076,0.93,8,1
1036,160089,0.88,13,1
1037,160097,0.93,8,1
1038,160105,0.93,8,1
1039,160108,0.98,3,1
1040,160114,0.95,6,1
1041,160120,0.95,6,1
1042,160128,0.93,8,1
1043,160129,1.0,1,1
1044,160134,0.96,5,1
1045,160141,0.94,7,1
1046,160146,0.96,5,1
1047,160153,0.94,7,1
1048,160160,0.94,7,1
1049,160165,0.96,5,1
1050,160173,0.93,8,1
1051,160184,0.9,11,1
1052,160196,0.89,12,1
1053,160200,0.97,4,1
1054,160205,0.96,5,1
1055,160210,0.96,5,1
1056,160216,0.95,6,1
1057,160225,0.92,9,1
1058,160235,0.91,10,1
1059,160243,0.93,8,1
1060,160244,1.0,1,1
1061,160256,0.89,12,1
1062,160264,0.93,8,1
1063,160273,0.92,9,1
1064,160288,0.86,15,1
1065,160294,0.95,6,1
1066,160298,0.97,4,1
1067,160309,0.9,11,1
1068,160316,0.94,7,1
1069,160317,1.0,1,1
1070,160326,0.92,9,1
1071,160339,0.88,13,1
1072,160347,0.93,8,1
1073,160358,0.9,11,1
1074,160362,0.97,4,1
1075,160365,0.98,3,1
1076,160371,0.95,6,1
1077,160381,0.91,10,1
1078,160388,0.94,7,1
1079,160400,0.89,12,1
1080,160408,0.93,8,1
1081,160415,0.94,7,1
1082,160422,0.94,7,1
1083,160436,0.87,14,1
1084,160446,0.91,10,1
1085,160453,0.94,7,1
1086,160459,0.95,6,1
1087,160460,1.0,1,1
1088,160469,0.92,9,1
1089,160480,0.9,11,1
1090,160487,0.94,7,1
1091,160493,0.95,6,1
1092,160501,0.93,8,1
1093,160507,0.95,6,1
1094,160514,0.94,7,1
1095,160521,0.94,7,1
1096,160525,0.97,4,1
1097,160533,0.93,8,1
1098,160543,0.91,10,1
1099,160550,0.94,7,1
1100,160552,0.99,2,1
1101,160559,0.94,7,1
1102,160566,0.94,7,1
1103,160572,0.95,6,1
1104,160585,0.88,13,1
1105,160591,0.95,6,1
1106,160600,0.92,9,1
1107,160603,0.98,3,1
1108,160612,0.92,9,1
1109,160621,0.92,9,1
1110,160637,0.85,16,1
1111,160640,0.98,3,1
1112,160642,0.99,2,1
1113,160646,0.97,4,1
1114,160648,0.99,2,1
1115,160660,0.89,12,1
1116,160666,0.95,6,1
1117,160672,0.95,6,1
1118,160681,0.92,9,1
1119,160685,0.97,4,1
1120,160701,0.85,16,1
1121,160714,0.88,13,1
1122,160720,0.95,6,1
1123,160732,0.89,12,1
1124,160743,0.9,11,1
1125,160750,0.94,7,1
1126,160761,0.9,11,1
1127,160766,0.96,5,1
1128,160774,0.93,8,1
1129,160780,0.95,6,1
1130,160788,0.93,8,1
1131,160796,0.93,8,1
1132,160806,0.91,10,1
1133,160807,1.0,1,1
1134,160818,0.9,11,1
1135,160822,0.97,4,1
1136,160828,0.95,6,1
1137,160839,0.9,11,1
1138,160844,0.96,5,1
1139,160851,0.94,7,1
1140,160859,0.93,8,1
1141,160871,0.89,12,1
1142,160881,0.91,10,1
1143,160892,0.9,11,1
1144,160902,0.91,10,1
1145,160905,0.98,3,1
1146,160914,0.92,9,1
1147,160920,0.95,6,1
1148,160926,0.95,6,1
1149,160935,0.92,9,1
1150,160944,0.92,9,1
1151,160954,0.91,10,1
1152,160959,0.96,5,1
1153,160964,0.96,5,1
1154,160980,0.85,16,1
1155,160984,0.97,4,1
1156,160994,0.91,10,1
1157,161006,0.89,12,1
1158,161011,0.96,5,1
1159,161022,0.9,11,1
1160,161029,0.94,7,1
1161,161036,0.94,7,1
1162,161037,1.0,1,1
1163,161040,0.98,3,1
1164,161045,0.96,5,1
1165,161053,0.93,8,1
1166,161056,0.98,3,1
1167,161069,0.88,13,1
1168,161075,0.95,6,1
1169,161086,0.9,11,1
1170,161093,0.94,7,1
1171,161105,0.89,12,1
1172,161110,0.96,5,1
1173,161117,0.94,7,1
1174,161123,0.95,6,1
1175,161128,0.96,5,1
1176,161140,0.89,12,1
1177,161147,0.94,7,1
1178,161155,0.93,8,1
1179,161164,0.92,9,1
1180,161173,0.92,9,1
1181,161178,0.96,5,1
1182,161189,0.9,11,1
1183,161195,0.95,6,1
1184,161201,0.95,6,1
1185,161208,0.94,7,1
1186,161216,0.93,8,1
1187,161223,0.94,7,1
1188,161226,0.98,3,1
1189,161236,0.91,10,1
1190,161241,0.96,5,1
1191,161246,0.96,5,1
1192,161257,0.9,11,1
1193,161259,0.99,2,1
1194,161267,0.93,8,1
1195,161277,0.91,10,1
1196,161279,0.99,2,1
1197,161290,0.9,11,1
1198,161291,1.0,1,1
1199,161298,0.94,7,1
1200,161304,0.95,6,1
1201,161309,0.96,5,1
1202,161315,0.95,6,1
1203,161325,0.91,10,1
1204,161330,0.96,5,1
1205,161339,0.92,9,1
1206,161346,0.94,7,1
1207,161357,0.9,11,1
1208,161363,0.95,6,1
1209,161369,0.95,6,1
1210,161377,0.93,8,1
1211,161382,0.96,5,1
1212,161391,0.92,9,1
1213,161396,0.96,5,1
1214,161403,0.94,7,1
1215,161410,0.94,7,1
1216,161425,0.86,15,1
1217,161434,0.92,9,1
1218,161438,0.97,4,1
1219,161447,0.92,9,1
1220,161454,0.94,7,1
1221,161465,0.9,11,1
1222,161472,0.94,7,1
1223,161481,0.92,9,1
1224,161482,1.0,1,1
1225,161494,0.89,12,1
1226,161496,0.99,2,1
1227,161500,0.97,4,1
1228,161508,0.93,8,1
1229,161515,0.94,7,1
1230,161521,0.95,6,1
1231,161530,0.92,9,1
1232,161541,0.9,11,1
1233,161550,0.92,9,1
1234,161555,0.96,5,1
1235,161566,0.9,11,1
1236,161577,0.9,11,1
1237,161583,0.95,6,1
1238,161594,0.9,11,1
1239,161601,0.94,7,1
1240,161609,0.93,8,1
1241,161618,0.92,9,1
1242,161628,0.91,10,1
1243,161635,0.94,7,1
1244,161646,0.9,11,1
1245,161656,0.91,10,1
1246,161657,1.0,1,1
1247,161667,0.91,10,1
1248,161679,0.89,12,1
1249,161690,0.9,11,1
1250,161697,0.94,7,1
1251,161702,0.96,5,1
1252,161707,0.96,5,1
1253,161712,0.96,5,1
1254,161722,0.91,10,1
1255,161729,0.94,7,1
1256,161736,0.94,7,1
1257,161737,1.0,1,1
1258,161744,0.94,7,1
1259,161751,0.94,7,1
1260,161759,0.93,8,1
1261,161770,0.9,11,1
1262,161777,0.94,7,1
1263,161787,0.91,10,1
1264,161791,0.97,4,1
1265,161798,0.94,7,1
1266,161805,0.94,7,1
1267,161811,0.95,6,1
1268,161815,0.97,4,1
1269,161823,0.93,8,1
1270,161824,1.0,1,1
1271,161838,0.87,14,1
1272,161848,0.91,10,1
1273,161857,0.92,9,1
1274,161858,1.0,1,1
1275,161863,0.96,5,1
1276,161873,0.91,10,1
1277,161880,0.94,7,1
1278,161885,0.96,5,1
1279,161890,0.96,5,1
1280,161896,0.95,6,1
1281,161905,0.92,9,1
1282,161907,0.99,2,1
1283,161915,0.93,8,1
1284,161918,0.98,3,1
1285,161923,0.96,5,1
1286,161932,0.92,9,1
1287,161939,0.94,7,1
1288,161946,0.94,7,1
1289,161954,0.93,8,1
1290,161963,0.92,9,1
1291,161970,0.94,7,1
1292,161977,0.94,7,1
1293,161984,0.94,7,1
1294,161993,0.92,9,1
1295,162004,0.9,11,1
1296,162013,0.92,9,1
1297,162020,0.94,7,1
1298,162022,0.99,2,1
1299,162024,0.99,2,1
1300,162037,0.88,13,1
1301,162047,0.91,10,1
1302,162052,0.96,5,1
1303,162055,0.98,3,1
1304,162062,0.94,7,1
1305,162068,0.95,6,1
1306,162075,0.94,7,1
1307,162082,0.94,7,1
1308,162092,0.91,10,1
1309,162093,1.0,1,1
1310,162101,0.93,8,1
1311,162107,0.95,6,1
1312,162109,0.99,2,1
1313,162115,0.95,6,1
1314,162125,0.91,10,1
1315,162131,0.95,6,1
1316,162137,0.95,6,1
1317,162144,0.94,7,1
1318,162148,0.97,4,1
1319,162156,0.93,8,1
1320,162161,0.96,5,1
1321,162173,0.89,12,1
1322,162180,0.94,7,1
1323,162181,1.0,1,1
1324,162188,0.94,7,1
1325,162198,0.91,10,1
1326,162207,0.92,9,1
1327,162209,0.99,2,1
1328,162210,1.0,1,1
1329,162215,0.96,5,1
1330,162221,0.95,6,1
1331,162227,0.95,6,1
1332,162238,0.9,11,1
1333,162242,0.97,4,1
1334,162253,0.9,11,1
1335,162258,0.96,5,1
1336,162268,0.91,10,1
1337,162278,0.91,10,1
1338,162289,0.9,11,1
1339,162301,0.89,12,1
1340,162307,0.95,6,1
1341,162319,0.89,12,1
1342,162325,0.95,6,1
1343,162329,0.97,4,1
1344,162339,0.91,10,1
1345,162350,0.9,11,1
1346,162360,0.91,10,1
1347,162371,0.9,11,1
1348,162380,0.92,9,1
1349,162389,0.92,9,1
1350,162398,0.92,9,1
1351,162407,0.92,9,1
1352,162417,0.91,10,1
1353,162423,0.95,6,1
1354,162433,0.91,10,1
1355,162441,0.93,8,1
1356,162442,1.0,1,1
1357,162451,0.92,9,1
1358,162461,0.91,10,1
1359,162462,1.0,1,1
1360,162475,0.88,13,1
1361,162486,0.9,11,1
1362,162499,0.88,13,1
1363,162505,0.95,6,1
1364,162511,0.95,6,1
1365,162515,0.97,4,1
1366,162526,0.9,11,1
1367,162532,0.95,6,1
1368,162540,0.93,8,1
1369,162547,0.94,7,1
1370,162548,1.0,1,1
1371,162556,0.93,8,1
1372,162563,0.94,7,1
1373,162568,0.96,5,1
1374,162574,0.95,6,1
1375,162584,0.91,10,1
1376,162592,0.93,8,1
1377,162599,0.94,7,1
1378,162611,0.89,12,1
1379,162620,0.92,9,1
1380,162625,0.96,5,1
1381,162633,0.93,8,1
1382,162638,0.96,5,1
1383,162649,0.9,11,1
1384,162657,0.93,8,1
1385,162661,0.97,4,1
1386,162669,0.93,8,1
1387,162678,0.92,9,1
1388,162682,0.97,4,1
1389,162694,0.89,12,1
1390,162698,0.97,4,1
1391,162703,0.96,5,1
1392,162707,0.97,4,1
1393,162708,1.0,1,1
1394,162709,1.0,1,1
1395,162717,0.93,8,1
1396,162725,0.93,8,1
1397,162731,0.95,6,1
1398,162740,0.92,9,1
1399,162749,0.92,9,1
1400,162757,0.93,8,1
1401,162765,0.93,8,1
1402,162775,0.91,10,1
1403,162781,0.95,6,1
1404,162794,0.88,13,1
1405,162799,0.96,5,1
1406,162811,0.89,12,1
1407,162820,0.92,9,1
1408,162821,1.0,1,1
1409,162824,0.98,3,1
1410,162830,0.95,6,1
1411,162838,0.93,8,1
1412,162843,0.96,5,1
1413,162848,0.96,5,1
1414,162862,0.87,14,1
1415,162863,1.0,1,1
1416,162873,0.91,10,1
1417,162879,0.95,6,1
1418,162887,0.93,8,1
1419,162894,0.94,7,1
1420,162909,0.86,15,1
1421,162922,0.88,13,1
1422,162931,0.92,9,1
1423,162936,0.96,5,1
1424,162941,0.96,5,1
1425,162946,0.96,5,1
1426,162949,0.98,3,1
1427,162956,0.94,7,1
1428,162963,0.94,7,1
1429,162967,0.97,4,1
1430,162972,0.96,5,1
1431,162982,0.91,10,1
1432,162990,0.93,8,1
1433,163012,0.79,22,1
1434,163018,0.95,6,1
1435,163029,0.9,11,1
1436,163039,0.91,10,1
1437,163047,0.93,8,1
1438,163058,0.9,11,1
1439,163064,0.95,6,1
1440,163071,0.94,7,1
1441,163080,0.92,9,1
1442,163090,0.91,10,1
1443,163099,0.92,9,1
1444,163106,0.94,7,1
1445,163115,0.92,9,1
1446,163116,1.0,1,1
1447,163123,0.94,7,1
1448,163135,0.89,12,1
1449,163143,0.93,8,1
1450,163148,0.96,5,1
1451,163157,0.92,9,1
1452,163164,0.94,7,1
1453,163170,0.95,6,1
1454,163173,0.98,3,1
1455,163184,0.9,11,1
1456,163191,0.94,7,1
1457,163198,0.94,7,1
1458,163205,0.94,7,1
1459,163213,0.93,8,1
1460,163214,1.0,1,1
1461,163225,0.9,11,1
1462,163232,0.94,7,1
1463,163238,0.95,6,1
1464,163246,0.93,8,1
1465,163256,0.91,10,1
1466,163266,0.91,10,1
1467,163276,0.91,10,1
1468,163286,0.91,10,1
1469,163292,0.95,6,1
1470,163296,0.97,4,1
1471,163308,0.89,12,1
1472,163316,0.93,8,1
1473,163324,0.93,8,1
1474,163331,0.94,7,1
1475,163334,0.98,3,1
1476,163339,0.96,5,1
1477,163346,0.94,7,1
1478,163354,0.93,8,1
1479,163363,0.92,9,1
1480,163368,0.96,5,1
1481,163375,0.94,7,1
1482,163390,0.86,15,1
1483,163397,0.94,7,1
1484,163407,0.91,10,1
1485,163413,0.95,6,1
1486,163423,0.91,10,1
1487,163429,0.95,6,1
1488,163438,0.92,9,1
1489,163448,0.91,10,1
1490,163449,1.0,1,1
1491,163456,0.94,7,1
1492,163457,1.0,1,1
1493,163465,0.93,8,1
1494,163467,0.99,2,1
1495,163480,0.88,13,1
1496,163489,0.92,9,1
1497,163500,0.9,11,1
1498,163510,0.91,10,1
1499,163513,0.98,3,1
1500,163524,0.9,11,1
1501,163533,0.92,9,1
1502,163539,0.95,6,1
1503,163549,0.91,10,1
1504,163558,0.92,9,1
1505,163570,0.89,12,1
1506,163575,0.96,5,1
1507,163581,0.95,6,1
1508,163586,0.96,5,1
1509,163591,0.96,5,1
1510,163598,0.94,7,1
1511,163611,0.88,13,1
1512,163623,0.89,12,1
1513,163634,0.9,11,1
1514,163638,0.97,4,1
1515,163650,0.89,12,1
1516,163658,0.93,8,1
1517,163669,0.9,11,1
1518,163676,0.94,7,1
1519,163680,0.97,4,1
1520,163692,0.89,12,1
1521,163700,0.93,8,1
1522,163708,0.93,8,1
1523,163709,1.0,1,1
1524,163714,0.96,5,1
1525,163720,0.95,6,1
1526,163721,1.0,1,1
1527,163727,0.95,6,1
1528,163733,0.95,6,1
1529,163741,0.93,8,1
1530,163749,0.93,8,1
1531,163750,1.0,1,1
1532,163757,0.94,7,1
1533,163767,0.91,10,1
1534,163778,0.9,11,1
1535,163787,0.92,9,1
1536,163798,0.9,11,1
1537,163807,0.92,9,1
1538,163816,0.92,9,1
1539,163818,0.99,2,1
1540,163827,0.92,9,1
1541,163837,0.91,10,1
1542,163842,0.96,5,1
1543,163850,0.93,8,1
1544,163857,0.94,7,1
1545,163865,0.93,8,1
1546,163871,0.95,6,1
1547,163882,0.9,11,1
1548,163885,0.98,3,1
1549,163892,0.94,7,1
1550,163895,0.98,3,1
1551,163906,0.9,11,1
1552,163909,0.98,3,1
1553,163915,0.95,6,1
1554,163921,0.95,6,1
1555,163922,1.0,1,1
1556,163933,0.9,11,1
1557,163942,0.92,9,1
1558,163945,0.98,3,1
1559,163951,0.95,6,1
1560,163960,0.92,9,1
1561,163962,0.99,2,1
1562,163968,0.95,6,1
1563,163979,0.9,11,1
1564,163988,0.92,9,1
1565,163989,1.0,1,1
1566,163996,0.94,7,1
1567,164005,0.92,9,1
1568,164009,0.97,4,1
1569,164020,0.9,11,1
1570,164029,0.92,9,1
1571,164035,0.95,6,1
1572,164036,1.0,1,1
1573,164038,0.99,2,1
1574,164048,0.91,10,1
1575,164049,1.0,1,1
1576,164058,0.92,9,1
1577,164066,0.93,8,1
1578,164073,0.94,7,1
1579,164076,0.98,3,1
1580,164087,0.9,11,1
1581,164095,0.93,8,1
1582,164098,0.98,3,1
1583,164105,0.94,7,1
1584,164114,0.92,9,1
1585,164118,0.97,4,1
1586,164126,0.93,8,1
1587,164132,0.95,6,1
1588,164140,0.93,8,1
1589,164144,0.97,4,1
1590,164152,0.93,8,1
1591,164156,0.97,4,1
1592,164162,0.95,6,1
1593,164169,0.94,7,1
1594,164180,0.9,11,1
1595,164186,0.95,6,1
1596,164193,0.94,7,1
1597,164201,0.93,8,1
1598,164208,0.94,7,1
1599,164218,0.91,10,1
1600,164225,0.94,7,1
1601,164232,0.94,7,1
1602,164240,0.93,8,1
1603,164249,0.92,9,1
1604,164258,0.92,9,1
1605,164266,0.93,8,1
1606,164274,0.93,8,1
1607,164283,0.92,9,1
1608,164284,1.0,1,1
1609,164296,0.89,12,1
1610,164304,0.93,8,1
1611,164310,0.95,6,1
1612,164312,0.99,2,1
1613,164322,0.91,10,1
1614,164328,0.95,6,1
1615,164340,0.89,12,1
1616,164348,0.93,8,1
1617,164354,0.95,6,1
1618,164358,0.97,4,1
1619,164365,0.94,7,1
1620,164366,1.0,1,1
1621,164379,0.88,13,1
1622,164383,0.97,4,1
1623,164387,0.97,4,1
1624,164395,0.93,8,1
1625,164402,0.94,7,1
1626,164409,0.94,7,1
1627,164415,0.95,6,1
1628,164420,0.96,5,1
1629,164427,0.94,7,1
1630,164434,0.94,7,1
1631,164442,0.93,8,1
1632,164449,0.94,7,1
1633,164458,0.92,9,1
1634,164462,0.97,4,1
1635,164471,0.92,9,1
1636,164478,0.94,7,1
1637,164487,0.92,9,1
1638,164490,0.98,3,1
1639,164492,0.99,2,1
1640,164499,0.94,7,1
1641,164501,0.99,2,1
1642,164505,0.97,4,1
1643,164514,0.92,9,1
1644,164522,0.93,8,1
1645,164528,0.95,6,1
1646,164531,0.98,3,1
1647,164541,0.91,10,1
1648,164556,0.86,15,1
1649,164567,0.9,11,1
1650,164573,0.95,6,1
1651,164581,0.93,8,1
1652,164589,0.93,8,1
1653,164600,0.9,11,1
1654,164611,0.9,11,1
1655,164617,0.95,6,1
1656,164622,0.96,5,1
1657,164633,0.9,11,1
1658,164644,0.9,11,1
1659,164652,0.93,8,1
1660,164659,0.94,7,1
1661,164663,0.97,4,1
1662,164672,0.92,9,1
1663,164679,0.94,7,1
1664,164686,0.94,7,1
1665,164690,0.97,4,1
1666,164698,0.93,8,1
1667,164708,0.91,10,1
1668,164719,0.9,11,1
1669,164725,0.95,6,1
1670,164734,0.92,9,1
1671,164742,0.93,8,1
1672,164750,0.93,8,1
1673,164757,0.94,7,1
1674,164768,0.9,11,1
1675,164774,0.95,6,1
1676,164781,0.94,7,1
1677,164782,1.0,1,1
1678,164793,0.9,11,1
1679,164794,1.0,1,1
1680,164801,0.94,7,1
1681,164809,0.93,8,1
1682,164818,0.92,9,1
1683,164824,0.95,6,1
1684,164830,0.95,6,1
1685,164831,1.0,1,1
1686,164839,0.93,8,1
1687,164844,0.96,5,1
1688,164850,0.95,6,1
1689,164861,0.9,11,1
1690,164869,0.93,8,1
1691,164878,0.92,9,1
1692,164881,0.98,3,1
1693,164887,0.95,6,1
1694,164891,0.97,4,1
1695,164899,0.93,8,1
1696,164904,0.96,5,1
1697,164912,0.93,8,1
1698,164926,0.87,14,1
1699,164935,0.92,9,1
1700,164950,0.86,15,1
1701,164960,0.91,10,1
1702,164964,0.97,4,1
1703,164972,0.93,8,1
1704,164974,0.99,2,1
1705,164986,0.89,12,1
1706,164995,0.92,9,1
1707,165005,0.91,10,1
1708,165008,0.98,3,1
1709,165020,0.89,12,1
1710,165031,0.9,11,1
1711,165032,1.0,1,1
1712,165041,0.92,9,1
1713,165042,1.0,1,1
1714,165051,0.92,9,1
1715,165061,0.91,10,1
1716,165071,0.91,10,1
1717,165072,1.0,1,1
1718,165078,0.95,6,1
1719,165083,0.96,5,1
1720,165090,0.94,7,1
1721,165101,0.9,11,1
1722,165113,0.89,12,1
1723,165123,0.91,10,1
1724,165131,0.93,8,1
1725,165139,0.93,8,1
1726,165146,0.94,7,1
1727,165156,0.91,10,1
1728,165165,0.92,9,1
1729,165168,0.98,3,1
1730,165174,0.95,6,1
1731,165181,0.94,7,1
1732,165188,0.94,7,1
1733,165195,0.94,7,1
1734,165199,0.97,4,1
1735,165204,0.96,5,1
1736,165209,0.96,5,1
1737,165215,0.95,6,1
1738,165217,0.99,2,1
1739,165224,0.94,7,1
1740,165231,0.94,7,1
1741,165240,0.92,9,1
1742,165246,0.95,6,1
1743,165253,0.94,7,1
1744,165261,0.93,8,1
1745,165270,0.92,9,1
1746,165280,0.91,10,1
1747,165286,0.95,6,1
1748,165292,0.95,6,1
1749,165302,0.91,10,1
1750,165304,0.99,2,1
1751,165312,0.93,8,1
1752,165319,0.94,7,1
1753,165326,0.94,7,1
1754,165337,0.9,11,1
1755,165347,0.91,10,1
1756,165355,0.93,8,1
1757,165356,1.0,1,1
1758,165361,0.96,5,1
1759,165365,0.97,4,1
1760,165372,0.94,7,1
1761,165374,0.99,2,1
1762,165381,0.94,7,1
1763,165390,0.92,9,1
1764,165396,0.95,6,1
1765,165410,0.87,14,1
1766,165419,0.92,9,1
1767,165425,0.95,6,1
1768,165434,0.92,9,1
1769,165435,1.0,1,1
1770,165441,0.95,6,1
1771,165450,0.92,9,1
1772,165458,0.93,8,1
1773,165465,0.94,7,1
1774,165467,0.99,2,1
1775,165474,0.94,7,1
1776,165486,0.89,12,1
1777,165491,0.96,5,1
1778,165498,0.94,7,1
1779,165506,0.93,8,1
1780,165518,0.89,12,1
1781,165530,0.89,12,1
1782,165540,0.91,10,1
1783,165545,0.96,5,1
1784,165551,0.95,6,1
1785,165559,0.93,8,1
1786,165570,0.9,11,1
1787,165576,0.95,6,1
1788,165587,0.9,11,1
1789,165588,1.0,1,1
1790,165594,0.95,6,1
1791,165601,0.94,7,1
1792,165608,0.94,7,1
1793,165614,0.95,6,1
1794,165619,0.96,5,1
1795,165624,0.96,5,1
1796,165629,0.96,5,1
1797,165637,0.93,8,1
1798,165643,0.95,6,1
1799,165652,0.92,9,1
1800,165658,0.95,6,1
1801,165659,1.0,1,1
1802,165669,0.91,10,1
1803,165674,0.96,5,1
1804,165678,0.97,4,1
1805,165691,0.88,13,1
1806,165697,0.95,6,1
1807,165698,1.0,1,1
1808,165707,0.92,9,1
1809,165717,0.91,10,1
1810,165721,0.97,4,1
1811,165728,0.94,7,1
1812,165739,0.9,11,1
1813,165749,0.91,10,1
1814,165760,0.9,11,1
1815,165764,0.97,4,1
1816,165774,0.91,10,1
1817,165781,0.94,7,1
1818,165786,0.96,5,1
1819,165795,0.92,9,1
1820,165796,1.0,1,1
1821,165809,0.88,13,1
1822,165814,0.96,5,1
1823,165822,0.93,8,1
1824,165824,0.99,2,1
1825,165836,0.89,12,1
1826,165846,0.91,10,1
1827,165852,0.95,6,1
1828,165853,1.0,1,1
1829,165858,0.96,5,1
1830,165866,0.93,8,1
1831,165877,0.9,11,1
1832,165884,0.94,7,1
1833,165894,0.91,10,1
1834,165907,0.88,13,1
1835,165914,0.94,7,1
1836,165922,0.93,8,1
1837,165923,1.0,1,1
1838,165932,0.92,9,1
1839,165942,0.91,10,1
1840,165948,0.95,6,1
1841,165960,0.89,12,1
1842,165967,0.94,7,1
1843,165976,0.92,9,1
1844,165985,0.92,9,1
1845,165992,0.94,7,1
1846,165998,0.95,6,1
1847,166008,0.91,10,1
1848,166013,0.96,5,1
1849,166023,0.91,10,1
1850,166030,0.94,7,1
1851,166039,0.92,9,1
1852,166051,0.89,12,1
1853,166061,0.91,10,1
1854,166071,0.91,10,1
1855,166078,0.94,7,1
1856,166079,1.0,1,1
1857,166086,0.94,7,1
1858,166093,0.94,7,1
1859,166099,0.95,6,1
1860,166108,0.92,9,1
1861,166114,0.95,6,1
1862,166122,0.93,8,1
1863,166133,0.9,11,1
1864,166142,0.92,9,1
1865,166146,0.97,4,1
1866,166155,0.92,9,1
1867,166165,0.91,10,1
1868,166172,0.94,7,1
1869,166181,0.92,9,1
1870,166192,0.9,11,1
1871,166204,0.89,12,1
1872,166205,1.0,1,1
1873,166208,0.98,3,1
1874,166219,0.9,11,1
1875,166224,0.96,5,1
1876,166234,0.91,10,1
1877,166235,1.0,1,1
1878,166243,0.93,8,1
1879,166254,0.9,11,1
1880,166255,1.0,1,1
1881,166264,0.92,9,1
1882,166272,0.93,8,1
1883,166278,0.95,6,1
1884,166289,0.9,11,1
1885,166302,0.88,13,1
1886,166312,0.91,10,1
1887,166324,0.89,12,1
1888,166328,0.97,4,1
1889,166332,0.97,4,1
1890,166339,0.94,7,1
1891,166344,0.96,5,1
1892,166354,0.91,10,1
1893,166360,0.95,6,1
1894,166364,0.97,4,1
1895,166373,0.92,9,1
1896,166380,0.94,7,1
1897,166385,0.96,5,1
1898,166391,0.95,6,1
1899,166400,0.92,9,1
1900,166406,0.95,6,1
1901,166411,0.96,5,1
1902,166415,0.97,4,1
1903,166425,0.91,10,1
1904,166435,0.91,10,1
1905,166439,0.97,4,1
1906,166449,0.91,10,1
1907,166450,1.0,1,1
1908,166456,0.95,6,1
1909,166460,0.97,4,1
1910,166471,0.9,11,1
1911,166473,0.99,2,1
1912,166475,0.99,2,1
1913,166487,0.89,12,1
1914,166493,0.95,6,1
1915,166501,0.93,8,1
1916,166508,0.94,7,1
1917,166517,0.92,9,1
1918,166529,0.89,12,1
1919,166538,0.92,9,1
1920,166551,0.88,13,1
1921,166571,0.81,20,1
1922,166575,0.97,4,1
1923,166584,0.92,9,1
1924,166592,0.93,8,1
1925,166602,0.91,10,1
1926,166608,0.95,6,1
1927,166619,0.9,11,1
1928,166628,0.92,9,1
1929,166631,0.98,3,1
1930,166646,0.86,15,1
1931,166655,0.92,9,1
1932,166664,0.92,9,1
1933,166668,0.97,4,1
1934,166674,0.95,6,1
1935,166676,0.99,2,1
1936,166681,0.96,5,1
1937,166692,0.9,11,1
1938,166693,1.0,1,1
1939,166699,0.95,6,1
1940,166706,0.94,7,1
1941,166708,0.99,2,1
1942,166715,0.94,7,1
1943,166721,0.95,6,1
1944,166729,0.93,8,1
1945,166736,0.94,7,1
1946,166748,0.89,12,1
1947,166754,0.95,6,1
1948,166757,0.98,3,1
1949,166766,0.92,9,1
1950,166767,1.0,1,1
1951,166773,0.95,6,1
1952,166780,0.94,7,1
1953,166785,0.96,5,1
1954,166795,0.91,10,1
1955,166804,0.92,9,1
1956,166808,0.97,4,1
1957,166816,0.93,8,1
1958,166826,0.91,10,1
1959,166834,0.93,8,1
1960,166843,0.92,9,1
1961,166853,0.91,10,1
1962,166862,0.92,9,1
1963,166870,0.93,8,1
1964,166882,0.89,12,1
1965,166890,0.93,8,1
1966,166895,0.96,5,1
1967,166903,0.93,8,1
1968,166906,0.98,3,1
1969,166915,0.92,9,1
1970,166921,0.95,6,1
1971,166930,0.92,9,1
1972,166931,1.0,1,1
1973,166937,0.95,6,1
1974,166942,0.96,5,1
1975,166949,0.94,7,1
1976,166952,0.98,3,1
1977,166962,0.91,10,1
1978,166969,0.94,7,1
1979,166974,0.96,5,1
1980,166982,0.93,8,1
1981,166994,0.89,12,1
1982,166995,1.0,1,1
1983,167005,0.91,10,1
1984,167014,0.92,9,1
1985,167015,1.0,1,1
1986,167021,0.95,6,1
1987,167031,0.91,10,1
1988,167032,1.0,1,1
1989,167034,0.99,2,1
1990,167043,0.92,9,1
1991,167048,0.96,5,1
1992,167056,0.93,8,1
1993,167063,0.94,7,1
1994,167071,0.93,8,1
1995,167074,0.98,3,1
1996,167075,1.0,1,1
1997,167082,0.94,7,1
1998,167092,0.91,10,1
1999,167099,0.94,7,1
2000,167110,0.9,11,1
2001,167121,0.9,11,1
2002,167122,1.0,1,1
2003,167126,0.97,4,1
2004,167129,0.98,3,1
2005,167130,1.0,1,1
2006,167136,0.95,6,1
2007,167144,0.93,8,1
2008,167155,0.9,11,1
2009,167160,0.96,5,1
2010,167170,0.91,10,1
2011,167179,0.92,9,1
2012,167187,0.93,8,1
2013,167188,1.0,1,1
2014,167190,0.99,2,1
2015,167198,0.93,8,1
2016,167201,0.98,3,1
2017,167212,0.9,11,1
2018,167218,0.95,6,1
2019,167226,0.93,8,1
2020,167230,0.97,4,1
2021,167242,0.89,12,1
2022,167248,0.95,6,1
2023,167251,0.98,3,1
2024,167258,0.94,7,1
2025,167269,0.9,11,1
2026,167270,1.0,1,1
2027,167273,0.98,3,1
2028,167281,0.93,8,1
2029,167285,0.97,4,1
2030,167295,0.91,10,1
2031,167297,0.99,2,1
2032,167303,0.95,6,1
2033,167313,0.91,10,1
2034,167323,0.91,10,1
2035,167326,0.98,3,1
2036,167338,0.89,12,1
2037,167345,0.94,7,1
2038,167352,0.94,7,1
2039,167353,1.0,1,1
2040,167362,0.92,9,1
2041,167369,0.94,7,1
2042,167370,1.0,1,1
2043,167376,0.95,6,1
2044,167377,1.0,1,1
2045,167386,0.92,9,1
2046,167393,0.94,7,1
2047,167404,0.9,11,1
2048,167407,0.98,3,1
2049,167416,0.92,9,1
2050,167427,0.9,11,1
2051,167434,0.94,7,1
2052,167445,0.9,11,1
2053,167448,0.98,3,1
2054,167454,0.95,6,1
2055,167459,0.96,5,1
2056,167466,0.94,7,1
2057,167474,0.93,8,1
2058,167480,0.95,6,1
2059,167487,0.94,7,1
2060,167495,0.93,8,1
2061,167507,0.89,12,1
2062,167520,0.88,13,1
2063,167524,0.97,4,1
2064,167533,0.92,9,1
2065,167540,0.94,7,1
2066,167545,0.96,5,1
2067,167555,0.91,10,1
2068,167564,0.92,9,1
2069,167566,0.99,2,1
2070,167572,0.95,6,1
2071,167577,0.96,5,1
2072,167587,0.91,10,1
2073,167598,0.9,11,1
2074,167605,0.94,7,1
2075,167614,0.92,9,1
2076,167618,0.97,4,1
2077,167622,0.97,4,1
2078,167629,0.94,7,1
2079,167638,0.92,9,1
2080,167644,0.95,6,1
2081,167649,0.96,5,1
2082,167657,0.93,8,1
2083,167663,0.95,6,1
2084,167670,0.94,7,1
2085,167676,0.95,6,1
2086,167685,0.92,9,1
2087,167688,0.98,3,1
2088,167704,0.85,16,1
2089,167711,0.94,7,1
2090,167719,0.93,8,1
2091,167727,0.93,8,1
2092,167735,0.93,8,1
2093,167741,0.95,6,1
2094,167746,0.96,5,1
2095,167753,0.94,7,1
2096,167768,0.86,15,1
2097,167771,0.98,3,1
2098,167776,0.96,5,1
2099,167778,0.99,2,1
2100,167785,0.94,7,1
2101,167789,0.97,4,1
2102,167793,0.97,4,1
2103,167802,0.92,9,1
2104,167809,0.94,7,1
2105,167817,0.93,8,1
2106,167822,0.96,5,1
2107,167826,0.97,4,1
2108,167833,0.94,7,1
2109,167837,0.97,4,1
2110,167842,0.96,5,1
2111,167848,0.95,6,1
2112,167851,0.98,3,1
2113,167852,1.0,1,1
2114,167856,0.97,4,1
2115,167864,0.93,8,1
2116,167871,0.94,7,1
2117,167878,0.94,7,1
2118,167885,0.94,7,1
2119,167894,0.92,9,1
2120,167902,0.93,8,1
2121,167910,0.93,8,1
2122,167915,0.96,5,1
2123,167921,0.95,6,1
2124,167930,0.92,9,1
2125,167931,1.0,1,1
2126,167933,0.99,2,1
2127,167934,1.0,1,1
2128,167938,0.97,4,1
2129,167945,0.94,7,1
2130,167958,0.88,13,1
2131,167968,0.91,10,1
2132,167980,0.89,12,1
2133,167989,0.92,9,1
2134,168000,0.9,11,1
2135,168007,0.94,7,1
2136,168013,0.95,6,1
2137,168024,0.9,11,1
2138,168036,0.89,12,1
2139,168046,0.91,10,1
2140,168054,0.93,8,1
2141,168063,0.92,9,1
2142,168069,0.95,6,1
2143,168075,0.95,6,1
2144,168082,0.94,7,1
2145,168089,0.94,7,1
2146,168095,0.95,6,1
2147,168104,0.92,9,1
2148,168106,0.99,2,1
2149,168111,0.96,5,1
2150,168121,0.91,10,1
2151,168127,0.95,6,1
2152,168139,0.89,12,1
2153,168140,1.0,1,1
2154,168153,0.88,13,1
2155,168164,0.9,11,1
2156,168167,0.98,3,1
2157,168180,0.88,13,1
2158,168186,0.95,6,1
2159,168197,0.9,11,1
2160,168207,0.91,10,1
2161,168214,0.94,7,1
2162,168219,0.96,5,1
2163,168224,0.96,5,1
2164,168233,0.92,9,1
2165,168236,0.98,3,1
2166,168246,0.91,10,1
2167,168250,0.97,4,1
2168,168256,0.95,6,1
2169,168258,0.99,2,1
2170,168267,0.92,9,1
2171,168270,0.98,3,1
2172,168278,0.93,8,1
2173,168289,0.9,11,1
2174,168294,0.96,5,1
2175,168306,0.89,12,1
2176,168315,0.92,9,1
2177,168324,0.92,9,1
2178,168333,0.92,9,1
2179,168343,0.91,10,1
2180,168354,0.9,11,1
2181,168362,0.93,8,1
2182,168368,0.95,6,1
2183,168378,0.91,10,1
2184,168385,0.94,7,1
2185,168389,0.97,4,1
2186,168399,0.91,10,1
2187,168406,0.94,7,1
2188,168413,0.94,7,1
2189,168419,0.95,6,1
2190,168420,1.0,1,1
2191,168429,0.92,9,1
2192,168436,0.94,7,1
2193,168443,0.94,7,1
2194,168448,0.96,5,1
2195,168457,0.92,9,1
2196,168469,0.89,12,1
2197,168476,0.94,7,1
2198,168482,0.95,6,1
2199,168483,1.0,1,1
2200,168493,0.91,10,1
2201,168507,0.87,14,1
2202,168519,0.89,12,1
2203,168524,0.96,5,1
2204,168530,0.95,6,1
2205,168541,0.9,11,1
2206,168547,0.95,6,1
2207,168558,0.9,11,1
2208,168566,0.93,8,1
2209,168570,0.97,4,1
2210,168571,1.0,1,1
2211,168579,0.93,8,1
2212,168586,0.94,7,1
2213,168587,1.0,1,1
2214,168592,0.96,5,1
2215,168599,0.94,7,1
2216,168603,0.97,4,1
2217,168612,0.92,9,1
2218,168614,0.99,2,1
2219,168620,0.95,6,1
2220,168628,0.93,8,1
2221,168639,0.9,11,1
2222,168648,0.92,9,1
2223,168654,0.95,6,1
2224,168665,0.9,11,1
2225,168674,0.92,9,1
2226,168676,0.99,2,1
2227,168681,0.96,5,1
2228,168685,0.97,4,1
2229,168697,0.89,12,1
2230,168706,0.92,9,1
2231,168712,0.95,6,1
2232,168718,0.95,6,1
2233,168727,0.92,9,1
2234,168737,0.91,10,1
2235,168745,0.93,8,1
2236,168754,0.92,9,1
2237,168755,1.0,1,1
2238,168766,0.9,11,1
2239,168773,0.94,7,1
2240,168777,0.97,4,1
2241,168784,0.94,7,1
2242,168789,0.96,5,1
2243,168796,0.94,7,1
2244,168803,0.94,7,1
2245,168813,0.91,10,1
2246,168825,0.89,12,1
2247,168831,0.95,6,1
2248,168838,0.94,7,1
2249,168847,0.92,9,1
2250,168857,0.91,10,1
2251,168865,0.93,8,1
2252,168871,0.95,6,1
2253,168883,0.89,12,1
2254,168891,0.93,8,1
2255,168896,0.96,5,1
2256,168903,0.94,7,1
2257,168911,0.93,8,1
2258,168919,0.93,8,1
2259,168926,0.94,7,1
2260,168927,1.0,1,1
2261,168934,0.94,7,1
2262,168936,0.99,2,1
2263,168944,0.93,8,1
2264,168948,0.97,4,1
2265,168956,0.93,8,1
2266,168962,0.95,6,1
2267,168969,0.94,7,1
2268,168974,0.96,5,1
2269,168981,0.94,7,1
2270,168987,0.95,6,1
2271,168994,0.94,7,1
2272,168998,0.97,4,1
2273,169002,0.97,4,1
2274,169012,0.91,10,1
2275,169019,0.94,7,1
2276,169029,0.91,10,1
2277,169035,0.95,6,1
2278,169044,0.92,9,1
2279,169051,0.94,7,1
2280,169062,0.9,11,1
2281,169072,0.91,10,1
2282,169077,0.96,5,1
2283,169078,1.0,1,1
2284,169082,0.97,4,1
2285,169087,0.96,5,1
2286,169091,0.97,4,1
2287,169093,0.99,2,1
2288,169098,0.96,5,1
2289,169109,0.9,11,1
2290,169110,1.0,1,1
2291,169122,0.89,12,1
2292,169131,0.92,9,1
2293,169134,0.98,3,1
2294,169140,0.95,6,1
2295,169150,0.91,10,1
2296,169156,0.95,6,1
2297,169165,0.92,9,1
2298,169170,0.96,5,1
2299,169177,0.94,7,1
2300,169188,0.9,11,1
2301,169191,0.98,3,1
2302,169195,0.97,4,1
2303,169197,0.99,2,1
2304,169201,0.97,4,1
2305,169204,0.98,3,1
2306,169211,0.94,7,1
2307,169216,0.96,5,1
2308,169217,1.0,1,1
2309,169224,0.94,7,1
2310,169232,0.93,8,1
2311,169236,0.97,4,1
2312,169241,0.96,5,1
2313,169251,0.91,10,1
2314,169261,0.91,10,1
2315,169271,0.91,10,1
2316,169272,1.0,1,1
2317,169277,0.96,5,1
2318,169278,1.0,1,1
2319,169287,0.92,9,1
2320,169299,0.89,12,1
2321,169309,0.91,10,1
2322,169318,0.92,9,1
2323,169324,0.95,6,1
2324,169331,0.94,7,1
2325,169341,0.91,10,1
2326,169352,0.9,11,1
2327,169357,0.96,5,1
2328,169363,0.95,6,1
2329,169365,0.99,2,1
2330,169372,0.94,7,1
2331,169379,0.94,7,1
2332,169386,0.94,7,1
2333,169391,0.96,5,1
2334,169402,0.9,11,1
2335,169406,0.97,4,1
2336,169413,0.94,7,1
2337,169420,0.94,7,1
2338,169431,0.9,11,1
2339,169438,0.94,7,1
2340,169445,0.94,7,1
2341,169456,0.9,11,1
2342,169461,0.96,5,1
2343,169462,1.0,1,1
2344,169463,1.0,1,1
2345,169472,0.92,9,1
2346,169473,1.0,1,1
2347,169478,0.96,5,1
2348,169487,0.92,9,1
2349,169500,0.88,13,1
2350,169507,0.94,7,1
2351,169513,0.95,6,1
2352,169519,0.95,6,1
2353,169527,0.93,8,1
2354,169535,0.93,8,1
2355,169536,1.0,1,1
2356,169541,0.96,5,1
2357,169542,1.0,1,1
2358,169549,0.94,7,1
2359,169556,0.94,7,1
2360,169564,0.93,8,1
2361,169570,0.95,6,1
2362,169581,0.9,11,1
2363,169591,0.91,10,1
2364,169598,0.94,7,1
2365,169606,0.93,8,1
2366,169613,0.94,7,1
2367,169622,0.92,9,1
2368,169625,0.98,3,1
2369,169630,0.96,5,1
2370,169641,0.9,11,1
2371,169643,0.99,2,1
2372,169646,0.98,3,1
2373,169654,0.93,8,1
2374,169663,0.92,9,1
2375,169669,0.95,6,1
2376,169678,0.92,9,1
2377,169688,0.91,10,1
2378,169694,0.95,6,1
2379,169703,0.92,9,1
2380,169711,0.93,8,1
2381,169719,0.93,8,1
2382,169725,0.95,6,1
2383,169730,0.96,5,1
2384,169738,0.93,8,1
2385,169744,0.95,6,1
2386,169747,0.98,3,1
2387,169755,0.93,8,1
2388,169767,0.89,12,1
2389,169770,0.98,3,1
2390,169776,0.95,6,1
2391,169787,0.9,11,1
2392,169797,0.91,10,1
2393,169803,0.95,6,1
2394,169804,1.0,1,1
2395,169805,1.0,1,1
2396,169814,0.92,9,1
2397,169816,0.99,2,1
2398,169828,0.89,12,1
2399,169836,0.93,8,1
2400,169842,0.95,6,1
2401,169851,0.92,9,1
2402,169858,0.94,7,1
2403,169859,1.0,1,1
2404,169863,0.97,4,1
2405,169872,0.92,9,1
2406,169877,0.96,5,1
2407,169885,0.93,8,1
2408,169886,1.0,1,1
2409,169896,0.91,10,1
2410,169904,0.93,8,1
2411,169910,0.95,6,1
2412,169922,0.89,12,1
2413,169928,0.95,6,1
2414,169936,0.93,8,1
2415,169941,0.96,5,1
2416,169949,0.93,8,1
2417,169952,0.98,3,1
2418,169958,0.95,6,1
2419,169960,0.99,2,1
2420,169970,0.91,10,1
2421,169978,0.93,8,1
2422,169984,0.95,6,1
2423,169993,0.92,9,1
2424,170002,0.92,9,1
2425,170010,0.93,8,1
2426,170019,0.92,9,1
2427,170020,1.0,1,1
2428,170026,0.95,6,1
2429,170030,0.97,4,1
2430,170033,0.98,3,1
2431,170040,0.94,7,1
2432,170044,0.97,4,1
2433,170045,1.0,1,1
2434,170054,0.92,9,1
2435,170055,1.0,1,1
2436,170063,0.93,8,1
2437,170071,0.93,8,1
2438,170079,0.93,8,1
2439,170086,0.94,7,1
2440,170095,0.92,9,1
2441,170105,0.91,10,1
2442,170113,0.93,8,1
2443,170114,1.0,1,1
2444,170115,1.0,1,1
2445,170122,0.94,7,1
2446,170131,0.92,9,1
2447,170140,0.92,9,1
2448,170146,0.95,6,1
2449,170153,0.94,7,1
2450,170161,0.93,8,1
2451,170168,0.94,7,1
2452,170177,0.92,9,1
2453,170182,0.96,5,1
2454,170189,0.94,7,1
2455,170196,0.94,7,1
2456,170201,0.96,5,1
2457,170202,1.0,1,1
2458,170204,0.99,2,1
2459,170215,0.9,11,1
2460,170224,0.92,9,1
2461,170230,0.95,6,1
2462,170236,0.95,6,1
2463,170247,0.9,11,1
2464,170252,0.96,5,1
2465,170264,0.89,12,1
2466,170272,0.93,8,1
2467,170279,0.94,7,1
2468,170284,0.96,5,1
2469,170290,0.95,6,1
2470,170299,0.92,9,1
2471,170305,0.95,6,1
2472,170306,1.0,1,1
2473,170315,0.92,9,1
2474,170321,0.95,6,1
2475,170327,0.95,6,1
2476,170340,0.88,13,1
2477,170346,0.95,6,1
2478,170347,1.0,1,1
2479,170348,1.0,1,1
2480,170353,0.96,5,1
2481,170359,0.95,6,1
2482,170366,0.94,7,1
2483,170377,0.9,11,1
2484,170386,0.92,9,1
2485,170391,0.96,5,1
2486,170400,0.92,9,1
2487,170408,0.93,8,1
2488,170419,0.9,11,1
2489,170424,0.96,5,1
2490,170430,0.95,6,1
2491,170437,0.94,7,1
2492,170445,0.93,8,1
2493,170456,0.9,11,1
2494,170457,1.0,1,1
2495,170465,0.93,8,1
2496,170471,0.95,6,1
2497,170479,0.93,8,1
2498,170486,0.94,7,1
2499,170492,0.95,6,1
2500,170497,0.96,5,1
2501,170504,0.94,7,1
2502,170512,0.93,8,1
2503,170521,0.92,9,1
2504,170531,0.91,10,1
2505,170537,0.95,6,1
2506,170548,0.9,11,1
2507,170556,0.93,8,1
2508,170562,0.95,6,1
2509,170570,0.93,8,1
2510,170578,0.93,8,1
2511,170592,0.87,14,1
2512,170598,0.95,6,1
2513,170609,0.9,11,1
2514,170616,0.94,7,1
2515,170624,0.93,8,1
2516,170632,0.93,8,1
2517,170639,0.94,7,1
2518,170640,1.0,1,1
2519,170645,0.96,5,1
2520,170652,0.94,7,1
2521,170659,0.94,7,1
2522,170667,0.93,8,1
2523,170673,0.95,6,1
2524,170679,0.95,6,1
2525,170682,0.98,3,1
2526,170697,0.86,15,1
2527,170705,0.93,8,1
2528,170710,0.96,5,1
2529,170719,0.92,9,1
2530,170725,0.95,6,1
2531,170731,0.95,6,1
2532,170733,0.99,2,1
2533,170740,0.94,7,1
2534,170746,0.95,6,1
2535,170757,0.9,11,1
2536,170766,0.92,9,1
2537,170775,0.92,9,1
2538,170780,0.96,5,1
2539,170790,0.91,10,1
2540,170797,0.94,7,1
2541,170804,0.94,7,1
2542,170808,0.97,4,1
2543,170816,0.93,8,1
2544,170817,1.0,1,1
2545,170825,0.93,8,1
2546,170833,0.93,8,1
2547,170835,0.99,2,1
2548,170842,0.94,7,1
2549,170845,0.98,3,1
2550,170849,0.97,4,1
2551,170862,0.88,13,1
2552,170868,0.95,6,1
2553,170876,0.93,8,1
2554,170887,0.9,11,1
2555,170896,0.92,9,1
2556,170903,0.94,7,1
2557,170910,0.94,7,1
2558,170914,0.97,4,1
2559,170921,0.94,7,1
2560,170924,0.98,3,1
2561,170927,0.98,3,1
2562,170939,0.89,12,1
2563,170948,0.92,9,1
2564,170956,0.93,8,1
2565,170963,0.94,7,1
2566,170972,0.92,9,1
2567,170982,0.91,10,1
2568,170983,1.0,1,1
2569,170989,0.95,6,1
2570,170993,0.97,4,1
2571,170999,0.95,6,1
2572,171000,1.0,1,1
2573,171001,1.0,1,1
2574,171011,0.91,10,1
2575,171018,0.94,7,1
2576,171030,0.89,12,1
2577,171041,0.9,11,1
2578,171050,0.92,9,1
2579,171055,0.96,5,1
2580,171065,0.91,10,1
2581,171075,0.91,10,1
2582,171082,0.94,7,1
2583,171083,1.0,1,1
2584,171088,0.96,5,1
2585,171089,1.0,1,1
2586,171099,0.91,10,1
2587,171110,0.9,11,1
2588,171119,0.92,9,1
2589,171123,0.97,4,1
2590,171130,0.94,7,1
2591,171136,0.95,6,1
2592,171139,0.98,3,1
2593,171145,0.95,6,1
2594,171151,0.95,6,1
2595,171156,0.96,5,1
2596,171165,0.92,9,1
2597,171169,0.97,4,1
2598,171171,0.99,2,1
2599,171178,0.94,7,1
2600,171190,0.89,12,1
2601,171201,0.9,11,1
2602,171214,0.88,13,1
2603,171220,0.95,6,1
2604,171231,0.9,11,1
2605,171237,0.95,6,1
2606,171244,0.94,7,1
2607,171252,0.93,8,1
2608,171257,0.96,5,1
2609,171264,0.94,7,1
2610,171269,0.96,5,1
2611,171277,0.93,8,1
2612,171278,1.0,1,1
2613,171282,0.97,4,1
2614,171289,0.94,7,1
2615,171292,0.98,3,1
2616,171300,0.93,8,1
2617,171305,0.96,5,1
2618,171315,0.91,10,1
2619,171320,0.96,5,1
2620,171326,0.95,6,1
2621,171334,0.93,8,1
2622,171344,0.91,10,1
2623,171354,0.91,10,1
2624,171355,1.0,1,1
2625,171364,0.92,9,1
2626,171374,0.91,10,1
2627,171384,0.91,10,1
2628,171389,0.96,5,1
2629,171392,0.98,3,1
2630,171399,0.94,7,1
2631,171400,1.0,1,1
2632,171407,0.94,7,1
2633,171415,0.93,8,1
2634,171421,0.95,6,1
2635,171431,0.91,10,1
2636,171432,1.0,1,1
2637,171434,0.99,2,1
2638,171437,0.98,3,1
2639,171441,0.97,4,1
2640,171450,0.92,9,1
2641,171456,0.95,6,1
2642,171466,0.91,10,1
2643,171469,0.98,3,1
2644,171478,0.92,9,1
2645,171484,0.95,6,1
2646,171489,0.96,5,1
2647,171498,0.92,9,1
2648,171506,0.93,8,1
2649,171517,0.9,11,1
2650,171523,0.95,6,1
2651,171529,0.95,6,1
2652,171538,0.92,9,1
2653,171542,0.97,4,1
2654,171553,0.9,11,1
2655,171561,0.93,8,1
2656,171567,0.95,6,1
2657,171572,0.96,5,1
2658,171579,0.94,7,1
2659,171596,0.84,17,1
2660,171602,0.95,6,1
2661,171603,1.0,1,1
2662,171612,0.92,9,1
2663,171619,0.94,7,1
2664,171627,0.93,8,1
2665,171635,0.93,8,1
2666,171643,0.93,8,1
2667,171649,0.95,6,1
2668,171653,0.97,4,1
2669,171662,0.92,9,1
2670,171670,0.93,8,1
2671,171675,0.96,5,1
2672,171681,0.95,6,1
2673,171692,0.9,11,1
2674,171700,0.93,8,1
2675,171703,0.98,3,1
2676,171716,0.88,13,1
2677,171723,0.94,7,1
2678,171732,0.92,9,1
2679,171733,1.0,1,1
2680,171738,0.96,5,1
2681,171745,0.94,7,1
2682,171751,0.95,6,1
2683,171763,0.89,12,1
2684,171766,0.98,3,1
2685,171769,0.98,3,1
2686,171778,0.92,9,1
2687,171786,0.93,8,1
2688,171795,0.92,9,1
2689,171796,1.0,1,1
2690,171803,0.94,7,1
2691,171809,0.95,6,1
2692,171816,0.94,7,1
2693,171818,0.99,2,1
2694,171827,0.92,9,1
2695,171838,0.9,11,1
2696,171846,0.93,8,1
2697,171853,0.94,7,1
2698,171863,0.91,10,1
2699,171875,0.89,12,1
2700,171884,0.92,9,1
2701,171892,0.93,8,1
2702,171893,1.0,1,1
2703,171902,0.92,9,1
2704,171906,0.97,4,1
2705,171911,0.96,5,1
2706,171914,0.98,3,1
2707,171920,0.95,6,1
2708,171928,0.93,8,1
2709,171931,0.98,3,1
2710,171938,0.94,7,1
2711,171939,1.0,1,1
2712,171949,0.91,10,1
2713,171951,0.99,2,1
2714,171960,0.92,9,1
2715,171963,0.98,3,1
2716,171968,0.96,5,1
2717,171974,0.95,6,1
2718,171982,0.93,8,1
2719,171993,0.9,11,1
2720,172005,0.89,12,1
2721,172014,0.92,9,1
2722,172026,0.89,12,1
2723,172036,0.91,10,1
2724,172045,0.92,9,1
2725,172055,0.91,10,1
2726,172060,0.96,5,1
2727,172069,0.92,9,1
2728,172074,0.96,5,1
2729,172085,0.9,11,1
2730,172091,0.95,6,1
2731,172104,0.88,13,1
2732,172111,0.94,7,1
2733,172121,0.91,10,1
2734,172128,0.94,7,1
2735,172129,1.0,1,1
2736,172141,0.89,12,1
2737,172149,0.93,8,1
2738,172155,0.95,6,1
2739,172163,0.93,8,1
2740,172173,0.91,10,1
2741,172176,0.98,3,1
2742,172184,0.93,8,1
2743,172190,0.95,6,1
2744,172195,0.96,5,1
2745,172203,0.93,8,1
2746,172208,0.96,5,1
2747,172214,0.95,6,1
2748,172225,0.9,11,1
2749,172226,1.0,1,1
2750,172239,0.88,13,1
2751,172245,0.95,6,1
2752,172250,0.96,5,1
2753,172258,0.93,8,1
2754,172268,0.91,10,1
2755,172269,1.0,1,1
2756,172281,0.89,12,1
2757,172290,0.92,9,1
2758,172296,0.95,6,1
2759,172303,0.94,7,1
2760,172311,0.93,8,1
2761,172321,0.91,10,1
2762,172322,1.0,1,1
2763,172327,0.96,5,1
2764,172338,0.9,11,1
2765,172347,0.92,9,1
2766,172355,0.93,8,1
2767,172364,0.92,9,1
2768,172374,0.91,10,1
2769,172377,0.98,3,1
2770,172386,0.92,9,1
2771,172396,0.91,10,1
2772,172400,0.97,4,1
2773,172409,0.92,9,1
2774,172416,0.94,7,1
2775,172423,0.94,7,1
2776,172435,0.89,12,1
2777,172439,0.97,4,1
2778,172449,0.91,10,1
2779,172452,0.98,3,1
2780,172453,1.0,1,1
2781,172462,0.92,9,1
2782,172471,0.92,9,1
2783,172478,0.94,7,1
2784,172486,0.93,8,1
2785,172488,0.99,2,1
2786,172499,0.9,11,1
2787,172505,0.95,6,1
2788,172515,0.91,10,1
2789,172525,0.91,10,1
2790,172535,0.91,10,1
2791,172547,0.89,12,1
2792,172552,0.96,5,1
2793,172555,0.98,3,1
2794,172568,0.88,13,1
2795,172573,0.96,5,1
2796,172582,0.92,9,1
2797,172585,0.98,3,1
2798,172593,0.93,8,1
2799,172603,0.91,10,1
2800,172609,0.95,6,1
2801,172618,0.92,9,1
2802,172626,0.93,8,1
2803,172629,0.98,3,1
2804,172637,0.93,8,1
2805,172638,1.0,1,1
2806,172643,0.96,5,1
2807,172644,1.0,1,1
2808,172648,0.97,4,1
2809,172654,0.95,6,1
2810,172665,0.9,11,1
2811,172669,0.97,4,1
2812,172676,0.94,7,1
2813,172681,0.96,5,1
2814,172688,0.94,7,1
2815,172697,0.92,9,1
2816,172706,0.92,9,1
2817,172717,0.9,11,1
2818,172723,0.95,6,1
2819,172733,0.91,10,1
2820,172745,0.89,12,1
2821,172756,0.9,11,1
2822,172759,0.98,3,1
2823,172766,0.94,7,1
2824,172773,0.94,7,1
2825,172782,0.92,9,1
2826,172789,0.94,7,1
2827,172791,0.99,2,1
2828,172797,0.95,6,1
2829,172802,0.96,5,1
2830,172813,0.9,11,1
2831,172820,0.94,7,1
2832,172821,1.0,1,1
2833,172831,0.91,10,1
2834,172836,0.96,5,1
2835,172846,0.91,10,1
2836,172855,0.92,9,1
2837,172865,0.91,10,1
2838,172876,0.9,11,1
2839,172880,0.97,4,1
2840,172887,0.94,7,1
2841,172891,0.97,4,1
2842,172901,0.91,10,1
2843,172912,0.9,11,1
2844,172922,0.91,10,1
2845,172929,0.94,7,1
2846,172937,0.93,8,1
2847,172944,0.94,7,1
2848,172951,0.94,7,1
2849,172956,0.96,5,1
2850,172959,0.98,3,1
2851,172966,0.94,7,1
2852,172973,0.94,7,1
2853,172980,0.94,7,1
2854,172984,0.97,4,1
2855,172988,0.97,4,1
2856,172997,0.92,9,1
2857,173009,0.89,12,1
2858,173010,1.0,1,1
2859,173018,0.93,8,1
2860,173031,0.88,13,1
2861,173039,0.93,8,1
2862,173045,0.95,6,1
2863,173050,0.96,5,1
2864,173057,0.94,7,1
2865,173065,0.93,8,1
2866,173071,0.95,6,1
2867,173078,0.94,7,1
2868,173082,0.97,4,1
2869,173083,1.0,1,1
2870,173090,0.94,7,1
2871,173102,0.89,12,1
2872,173108,0.95,6,1
2873,173119,0.9,11,1
2874,173128,0.92,9,1
2875,173134,0.95,6,1
2876,173144,0.91,10,1
2877,173152,0.93,8,1
2878,173159,0.94,7,1
2879,173166,0.94,7,1
2880,173171,0.96,5,1
2881,173177,0.95,6,1
2882,173182,0.96,5,1
2883,173187,0.96,5,1
2884,173190,0.98,3,1
2885,173201,0.9,11,1
2886,173204,0.98,3,1
2887,173208,0.97,4,1
2888,173216,0.93,8,1
2889,173227,0.9,11,1
2890,173233,0.95,6,1
2891,173240,0.94,7,1
2892,173248,0.93,8,1
2893,173249,1.0,1,1
2894,173250,1.0,1,1
2895,173252,0.99,2,1
2896,173264,0.89,12,1
2897,173270,0.95,6,1
2898,173279,0.92,9,1
2899,173284,0.96,5,1
2900,173292,0.93,8,1
2901,173296,0.97,4,1
2902,173301,0.96,5,1
2903,173308,0.94,7,1
2904,173316,0.93,8,1
2905,173322,0.95,6,1
2906,173331,0.92,9,1
2907,173335,0.97,4,1
2908,173347,0.89,12,1
2909,173356,0.92,9,1
2910,173363,0.94,7,1
2911,173374,0.9,11,1
2912,173383,0.92,9,1
2913,173388,0.96,5,1
2914,173390,0.99,2,1
2915,173394,0.97,4,1
2916,173403,0.92,9,1
2917,173410,0.94,7,1
2918,173414,0.97,4,1
2919,173420,0.95,6,1
2920,173429,0.92,9,1
2921,173436,0.94,7,1
2922,173443,0.94,7,1
2923,173458,0.86,15,1
2924,173464,0.95,6,1
2925,173473,0.92,9,1
2926,173476,0.98,3,1
2927,173484,0.93,8,1
2928,173492,0.93,8,1
2929,173499,0.94,7,1
2930,173507,0.93,8,1
2931,173518,0.9,11,1
2932,173521,0.98,3,1
2933,173528,0.94,7,1
2934,173543,0.86,15,1
2935,173544,1.0,1,1
2936,173550,0.95,6,1
2937,173557,0.94,7,1
2938,173560,0.98,3,1
2939,173566,0.95,6,1
2940,173572,0.95,6,1
2941,173580,0.93,8,1
2942,173586,0.95,6,1
2943,173596,0.91,10,1
2944,173604,0.93,8,1
2945,173605,1.0,1,1
2946,173611,0.95,6,1
2947,173623,0.89,12,1
2948,173631,0.93,8,1
2949,173642,0.9,11,1
2950,173651,0.92,9,1
2951,173656,0.96,5,1
2952,173665,0.92,9,1
2953,173678,0.88,13,1
2954,173689,0.9,11,1
2955,173690,1.0,1,1
2956,173697,0.94,7,1
2957,173705,0.93,8,1
2958,173711,0.95,6,1
2959,173718,0.94,7,1
2960,173728,0.91,10,1
2961,173735,0.94,7,1
2962,173740,0.96,5,1
2963,173745,0.96,5,1
2964,173754,0.92,9,1
2965,173759,0.96,5,1
2966,173770,0.9,11,1
2967,173780,0.91,10,1
2968,173788,0.93,8,1
2969,173799,0.9,11,1
2970,173805,0.95,6,1
2971,173809,0.97,4,1
2972,173810,1.0,1,1
2973,173816,0.95,6,1
2974,173829,0.88,13,1
2975,173831,0.99,2,1
2976,173835,0.97,4,1
2977,173840,0.96,5,1
2978,173847,0.94,7,1
2979,173856,0.92,9,1
2980,173864,0.93,8,1
2981,173877,0.88,13,1
2982,173886,0.92,9,1
2983,173894,0.93,8,1
2984,173900,0.95,6,1
2985,173901,1.0,1,1
2986,173904,0.98,3,1
2987,173911,0.94,7,1
2988,173913,0.99,2,1
2989,173918,0.96,5,1
2990,173928,0.91,10,1
2991,173937,0.92,9,1
2992,173943,0.95,6,1
2993,173954,0.9,11,1
2994,173961,0.94,7,1
2995,173974,0.88,13,1
2996,173982,0.93,8,1
2997,173989,0.94,7,1
2998,173991,0.99,2,1
2999,173993,0.99,2,1
3000,174000,0.94,7,1
3001,174009,0.92,9,1
3002,174017,0.93,8,1
3003,174024,0.94,7,1
3004,174029,0.96,5,1
3005,174032,0.98,3,1
3006,174041,0.92,9,1
3007,174052,0.9,11,1
3008,174059,0.94,7,1
3009,174071,0.89,12,1
3010,174077,0.95,6,1
3011,174088,0.9,11,1
3012,174095,0.94,7,1
3013,174101,0.95,6,1
3014,174103,0.99,2,1
3015,174109,0.95,6,1
3016,174118,0.92,9,1
3017,174123,0.96,5,1
3018,174130,0.94,7,1
3019,174137,0.94,7,1
3020,174145,0.93,8,1
3021,174152,0.94,7,1
3022,174157,0.96,5,1
3023,174164,0.94,7,1
3024,174168,0.97,4,1
3025,174179,0.9,11,1
3026,174184,0.96,5,1
3027,174187,0.98,3,1
3028,174188,1.0,1,1
3029,174194,0.95,6,1
3030,174196,0.99,2,1
3031,174202,0.95,6,1
3032,174209,0.94,7,1
3033,174210,1.0,1,1
3034,174220,0.91,10,1
3035,174226,0.95,6,1
3036,174232,0.95,6,1
3037,174240,0.93,8,1
3038,174245,0.96,5,1
3039,174246,1.0,1,1
3040,174252,0.95,6,1
3041,174258,0.95,6,1
3042,174269,0.9,11,1
3043,174276,0.94,7,1
3044,174282,0.95,6,1
3045,174289,0.94,7,1
3046,174295,0.95,6,1
3047,174301,0.95,6,1
3048,174307,0.95,6,1
3049,174320,0.88,13,1
3050,174331,0.9,11,1
3051,174339,0.93,8,1
3052,174348,0.92,9,1
3053,174358,0.91,10,1
3054,174367,0.92,9,1
3055,174377,0.91,10,1
3056,174385,0.93,8,1
3057,174395,0.91,10,1
3058,174404,0.92,9,1
3059,174406,0.99,2,1
3060,174411,0.96,5,1
3061,174421,0.91,10,1
3062,174428,0.94,7,1
3063,174433,0.96,5,1
3064,174439,0.95,6,1
3065,174446,0.94,7,1
3066,174452,0.95,6,1
3067,174462,0.91,10,1
3068,174472,0.91,10,1
3069,174483,0.9,11,1
3070,174491,0.93,8,1
3071,174498,0.94,7,1
3072,174504,0.95,6,1
3073,174511,0.94,7,1
3074,174517,0.95,6,1
3075,174522,0.96,5,1
3076,174530,0.93,8,1
3077,174542,0.89,12,1
3078,174547,0.96,5,1
3079,174552,0.96,5,1
3080,174560,0.93,8,1
3081,174571,0.9,11,1
3082,174580,0.92,9,1
3083,174587,0.94,7,1
3084,174593,0.95,6,1
3085,174597,0.97,4,1
3086,174605,0.93,8,1
3087,174606,1.0,1,1
3088,174616,0.91,10,1
3089,174620,0.97,4,1
3090,174629,0.92,9,1
3091,174635,0.95,6,1
3092,174646,0.9,11,1
3093,174650,0.97,4,1
3094,174651,1.0,1,1
3095,174660,0.92,9,1
3096,174667,0.94,7,1
3097,174674,0.94,7,1
3098,174682,0.93,8,1
3099,174689,0.94,7,1
3100,174695,0.95,6,1
3101,174700,0.96,5,1
3102,174707,0.94,7,1
3103,174711,0.97,4,1
3104,174722,0.9,11,1
3105,174727,0.96,5,1
3106,174728,1.0,1,1
3107,174739,0.9,11,1
3108,174747,0.93,8,1
3109,174753,0.95,6,1
3110,174765,0.89,12,1
3111,174771,0.95,6,1
3112,174777,0.95,6,1
3113,174780,0.98,3,1
3114,174791,0.9,11,1
3115,174799,0.93,8,1
3116,174805,0.95,6,1
3117,174813,0.93,8,1
3118,174821,0.93,8,1
3119,174828,0.94,7,1
3120,174829,1.0,1,1
3121,174839,0.91,10,1
3122,174841,0.99,2,1
3123,174845,0.97,4,1
3124,174854,0.92,9,1
3125,174861,0.94,7,1
3126,174865,0.97,4,1
3127,174869,0.97,4,1
3128,174880,0.9,11,1
3129,174891,0.9,11,1
3130,174902,0.9,11,1
3131,174912,0.91,10,1
3132,174915,0.98,3,1
3133,174925,0.91,10,1
3134,174935,0.91,10,1
3135,174946,0.9,11,1
3136,174956,0.91,10,1
3137,174962,0.95,6,1
3138,174969,0.94,7,1
3139,174979,0.91,10,1
3140,174981,0.99,2,1
3141,174992,0.9,11,1
3142,175001,0.92,9,1
3143,175010,0.92,9,1
3144,175018,0.93,8,1
3145,175029,0.9,11,1
3146,175044,0.86,15,1
3147,175048,0.97,4,1
3148,175054,0.95,6,1
3149,175058,0.97,4,1
3150,175063,0.96,5,1
3151,175069,0.95,6,1
3152,175071,0.99,2,1
3153,175077,0.95,6,1
3154,175082,0.96,5,1
3155,175093,0.9,11,1
3156,175099,0.95,6,1
3157,175106,0.94,7,1
3158,175113,0.94,7,1
3159,175119,0.95,6,1
3160,175128,0.92,9,1
3161,175137,0.92,9,1
3162,175145,0.93,8,1
3163,175147,0.99,2,1
3164,175158,0.9,11,1
3165,175168,0.91,10,1
3166,175176,0.93,8,1
3167,175182,0.95,6,1
3168,175183,1.0,1,1
3169,175191,0.93,8,1
3170,175199,0.93,8,1
3171,175200,1.0,1,1
3172,175211,0.9,11,1
3173,175218,0.94,7,1
3174,175229,0.9,11,1
3175,175238,0.92,9,1
3176,175246,0.93,8,1
3177,175260,0.87,14,1
3178,175272,0.89,12,1
3179,175279,0.94,7,1
3180,175283,0.97,4,1
3181,175291,0.93,8,1
3182,175300,0.92,9,1
3183,175307,0.94,7,1
3184,175313,0.95,6,1
3185,175321,0.93,8,1
3186,175329,0.93,8,1
3187,175341,0.89,12,1
3188,175351,0.91,10,1
3189,175357,0.95,6,1
3190,175366,0.92,9,1
3191,175375,0.92,9,1
3192,175377,0.99,2,1
3193,175389,0.89,12,1
3194,175397,0.93,8,1
3195,175398,1.0,1,1
3196,175405,0.94,7,1
3197,175416,0.9,11,1
3198,175422,0.95,6,1
3199,175423,1.0,1,1
3200,175430,0.94,7,1
3201,175431,1.0,1,1
3202,175433,0.99,2,1
3203,175445,0.89,12,1
3204,175452,0.94,7,1
3205,175460,0.93,8,1
3206,175470,0.91,10,1
3207,175486,0.85,16,1
3208,175497,0.9,11,1
3209,175504,0.94,7,1
3210,175512,0.93,8,1
3211,175513,1.0,1,1
3212,175519,0.95,6,1
3213,175527,0.93,8,1
3214,175530,0.98,3,1
3215,175535,0.96,5,1
3216,175541,0.95,6,1
3217,175552,0.9,11,1
3218,175558,0.95,6,1
3219,175563,0.96,5,1
3220,175567,0.97,4,1
3221,175576,0.92,9,1
3222,175587,0.9,11,1
3223,175592,0.96,5,1
3224,175601,0.92,9,1
3225,175609,0.93,8,1
3226,175617,0.93,8,1
3227,175628,0.9,11,1
3228,175636,0.93,8,1
3229,175647,0.9,11,1
3230,175653,0.95,6,1
3231,175664,0.9,11,1
3232,175672,0.93,8,1
3233,175683,0.9,11,1
3234,175684,1.0,1,1
3235,175694,0.91,10,1
3236,175705,0.9,11,1
3237,175715,0.91,10,1
3238,175725,0.91,10,1
3239,175734,0.92,9,1
3240,175739,0.96,5,1
3241,175746,0.94,7,1
3242,175751,0.96,5,1
3243,175752,1.0,1,1
3244,175758,0.95,6,1
3245,175765,0.94,7,1
3246,175773,0.93,8,1
3247,175782,0.92,9,1
3248,175789,0.94,7,1
3249,175793,0.97,4,1
3250,175802,0.92,9,1
3251,175812,0.91,10,1
3252,175819,0.94,7,1
3253,175824,0.96,5,1
3254,175828,0.97,4,1
3255,175831,0.98,3,1
3256,175839,0.93,8,1
3257,175845,0.95,6,1
3258,175857,0.89,12,1
3259,175866,0.92,9,1
3260,175875,0.92,9,1
3261,175884,0.92,9,1
3262,175891,0.94,7,1
3263,175892,1.0,1,1
3264,175902,0.91,10,1
3265,175913,0.9,11,1
3266,175920,0.94,7,1
3267,175923,0.98,3,1
3268,175936,0.88,13,1
3269,175940,0.97,4,1
3270,175946,0.95,6,1
3271,175956,0.91,10,1
3272,175961,0.96,5,1
3273,175968,0.94,7,1
3274,175978,0.91,10,1
3275,175979,1.0,1,1
3276,175989,0.91,10,1
3277,175994,0.96,5,1
3278,176002,0.93,8,1
3279,176004,0.99,2,1
3280,176013,0.92,9,1
3281,176020,0.94,7,1
3282,176021,1.0,1,1
3283,176028,0.94,7,1
3284,176036,0.93,8,1
3285,176041,0.96,5,1
3286,176051,0.91,10,1
3287,176057,0.95,6,1
3288,176069,0.89,12,1
3289,176078,0.92,9,1
3290,176087,0.92,9,1
3291,176096,0.92,9,1
3292,176097,1.0,1,1
3293,176101,0.97,4,1
3294,176109,0.93,8,1
3295,176118,0.92,9,1
3296,176121,0.98,3,1
3297,176134,0.88,13,1
3298,176144,0.91,10,1
3299,176156,0.89,12,1
3300,176165,0.92,9,1
3301,176176,0.9,11,1
3302,176182,0.95,6,1
3303,176189,0.94,7,1
3304,176195,0.95,6,1
3305,176200,0.96,5,1
3306,176204,0.97,4,1
3307,176206,0.99,2,1
3308,176215,0.92,9,1
3309,176221,0.95,6,1
3310,176236,0.86,15,1
3311,176237,1.0,1,1
3312,176243,0.95,6,1
3313,176251,0.93,8,1
3314,176257,0.95,6,1
3315,176262,0.96,5,1
3316,176274,0.89,12,1
3317,176283,0.92,9,1
3318,176290,0.94,7,1
3319,176295,0.96,5,1
3320,176302,0.94,7,1
3321,176306,0.97,4,1
3322,176308,0.99,2,1
3323,176318,0.91,10,1
3324,176328,0.91,10,1
3325,176333,0.96,5,1
3326,176339,0.95,6,1
3327,176347,0.93,8,1
3328,176348,1.0,1,1
3329,176359,0.9,11,1
3330,176368,0.92,9,1
3331,176378,0.91,10,1
3332,176388,0.91,10,1
3333,176392,0.97,4,1
3334,176393,1.0,1,1
3335,176400,0.94,7,1
3336,176402,0.99,2,1
3337,176407,0.96,5,1
3338,176413,0.95,6,1
3339,176421,0.93,8,1
3340,176427,0.95,6,1
3341,176432,0.96,5,1
3342,176442,0.91,10,1
3343,176452,0.91,10,1
3344,176453,1.0,1,1
3345,176463,0.91,10,1
3346,176467,0.97,4,1
3347,176474,0.94,7,1
3348,176481,0.94,7,1
3349,176488,0.94,7,1
3350,176491,0.98,3,1
3351,176499,0.93,8,1
3352,176503,0.97,4,1
3353,176511,0.93,8,1
3354,176517,0.95,6,1
3355,176524,0.94,7,1
3356,176527,0.98,3,1
3357,176536,0.92,9,1
3358,176546,0.91,10,1
3359,176557,0.9,11,1
3360,176562,0.96,5,1
3361,176572,0.91,10,1
3362,176580,0.93,8,1
3363,176589,0.92,9,1
3364,176600,0.9,11,1
3365,176611,0.9,11,1
3366,176623,0.89,12,1
3367,176628,0.96,5,1
3368,176637,0.92,9,1
3369,176638,1.0,1,1
3370,176639,1.0,1,1
3371,176647,0.93,8,1
3372,176648,1.0,1,1
3373,176649,1.0,1,1
3374,176658,0.92,9,1
3375,176668,0.91,10,1
3376,176673,0.96,5,1
3377,176678,0.96,5,1
3378,176688,0.91,10,1
3379,176695,0.94,7,1
3380,176702,0.94,7,1
3381,176713,0.9,11,1
3382,176718,0.96,5,1
3383,176722,0.97,4,1
3384,176723,1.0,1,1
3385,176731,0.93,8,1
3386,176742,0.9,11,1
3387,176747,0.96,5,1
3388,176755,0.93,8,1
3389,176761,0.95,6,1
3390,176769,0.93,8,1
3391,176780,0.9,11,1
3392,176786,0.95,6,1
3393,176792,0.95,6,1
3394,176801,0.92,9,1
3395,176809,0.93,8,1
3396,176817,0.93,8,1
3397,176826,0.92,9,1
3398,176832,0.95,6,1
3399,176841,0.92,9,1
3400,176847,0.95,6,1
3401,176850,0.98,3,1
3402,176853,0.98,3,1
3403,176858,0.96,5,1
3404,176865,0.94,7,1
3405,176870,0.96,5,1
3406,176881,0.9,11,1
3407,176885,0.97,4,1
3408,176895,0.91,10,1
3409,176905,0.91,10,1
3410,176911,0.95,6,1
3411,176919,0.93,8,1
3412,176924,0.96,5,1
3413,176933,0.92,9,1
3414,176934,1.0,1,1
3415,176943,0.92,9,1
3416,176951,0.93,8,1
3417,176958,0.94,7,1
3418,176965,0.94,7,1
3419,176970,0.96,5,1
3420,176980,0.91,10,1
3421,176988,0.93,8,1
3422,176996,0.93,8,1
3423,176997,1.0,1,1
3424,177007,0.91,10,1
3425,177016,0.92,9,1
3426,177025,0.92,9,1
3427,177039,0.87,14,1
3428,177043,0.97,4,1
3429,177047,0.97,4,1
3430,177049,0.99,2,1
3431,177055,0.95,6,1
3432,177059,0.97,4,1
3433,177063,0.97,4,1
3434,177073,0.91,10,1
3435,177078,0.96,5,1
3436,177087,0.92,9,1
3437,177095,0.93,8,1
3438,177098,0.98,3,1
3439,177099,1.0,1,1
3440,177106,0.94,7,1
3441,177111,0.96,5,1
3442,177120,0.92,9,1
3443,177125,0.96,5,1
3444,177129,0.97,4,1
3445,177138,0.92,9,1
3446,177141,0.98,3,1
3447,177147,0.95,6,1
3448,177156,0.92,9,1
3449,177166,0.91,10,1
3450,177171,0.96,5,1
3451,177178,0.94,7,1
3452,177187,0.92,9,1
3453,177194,0.94,7,1
3454,177197,0.98,3,1
3455,177201,0.97,4,1
3456,177211,0.91,10,1
3457,177219,0.93,8,1
3458,177225,0.95,6,1
3459,177233,0.93,8,1
3460,177245,0.89,12,1
3461,177254,0.92,9,1
3462,177265,0.9,11,1
3463,177266,1.0,1,1
3464,177271,0.96,5,1
3465,177279,0.93,8,1
3466,177284,0.96,5,1
3467,177293,0.92,9,1
3468,177301,0.93,8,1
3469,177310,0.92,9,1
3470,177314,0.97,4,1
3471,177315,1.0,1,1
3472,177317,0.99,2,1
3473,177322,0.96,5,1
3474,177330,0.93,8,1
3475,177337,0.94,7,1
3476,177344,0.94,7,1
3477,177359,0.86,15,1
3478,177361,0.99,2,1
3479,177371,0.91,10,1
3480,177378,0.94,7,1
3481,177384,0.95,6,1
3482,177392,0.93,8,1
3483,177399,0.94,7,1
3484,177406,0.94,7,1
3485,177418,0.89,12,1
3486,177421,0.98,3,1
3487,177433,0.89,12,1
3488,177438,0.96,5,1
3489,177444,0.95,6,1
3490,177445,1.0,1,1
3491,177454,0.92,9,1
3492,177457,0.98,3,1
3493,177462,0.96,5,1
3494,177463,1.0,1,1
3495,177474,0.9,11,1
3496,177486,0.89,12,1
3497,177493,0.94,7,1
3498,177494,1.0,1,1
3499,177502,0.93,8,1
3500,177509,0.94,7,1
3501,177516,0.94,7,1
3502,177523,0.94,7,1
3503,177533,0.91,10,1
3504,177535,0.99,2,1
3505,177543,0.93,8,1
3506,177547,0.97,4,1
3507,177552,0.96,5,1
3508,177558,0.95,6,1
3509,177570,0.89,12,1
3510,177580,0.91,10,1
3511,177585,0.96,5,1
3512,177592,0.94,7,1
3513,177593,1.0,1,1
3514,177604,0.9,11,1
3515,177611,0.94,7,1
3516,177618,0.94,7,1
3517,177620,0.99,2,1
3518,177630,0.91,10,1
3519,177635,0.96,5,1
3520,177640,0.96,5,1
3521,177644,0.97,4,1
3522,177650,0.95,6,1
3523,177660,0.91,10,1
3524,177673,0.88,13,1
3525,177678,0.96,5,1
3526,177685,0.94,7,1
3527,177695,0.91,10,1
3528,177699,0.97,4,1
3529,177708,0.92,9,1
3530,177714,0.95,6,1
3531,177725,0.9,11,1
3532,177735,0.91,10,1
3533,177748,0.88,13,1
3534,177758,0.91,10,1
3535,177767,0.92,9,1
3536,177774,0.94,7,1
3537,177781,0.94,7,1
3538,177792,0.9,11,1
3539,177796,0.97,4,1
3540,177807,0.9,11,1
3541,177817,0.91,10,1
3542,177827,0.91,10,1
3543,177832,0.96,5,1
3544,177840,0.93,8,1
3545,177844,0.97,4,1
3546,177859,0.86,15,1
3547,177861,0.99,2,1
3548,177866,0.96,5,1
3549,177873,0.94,7,1
3550,177874,1.0,1,1
3551,177880,0.95,6,1
3552,177890,0.91,10,1
3553,177896,0.95,6,1
3554,177905,0.92,9,1
3555,177914,0.92,9,1
3556,177923,0.92,9,1
3557,177931,0.93,8,1
3558,177933,0.99,2,1
3559,177940,0.94,7,1
3560,177942,0.99,2,1
3561,177947,0.96,5,1
3562,177955,0.93,8,1
3563,177962,0.94,7,1
3564,177967,0.96,5,1
3565,177976,0.92,9,1
3566,177982,0.95,6,1
3567,177986,0.97,4,1
3568,177998,0.89,12,1
3569,178005,0.94,7,1
3570,178012,0.94,7,1
3571,178014,0.99,2,1
3572,178021,0.94,7,1
3573,178024,0.98,3,1
3574,178028,0.97,4,1
3575,178037,0.92,9,1
3576,178047,0.91,10,1
3577,178058,0.9,11,1
3578,178065,0.94,7,1
3579,178075,0.91,10,1
3580,178082,0.94,7,1
3581,178090,0.93,8,1
3582,178100,0.91,10,1
3583,178108,0.93,8,1
3584,178116,0.93,8,1
3585,178123,0.94,7,1
3586,178129,0.95,6,1
3587,178137,0.93,8,1
3588,178147,0.91,10,1
3589,178156,0.92,9,1
3590,178165,0.92,9,1
3591,178168,0.98,3,1
3592,178174,0.95,6,1
3593,178182,0.93,8,1
3594,178194,0.89,12,1
3595,178196,0.99,2,1
3596,178208,0.89,12,1
3597,178212,0.97,4,1
3598,178216,0.97,4,1
3599,178224,0.93,8,1
3600,178230,0.95,6,1
3601,178237,0.94,7,1
3602,178239,0.99,2,1
3603,178241,0.99,2,1
3604,178250,0.92,9,1
3605,178256,0.95,6,1
3606,178266,0.91,10,1
3607,178269,0.98,3,1
3608,178279,0.91,10,1
3609,178282,0.98,3,1
3610,178285,0.98,3,1
3611,178291,0.95,6,1
3612,178298,0.94,7,1
3613,178306,0.93,8,1
3614,178316,0.91,10,1
3615,178321,0.96,5,1
3616,178331,0.91,10,1
3617,178345,0.87,14,1
3618,178349,0.97,4,1
3619,178356,0.94,7,1
3620,178360,0.97,4,1
3621,178371,0.9,11,1
3622,178378,0.94,7,1
3623,178382,0.97,4,1
3624,178383,1.0,1,1
3625,178390,0.94,7,1
3626,178396,0.95,6,1
3627,178403,0.94,7,1
3628,178408,0.96,5,1
3629,178418,0.91,10,1
3630,178427,0.92,9,1
3631,178428,1.0,1,1
3632,178431,0.98,3,1
3633,178437,0.95,6,1
3634,178445,0.93,8,1
3635,178454,0.92,9,1
3636,178464,0.91,10,1
3637,178470,0.95,6,1
3638,178472,0.99,2,1
3639,178480,0.93,8,1
3640,178482,0.99,2,1
3641,178489,0.94,7,1
3642,178498,0.92,9,1
3643,178514,0.85,16,1
3644,178520,0.95,6,1
3645,178531,0.9,11,1
3646,178536,0.96,5,1
3647,178544,0.93,8,1
3648,178551,0.94,7,1
3649,178557,0.95,6,1
3650,178558,1.0,1,1
3651,178559,1.0,1,1
3652,178560,1.0,1,1
3653,178568,0.93,8,1
3654,178575,0.94,7,1
3655,178578,0.98,3,1
3656,178582,0.97,4,1
3657,178591,0.92,9,1
3658,178598,0.94,7,1
3659,178607,0.92,9,1
3660,178615,0.93,8,1
3661,178624,0.92,9,1
3662,178634,0.91,10,1
3663,178642,0.93,8,1
3664,178651,0.92,9,1
3665,178662,0.9,11,1
3666,178672,0.91,10,1
3667,178680,0.93,8,1
3668,178691,0.9,11,1
3669,178693,0.99,2,1
3670,178698,0.96,5,1
3671,178709,0.9,11,1
3672,178720,0.9,11,1
3673,178732,0.89,12,1
3674,178740,0.93,8,1
3675,178748,0.93,8,1
3676,178756,0.93,8,1
3677,178757,1.0,1,1
3678,178762,0.96,5,1
3679,178769,0.94,7,1
3680,178776,0.94,7,1
3681,178781,0.96,5,1
3682,178791,0.91,10,1
3683,178798,0.94,7,1
3684,178806,0.93,8,1
3685,178816,0.91,10,1
3686,178825,0.92,9,1
3687,178830,0.96,5,1
3688,178831,1.0,1,1
3689,178839,0.93,8,1
3690,178845,0.95,6,1
3691,178853,0.93,8,1
3692,178858,0.96,5,1
3693,178869,0.9,11,1
3694,178876,0.94,7,1
3695,178883,0.94,7,1
3696,178885,0.99,2,1
3697,178893,0.93,8,1
3698,178896,0.98,3,1
3699,178901,0.96,5,1
3700,178910,0.92,9,1
3701,178917,0.94,7,1
3702,178922,0.96,5,1
3703,178928,0.95,6,1
3704,178933,0.96,5,1
3705,178936,0.98,3,1
3706,178944,0.93,8,1
3707,178952,0.93,8,1
3708,178960,0.93,8,1
3709,178964,0.97,4,1
3710,178974,0.91,10,1
3711,178985,0.9,11,1
3712,178990,0.96,5,1
3713,178998,0.93,8,1
3714,179005,0.94,7,1
3715,179009,0.97,4,1
3716,179021,0.89,12,1
3717,179022,1.0,1,1
3718,179024,0.99,2,1
3719,179025,1.0,1,1
3720,179030,0.96,5,1
3721,179037,0.94,7,1
3722,179042,0.96,5,1
3723,179051,0.92,9,1
3724,179055,0.97,4,1
3725,179060,0.96,5,1
3726,179061,1.0,1,1
3727,179071,0.91,10,1
3728,179078,0.94,7,1
3729,179086,0.93,8,1
3730,179091,0.96,5,1
3731,179097,0.95,6,1
3732,179100,0.98,3,1
3733,179105,0.96,5,1
3734,179115,0.91,10,1
3735,179119,0.97,4,1
3736,179123,0.97,4,1
3737,179131,0.93,8,1
3738,179141,0.91,10,1
3739,179151,0.91,10,1
3740,179156,0.96,5,1
3741,179167,0.9,11,1
3742,179177,0.91,10,1
3743,179188,0.9,11,1
3744,179198,0.91,10,1
3745,179199,1.0,1,1
3746,179205,0.95,6,1
3747,179212,0.94,7,1
3748,179216,0.97,4,1
3749,179219,0.98,3,1
3750,179227,0.93,8,1
3751,179232,0.96,5,1
3752,179239,0.94,7,1
3753,179240,1.0,1,1
3754,179243,0.98,3,1
3755,179247,0.97,4,1
3756,179254,0.94,7,1
3757,179263,0.92,9,1
3758,179273,0.91,10,1
3759,179279,0.95,6,1
3760,179286,0.94,7,1
3761,179293,0.94,7,1
3762,179301,0.93,8,1
3763,179305,0.97,4,1
3764,179308,0.98,3,1
3765,179313,0.96,5,1
3766,179318,0.96,5,1
3767,179327,0.92,9,1
3768,179332,0.96,5,1
3769,179339,0.94,7,1
3770,179346,0.94,7,1
3771,179356,0.91,10,1
3772,179362,0.95,6,1
3773,179370,0.93,8,1
3774,179379,0.92,9,1
3775,179390,0.9,11,1
3776,179398,0.93,8,1
3777,179406,0.93,8,1
3778,179414,0.93,8,1
3779,179424,0.91,10,1
3780,179435,0.9,11,1
3781,179437,0.99,2,1
3782,179438,1.0,1,1
3783,179441,0.98,3,1
3784,179448,0.94,7,1
3785,179458,0.91,10,1
3786,179462,0.97,4,1
3787,179472,0.91,10,1
3788,179482,0.91,10,1
3789,179492,0.91,10,1
3790,179499,0.94,7,1
3791,179504,0.96,5,1
3792,179508,0.97,4,1
3793,179520,0.89,12,1
3794,179524,0.97,4,1
3795,179534,0.91,10,1
3796,179542,0.93,8,1
3797,179552,0.91,10,1
3798,179559,0.94,7,1
3799,179564,0.96,5,1
3800,179574,0.91,10,1
3801,179576,0.99,2,1
3802,179585,0.92,9,1
3803,179594,0.92,9,1
3804,179605,0.9,11,1
3805,179612,0.94,7,1
3806,179614,0.99,2,1
3807,179617,0.98,3,1
3808,179623,0.95,6,1
3809,179630,0.94,7,1
3810,179645,0.86,15,1
3811,179653,0.93,8,1
3812,179665,0.89,12,1
3813,179674,0.92,9,1
3814,179681,0.94,7,1
3815,179685,0.97,4,1
3816,179688,0.98,3,1
3817,179695,0.94,7,1
3818,179701,0.95,6,1
3819,179710,0.92,9,1
3820,179719,0.92,9,1
3821,179723,0.97,4,1
3822,179728,0.96,5,1
3823,179731,0.98,3,1
3824,179739,0.93,8,1
3825,179750,0.9,11,1
3826,179761,0.9,11,1
3827,179768,0.94,7,1
3828,179780,0.89,12,1
3829,179785,0.96,5,1
3830,179792,0.94,7,1
3831,179799,0.94,7,1
3832,179809,0.91,10,1
3833,179814,0.96,5,1
3834,179821,0.94,7,1
3835,179831,0.91,10,1
3836,179838,0.94,7,1
3837,179848,0.91,10,1
3838,179856,0.93,8,1
3839,179861,0.96,5,1
3840,179873,0.89,12,1
3841,179883,0.91,10,1
3842,179891,0.93,8,1
3843,179893,0.99,2,1
3844,179899,0.95,6,1
3845,179905,0.95,6,1
3846,179906,1.0,1,1
3847,179916,0.91,10,1
3848,179926,0.91,10,1
3849,179933,0.94,7,1
3850,179941,0.93,8,1
3851,179953,0.89,12,1
3852,179959,0.95,6,1
3853,179970,0.9,11,1
3854,179977,0.94,7,1
3855,179983,0.95,6,1
3856,179993,0.91,10,1
3857,179994,1.0,1,1
3858,179998,0.97,4,1
3859,180004,0.95,6,1
3860,180012,0.93,8,1
3861,180018,0.95,6,1
3862,180022,0.97,4,1
3863,180028,0.95,6,1
3864,180036,0.93,8,1
3865,180044,0.93,8,1
3866,180054,0.91,10,1
3867,180060,0.95,6,1
3868,180065,0.96,5,1
3869,180067,0.99,2,1
3870,180076,0.92,9,1
3871,180082,0.95,6,1
3872,180093,0.9,11,1
3873,180101,0.93,8,1
3874,180111,0.91,10,1
3875,180119,0.93,8,1
3876,180128,0.92,9,1
3877,180133,0.96,5,1
3878,180145,0.89,12,1
3879,180146,1.0,1,1
3880,180148,0.99,2,1
3881,180156,0.93,8,1
3882,180164,0.93,8,1
3883,180174,0.91,10,1
3884,180184,0.91,10,1
3885,180189,0.96,5,1
3886,180195,0.95,6,1
3887,180204,0.92,9,1
3888,180210,0.95,6,1
3889,180218,0.93,8,1
3890,180227,0.92,9,1
3891,180229,0.99,2,1
3892,180238,0.92,9,1
3893,180247,0.92,9,1
3894,180255,0.93,8,1
3895,180259,0.97,4,1
3896,180266,0.94,7,1
3897,180274,0.93,8,1
3898,180275,1.0,1,1
3899,180282,0.94,7,1
3900,180287,0.96,5,1
3901,180295,0.93,8,1
3902,180298,0.98,3,1
3903,180306,0.93,8,1
3904,180307,1.0,1,1
3905,180310,0.98,3,1
3906,180317,0.94,7,1
3907,180325,0.93,8,1
3908,180339,0.87,14,1
3909,180340,1.0,1,1
3910,180346,0.95,6,1
3911,180355,0.92,9,1
3912,180358,0.98,3,1
3913,180367,0.92,9,1
3914,180369,0.99,2,1
3915,180379,0.91,10,1
3916,180385,0.95,6,1
3917,180390,0.96,5,1
3918,180401,0.9,11,1
3919,180410,0.92,9,1
3920,180417,0.94,7,1
3921,180423,0.95,6,1
3922,180435,0.89,12,1
3923,180446,0.9,11,1
3924,180453,0.94,7,1
3925,180455,0.99,2,1
3926,180462,0.94,7,1
3927,180470,0.93,8,1
3928,180486,0.85,16,1
3929,180497,0.9,11,1
3930,180506,0.92,9,1
3931,180513,0.94,7,1
3932,180524,0.9,11,1
3933,180530,0.95,6,1
3934,180542,0.89,12,1
3935,180547,0.96,5,1
3936,180552,0.96,5,1
3937,180559,0.94,7,1
3938,180560,1.0,1,1
3939,180567,0.94,7,1
3940,180569,0.99,2,1
3941,180571,0.99,2,1
3942,180576,0.96,5,1
3943,180582,0.95,6,1
3944,180589,0.94,7,1
3945,180599,0.91,10,1
3946,180607,0.93,8,1
3947,180616,0.92,9,1
3948,180619,0.98,3,1
3949,180627,0.93,8,1
3950,180637,0.91,10,1
3951,180638,1.0,1,1
3952,180645,0.94,7,1
3953,180658,0.88,13,1
3954,180659,1.0,1,1
3955,180668,0.92,9,1
3956,180675,0.94,7,1
3957,180682,0.94,7,1
3958,180690,0.93,8,1
3959,180693,0.98,3,1
3960,180702,0.92,9,1
3961,180714,0.89,12,1
3962,180724,0.91,10,1
3963,180726,0.99,2,1
3964,180735,0.92,9,1
3965,180744,0.92,9,1
3966,180750,0.95,6,1
3967,180756,0.95,6,1
3968,180762,0.95,6,1
3969,180767,0.96,5,1
3970,180768,1.0,1,1
3971,180774,0.95,6,1
3972,180785,0.9,11,1
3973,180794,0.92,9,1
3974,180801,0.94,7,1
3975,180811,0.91,10,1
3976,180820,0.92,9,1
3977,180824,0.97,4,1
3978,180828,0.97,4,1
3979,180829,1.0,1,1
3980,180836,0.94,7,1
3981,180844,0.93,8,1
3982,180849,0.96,5,1
3983,180854,0.96,5,1
3984,180864,0.91,10,1
3985,180870,0.95,6,1
3986,180871,1.0,1,1
3987,180879,0.93,8,1
3988,180889,0.91,10,1
3989,180893,0.97,4,1
3990,180901,0.93,8,1
3991,180906,0.96,5,1
3992,180914,0.93,8,1
3993,180920,0.95,6,1
3994,180929,0.92,9,1
3995,180938,0.92,9,1
3996,180939,1.0,1,1
3997,180945,0.95,6,1
3998,180953,0.93,8,1
3999,180960,0.94,7,1
4000,180968,0.93,8,1
4001,180977,0.92,9,1
4002,180985,0.93,8,1
4003,180991,0.95,6,1
4004,180997,0.95,6,1
4005,181006,0.92,9,1
4006,181013,0.94,7,1
4007,181022,0.92,9,1
4008,181029,0.94,7,1
4009,181037,0.93,8,1
4010,181044,0.94,7,1
4011,181046,0.99,2,1
4012,181056,0.91,10,1
4013,181066,0.91,10,1
4014,181075,0.92,9,1
4015,181084,0.92,9,1
4016,181092,0.93,8,1
4017,181098,0.95,6,1
4018,181103,0.96,5,1
4019,181114,0.9,11,1
4020,181117,0.98,3,1
4021,181121,0.97,4,1
4022,181127,0.95,6,1
4023,181128,1.0,1,1
4024,181137,0.92,9,1
4025,181146,0.92,9,1
4026,181147,1.0,1,1
4027,181160,0.88,13,1
4028,181163,0.98,3,1
4029,181178,0.86,15,1
4030,181184,0.95,6,1
4031,181194,0.91,10,1
4032,181197,0.98,3,1
4033,181205,0.93,8,1
4034,181206,1.0,1,1
4035,181217,0.9,11,1
4036,181227,0.91,10,1
4037,181235,0.93,8,1
4038,181239,0.97,4,1
4039,181245,0.95,6,1
4040,181256,0.9,11,1
4041,181266,0.91,10,1
4042,181267,1.0,1,1
4043,181277,0.91,10,1
4044,181282,0.96,5,1
4045,181290,0.93,8,1
4046,181297,0.94,7,1
4047,181307,0.91,10,1
4048,181317,0.91,10,1
4049,181322,0.96,5,1
4050,181333,0.9,11,1
4051,181340,0.94,7,1
4052,181348,0.93,8,1
4053,181356,0.93,8,1
4054,181363,0.94,7,1
4055,181365,0.99,2,1
4056,181376,0.9,11,1
4057,181386,0.91,10,1
4058,181395,0.92,9,1
4059,181406,0.9,11,1
4060,181417,0.9,11,1
4061,181427,0.91,10,1
4062,181436,0.92,9,1
4063,181446,0.91,10,1
4064,181453,0.94,7,1
4065,181457,0.97,4,1
4066,181471,0.87,14,1
4067,181478,0.94,7,1
4068,181482,0.97,4,1
4069,181490,0.93,8,1
4070,181493,0.98,3,1
4071,181504,0.9,11,1
4072,181512,0.93,8,1
4073,181513,1.0,1,1
4074,181517,0.97,4,1
4075,181524,0.94,7,1
4076,181533,0.92,9,1
4077,181537,0.97,4,1
4078,181549,0.89,12,1
4079,181553,0.97,4,1
4080,181557,0.97,4,1
4081,181569,0.89,12,1
4082,181581,0.89,12,1
4083,181591,0.91,10,1
4084,181601,0.91,10,1
4085,181609,0.93,8,1
4086,181621,0.89,12,1
4087,181632,0.9,11,1
4088,181637,0.96,5,1
4089,181641,0.97,4,1
4090,181646,0.96,5,1
4091,181656,0.91,10,1
4092,181660,0.97,4,1
4093,181668,0.93,8,1
4094,181677,0.92,9,1
4095,181685,0.93,8,1
4096,181697,0.89,12,1
4097,181700,0.98,3,1
4098,181707,0.94,7,1
4099,181709,0.99,2,1
4100,181716,0.94,7,1
4101,181726,0.91,10,1
4102,181732,0.95,6,1
4103,181741,0.92,9,1
4104,181752,0.9,11,1
4105,181753,1.0,1,1
4106,181760,0.94,7,1
4107,181769,0.92,9,1
4108,181775,0.95,6,1
4109,181786,0.9,11,1
4110,181795,0.92,9,1
4111,181805,0.91,10,1
4112,181811,0.95,6,1
4113,181819,0.93,8,1
4114,181821,0.99,2,1
4115,181826,0.96,5,1
4116,181833,0.94,7,1
4117,181840,0.94,7,1
4118,181844,0.97,4,1
4119,181849,0.96,5,1
4120,181855,0.95,6,1
4121,181862,0.94,7,1
4122,181874,0.89,12,1
4123,181875,1.0,1,1
4124,181885,0.91,10,1
4125,181897,0.89,12,1
4126,181906,0.92,9,1
4127,181910,0.97,4,1
4128,181918,0.93,8,1
4129,181921,0.98,3,1
4130,181926,0.96,5,1
4131,181934,0.93,8,1
4132,181944,0.91,10,1
4133,181955,0.9,11,1
4134,181961,0.95,6,1
4135,181966,0.96,5,1
4136,181973,0.94,7,1
4137,181982,0.92,9,1
4138,181988,0.95,6,1
4139,181990,0.99,2,1
4140,181999,0.92,9,1
4141,182008,0.92,9,1
4142,182011,0.98,3,1
4143,182015,0.97,4,1
4144,182022,0.94,7,1
4145,182032,0.91,10,1
4146,182042,0.91,10,1
4147,182050,0.93,8,1
4148,182056,0.95,6,1
4149,182057,1.0,1,1
4150,182062,0.96,5,1
4151,182063,1.0,1,1
4152,182069,0.95,6,1
4153,182073,0.97,4,1
4154,182083,0.91,10,1
4155,182091,0.93,8,1
4156,182098,0.94,7,1
4157,182106,0.93,8,1
4158,182107,1.0,1,1
4159,182113,0.95,6,1
4160,182122,0.92,9,1
4161,182124,0.99,2,1
4162,182131,0.94,7,1
4163,182137,0.95,6,1
4164,182147,0.91,10,1
4165,182152,0.96,5,1
4166,182159,0.94,7,1
4167,182165,0.95,6,1
4168,182171,0.95,6,1
4169,182178,0.94,7,1
4170,182187,0.92,9,1
4171,182196,0.92,9,1
4172,182201,0.96,5,1
4173,182211,0.91,10,1
4174,182220,0.92,9,1
4175,182228,0.93,8,1
4176,182233,0.96,5,1
4177,182241,0.93,8,1
4178,182242,1.0,1,1
4179,182251,0.92,9,1
4180,182258,0.94,7,1
4181,182268,0.91,10,1
4182,182275,0.94,7,1
4183,182279,0.97,4,1
4184,182291,0.89,12,1
4185,182300,0.92,9,1
4186,182307,0.94,7,1
4187,182317,0.91,10,1
4188,182321,0.97,4,1
4189,182329,0.93,8,1
4190,182339,0.91,10,1
4191,182340,1.0,1,1
4192,182346,0.95,6,1
4193,182350,0.97,4,1
4194,182358,0.93,8,1
4195,182369,0.9,11,1
4196,182377,0.93,8,1
4197,182384,0.94,7,1
4198,182390,0.95,6,1
4199,182393,0.98,3,1
4200,182400,0.94,7,1
4201,182406,0.95,6,1
4202,182416,0.91,10,1
4203,182420,0.97,4,1
4204,182426,0.95,6,1
4205,182435,0.92,9,1
4206,182439,0.97,4,1
4207,182448,0.92,9,1
4208,182455,0.94,7,1
4209,182461,0.95,6,1
4210,182471,0.91,10,1
4211,182482,0.9,11,1
4212,182489,0.94,7,1
4213,182496,0.94,7,1
4214,182507,0.9,11,1
4215,182511,0.97,4,1
4216,182521,0.91,10,1
4217,182532,0.9,11,1
4218,182541,0.92,9,1
4219,182545,0.97,4,1
4220,182555,0.91,10,1
4221,182558,0.98,3,1
4222,182562,0.97,4,1
4223,182567,0.96,5,1
4224,182571,0.97,4,1
4225,182578,0.94,7,1
4226,182582,0.97,4,1
4227,182593,0.9,11,1
4228,182599,0.95,6,1
4229,182610,0.9,11,1
4230,182620,0.91,10,1
4231,182623,0.98,3,1
4232,182631,0.93,8,1
4233,182633,0.99,2,1
4234,182637,0.97,4,1
4235,182639,0.99,2,1
4236,182645,0.95,6,1
4237,182654,0.92,9,1
4238,182657,0.98,3,1
4239,182661,0.97,4,1
4240,182667,0.95,6,1
4241,182676,0.92,9,1
4242,182683,0.94,7,1
4243,182684,1.0,1,1
4244,182685,1.0,1,1
4245,182689,0.97,4,1
4246,182699,0.91,10,1
4247,182700,1.0,1,1
4248,182706,0.95,6,1
4249,182711,0.96,5,1
4250,182712,1.0,1,1
4251,182719,0.94,7,1
4252,182726,0.94,7,1
4253,182733,0.94,7,1
4254,182740,0.94,7,1
4255,182748,0.93,8,1
4256,182756,0.93,8,1
4257,182762,0.95,6,1
4258,182768,0.95,6,1
4259,182777,0.92,9,1
4260,182785,0.93,8,1
4261,182790,0.96,5,1
4262,182798,0.93,8,1
4263,182805,0.94,7,1
4264,182815,0.91,10,1
4265,182822,0.94,7,1
4266,182831,0.92,9,1
4267,182837,0.95,6,1
4268,182843,0.95,6,1
4269,182849,0.95,6,1
4270,182856,0.94,7,1
4271,182864,0.93,8,1
4272,182865,1.0,1,1
4273,182874,0.92,9,1
4274,182881,0.94,7,1
4275,182890,0.92,9,1
4276,182899,0.92,9,1
4277,182907,0.93,8,1
4278,182913,0.95,6,1
4279,182918,0.96,5,1
4280,182919,1.0,1,1
4281,182926,0.94,7,1
4282,182939,0.88,13,1
4283,182941,0.99,2,1
4284,182949,0.93,8,1
4285,182950,1.0,1,1
4286,182957,0.94,7,1
4287,182966,0.92,9,1
4288,182973,0.94,7,1
4289,182979,0.95,6,1
4290,182984,0.96,5,1
4291,182990,0.95,6,1
4292,182995,0.96,5,1
4293,182997,0.99,2,1
4294,183004,0.94,7,1
4295,183010,0.95,6,1
4296,183021,0.9,11,1
4297,183024,0.98,3,1
4298,183037,0.88,13,1
4299,183046,0.92,9,1
4300,183053,0.94,7,1
4301,183063,0.91,10,1
4302,183072,0.92,9,1
4303,183077,0.96,5,1
4304,183084,0.94,7,1
4305,183094,0.91,10,1
4306,183105,0.9,11,1
4307,183113,0.93,8,1
4308,183119,0.95,6,1
4309,183125,0.95,6,1
4310,183136,0.9,11,1
4311,183143,0.94,7,1
4312,183152,0.92,9,1
4313,183163,0.9,11,1
4314,183171,0.93,8,1
4315,183178,0.94,7,1
4316,183182,0.97,4,1
4317,183193,0.9,11,1
4318,183202,0.92,9,1
4319,183212,0.91,10,1
4320,183221,0.92,9,1
4321,183227,0.95,6,1
4322,183233,0.95,6,1
4323,183242,0.92,9,1
4324,183251,0.92,9,1
4325,183260,0.92,9,1
4326,183270,0.91,10,1
4327,183282,0.89,12,1
4328,183289,0.94,7,1
4329,183298,0.92,9,1
4330,183300,0.99,2,1
4331,183301,1.0,1,1
4332,183309,0.93,8,1
4333,183321,0.89,12,1
4334,183327,0.95,6,1
4335,183334,0.94,7,1
4336,183339,0.96,5,1
4337,183340,1.0,1,1
4338,183345,0.96,5,1
4339,183349,0.97,4,1
4340,183358,0.92,9,1
4341,183366,0.93,8,1
4342,183377,0.9,11,1
4343,183381,0.97,4,1
4344,183388,0.94,7,1
4345,183390,0.99,2,1
4346,183402,0.89,12,1
4347,183410,0.93,8,1
4348,183419,0.92,9,1
4349,183428,0.92,9,1
4350,183429,1.0,1,1
4351,183438,0.92,9,1
4352,183448,0.91,10,1
4353,183456,0.93,8,1
4354,183460,0.97,4,1
4355,183465,0.96,5,1
4356,183476,0.9,11,1
4357,183483,0.94,7,1
4358,183490,0.94,7,1
4359,183500,0.91,10,1
4360,183501,1.0,1,1
4361,183509,0.93,8,1
4362,183511,0.99,2,1
4363,183515,0.97,4,1
4364,183523,0.93,8,1
4365,183535,0.89,12,1
4366,183539,0.97,4,1
4367,183540,1.0,1,1
4368,183546,0.95,6,1
4369,183555,0.92,9,1
4370,183568,0.88,13,1
4371,183576,0.93,8,1
4372,183582,0.95,6,1
4373,183585,0.98,3,1
4374,183597,0.89,12,1
4375,183598,1.0,1,1
4376,183606,0.93,8,1
4377,183613,0.94,7,1
4378,183626,0.88,13,1
4379,183630,0.97,4,1
4380,183640,0.91,10,1
4381,183646,0.95,6,1
4382,183647,1.0,1,1
4383,183654,0.94,7,1
4384,183664,0.91,10,1
4385,183670,0.95,6,1
4386,183675,0.96,5,1
4387,183680,0.96,5,1
4388,183684,0.97,4,1
4389,183686,0.99,2,1
4390,183694,0.93,8,1
4391,183698,0.97,4,1
4392,183703,0.96,5,1
4393,183706,0.98,3,1
4394,183713,0.94,7,1
4395,183715,0.99,2,1
4396,183721,0.95,6,1
4397,183725,0.97,4,1
4398,183734,0.92,9,1
4399,183742,0.93,8,1
4400,183747,0.96,5,1
4401,183755,0.93,8,1
4402,183767,0.89,12,1
4403,183775,0.93,8,1
4404,183781,0.95,6,1
4405,183794,0.88,13,1
4406,183810,0.85,16,1
4407,183812,0.99,2,1
4408,183819,0.94,7,1
4409,183821,0.99,2,1
4410,183826,0.96,5,1
4411,183833,0.94,7,1
4412,183841,0.93,8,1
4413,183846,0.96,5,1
4414,183852,0.95,6,1
4415,183864,0.89,12,1
4416,183872,0.93,8,1
4417,183877,0.96,5,1
4418,183881,0.97,4,1
4419,183888,0.94,7,1
4420,183900,0.89,12,1
4421,183904,0.97,4,1
4422,183915,0.9,11,1
4423,183917,0.99,2,1
4424,183924,0.94,7,1
4425,183928,0.97,4,1
4426,183929,1.0,1,1
4427,183942,0.88,13,1
4428,183953,0.9,11,1
4429,183965,0.89,12,1
4430,183973,0.93,8,1
4431,183981,0.93,8,1
4432,183983,0.99,2,1
4433,183987,0.97,4,1
4434,183995,0.93,8,1
4435,184005,0.91,10,1
4436,184013,0.93,8,1
4437,184018,0.96,5,1
4438,184028,0.91,10,1
4439,184036,0.93,8,1
4440,184043,0.94,7,1
4441,184055,0.89,12,1
4442,184062,0.94,7,1
4443,184071,0.92,9,1
4444,184080,0.92,9,1
4445,184090,0.91,10,1
4446,184099,0.92,9,1
4447,184109,0.91,10,1
4448,184111,0.99,2,1
4449,184112,1.0,1,1
4450,184115,0.98,3,1
4451,184126,0.9,11,1
4452,184128,0.99,2,1
4453,184138,0.91,10,1
4454,184144,0.95,6,1
4455,184154,0.91,10,1
4456,184162,0.93,8,1
4457,184167,0.96,5,1
4458,184171,0.97,4,1
4459,184177,0.95,6,1
4460,184182,0.96,5,1
4461,184187,0.96,5,1
4462,184197,0.91,10,1
4463,184207,0.91,10,1
4464,184217,0.91,10,1
4465,184227,0.91,10,1
4466,184236,0.92,9,1
4467,184240,0.97,4,1
4468,184241,1.0,1,1
4469,184251,0.91,10,1
4470,184256,0.96,5,1
4471,184263,0.94,7,1
4472,184264,1.0,1,1
4473,184273,0.92,9,1
4474,184284,0.9,11,1
4475,184296,0.89,12,1
4476,184305,0.92,9,1
4477,184315,0.91,10,1
4478,184322,0.94,7,1
4479,184329,0.94,7,1
4480,184339,0.91,10,1
4481,184344,0.96,5,1
4482,184348,0.97,4,1
4483,184350,0.99,2,1
4484,184359,0.92,9,1
4485,184370,0.9,11,1
4486,184379,0.92,9,1
4487,184387,0.93,8,1
4488,184397,0.91,10,1
4489,184406,0.92,9,1
4490,184413,0.94,7,1
4491,184417,0.97,4,1
4492,184426,0.92,9,1
4493,184433,0.94,7,1
4494,184444,0.9,11,1
4495,184450,0.95,6,1
4496,184459,0.92,9,1
4497,184466,0.94,7,1
4498,184467,1.0,1,1
4499,184474,0.94,7,1
4500,184481,0.94,7,1
4501,184491,0.91,10,1
4502,184496,0.96,5,1
4503,184506,0.91,10,1
4504,184513,0.94,7,1
4505,184521,0.93,8,1
4506,184529,0.93,8,1
4507,184536,0.94,7,1
4508,184542,0.95,6,1
4509,184545,0.98,3,1
4510,184554,0.92,9,1
4511,184562,0.93,8,1
4512,184568,0.95,6,1
4513,184581,0.88,13,1
4514,184587,0.95,6,1
4515,184596,0.92,9,1
4516,184617,0.8,21,1
4517,184623,0.95,6,1
4518,184633,0.91,10,1
4519,184637,0.97,4,1
4520,184645,0.93,8,1
4521,184653,0.93,8,1
4522,184665,0.89,12,1
4523,184675,0.91,10,1
4524,184687,0.89,12,1
4525,184699,0.89,12,1
4526,184704,0.96,5,1
4527,184711,0.94,7,1
4528,184722,0.9,11,1
4529,184732,0.91,10,1
4530,184742,0.91,10,1
4531,184745,0.98,3,1
4532,184753,0.93,8,1
4533,184763,0.91,10,1
4534,184771,0.93,8,1
4535,184778,0.94,7,1
4536,184786,0.93,8,1
4537,184793,0.94,7,1
4538,184802,0.92,9,1
4539,184808,0.95,6,1
4540,184811,0.98,3,1
4541,184812,1.0,1,1
4542,184820,0.93,8,1
4543,184830,0.91,10,1
4544,184844,0.87,14,1
4545,184847,0.98,3,1
4546,184855,0.93,8,1
4547,184863,0.93,8,1
4548,184876,0.88,13,1
4549,184886,0.91,10,1
4550,184892,0.95,6,1
4551,184900,0.93,8,1
4552,184911,0.9,11,1
4553,184923,0.89,12,1
4554,184935,0.89,12,1
4555,184941,0.95,6,1
4556,184946,0.96,5,1
4557,184954,0.93,8,1
4558,184959,0.96,5,1
4559,184963,0.97,4,1
4560,184975,0.89,12,1
4561,184981,0.95,6,1
4562,184984,0.98,3,1
4563,184995,0.9,11,1
4564,185004,0.92,9,1
4565,185009,0.96,5,1
4566,185016,0.94,7,1
4567,185022,0.95,6,1
4568,185033,0.9,11,1
4569,185034,1.0,1,1
4570,185035,1.0,1,1
4571,185041,0.95,6,1
4572,185043,0.99,2,1
4573,185054,0.9,11,1
4574,185060,0.95,6,1
4575,185064,0.97,4,1
4576,185071,0.94,7,1
4577,185080,0.92,9,1
4578,185085,0.96,5,1
4579,185093,0.93,8,1
4580,185095,0.99,2,1
4581,185102,0.94,7,1
4582,185109,0.94,7,1
4583,185119,0.91,10,1
4584,185127,0.93,8,1
4585,185138,0.9,11,1
4586,185143,0.96,5,1
4587,185155,0.89,12,1
4588,185156,1.0,1,1
4589,185161,0.96,5,1
4590,185172,0.9,11,1
4591,185178,0.95,6,1
4592,185184,0.95,6,1
4593,185196,0.89,12,1
4594,185208,0.89,12,1
4595,185214,0.95,6,1
4596,185224,0.91,10,1
4597,185232,0.93,8,1
4598,185240,0.93,8,1
4599,185246,0.95,6,1
4600,185257,0.9,11,1
4601,185263,0.95,6,1
4602,185271,0.93,8,1
4603,185283,0.89,12,1
4604,185293,0.91,10,1
4605,185302,0.92,9,1
4606,185308,0.95,6,1
4607,185315,0.94,7,1
4608,185325,0.91,10,1
4609,185334,0.92,9,1
4610,185338,0.97,4,1
4611,185348,0.91,10,1
4612,185356,0.93,8,1
4613,185360,0.97,4,1
4614,185368,0.93,8,1
4615,185375,0.94,7,1
4616,185377,0.99,2,1
4617,185382,0.96,5,1
4618,185384,0.99,2,1
4619,185394,0.91,10,1
4620,185401,0.94,7,1
4621,185410,0.92,9,1
4622,185413,0.98,3,1
4623,185417,0.97,4,1
4624,185426,0.92,9,1
4625,185428,0.99,2,1
4626,185434,0.95,6,1
4627,185439,0.96,5,1
4628,185446,0.94,7,1
4629,185451,0.96,5,1
4630,185461,0.91,10,1
4631,185471,0.91,10,1
4632,185478,0.94,7,1
4633,185479,1.0,1,1
4634,185485,0.95,6,1
4635,185486,1.0,1,1
4636,185495,0.92,9,1
4637,185502,0.94,7,1
4638,185508,0.95,6,1
4639,185519,0.9,11,1
4640,185527,0.93,8,1
4641,185530,0.98,3,1
4642,185540,0.91,10,1
4643,185541,1.0,1,1
4644,185545,0.97,4,1
4645,185554,0.92,9,1
4646,185560,0.95,6,1
4647,185575,0.86,15,1
4648,185584,0.92,9,1
4649,185590,0.95,6,1
4650,185597,0.94,7,1
4651,185605,0.93,8,1
4652,185611,0.95,6,1
4653,185618,0.94,7,1
4654,185625,0.94,7,1
4655,185635,0.91,10,1
4656,185642,0.94,7,1
4657,185653,0.9,11,1
4658,185660,0.94,7,1
4659,185669,0.92,9,1
4660,185681,0.89,12,1
4661,185694,0.88,13,1
4662,185705,0.9,11,1
4663,185712,0.94,7,1
4664,185718,0.95,6,1
4665,185723,0.96,5,1
4666,185731,0.93,8,1
4667,185740,0.92,9,1
4668,185745,0.96,5,1
4669,185752,0.94,7,1
4670,185761,0.92,9,1
4671,185772,0.9,11,1
4672,185782,0.91,10,1
4673,185789,0.94,7,1
4674,185796,0.94,7,1
4675,185805,0.92,9,1
4676,185813,0.93,8,1
4677,185826,0.88,13,1
4678,185833,0.94,7,1
4679,185844,0.9,11,1
4680,185850,0.95,6,1
4681,185855,0.96,5,1
4682,185856,1.0,1,1
4683,185858,0.99,2,1
4684,185859,1.0,1,1
4685,185868,0.92,9,1
4686,185872,0.97,4,1
4687,185881,0.92,9,1
4688,185884,0.98,3,1
4689,185888,0.97,4,1
4690,185889,1.0,1,1
4691,185899,0.91,10,1
4692,185909,0.91,10,1
4693,185920,0.9,11,1
4694,185926,0.95,6,1
4695,185931,0.96,5,1
4696,185938,0.94,7,1
4697,185943,0.96,5,1
4698,185955,0.89,12,1
4699,185963,0.93,8,1
4700,185969,0.95,6,1
4701,185978,0.92,9,1
4702,185987,0.92,9,1
4703,185989,0.99,2,1
4704,185997,0.93,8,1
4705,186002,0.96,5,1
4706,186007,0.96,5,1
4707,186012,0.96,5,1
4708,186021,0.92,9,1
4709,186027,0.95,6,1
4710,186034,0.94,7,1
4711,186040,0.95,6,1
4712,186041,1.0,1,1
4713,186049,0.93,8,1
4714,186055,0.95,6,1
4715,186062,0.94,7,1
4716,186068,0.95,6,1
4717,186079,0.9,11,1
4718,186087,0.93,8,1
4719,186096,0.92,9,1
4720,186097,1.0,1,1
4721,186108,0.9,11,1
4722,186111,0.98,3,1
4723,186123,0.89,12,1
4724,186130,0.94,7,1
4725,186134,0.97,4,1
4726,186141,0.94,7,1
4727,186151,0.91,10,1
4728,186158,0.94,7,1
4729,186168,0.91,10,1
4730,186173,0.96,5,1
4731,186183,0.91,10,1
4732,186193,0.91,10,1
4733,186200,0.94,7,1
4734,186211,0.9,11,1
4735,186218,0.94,7,1
4736,186219,1.0,1,1
4737,186225,0.95,6,1
4738,186239,0.87,14,1
4739,186248,0.92,9,1
4740,186257,0.92,9,1
4741,186264,0.94,7,1
4742,186273,0.92,9,1
4743,186283,0.91,10,1
4744,186293,0.91,10,1
4745,186303,0.91,10,1
4746,186306,0.98,3,1
4747,186314,0.93,8,1
4748,186319,0.96,5,1
4749,186326,0.94,7,1
4750,186333,0.94,7,1
4751,186341,0.93,8,1
4752,186352,0.9,11,1
4753,186360,0.93,8,1
4754,186367,0.94,7,1
4755,186376,0.92,9,1
4756,186385,0.92,9,1
4757,186387,0.99,2,1
4758,186397,0.91,10,1
4759,186407,0.91,10,1
4760,186411,0.97,4,1
4761,186416,0.96,5,1
4762,186434,0.83,18,1
4763,186437,0.98,3,1
4764,186441,0.97,4,1
4765,186450,0.92,9,1
4766,186460,0.91,10,1
4767,186470,0.91,10,1
4768,186480,0.91,10,1
4769,186488,0.93,8,1
4770,186493,0.96,5,1
4771,186494,1.0,1,1
4772,186505,0.9,11,1
4773,186506,1.0,1,1
4774,186518,0.89,12,1
4775,186525,0.94,7,1
4776,186531,0.95,6,1
4777,186540,0.92,9,1
4778,186552,0.89,12,1
4779,186561,0.92,9,1
4780,186570,0.92,9,1
4781,186578,0.93,8,1
4782,186583,0.96,5,1
4783,186592,0.92,9,1
4784,186598,0.95,6,1
4785,186607,0.92,9,1
4786,186618,0.9,11,1
4787,186629,0.9,11,1
4788,186632,0.98,3,1
4789,186638,0.95,6,1
4790,186641,0.98,3,1
4791,186646,0.96,5,1
4792,186655,0.92,9,1
4793,186662,0.94,7,1
4794,186669,0.94,7,1
4795,186677,0.93,8,1
4796,186678,1.0,1,1
4797,186679,1.0,1,1
4798,186688,0.92,9,1
4799,186695,0.94,7,1
4800,186705,0.91,10,1
4801,186706,1.0,1,1
4802,186709,0.98,3,1
4803,186721,0.89,12,1
4804,186723,0.99,2,1
4805,186725,0.99,2,1
4806,186732,0.94,7,1
4807,186741,0.92,9,1
4808,186750,0.92,9,1
4809,186758,0.93,8,1
4810,186769,0.9,11,1
4811,186779,0.91,10,1
4812,186789,0.91,10,1
4813,186794,0.96,5,1
4814,186795,1.0,1,1
4815,186802,0.94,7,1
4816,186809,0.94,7,1
4817,186816,0.94,7,1
4818,186825,0.92,9,1
4819,186833,0.93,8,1
4820,186844,0.9,11,1
4821,186854,0.91,10,1
4822,186857,0.98,3,1
4823,186869,0.89,12,1
4824,186876,0.94,7,1
4825,186888,0.89,12,1
4826,186899,0.9,11,1
4827,186907,0.93,8,1
4828,186910,0.98,3,1
4829,186913,0.98,3,1
4830,186922,0.92,9,1
4831,186930,0.93,8,1
4832,186940,0.91,10,1
4833,186945,0.96,5,1
4834,186951,0.95,6,1
4835,186955,0.97,4,1
4836,186958,0.98,3,1
4837,186965,0.94,7,1
4838,186970,0.96,5,1
4839,186980,0.91,10,1
4840,186984,0.97,4,1
4841,186989,0.96,5,1
4842,186999,0.91,10,1
4843,187008,0.92,9,1
4844,187016,0.93,8,1
4845,187025,0.92,9,1
4846,187029,0.97,4,1
4847,187038,0.92,9,1
4848,187042,0.97,4,1
4849,187055,0.88,13,1
4850,187063,0.93,8,1
4851,187072,0.92,9,1
4852,187077,0.96,5,1
4853,187086,0.92,9,1
4854,187087,1.0,1,1
4855,187094,0.94,7,1
4856,187103,0.92,9,1
4857,187111,0.93,8,1
4858,187118,0.94,7,1
4859,187128,0.91,10,1
4860,187133,0.96,5,1
4861,187146,0.88,13,1
4862,187152,0.95,6,1
4863,187168,0.85,16,1
4864,187176,0.93,8,1
4865,187184,0.93,8,1
4866,187191,0.94,7,1
4867,187196,0.96,5,1
4868,187201,0.96,5,1
4869,187206,0.96,5,1
4870,187212,0.95,6,1
4871,187222,0.91,10,1
4872,187228,0.95,6,1
4873,187236,0.93,8,1
4874,187239,0.98,3,1
4875,187246,0.94,7,1
4876,187252,0.95,6,1
4877,187259,0.94,7,1
4878,187264,0.96,5,1
4879,187265,1.0,1,1
4880,187274,0.92,9,1
4881,187283,0.92,9,1
4882,187293,0.91,10,1
4883,187300,0.94,7,1
4884,187302,0.99,2,1
4885,187312,0.91,10,1
4886,187319,0.94,7,1
4887,187326,0.94,7,1
4888,187334,0.93,8,1
4889,187340,0.95,6,1
4890,187347,0.94,7,1
4891,187348,1.0,1,1
4892,187351,0.98,3,1
4893,187356,0.96,5,1
4894,187363,0.94,7,1
4895,187374,0.9,11,1
4896,187384,0.91,10,1
4897,187388,0.97,4,1
4898,187395,0.94,7,1
4899,187400,0.96,5,1
4900,187406,0.95,6,1
4901,187414,0.93,8,1
4902,187421,0.94,7,1
4903,187425,0.97,4,1
4904,187432,0.94,7,1
4905,187440,0.93,8,1
4906,187451,0.9,11,1
4907,187453,0.99,2,1
4908,187463,0.91,10,1
4909,187473,0.91,10,1
4910,187482,0.92,9,1
4911,187488,0.95,6,1
4912,187495,0.94,7,1
4913,187501,0.95,6,1
4914,187509,0.93,8,1
4915,187514,0.96,5,1
4916,187517,0.98,3,1
4917,187521,0.97,4,1
4918,187531,0.91,10,1
4919,187534,0.98,3,1
4920,187540,0.95,6,1
4921,187547,0.94,7,1
4922,187552,0.96,5,1
4923,187562,0.91,10,1
4924,187570,0.93,8,1
4925,187583,0.88,13,1
4926,187595,0.89,12,1
4927,187602,0.94,7,1
4928,187606,0.97,4,1
4929,187612,0.95,6,1
4930,187614,0.99,2,1
4931,187624,0.91,10,1
4932,187633,0.92,9,1
4933,187638,0.96,5,1
4934,187644,0.95,6,1
4935,187650,0.95,6,1
4936,187653,0.98,3,1
4937,187665,0.89,12,1
4938,187666,1.0,1,1
4939,187670,0.97,4,1
4940,187673,0.98,3,1
4941,187678,0.96,5,1
4942,187684,0.95,6,1
4943,187692,0.93,8,1
4944,187701,0.92,9,1
4945,187709,0.93,8,1
4946,187718,0.92,9,1
4947,187726,0.93,8,1
4948,187727,1.0,1,1
4949,187728,1.0,1,1
4950,187735,0.94,7,1
4951,187743,0.93,8,1
4952,187748,0.96,5,1
4953,187749,1.0,1,1
4954,187751,0.99,2,1
4955,187759,0.93,8,1
4956,187766,0.94,7,1
4957,187767,1.0,1,1
4958,187775,0.93,8,1
4959,187781,0.95,6,1
4960,187782,1.0,1,1
4961,187787,0.96,5,1
4962,187797,0.91,10,1
4963,187803,0.95,6,1
4964,187812,0.92,9,1
4965,187819,0.94,7,1
4966,187823,0.97,4,1
4967,187831,0.93,8,1
4968,187841,0.91,10,1
4969,187850,0.92,9,1
4970,187860,0.91,10,1
4971,187866,0.95,6,1
4972,187871,0.96,5,1
4973,187879,0.93,8,1
4974,187882,0.98,3,1
4975,187886,0.97,4,1
4976,187893,0.94,7,1
4977,187900,0.94,7,1
4978,187904,0.97,4,1
4979,187915,0.9,11,1
4980,187918,0.98,3,1
4981,187928,0.91,10,1
4982,187935,0.94,7,1
4983,187944,0.92,9,1
4984,187952,0.93,8,1
4985,187961,0.92,9,1
4986,187968,0.94,7,1
4987,187975,0.94,7,1
4988,187981,0.95,6,1
4989,187992,0.9,11,1
4990,188000,0.93,8,1
4991,188009,0.92,9,1
4992,188010,1.0,1,1
4993,188013,0.98,3,1
4994,188024,0.9,11,1
4995,188035,0.9,11,1
4996,188037,0.99,2,1
4997,188045,0.93,8,1
4998,188050,0.96,5,1
4999,188053,0.98,3,1
5000,188060,0.94,7,1
5001,188067,0.94,7,1
5002,188069,0.99,2,1
5003,188080,0.9,11,1
5004,188086,0.95,6,1
5005,188092,0.95,6,1
5006,188102,0.91,10,1
5007,188110,0.93,8,1
5008,188117,0.94,7,1
5009,188124,0.94,7,1
5010,188131,0.94,7,1
5011,188132,1.0,1,1
5012,188140,0.93,8,1
5013,188143,0.98,3,1
5014,188148,0.96,5,1
5015,188152,0.97,4,1
5016,188157,0.96,5,1
5017,188161,0.97,4,1
5018,188167,0.95,6,1
5019,188174,0.94,7,1
5020,188184,0.91,10,1
5021,188193,0.92,9,1
5022,188196,0.98,3,1
5023,188206,0.91,10,1
5024,188213,0.94,7,1
5025,188223,0.91,10,1
5026,188233,0.91,10,1
5027,188240,0.94,7,1
5028,188242,0.99,2,1
5029,188251,0.92,9,1
5030,188252,1.0,1,1
5031,188253,1.0,1,1
5032,188259,0.95,6,1
5033,188260,1.0,1,1
5034,188266,0.95,6,1
5035,188276,0.91,10,1
5036,188283,0.94,7,1
5037,188289,0.95,6,1
5038,188298,0.92,9,1
5039,188302,0.97,4,1
5040,188313,0.9,11,1
5041,188319,0.95,6,1
5042,188326,0.94,7,1
5043,188336,0.91,10,1
5044,188340,0.97,4,1
5045,188351,0.9,11,1
5046,188361,0.91,10,1
5047,188367,0.95,6,1
5048,188373,0.95,6,1
5049,188388,0.86,15,1
5050,188396,0.93,8,1
5051,188404,0.93,8,1
5052,188411,0.94,7,1
5053,188420,0.92,9,1
5054,188426,0.95,6,1
5055,188436,0.91,10,1
5056,188445,0.92,9,1
5057,188454,0.92,9,1
5058,188461,0.94,7,1
5059,188470,0.92,9,1
5060,188477,0.94,7,1
5061,188482,0.96,5,1
5062,188488,0.95,6,1
5063,188489,1.0,1,1
5064,188494,0.96,5,1
5065,188500,0.95,6,1
5066,188507,0.94,7,1
5067,188511,0.97,4,1
5068,188521,0.91,10,1
5069,188532,0.9,11,1
5070,188542,0.91,10,1
5071,188549,0.94,7,1
5072,188558,0.92,9,1
5073,188573,0.86,15,1
5074,188583,0.91,10,1
5075,188594,0.9,11,1
5076,188604,0.91,10,1
5077,188605,1.0,1,1
5078,188613,0.93,8,1
5079,188619,0.95,6,1
5080,188626,0.94,7,1
5081,188636,0.91,10,1
5082,188645,0.92,9,1
5083,188653,0.93,8,1
5084,188656,0.98,3,1
5085,188665,0.92,9,1
5086,188676,0.9,11,1
5087,188681,0.96,5,1
5088,188690,0.92,9,1
5089,188699,0.92,9,1
5090,188709,0.91,10,1
5091,188711,0.99,2,1
5092,188715,0.97,4,1
5093,188725,0.91,10,1
5094,188729,0.97,4,1
5095,188734,0.96,5,1
5096,188737,0.98,3,1
5097,188743,0.95,6,1
5098,188747,0.97,4,1
5099,188753,0.95,6,1
5100,188759,0.95,6,1
5101,188767,0.93,8,1
5102,188771,0.97,4,1
5103,188778,0.94,7,1
5104,188784,0.95,6,1
5105,188785,1.0,1,1
5106,188793,0.93,8,1
5107,188798,0.96,5,1
5108,188806,0.93,8,1
5109,188817,0.9,11,1
5110,188829,0.89,12,1
5111,188833,0.97,4,1
5112,188840,0.94,7,1
5113,188847,0.94,7,1
5114,188856,0.92,9,1
5115,188863,0.94,7,1
5116,188869,0.95,6,1
5117,188875,0.95,6,1
5118,188882,0.94,7,1
5119,188889,0.94,7,1
5120,188900,0.9,11,1
5121,188909,0.92,9,1
5122,188914,0.96,5,1
5123,188921,0.94,7,1
5124,188929,0.93,8,1
5125,188937,0.93,8,1
5126,188941,0.97,4,1
5127,188942,1.0,1,1
5128,188951,0.92,9,1
5129,188953,0.99,2,1
5130,188958,0.96,5,1
5131,188962,0.97,4,1
5132,188967,0.96,5,1
5133,188977,0.91,10,1
5134,188978,1.0,1,1
5135,188981,0.98,3,1
5136,188989,0.93,8,1
5137,188999,0.91,10,1
5138,189001,0.99,2,1
5139,189010,0.92,9,1
5140,189014,0.97,4,1
5141,189024,0.91,10,1
5142,189026,0.99,2,1
5143,189036,0.91,10,1
5144,189042,0.95,6,1
5145,189051,0.92,9,1
5146,189058,0.94,7,1
5147,189065,0.94,7,1
5148,189072,0.94,7,1
5149,189079,0.94,7,1
5150,189086,0.94,7,1
5151,189088,0.99,2,1
5152,189098,0.91,10,1
5153,189103,0.96,5,1
5154,189107,0.97,4,1
5155,189116,0.92,9,1
5156,189122,0.95,6,1
5157,189131,0.92,9,1
5158,189137,0.95,6,1
5159,189149,0.89,12,1
5160,189153,0.97,4,1
5161,189158,0.96,5,1
5162,189160,0.99,2,1
5163,189164,0.97,4,1
5164,189176,0.89,12,1
5165,189195,0.82,19,1
5166,189204,0.92,9,1
5167,189212,0.93,8,1
5168,189213,1.0,1,1
5169,189220,0.94,7,1
5170,189222,0.99,2,1
5171,189229,0.94,7,1
5172,189238,0.92,9,1
5173,189248,0.91,10,1
5174,189253,0.96,5,1
5175,189258,0.96,5,1
5176,189266,0.93,8,1
5177,189271,0.96,5,1
5178,189280,0.92,9,1
5179,189288,0.93,8,1
5180,189289,1.0,1,1
5181,189296,0.94,7,1
5182,189305,0.92,9,1
5183,189314,0.92,9,1
5184,189315,1.0,1,1
5185,189322,0.94,7,1
5186,189330,0.93,8,1
5187,189331,1.0,1,1
5188,189338,0.94,7,1
5189,189349,0.9,11,1
5190,189357,0.93,8,1
5191,189366,0.92,9,1
5192,189375,0.92,9,1
5193,189387,0.89,12,1
5194,189388,1.0,1,1
5195,189395,0.94,7,1
5196,189400,0.96,5,1
5197,189408,0.93,8,1
5198,189410,0.99,2,1
5199,189421,0.9,11,1
5200,189432,0.9,11,1
5201,189444,0.89,12,1
5202,189448,0.97,4,1
5203,189457,0.92,9,1
5204,189464,0.94,7,1
5205,189473,0.92,9,1
5206,189477,0.97,4,1
5207,189483,0.95,6,1
5208,189486,0.98,3,1
5209,189495,0.92,9,1
5210,189506,0.9,11,1
5211,189507,1.0,1,1
5212,189515,0.93,8,1
5213,189524,0.92,9,1
5214,189526,0.99,2,1
5215,189530,0.97,4,1
5216,189531,1.0,1,1
5217,189539,0.93,8,1
5218,189547,0.93,8,1
5219,189556,0.92,9,1
5220,189560,0.97,4,1
5221,189561,1.0,1,1
5222,189569,0.93,8,1
5223,189573,0.97,4,1
5224,189582,0.92,9,1
5225,189590,0.93,8,1
5226,189595,0.96,5,1
5227,189601,0.95,6,1
5228,189609,0.93,8,1
5229,189616,0.94,7,1
5230,189623,0.94,7,1
5231,189631,0.93,8,1
5232,189642,0.9,11,1
5233,189651,0.92,9,1
5234,189656,0.96,5,1
5235,189657,1.0,1,1
5236,189662,0.96,5,1
5237,189671,0.92,9,1
5238,189678,0.94,7,1
5239,189679,1.0,1,1
5240,189687,0.93,8,1
5241,189692,0.96,5,1
5242,189699,0.94,7,1
5243,189708,0.92,9,1
5244,189719,0.9,11,1
5245,189734,0.86,15,1
5246,189746,0.89,12,1
5247,189751,0.96,5,1
5248,189756,0.96,5,1
5249,189767,0.9,11,1
5250,189774,0.94,7,1
5251,189783,0.92,9,1
5252,189791,0.93,8,1
5253,189798,0.94,7,1
5254,189808,0.91,10,1
5255,189813,0.96,5,1
5256,189821,0.93,8,1
5257,189827,0.95,6,1
5258,189831,0.97,4,1
5259,189837,0.95,6,1
5260,189847,0.91,10,1
5261,189855,0.93,8,1
5262,189856,1.0,1,1
5263,189862,0.95,6,1
5264,189871,0.92,9,1
5265,189880,0.92,9,1
5266,189887,0.94,7,1
5267,189899,0.89,12,1
5268,189904,0.96,5,1
5269,189906,0.99,2,1
5270,189918,0.89,12,1
5271,189925,0.94,7,1
5272,189934,0.92,9,1
5273,189943,0.92,9,1
5274,189950,0.94,7,1
5275,189961,0.9,11,1
5276,189966,0.96,5,1
5277,189972,0.95,6,1
5278,189973,1.0,1,1
5279,189985,0.89,12,1
5280,189986,1.0,1,1
5281,189994,0.93,8,1
5282,190007,0.88,13,1
5283,190016,0.92,9,1
5284,190030,0.87,14,1
5285,190034,0.97,4,1
5286,190040,0.95,6,1
5287,190051,0.9,11,1
5288,190055,0.97,4,1
5289,190068,0.88,13,1
5290,190076,0.93,8,1
5291,190087,0.9,11,1
5292,190091,0.97,4,1
5293,190100,0.92,9,1
5294,190109,0.92,9,1
5295,190114,0.96,5,1
5296,190127,0.88,13,1
5297,190134,0.94,7,1
5298,190136,0.99,2,1
5299,190144,0.93,8,1
5300,190156,0.89,12,1
5301,190157,1.0,1,1
5302,190160,0.98,3,1
5303,190166,0.95,6,1
5304,190177,0.9,11,1
5305,190183,0.95,6,1
5306,190193,0.91,10,1
5307,190202,0.92,9,1
5308,190208,0.95,6,1
5309,190211,0.98,3,1
5310,190223,0.89,12,1
5311,190230,0.94,7,1
5312,190239,0.92,9,1
5313,190251,0.89,12,1
5314,190260,0.92,9,1
5315,190268,0.93,8,1
5316,190273,0.96,5,1
5317,190274,1.0,1,1
5318,190278,0.97,4,1
5319,190287,0.92,9,1
5320,190293,0.95,6,1
5321,190303,0.91,10,1
5322,190313,0.91,10,1
5323,190315,0.99,2,1
5324,190317,0.99,2,1
5325,190322,0.96,5,1
5326,190327,0.96,5,1
5327,190330,0.98,3,1
5328,190337,0.94,7,1
5329,190339,0.99,2,1
5330,190352,0.88,13,1
5331,190360,0.93,8,1
5332,190368,0.93,8,1
5333,190372,0.97,4,1
5334,190378,0.95,6,1
5335,190381,0.98,3,1
5336,190393,0.89,12,1
5337,190401,0.93,8,1
5338,190405,0.97,4,1
5339,190414,0.92,9,1
5340,190416,0.99,2,1
5341,190427,0.9,11,1
5342,190439,0.89,12,1
5343,190449,0.91,10,1
5344,190456,0.94,7,1
5345,190464,0.93,8,1
5346,190465,1.0,1,1
5347,190474,0.92,9,1
5348,190486,0.89,12,1
5349,190493,0.94,7,1
5350,190503,0.91,10,1
5351,190511,0.93,8,1
5352,190521,0.91,10,1
5353,190522,1.0,1,1
5354,190529,0.94,7,1
5355,190536,0.94,7,1
5356,190545,0.92,9,1
5357,190556,0.9,11,1
5358,190564,0.93,8,1
5359,190571,0.94,7,1
5360,190574,0.98,3,1
5361,190584,0.91,10,1
5362,190594,0.91,10,1
5363,190603,0.92,9,1
5364,190615,0.89,12,1
5365,190621,0.95,6,1
5366,190630,0.92,9,1
5367,190638,0.93,8,1
5368,190645,0.94,7,1
5369,190650,0.96,5,1
5370,190654,0.97,4,1
5371,190665,0.9,11,1
5372,190680,0.86,15,1
5373,190691,0.9,11,1
5374,190695,0.97,4,1
5375,190698,0.98,3,1
5376,190702,0.97,4,1
5377,190707,0.96,5,1
5378,190714,0.94,7,1
5379,190721,0.94,7,1
5380,190733,0.89,12,1
5381,190739,0.95,6,1
5382,190740,1.0,1,1
5383,190741,1.0,1,1
5384,190748,0.94,7,1
5385,190749,1.0,1,1
5386,190758,0.92,9,1
5387,190763,0.96,5,1
5388,190778,0.86,15,1
5389,190785,0.94,7,1
5390,190792,0.94,7,1
5391,190797,0.96,5,1
5392,190805,0.93,8,1
5393,190810,0.96,5,1
5394,190811,1.0,1,1
5395,190813,0.99,2,1
5396,190819,0.95,6,1
5397,190825,0.95,6,1
5398,190832,0.94,7,1
5399,190839,0.94,7,1
5400,190848,0.92,9,1
5401,190855,0.94,7,1
5402,190863,0.93,8,1
5403,190870,0.94,7,1
5404,190879,0.92,9,1
5405,190888,0.92,9,1
5406,190894,0.95,6,1
5407,190902,0.93,8,1
5408,190911,0.92,9,1
5409,190917,0.95,6,1
5410,190918,1.0,1,1
5411,190923,0.96,5,1
5412,190929,0.95,6,1
5413,190937,0.93,8,1
5414,190944,0.94,7,1
5415,190955,0.9,11,1
5416,190967,0.89,12,1
5417,190973,0.95,6,1
5418,190979,0.95,6,1
5419,190980,1.0,1,1
5420,190982,0.99,2,1
5421,190991,0.92,9,1
5422,190998,0.94,7,1
5423,191007,0.92,9,1
5424,191008,1.0,1,1
5425,191019,0.9,11,1
5426,191027,0.93,8,1
5427,191034,0.94,7,1
5428,191041,0.94,7,1
5429,191048,0.94,7,1
5430,191054,0.95,6,1
5431,191059,0.96,5,1
5432,191069,0.91,10,1
5433,191071,0.99,2,1
5434,191080,0.92,9,1
5435,191092,0.89,12,1
5436,191103,0.9,11,1
5437,191104,1.0,1,1
5438,191111,0.94,7,1
5439,191120,0.92,9,1
5440,191128,0.93,8,1
5441,191138,0.91,10,1
5442,191146,0.93,8,1
5443,191155,0.92,9,1
5444,191160,0.96,5,1
5445,191171,0.9,11,1
5446,191175,0.97,4,1
5447,191182,0.94,7,1
5448,191183,1.0,1,1
5449,191190,0.94,7,1
5450,191194,0.97,4,1
5451,191202,0.93,8,1
5452,191207,0.96,5,1
5453,191216,0.92,9,1
5454,191229,0.88,13,1
5455,191238,0.92,9,1
5456,191247,0.92,9,1
5457,191257,0.91,10,1
5458,191258,1.0,1,1
5459,191269,0.9,11,1
5460,191278,0.92,9,1
5461,191288,0.91,10,1
5462,191293,0.96,5,1
5463,191304,0.9,11,1
5464,191312,0.93,8,1
5465,191313,1.0,1,1
5466,191318,0.96,5,1
5467,191328,0.91,10,1
5468,191336,0.93,8,1
5469,191338,0.99,2,1
5470,191347,0.92,9,1
5471,191353,0.95,6,1
5472,191358,0.96,5,1
5473,191360,0.99,2,1
5474,191364,0.97,4,1
5475,191371,0.94,7,1
5476,191378,0.94,7,1
5477,191383,0.96,5,1
5478,191388,0.96,5,1
5479,191392,0.97,4,1
5480,191393,1.0,1,1
5481,191395,0.99,2,1
5482,191403,0.93,8,1
5483,191414,0.9,11,1
5484,191419,0.96,5,1
5485,191421,0.99,2,1
5486,191428,0.94,7,1
5487,191435,0.94,7,1
5488,191447,0.89,12,1
5489,191458,0.9,11,1
5490,191460,0.99,2,1
5491,191466,0.95,6,1
5492,191478,0.89,12,1
5493,191483,0.96,5,1
5494,191491,0.93,8,1
5495,191492,1.0,1,1
5496,191498,0.95,6,1
5497,191499,1.0,1,1
5498,191501,0.99,2,1
5499,191506,0.96,5,1
5500,191509,0.98,3,1
5501,191515,0.95,6,1
5502,191516,1.0,1,1
5503,191526,0.91,10,1
5504,191527,1.0,1,1
5505,191537,0.91,10,1
5506,191548,0.9,11,1
5507,191558,0.91,10,1
5508,191563,0.96,5,1
5509,191570,0.94,7,1
5510,191575,0.96,5,1
5511,191583,0.93,8,1
5512,191590,0.94,7,1
5513,191596,0.95,6,1
5514,191604,0.93,8,1
5515,191607,0.98,3,1
5516,191616,0.92,9,1
5517,191625,0.92,9,1
5518,191632,0.94,7,1
5519,191643,0.9,11,1
5520,191651,0.93,8,1
5521,191663,0.89,12,1
5522,191664,1.0,1,1
5523,191673,0.92,9,1
5524,191675,0.99,2,1
5525,191689,0.87,14,1
5526,191700,0.9,11,1
5527,191706,0.95,6,1
5528,191709,0.98,3,1
5529,191714,0.96,5,1
5530,191724,0.91,10,1
5531,191730,0.95,6,1
5532,191737,0.94,7,1
5533,191746,0.92,9,1
5534,191758,0.89,12,1
5535,191759,1.0,1,1
5536,191762,0.98,3,1
5537,191765,0.98,3,1
5538,191768,0.98,3,1
5539,191777,0.92,9,1
5540,191787,0.91,10,1
5541,191798,0.9,11,1
5542,191799,1.0,1,1
5543,191803,0.97,4,1
5544,191812,0.92,9,1
5545,191822,0.91,10,1
5546,191833,0.9,11,1
5547,191839,0.95,6,1
5548,191845,0.95,6,1
5549,191856,0.9,11,1
5550,191860,0.97,4,1
5551,191866,0.95,6,1
5552,191874,0.93,8,1
5553,191879,0.96,5,1
5554,191886,0.94,7,1
5555,191895,0.92,9,1
5556,191905,0.91,10,1
5557,191911,0.95,6,1
5558,191915,0.97,4,1
5559,191925,0.91,10,1
5560,191935,0.91,10,1
5561,191936,1.0,1,1
5562,191946,0.91,10,1
5563,191950,0.97,4,1
5564,191954,0.97,4,1
5565,191960,0.95,6,1
5566,191964,0.97,4,1
5567,191973,0.92,9,1
5568,191983,0.91,10,1
5569,191992,0.92,9,1
5570,191997,0.96,5,1
5571,192004,0.94,7,1
5572,192012,0.93,8,1
5573,192018,0.95,6,1
5574,192026,0.93,8,1
5575,192035,0.92,9,1
5576,192040,0.96,5,1
5577,192044,0.97,4,1
5578,192049,0.96,5,1
5579,192062,0.88,13,1
5580,192068,0.95,6,1
5581,192072,0.97,4,1
5582,192087,0.86,15,1
5583,192094,0.94,7,1
5584,192101,0.94,7,1
5585,192110,0.92,9,1
5586,192116,0.95,6,1
5587,192122,0.95,6,1
5588,192126,0.97,4,1
5589,192135,0.92,9,1
5590,192143,0.93,8,1
5591,192154,0.9,11,1
5592,192162,0.93,8,1
5593,192166,0.97,4,1
5594,192172,0.95,6,1
5595,192173,1.0,1,1
5596,192183,0.91,10,1
5597,192189,0.95,6,1
5598,192190,1.0,1,1
5599,192197,0.94,7,1
5600,192199,0.99,2,1
5601,192210,0.9,11,1
5602,192211,1.0,1,1
5603,192219,0.93,8,1
5604,192224,0.96,5,1
5605,192231,0.94,7,1
5606,192238,0.94,7,1
5607,192248,0.91,10,1
5608,192257,0.92,9,1
5609,192260,0.98,3,1
5610,192263,0.98,3,1
5611,192268,0.96,5,1
5612,192277,0.92,9,1
5613,192284,0.94,7,1
5614,192285,1.0,1,1
5615,192295,0.91,10,1
5616,192306,0.9,11,1
5617,192317,0.9,11,1
5618,192326,0.92,9,1
5619,192335,0.92,9,1
5620,192337,0.99,2,1
5621,192338,1.0,1,1
5622,192345,0.94,7,1
5623,192350,0.96,5,1
5624,192361,0.9,11,1
5625,192366,0.96,5,1
5626,192370,0.97,4,1
5627,192376,0.95,6,1
5628,192386,0.91,10,1
5629,192388,0.99,2,1
5630,192401,0.88,13,1
5631,192408,0.94,7,1
5632,192410,0.99,2,1
5633,192422,0.89,12,1
5634,192429,0.94,7,1
5635,192431,0.99,2,1
5636,192445,0.87,14,1
5637,192450,0.96,5,1
5638,192452,0.99,2,1
5639,192459,0.94,7,1
5640,192467,0.93,8,1
5641,192475,0.93,8,1
5642,192481,0.95,6,1
5643,192487,0.95,6,1
5644,192492,0.96,5,1
5645,192496,0.97,4,1
5646,192509,0.88,13,1
5647,192516,0.94,7,1
5648,192528,0.89,12,1
5649,192539,0.9,11,1
5650,192548,0.92,9,1
5651,192559,0.9,11,1
5652,192564,0.96,5,1
5653,192570,0.95,6,1
5654,192577,0.94,7,1
5655,192585,0.93,8,1
5656,192592,0.94,7,1
5657,192593,1.0,1,1
5658,192601,0.93,8,1
5659,192603,0.99,2,1
5660,192613,0.91,10,1
5661,192617,0.97,4,1
5662,192625,0.93,8,1
5663,192633,0.93,8,1
5664,192634,1.0,1,1
5665,192641,0.94,7,1
5666,192649,0.93,8,1
5667,192657,0.93,8,1
5668,192667,0.91,10,1
5669,192677,0.91,10,1
5670,192687,0.91,10,1
5671,192700,0.88,13,1
5672,192711,0.9,11,1
5673,192713,0.99,2,1
5674,192724,0.9,11,1
5675,192733,0.92,9,1
5676,192738,0.96,5,1
5677,192743,0.96,5,1
5678,192750,0.94,7,1
5679,192751,1.0,1,1
5680,192764,0.88,13,1
5681,192775,0.9,11,1
5682,192776,1.0,1,1
5683,192784,0.93,8,1
5684,192791,0.94,7,1
5685,192802,0.9,11,1
5686,192803,1.0,1,1
5687,192809,0.95,6,1
5688,192822,0.88,13,1
5689,192833,0.9,11,1
5690,192840,0.94,7,1
5691,192845,0.96,5,1
5692,192856,0.9,11,1
5693,192863,0.94,7,1
5694,192876,0.88,13,1
5695,192882,0.95,6,1
5696,192891,0.92,9,1
5697,192902,0.9,11,1
5698,192910,0.93,8,1
5699,192916,0.95,6,1
5700,192928,0.89,12,1
5701,192937,0.92,9,1
5702,192944,0.94,7,1
5703,192950,0.95,6,1
5704,192955,0.96,5,1
5705,192962,0.94,7,1
5706,192972,0.91,10,1
5707,192974,0.99,2,1
5708,192981,0.94,7,1
5709,192982,1.0,1,1
5710,192989,0.94,7,1
5711,192994,0.96,5,1
5712,193006,0.89,12,1
5713,193011,0.96,5,1
5714,193012,1.0,1,1
5715,193020,0.93,8,1
5716,193027,0.94,7,1
5717,193031,0.97,4,1
5718,193040,0.92,9,1
5719,193047,0.94,7,1
5720,193051,0.97,4,1
5721,193060,0.92,9,1
5722,193068,0.93,8,1
5723,193077,0.92,9,1
5724,193083,0.95,6,1
5725,193089,0.95,6,1
5726,193095,0.95,6,1
5727,193105,0.91,10,1
5728,193112,0.94,7,1
5729,193114,0.99,2,1
5730,193117,0.98,3,1
5731,193124,0.94,7,1
5732,193126,0.99,2,1
5733,193134,0.93,8,1
5734,193138,0.97,4,1
5735,193139,1.0,1,1
5736,193141,0.99,2,1
5737,193150,0.92,9,1
5738,193160,0.91,10,1
5739,193169,0.92,9,1
5740,193175,0.95,6,1
5741,193181,0.95,6,1
5742,193183,0.99,2,1
5743,193197,0.87,14,1
5744,193203,0.95,6,1
5745,193204,1.0,1,1
5746,193209,0.96,5,1
5747,193215,0.95,6,1
5748,193227,0.89,12,1
5749,193236,0.92,9,1
5750,193242,0.95,6,1
5751,193248,0.95,6,1
5752,193255,0.94,7,1
5753,193258,0.98,3,1
5754,193267,0.92,9,1
5755,193274,0.94,7,1
5756,193282,0.93,8,1
5757,193290,0.93,8,1
5758,193291,1.0,1,1
5759,193300,0.92,9,1
5760,193304,0.97,4,1
5761,193308,0.97,4,1
5762,193316,0.93,8,1
5763,193325,0.92,9,1
5764,193335,0.91,10,1
5765,193338,0.98,3,1
5766,193351,0.88,13,1
5767,193358,0.94,7,1
5768,193365,0.94,7,1
5769,193370,0.96,5,1
5770,193374,0.97,4,1
5771,193379,0.96,5,1
5772,193389,0.91,10,1
5773,193398,0.92,9,1
5774,193407,0.92,9,1
5775,193417,0.91,10,1
5776,193429,0.89,12,1
5777,193436,0.94,7,1
5778,193447,0.9,11,1
5779,193457,0.91,10,1
5780,193458,1.0,1,1
5781,193467,0.92,9,1
5782,193474,0.94,7,1
5783,193484,0.91,10,1
5784,193490,0.95,6,1
5785,193500,0.91,10,1
5786,193508,0.93,8,1
5787,193519,0.9,11,1
5788,193530,0.9,11,1
5789,193535,0.96,5,1
5790,193541,0.95,6,1
5791,193549,0.93,8,1
5792,193554,0.96,5,1
5793,193555,1.0,1,1
5794,193556,1.0,1,1
5795,193563,0.94,7,1
5796,193574,0.9,11,1
5797,193582,0.93,8,1
5798,193590,0.93,8,1
5799,193597,0.94,7,1
5800,193607,0.91,10,1
5801,193608,1.0,1,1
5802,193621,0.88,13,1
5803,193632,0.9,11,1
5804,193636,0.97,4,1
5805,193641,0.96,5,1
5806,193647,0.95,6,1
5807,193654,0.94,7,1
5808,193655,1.0,1,1
5809,193665,0.91,10,1
5810,193672,0.94,7,1
5811,193678,0.95,6,1
5812,193687,0.92,9,1
5813,193694,0.94,7,1
5814,193704,0.91,10,1
5815,193714,0.91,10,1
5816,193722,0.93,8,1
5817,193729,0.94,7,1
5818,193731,0.99,2,1
5819,193737,0.95,6,1
5820,193748,0.9,11,1
5821,193754,0.95,6,1
5822,193761,0.94,7,1
5823,193762,1.0,1,1
5824,193767,0.96,5,1
5825,193777,0.91,10,1
5826,193790,0.88,13,1
5827,193799,0.92,9,1
5828,193806,0.94,7,1
5829,193812,0.95,6,1
5830,193814,0.99,2,1
5831,193819,0.96,5,1
5832,193829,0.91,10,1
5833,193834,0.96,5,1
5834,193839,0.96,5,1
5835,193850,0.9,11,1
5836,193852,0.99,2,1
5837,193853,1.0,1,1
5838,193864,0.9,11,1
5839,193873,0.92,9,1
5840,193878,0.96,5,1
5841,193879,1.0,1,1
5842,193885,0.95,6,1
5843,193895,0.91,10,1
5844,193903,0.93,8,1
5845,193908,0.96,5,1
5846,193915,0.94,7,1
5847,193926,0.9,11,1
5848,193930,0.97,4,1
5849,193938,0.93,8,1
5850,193945,0.94,7,1
5851,193950,0.96,5,1
5852,193957,0.94,7,1
5853,193961,0.97,4,1
5854,193974,0.88,13,1
5855,193985,0.9,11,1
5856,193991,0.95,6,1
5857,193998,0.94,7,1
5858,194006,0.93,8,1
5859,194016,0.91,10,1
5860,194026,0.91,10,1
5861,194037,0.9,11,1
5862,194043,0.95,6,1
5863,194051,0.93,8,1
5864,194059,0.93,8,1
5865,194066,0.94,7,1
5866,194072,0.95,6,1
5867,194083,0.9,11,1
5868,194092,0.92,9,1
5869,194102,0.91,10,1
5870,194110,0.93,8,1
5871,194119,0.92,9,1
5872,194130,0.9,11,1
5873,194137,0.94,7,1
5874,194138,1.0,1,1
5875,194146,0.93,8,1
5876,194154,0.93,8,1
5877,194161,0.94,7,1
5878,194166,0.96,5,1
5879,194173,0.94,7,1
5880,194176,0.98,3,1
5881,194177,1.0,1,1
5882,194185,0.93,8,1
5883,194198,0.88,13,1
5884,194207,0.92,9,1
5885,194215,0.93,8,1
5886,194225,0.91,10,1
5887,194230,0.96,5,1
5888,194235,0.96,5,1
5889,194244,0.92,9,1
5890,194253,0.92,9,1
5891,194259,0.95,6,1
5892,194268,0.92,9,1
5893,194279,0.9,11,1
5894,194301,0.79,22,1
5895,194309,0.93,8,1
5896,194310,1.0,1,1
5897,194314,0.97,4,1
5898,194325,0.9,11,1
5899,194331,0.95,6,1
5900,194338,0.94,7,1
5901,194347,0.92,9,1
5902,194355,0.93,8,1
5903,194361,0.95,6,1
5904,194372,0.9,11,1
5905,194381,0.92,9,1
5906,194385,0.97,4,1
5907,194396,0.9,11,1
5908,194402,0.95,6,1
5909,194403,1.0,1,1
5910,194414,0.9,11,1
5911,194421,0.94,7,1
5912,194433,0.89,12,1
5913,194443,0.91,10,1
5914,194455,0.89,12,1
5915,194463,0.93,8,1
5916,194469,0.95,6,1
5917,194476,0.94,7,1
5918,194486,0.91,10,1
5919,194493,0.94,7,1
5920,194505,0.89,12,1
5921,194514,0.92,9,1
5922,194527,0.88,13,1
5923,194538,0.9,11,1
5924,194547,0.92,9,1
5925,194548,1.0,1,1
5926,194552,0.97,4,1
5927,194561,0.92,9,1
5928,194569,0.93,8,1
5929,194581,0.89,12,1
5930,194588,0.94,7,1
5931,194597,0.92,9,1
5932,194600,0.98,3,1
5933,194609,0.92,9,1
5934,194620,0.9,11,1
5935,194629,0.92,9,1
5936,194633,0.97,4,1
5937,194643,0.91,10,1
5938,194654,0.9,11,1
5939,194662,0.93,8,1
5940,194668,0.95,6,1
5941,194670,0.99,2,1
5942,194676,0.95,6,1
5943,194685,0.92,9,1
5944,194689,0.97,4,1
5945,194693,0.97,4,1
5946,194703,0.91,10,1
5947,194714,0.9,11,1
5948,194720,0.95,6,1
5949,194733,0.88,13,1
5950,194739,0.95,6,1
5951,194740,1.0,1,1
5952,194744,0.97,4,1
5953,194751,0.94,7,1
5954,194758,0.94,7,1
5955,194763,0.96,5,1
5956,194770,0.94,7,1
5957,194779,0.92,9,1
5958,194783,0.97,4,1
5959,194794,0.9,11,1
5960,194810,0.85,16,1
5961,194824,0.87,14,1
5962,194831,0.94,7,1
5963,194839,0.93,8,1
5964,194840,1.0,1,1
5965,194851,0.9,11,1
5966,194858,0.94,7,1
5967,194864,0.95,6,1
5968,194869,0.96,5,1
5969,194870,1.0,1,1
5970,194879,0.92,9,1
5971,194885,0.95,6,1
5972,194886,1.0,1,1
5973,194895,0.92,9,1
5974,194900,0.96,5,1
5975,194909,0.92,9,1
5976,194920,0.9,11,1
5977,194928,0.93,8,1
5978,194934,0.95,6,1
5979,194941,0.94,7,1
5980,194944,0.98,3,1
5981,194954,0.91,10,1
5982,194962,0.93,8,1
5983,194969,0.94,7,1
5984,194980,0.9,11,1
5985,194984,0.97,4,1
5986,194991,0.94,7,1
5987,194999,0.93,8,1
5988,195011,0.89,12,1
5989,195023,0.89,12,1
5990,195030,0.94,7,1
5991,195038,0.93,8,1
5992,195045,0.94,7,1
5993,195054,0.92,9,1
5994,195063,0.92,9,1
5995,195069,0.95,6,1
5996,195079,0.91,10,1
5997,195085,0.95,6,1
5998,195094,0.92,9,1
5999,195101,0.94,7,1
6000,195106,0.96,5,1
6001,195114,0.93,8,1
6002,195125,0.9,11,1
6003,195135,0.91,10,1
6004,195147,0.89,12,1
6005,195160,0.88,13,1
6006,195170,0.91,10,1
6007,195179,0.92,9,1
6008,195190,0.9,11,1
6009,195199,0.92,9,1
6010,195210,0.9,11,1
6011,195219,0.92,9,1
6012,195224,0.96,5,1
6013,195227,0.98,3,1
6014,195235,0.93,8,1
6015,195245,0.91,10,1
6016,195255,0.91,10,1
6017,195256,1.0,1,1
6018,195257,1.0,1,1
6019,195265,0.93,8,1
6020,195271,0.95,6,1
6021,195277,0.95,6,1
6022,195280,0.98,3,1
6023,195294,0.87,14,1
6024,195303,0.92,9,1
6025,195310,0.94,7,1
6026,195315,0.96,5,1
6027,195322,0.94,7,1
6028,195324,0.99,2,1
6029,195330,0.95,6,1
6030,195339,0.92,9,1
6031,195347,0.93,8,1
6032,195357,0.91,10,1
6033,195361,0.97,4,1
6034,195364,0.98,3,1
6035,195371,0.94,7,1
6036,195372,1.0,1,1
6037,195380,0.93,8,1
6038,195385,0.96,5,1
6039,195394,0.92,9,1
6040,195402,0.93,8,1
6041,195413,0.9,11,1
6042,195421,0.93,8,1
6043,195430,0.92,9,1
6044,195442,0.89,12,1
6045,195451,0.92,9,1
6046,195461,0.91,10,1
6047,195466,0.96,5,1
6048,195471,0.96,5,1
6049,195477,0.95,6,1
6050,195483,0.95,6,1
6051,195489,0.95,6,1
6052,195497,0.93,8,1
6053,195506,0.92,9,1
6054,195516,0.91,10,1
6055,195522,0.95,6,1
6056,195526,0.97,4,1
6057,195534,0.93,8,1
6058,195547,0.88,13,1
6059,195554,0.94,7,1
6060,195559,0.96,5,1
6061,195568,0.92,9,1
6062,195577,0.92,9,1
6063,195579,0.99,2,1
6064,195585,0.95,6,1
6065,195593,0.93,8,1
6066,195604,0.9,11,1
6067,195605,1.0,1,1
6068,195617,0.89,12,1
6069,195623,0.95,6,1
6070,195633,0.91,10,1
6071,195642,0.92,9,1
6072,195645,0.98,3,1
6073,195654,0.92,9,1
6074,195660,0.95,6,1
6075,195666,0.95,6,1
6076,195674,0.93,8,1
6077,195681,0.94,7,1
6078,195682,1.0,1,1
6079,195690,0.93,8,1
6080,195698,0.93,8,1
6081,195709,0.9,11,1
6082,195720,0.9,11,1
6083,195727,0.94,7,1
6084,195737,0.91,10,1
6085,195748,0.9,11,1
6086,195759,0.9,11,1
6087,195768,0.92,9,1
6088,195776,0.93,8,1
6089,195784,0.93,8,1
6090,195794,0.91,10,1
6091,195798,0.97,4,1
6092,195802,0.97,4,1
6093,195811,0.92,9,1
6094,195824,0.88,13,1
6095,195833,0.92,9,1
6096,195840,0.94,7,1
6097,195851,0.9,11,1
6098,195859,0.93,8,1
6099,195866,0.94,7,1
6100,195872,0.95,6,1
6101,195880,0.93,8,1
6102,195887,0.94,7,1
6103,195892,0.96,5,1
6104,195901,0.92,9,1
6105,195910,0.92,9,1
6106,195922,0.89,12,1
6107,195929,0.94,7,1
6108,195935,0.95,6,1
6109,195945,0.91,10,1
6110,195955,0.91,10,1
6111,195966,0.9,11,1
6112,195974,0.93,8,1
6113,195988,0.87,14,1
6114,195994,0.95,6,1
6115,196000,0.95,6,1
6116,196008,0.93,8,1
6117,196017,0.92,9,1
6118,196027,0.91,10,1
6119,196040,0.88,13,1
6120,196047,0.94,7,1
6121,196056,0.92,9,1
6122,196061,0.96,5,1
6123,196069,0.93,8,1
6124,196070,1.0,1,1
6125,196081,0.9,11,1
6126,196084,0.98,3,1
6127,196086,0.99,2,1
6128,196095,0.92,9,1
6129,196102,0.94,7,1
6130,196105,0.98,3,1
6131,196110,0.96,5,1
6132,196121,0.9,11,1
6133,196127,0.95,6,1
6134,196130,0.98,3,1
6135,196137,0.94,7,1
6136,196143,0.95,6,1
6137,196151,0.93,8,1
6138,196157,0.95,6,1
6139,196164,0.94,7,1
6140,196171,0.94,7,1
6141,196181,0.91,10,1
6142,196186,0.96,5,1
6143,196197,0.9,11,1
6144,196204,0.94,7,1
6145,196211,0.94,7,1
6146,196217,0.95,6,1
6147,196220,0.98,3,1
6148,196232,0.89,12,1
6149,196238,0.95,6,1
6150,196243,0.96,5,1
6151,196250,0.94,7,1
6152,196259,0.92,9,1
6153,196264,0.96,5,1
6154,196265,1.0,1,1
6155,196275,0.91,10,1
6156,196277,0.99,2,1
6157,196286,0.92,9,1
6158,196297,0.9,11,1
6159,196305,0.93,8,1
6160,196311,0.95,6,1
6161,196319,0.93,8,1
6162,196325,0.95,6,1
6163,196332,0.94,7,1
6164,196342,0.91,10,1
6165,196347,0.96,5,1
6166,196352,0.96,5,1
6167,196359,0.94,7,1
6168,196370,0.9,11,1
6169,196375,0.96,5,1
6170,196384,0.92,9,1
6171,196393,0.92,9,1
6172,196400,0.94,7,1
6173,196409,0.92,9,1
6174,196419,0.91,10,1
6175,196420,1.0,1,1
6176,196425,0.96,5,1
6177,196433,0.93,8,1
6178,196445,0.89,12,1
6179,196458,0.88,13,1
6180,196464,0.95,6,1
6181,196470,0.95,6,1
6182,196480,0.91,10,1
6183,196490,0.91,10,1
6184,196497,0.94,7,1
6185,196502,0.96,5,1
6186,196504,0.99,2,1
6187,196508,0.97,4,1
6188,196515,0.94,7,1
6189,196519,0.97,4,1
6190,196528,0.92,9,1
6191,196537,0.92,9,1
6192,196546,0.92,9,1
6193,196552,0.95,6,1
6194,196558,0.95,6,1
6195,196567,0.92,9,1
6196,196569,0.99,2,1
6197,196576,0.94,7,1
6198,196583,0.94,7,1
6199,196588,0.96,5,1
6200,196601,0.88,13,1
6201,196604,0.98,3,1
6202,196605,1.0,1,1
6203,196611,0.95,6,1
6204,196616,0.96,5,1
6205,196624,0.93,8,1
6206,196634,0.91,10,1
6207,196643,0.92,9,1
6208,196644,1.0,1,1
6209,196649,0.96,5,1
6210,196658,0.92,9,1
6211,196667,0.92,9,1
6212,196672,0.96,5,1
6213,196679,0.94,7,1
6214,196684,0.96,5,1
6215,196690,0.95,6,1
6216,196697,0.94,7,1
6217,196708,0.9,11,1
6218,196710,0.99,2,1
6219,196718,0.93,8,1
6220,196720,0.99,2,1
6221,196726,0.95,6,1
6222,196738,0.89,12,1
6223,196742,0.97,4,1
6224,196746,0.97,4,1
6225,196751,0.96,5,1
6226,196758,0.94,7,1
6227,196766,0.93,8,1
6228,196771,0.96,5,1
6229,196772,1.0,1,1
6230,196781,0.92,9,1
6231,196785,0.97,4,1
6232,196790,0.96,5,1
6233,196796,0.95,6,1
6234,196797,1.0,1,1
6235,196802,0.96,5,1
6236,196808,0.95,6,1
6237,196817,0.92,9,1
6238,196825,0.93,8,1
6239,196827,0.99,2,1
6240,196835,0.93,8,1
6241,196846,0.9,11,1
6242,196856,0.91,10,1
6243,196863,0.94,7,1
6244,196872,0.92,9,1
6245,196880,0.93,8,1
6246,196889,0.92,9,1
6247,196900,0.9,11,1
6248,196908,0.93,8,1
6249,196911,0.98,3,1
6250,196916,0.96,5,1
6251,196921,0.96,5,1
6252,196923,0.99,2,1
6253,196932,0.92,9,1
6254,196937,0.96,5,1
6255,196939,0.99,2,1
6256,196956,0.84,17,1
6257,196964,0.93,8,1
6258,196969,0.96,5,1
6259,196970,1.0,1,1
6260,196973,0.98,3,1
6261,196982,0.92,9,1
6262,196993,0.9,11,1
6263,196999,0.95,6,1
6264,197010,0.9,11,1
6265,197024,0.87,14,1
6266,197030,0.95,6,1
6267,197034,0.97,4,1
6268,197049,0.86,15,1
6269,197054,0.96,5,1
6270,197062,0.93,8,1
6271,197064,0.99,2,1
6272,197073,0.92,9,1
6273,197078,0.96,5,1
6274,197094,0.85,16,1
6275,197103,0.92,9,1
6276,197111,0.93,8,1
6277,197117,0.95,6,1
6278,197123,0.95,6,1
6279,197133,0.91,10,1
6280,197143,0.91,10,1
6281,197149,0.95,6,1
6282,197158,0.92,9,1
6283,197170,0.89,12,1
6284,197183,0.88,13,1
6285,197192,0.92,9,1
6286,197202,0.91,10,1
6287,197211,0.92,9,1
6288,197212,1.0,1,1
6289,197220,0.93,8,1
6290,197228,0.93,8,1
6291,197237,0.92,9,1
6292,197247,0.91,10,1
6293,197256,0.92,9,1
6294,197265,0.92,9,1
6295,197272,0.94,7,1
6296,197277,0.96,5,1
6297,197281,0.97,4,1
6298,197289,0.93,8,1
6299,197295,0.95,6,1
6300,197301,0.95,6,1
6301,197302,1.0,1,1
6302,197307,0.96,5,1
6303,197317,0.91,10,1
6304,197323,0.95,6,1
6305,197333,0.91,10,1
6306,197343,0.91,10,1
6307,197350,0.94,7,1
6308,197356,0.95,6,1
6309,197364,0.93,8,1
6310,197373,0.92,9,1
6311,197379,0.95,6,1
6312,197387,0.93,8,1
6313,197394,0.94,7,1
6314,197396,0.99,2,1
6315,197404,0.93,8,1
6316,197415,0.9,11,1
6317,197425,0.91,10,1
6318,197435,0.91,10,1
6319,197443,0.93,8,1
6320,197446,0.98,3,1
6321,197452,0.95,6,1
6322,197453,1.0,1,1
6323,197464,0.9,11,1
6324,197472,0.93,8,1
6325,197473,1.0,1,1
6326,197483,0.91,10,1
6327,197493,0.91,10,1
6328,197503,0.91,10,1
6329,197509,0.95,6,1
6330,197513,0.97,4,1
6331,197520,0.94,7,1
6332,197521,1.0,1,1
6333,197532,0.9,11,1
6334,197542,0.91,10,1
6335,197544,0.99,2,1
6336,197550,0.95,6,1
6337,197551,1.0,1,1
6338,197556,0.96,5,1
6339,197564,0.93,8,1
6340,197568,0.97,4,1
6341,197579,0.9,11,1
6342,197592,0.88,13,1
6343,197599,0.94,7,1
6344,197609,0.91,10,1
6345,197611,0.99,2,1
6346,197619,0.93,8,1
6347,197624,0.96,5,1
6348,197633,0.92,9,1
6349,197637,0.97,4,1
6350,197647,0.91,10,1
6351,197654,0.94,7,1
6352,197661,0.94,7,1
6353,197671,0.91,10,1
6354,197676,0.96,5,1
6355,197680,0.97,4,1
6356,197686,0.95,6,1
6357,197692,0.95,6,1
6358,197704,0.89,12,1
6359,197705,1.0,1,1
6360,197714,0.92,9,1
6361,197716,0.99,2,1
6362,197723,0.94,7,1
6363,197729,0.95,6,1
6364,197730,1.0,1,1
6365,197739,0.92,9,1
6366,197749,0.91,10,1
6367,197756,0.94,7,1
6368,197763,0.94,7,1
6369,197766,0.98,3,1
6370,197776,0.91,10,1
6371,197790,0.87,14,1
6372,197799,0.92,9,1
6373,197807,0.93,8,1
6374,197817,0.91,10,1
6375,197821,0.97,4,1
6376,197825,0.97,4,1
6377,197826,1.0,1,1
6378,197827,1.0,1,1
6379,197828,1.0,1,1
6380,197833,0.96,5,1
6381,197844,0.9,11,1
6382,197852,0.93,8,1
6383,197859,0.94,7,1
6384,197866,0.94,7,1
6385,197874,0.93,8,1
6386,197886,0.89,12,1
6387,197896,0.91,10,1
6388,197905,0.92,9,1
6389,197917,0.89,12,1
6390,197924,0.94,7,1
6391,197927,0.98,3,1
6392,197935,0.93,8,1
6393,197944,0.92,9,1
6394,197955,0.9,11,1
6395,197959,0.97,4,1
6396,197967,0.93,8,1
6397,197974,0.94,7,1
6398,197978,0.97,4,1
6399,197988,0.91,10,1
6400,197989,1.0,1,1
6401,197997,0.93,8,1
6402,198004,0.94,7,1
6403,198013,0.92,9,1
6404,198018,0.96,5,1
6405,198025,0.94,7,1
6406,198031,0.95,6,1
6407,198036,0.96,5,1
6408,198040,0.97,4,1
6409,198052,0.89,12,1
6410,198058,0.95,6,1
6411,198067,0.92,9,1
6412,198077,0.91,10,1
6413,198084,0.94,7,1
6414,198095,0.9,11,1
6415,198101,0.95,6,1
6416,198106,0.96,5,1
6417,198113,0.94,7,1
6418,198122,0.92,9,1
6419,198136,0.87,14,1
6420,198142,0.95,6,1
6421,198150,0.93,8,1
6422,198157,0.94,7,1
6423,198165,0.93,8,1
6424,198172,0.94,7,1
6425,198173,1.0,1,1
6426,198181,0.93,8,1
6427,198192,0.9,11,1
6428,198199,0.94,7,1
6429,198208,0.92,9,1
6430,198220,0.89,12,1
6431,198224,0.97,4,1
6432,198231,0.94,7,1
6433,198236,0.96,5,1
6434,198247,0.9,11,1
6435,198248,1.0,1,1
6436,198255,0.94,7,1
6437,198260,0.96,5,1
6438,198267,0.94,7,1
6439,198277,0.91,10,1
6440,198285,0.93,8,1
6441,198292,0.94,7,1
6442,198301,0.92,9,1
6443,198302,1.0,1,1
6444,198309,0.94,7,1
6445,198320,0.9,11,1
6446,198328,0.93,8,1
6447,198336,0.93,8,1
6448,198345,0.92,9,1
6449,198351,0.95,6,1
6450,198355,0.97,4,1
6451,198367,0.89,12,1
6452,198376,0.92,9,1
6453,198388,0.89,12,1
6454,198392,0.97,4,1
6455,198402,0.91,10,1
6456,198411,0.92,9,1
6457,198412,1.0,1,1
6458,198423,0.9,11,1
6459,198430,0.94,7,1
6460,198436,0.95,6,1
6461,198444,0.93,8,1
6462,198452,0.93,8,1
6463,198457,0.96,5,1
6464,198465,0.93,8,1
6465,198476,0.9,11,1
6466,198484,0.93,8,1
6467,198491,0.94,7,1
6468,198502,0.9,11,1
6469,198508,0.95,6,1
6470,198517,0.92,9,1
6471,198525,0.93,8,1
6472,198535,0.91,10,1
6473,198539,0.97,4,1
6474,198544,0.96,5,1
6475,198554,0.91,10,1
6476,198555,1.0,1,1
6477,198558,0.98,3,1
6478,198565,0.94,7,1
6479,198567,0.99,2,1
6480,198570,0.98,3,1
6481,198581,0.9,11,1
6482,198585,0.97,4,1
6483,198591,0.95,6,1
6484,198603,0.89,12,1
6485,198615,0.89,12,1
6486,198624,0.92,9,1
6487,198631,0.94,7,1
6488,198635,0.97,4,1
6489,198643,0.93,8,1
6490,198652,0.92,9,1
6491,198658,0.95,6,1
6492,198668,0.91,10,1
6493,198676,0.93,8,1
6494,198685,0.92,9,1
6495,198686,1.0,1,1
6496,198699,0.88,13,1
6497,198709,0.91,10,1
6498,198716,0.94,7,1
6499,198718,0.99,2,1
6500,198728,0.91,10,1
6501,198729,1.0,1,1
6502,198741,0.89,12,1
6503,198748,0.94,7,1
6504,198757,0.92,9,1
6505,198766,0.92,9,1
6506,198774,0.93,8,1
6507,198783,0.92,9,1
6508,198789,0.95,6,1
6509,198796,0.94,7,1
6510,198804,0.93,8,1
6511,198813,0.92,9,1
6512,198815,0.99,2,1
6513,198822,0.94,7,1
6514,198823,1.0,1,1
6515,198829,0.95,6,1
6516,198837,0.93,8,1
6517,198841,0.97,4,1
6518,198847,0.95,6,1
6519,198848,1.0,1,1
6520,198854,0.95,6,1
6521,198862,0.93,8,1
6522,198869,0.94,7,1
6523,198873,0.97,4,1
6524,198877,0.97,4,1
6525,198883,0.95,6,1
6526,198890,0.94,7,1
6527,198901,0.9,11,1
6528,198907,0.95,6,1
6529,198910,0.98,3,1
6530,198915,0.96,5,1
6531,198924,0.92,9,1
6532,198941,0.84,17,1
6533,198945,0.97,4,1
6534,198956,0.9,11,1
6535,198961,0.96,5,1
6536,198969,0.93,8,1
6537,198981,0.89,12,1
6538,198993,0.89,12,1
6539,198997,0.97,4,1
6540,199004,0.94,7,1
6541,199013,0.92,9,1
6542,199023,0.91,10,1
6543,199029,0.95,6,1
6544,199037,0.93,8,1
6545,199046,0.92,9,1
6546,199058,0.89,12,1
6547,199064,0.95,6,1
6548,199071,0.94,7,1
6549,199081,0.91,10,1
6550,199091,0.91,10,1
6551,199097,0.95,6,1
6552,199108,0.9,11,1
6553,199114,0.95,6,1
6554,199116,0.99,2,1
6555,199117,1.0,1,1
6556,199123,0.95,6,1
6557,199129,0.95,6,1
6558,199134,0.96,5,1
6559,199135,1.0,1,1
6560,199144,0.92,9,1
6561,199150,0.95,6,1
6562,199154,0.97,4,1
6563,199162,0.93,8,1
6564,199167,0.96,5,1
6565,199168,1.0,1,1
6566,199176,0.93,8,1
6567,199184,0.93,8,1
6568,199192,0.93,8,1
6569,199198,0.95,6,1
6570,199204,0.95,6,1
6571,199211,0.94,7,1
6572,199223,0.89,12,1
6573,199226,0.98,3,1
6574,199232,0.95,6,1
6575,199237,0.96,5,1
6576,199246,0.92,9,1
6577,199249,0.98,3,1
6578,199251,0.99,2,1
6579,199257,0.95,6,1
6580,199263,0.95,6,1
6581,199273,0.91,10,1
6582,199285,0.89,12,1
6583,199294,0.92,9,1
6584,199300,0.95,6,1
6585,199306,0.95,6,1
6586,199314,0.93,8,1
6587,199321,0.94,7,1
6588,199323,0.99,2,1
6589,199331,0.93,8,1
6590,199339,0.93,8,1
6591,199350,0.9,11,1
6592,199351,1.0,1,1
6593,199356,0.96,5,1
6594,199364,0.93,8,1
6595,199372,0.93,8,1
6596,199382,0.91,10,1
6597,199390,0.93,8,1
6598,199399,0.92,9,1
6599,199405,0.95,6,1
6600,199406,1.0,1,1
6601,199410,0.97,4,1
6602,199414,0.97,4,1
6603,199422,0.93,8,1
6604,199426,0.97,4,1
6605,199438,0.89,12,1
6606,199443,0.96,5,1
6607,199450,0.94,7,1
6608,199458,0.93,8,1
6609,199470,0.89,12,1
6610,199476,0.95,6,1
6611,199483,0.94,7,1
6612,199492,0.92,9,1
6613,199500,0.93,8,1
6614,199509,0.92,9,1
6615,199516,0.94,7,1
6616,199522,0.95,6,1
6617,199532,0.91,10,1
6618,199534,0.99,2,1
6619,199541,0.94,7,1
6620,199546,0.96,5,1
6621,199552,0.95,6,1
6622,199554,0.99,2,1
6623,199563,0.92,9,1
6624,199570,0.94,7,1
6625,199580,0.91,10,1
6626,199587,0.94,7,1
6627,199596,0.92,9,1
6628,199601,0.96,5,1
6629,199610,0.92,9,1
6630,199612,0.99,2,1
6631,199613,1.0,1,1
6632,199622,0.92,9,1
6633,199631,0.92,9,1
6634,199640,0.92,9,1
6635,199644,0.97,4,1
6636,199655,0.9,11,1
6637,199656,1.0,1,1
6638,199667,0.9,11,1
6639,199674,0.94,7,1
6640,199676,0.99,2,1
6641,199684,0.93,8,1
6642,199693,0.92,9,1
6643,199705,0.89,12,1
6644,199711,0.95,6,1
6645,199713,0.99,2,1
6646,199720,0.94,7,1
6647,199722,0.99,2,1
6648,199729,0.94,7,1
6649,199739,0.91,10,1
6650,199748,0.92,9,1
6651,199757,0.92,9,1
6652,199762,0.96,5,1
6653,199766,0.97,4,1
6654,199774,0.93,8,1
6655,199781,0.94,7,1
6656,199791,0.91,10,1
6657,199802,0.9,11,1
6658,199805,0.98,3,1
6659,199811,0.95,6,1
6660,199817,0.95,6,1
6661,199818,1.0,1,1
6662,199826,0.93,8,1
6663,199827,1.0,1,1
6664,199835,0.93,8,1
6665,199839,0.97,4,1
6666,199847,0.93,8,1
6667,199851,0.97,4,1
6668,199856,0.96,5,1
6669,199865,0.92,9,1
6670,199874,0.92,9,1
6671,199879,0.96,5,1
6672,199884,0.96,5,1
6673,199892,0.93,8,1
6674,199901,0.92,9,1
6675,199908,0.94,7,1
6676,199912,0.97,4,1
6677,199918,0.95,6,1
6678,199927,0.92,9,1
6679,199933,0.95,6,1
6680,199940,0.94,7,1
6681,199941,1.0,1,1
6682,199950,0.92,9,1
6683,199954,0.97,4,1
6684,199963,0.92,9,1
6685,199972,0.92,9,1
6686,199979,0.94,7,1
6687,199987,0.93,8,1
6688,199997,0.91,10,1
6689,200006,0.92,9,1
6690,200013,0.94,7,1
6691,200023,0.91,10,1
6692,200024,1.0,1,1
6693,200030,0.95,6,1
6694,200040,0.91,10,1
6695,200043,0.98,3,1
6696,200052,0.92,9,1
6697,200058,0.95,6,1
6698,200068,0.91,10,1
6699,200079,0.9,11,1
6700,200080,1.0,1,1
6701,200087,0.94,7,1
6702,200089,0.99,2,1
6703,200097,0.93,8,1
6704,200100,0.98,3,1
6705,200107,0.94,7,1
6706,200108,1.0,1,1
6707,200110,0.99,2,1
6708,200114,0.97,4,1
6709,200124,0.91,10,1
6710,200132,0.93,8,1
6711,200139,0.94,7,1
6712,200146,0.94,7,1
6713,200155,0.92,9,1
6714,200156,1.0,1,1
6715,200161,0.96,5,1
6716,200170,0.92,9,1
6717,200178,0.93,8,1
6718,200187,0.92,9,1
6719,200193,0.95,6,1
6720,200200,0.94,7,1
6721,200209,0.92,9,1
6722,200210,1.0,1,1
6723,200218,0.93,8,1
6724,200226,0.93,8,1
6725,200235,0.92,9,1
6726,200242,0.94,7,1
6727,200245,0.98,3,1
6728,200249,0.97,4,1
6729,200257,0.93,8,1
6730,200263,0.95,6,1
6731,200273,0.91,10,1
6732,200278,0.96,5,1
6733,200285,0.94,7,1
6734,200291,0.95,6,1
6735,200294,0.98,3,1
6736,200303,0.92,9,1
6737,200311,0.93,8,1
6738,200321,0.91,10,1
6739,200333,0.89,12,1
6740,200343,0.91,10,1
6741,200345,0.99,2,1
6742,200351,0.95,6,1
6743,200357,0.95,6,1
6744,200368,0.9,11,1
6745,200377,0.92,9,1
6746,200385,0.93,8,1
6747,200392,0.94,7,1
6748,200400,0.93,8,1
6749,200410,0.91,10,1
6750,200421,0.9,11,1
6751,200432,0.9,11,1
6752,200440,0.93,8,1
6753,200446,0.95,6,1
6754,200454,0.93,8,1
6755,200467,0.88,13,1
6756,200473,0.95,6,1
6757,200474,1.0,1,1
6758,200479,0.96,5,1
6759,200485,0.95,6,1
6760,200495,0.91,10,1
6761,200502,0.94,7,1
6762,200509,0.94,7,1
6763,200517,0.93,8,1
6764,200524,0.94,7,1
6765,200535,0.9,11,1
6766,200541,0.95,6,1
6767,200548,0.94,7,1
6768,200549,1.0,1,1
6769,200557,0.93,8,1
6770,200564,0.94,7,1
6771,200573,0.92,9,1
6772,200582,0.92,9,1
6773,200592,0.91,10,1
6774,200594,0.99,2,1
6775,200599,0.96,5,1
6776,200612,0.88,13,1
6777,200613,1.0,1,1
6778,200622,0.92,9,1
6779,200627,0.96,5,1
6780,200635,0.93,8,1
6781,200645,0.91,10,1
6782,200656,0.9,11,1
6783,200662,0.95,6,1
6784,200663,1.0,1,1
6785,200670,0.94,7,1
6786,200675,0.96,5,1
6787,200682,0.94,7,1
6788,200686,0.97,4,1
6789,200687,1.0,1,1
6790,200694,0.94,7,1
