episode,timesteps,reward,length,success
1,100358,0.95,6,1
2,100366,0.93,8,1
3,100382,0.85,16,1
4,100383,1.0,1,1
5,100385,0.99,2,1
6,100414,0.72,29,1
7,100429,0.86,15,1
8,100437,0.93,8,1
9,100446,0.92,9,1
10,100454,0.93,8,1
11,100466,0.89,12,1
12,100470,0.97,4,1
13,100478,0.93,8,1
14,100493,0.86,15,1
15,100495,0.99,2,1
16,100500,0.96,5,1
17,100527,0.74,27,1
18,100535,0.93,8,1
19,100542,0.94,7,1
20,100546,0.97,4,1
21,100551,0.96,5,1
22,100558,0.94,7,1
23,100564,0.95,6,1
24,100575,0.9,11,1
25,100578,0.98,3,1
26,100593,0.86,15,1
27,100596,0.98,3,1
28,100597,1.0,1,1
29,100616,0.82,19,1
30,100627,0.9,11,1
31,100645,0.83,18,1
32,100654,0.92,9,1
33,100656,0.99,2,1
34,100660,0.97,4,1
35,100676,0.85,16,1
36,100686,0.91,10,1
37,100694,0.93,8,1
38,100701,0.94,7,1
39,100709,0.93,8,1
40,100713,0.97,4,1
41,100720,0.94,7,1
42,100721,1.0,1,1
43,100722,1.0,1,1
44,100727,0.96,5,1
45,100736,0.92,9,1
46,100745,0.92,9,1
47,100751,0.95,6,1
48,100767,0.85,16,1
49,100786,0.82,19,1
50,100797,0.9,11,1
51,100815,0.83,18,1
52,100820,0.96,5,1
53,100821,1.0,1,1
54,100827,0.95,6,1
55,100841,0.87,14,1
56,100845,0.97,4,1
57,100851,0.95,6,1
58,100865,0.87,14,1
59,100866,1.0,1,1
60,100872,0.95,6,1
61,100873,1.0,1,1
62,100889,0.85,16,1
63,100904,0.86,15,1
64,100906,0.99,2,1
65,100919,0.88,13,1
66,100922,0.98,3,1
67,100940,0.83,18,1
68,100953,0.88,13,1
69,100965,0.89,12,1
70,100969,0.97,4,1
71,100975,0.95,6,1
72,100988,0.88,13,1
73,100996,0.93,8,1
74,101006,0.91,10,1
75,101010,0.97,4,1
76,101021,0.9,11,1
77,101029,0.93,8,1
78,101044,0.86,15,1
79,101053,0.92,9,1
80,101071,0.83,18,1
81,101072,1.0,1,1
82,101077,0.96,5,1
83,101080,0.98,3,1
84,101088,0.93,8,1
85,101093,0.96,5,1
86,101098,0.96,5,1
87,101099,1.0,1,1
88,101114,0.86,15,1
89,101117,0.98,3,1
90,101123,0.95,6,1
91,101125,0.99,2,1
92,101135,0.91,10,1
93,101136,1.0,1,1
94,101142,0.95,6,1
95,101148,0.95,6,1
96,101151,0.98,3,1
97,101152,1.0,1,1
98,101159,0.94,7,1
99,101167,0.93,8,1
100,101174,0.94,7,1
101,101185,0.9,11,1
102,101202,0.84,17,1
103,101221,0.82,19,1
104,101232,0.9,11,1
105,101253,0.8,21,1
106,101273,0.81,20,1
107,101276,0.98,3,1
108,101279,0.98,3,1
109,101297,0.83,18,1
110,101308,0.9,11,1
111,101319,0.9,11,1
112,101323,0.97,4,1
113,101338,0.86,15,1
114,101342,0.97,4,1
115,101350,0.93,8,1
116,101358,0.93,8,1
117,101363,0.96,5,1
118,101379,0.85,16,1
119,101382,0.98,3,1
120,101388,0.95,6,1
121,101396,0.93,8,1
122,101403,0.94,7,1
123,101404,1.0,1,1
124,101409,0.96,5,1
125,101410,1.0,1,1
126,101418,0.93,8,1
127,101419,1.0,1,1
128,101442,0.78,23,1
129,101454,0.89,12,1
130,101460,0.95,6,1
131,101471,0.9,11,1
132,101485,0.87,14,1
133,101504,0.82,19,1
134,101511,0.94,7,1
135,101522,0.9,11,1
136,101532,0.91,10,1
137,101539,0.94,7,1
138,101540,1.0,1,1
139,101542,0.99,2,1
140,101550,0.93,8,1
141,101557,0.94,7,1
142,101567,0.91,10,1
143,101573,0.95,6,1
144,101574,1.0,1,1
145,101579,0.96,5,1
146,101594,0.86,15,1
147,101601,0.94,7,1
148,101610,0.92,9,1
149,101614,0.97,4,1
150,101615,1.0,1,1
151,101620,0.96,5,1
152,101625,0.96,5,1
153,101626,1.0,1,1
154,101632,0.95,6,1
155,101648,0.85,16,1
156,101655,0.94,7,1
157,101662,0.94,7,1
158,101669,0.94,7,1
159,101682,0.88,13,1
160,101690,0.93,8,1
161,101696,0.95,6,1
162,101705,0.92,9,1
163,101726,0.8,21,1
164,101734,0.93,8,1
165,101753,0.82,19,1
166,101757,0.97,4,1
167,101761,0.97,4,1
168,101767,0.95,6,1
169,101783,0.85,16,1
170,101788,0.96,5,1
171,101797,0.92,9,1
172,101802,0.96,5,1
173,101813,0.9,11,1
174,101820,0.94,7,1
175,101826,0.95,6,1
176,101837,0.9,11,1
177,101845,0.93,8,1
178,101850,0.96,5,1
179,101856,0.95,6,1
180,101865,0.92,9,1
181,101875,0.91,10,1
182,101893,0.83,18,1
183,101902,0.92,9,1
184,101912,0.91,10,1
185,101913,1.0,1,1
186,101927,0.87,14,1
187,101935,0.93,8,1
188,101937,0.99,2,1
189,101945,0.93,8,1
190,101954,0.92,9,1
191,101955,1.0,1,1
192,101956,1.0,1,1
193,101968,0.89,12,1
194,101969,1.0,1,1
195,101979,0.91,10,1
196,101985,0.95,6,1
197,101991,0.95,6,1
198,101992,1.0,1,1
199,102005,0.88,13,1
200,102013,0.93,8,1
201,102021,0.93,8,1
202,102028,0.94,7,1
203,102034,0.95,6,1
204,102049,0.86,15,1
205,102059,0.91,10,1
206,102064,0.96,5,1
207,102073,0.92,9,1
208,102079,0.95,6,1
209,102093,0.87,14,1
210,102104,0.9,11,1
211,102109,0.96,5,1
212,102114,0.96,5,1
213,102119,0.96,5,1
214,102122,0.98,3,1
215,102129,0.94,7,1
216,102136,0.94,7,1
217,102139,0.98,3,1
218,102149,0.91,10,1
219,102157,0.93,8,1
220,102161,0.97,4,1
221,102165,0.97,4,1
222,102169,0.97,4,1
223,102174,0.96,5,1
224,102182,0.93,8,1
225,102184,0.99,2,1
226,102187,0.98,3,1
227,102200,0.88,13,1
228,102201,1.0,1,1
229,102202,1.0,1,1
230,102208,0.95,6,1
231,102210,0.99,2,1
232,102229,0.82,19,1
233,102237,0.93,8,1
234,102238,1.0,1,1
235,102244,0.95,6,1
236,102247,0.98,3,1
237,102256,0.92,9,1
238,102268,0.89,12,1
239,102281,0.88,13,1
240,102286,0.96,5,1
241,102298,0.89,12,1
242,102301,0.98,3,1
243,102307,0.95,6,1
244,102308,1.0,1,1
245,102313,0.96,5,1
246,102317,0.97,4,1
247,102327,0.91,10,1
248,102335,0.93,8,1
249,102339,0.97,4,1
250,102343,0.97,4,1
251,102354,0.9,11,1
252,102361,0.94,7,1
253,102363,0.99,2,1
254,102370,0.94,7,1
255,102381,0.9,11,1
256,102390,0.92,9,1
257,102405,0.86,15,1
258,102413,0.93,8,1
259,102415,0.99,2,1
260,102423,0.93,8,1
261,102428,0.96,5,1
262,102432,0.97,4,1
263,102435,0.98,3,1
264,102443,0.93,8,1
265,102456,0.88,13,1
266,102463,0.94,7,1
267,102480,0.84,17,1
268,102492,0.89,12,1
269,102496,0.97,4,1
270,102502,0.95,6,1
271,102512,0.91,10,1
272,102514,0.99,2,1
273,102522,0.93,8,1
274,102531,0.92,9,1
275,102536,0.96,5,1
276,102537,1.0,1,1
277,102538,1.0,1,1
278,102545,0.94,7,1
279,102546,1.0,1,1
280,102560,0.87,14,1
281,102561,1.0,1,1
282,102565,0.97,4,1
283,102566,1.0,1,1
284,102576,0.91,10,1
285,102585,0.92,9,1
286,102591,0.95,6,1
287,102597,0.95,6,1
288,102610,0.88,13,1
289,102614,0.97,4,1
290,102624,0.91,10,1
291,102632,0.93,8,1
292,102639,0.94,7,1
293,102645,0.95,6,1
294,102650,0.96,5,1
295,102658,0.93,8,1
296,102665,0.94,7,1
297,102673,0.93,8,1
298,102674,1.0,1,1
299,102679,0.96,5,1
300,102680,1.0,1,1
301,102695,0.86,15,1
302,102705,0.91,10,1
303,102713,0.93,8,1
304,102722,0.92,9,1
305,102728,0.95,6,1
306,102734,0.95,6,1
307,102741,0.94,7,1
308,102746,0.96,5,1
309,102749,0.98,3,1
310,102755,0.95,6,1
311,102764,0.92,9,1
312,102775,0.9,11,1
313,102793,0.83,18,1
314,102805,0.89,12,1
315,102812,0.94,7,1
316,102821,0.92,9,1
317,102822,1.0,1,1
318,102833,0.9,11,1
319,102848,0.86,15,1
320,102855,0.94,7,1
321,102871,0.85,16,1
322,102877,0.95,6,1
323,102886,0.92,9,1
324,102893,0.94,7,1
325,102905,0.89,12,1
326,102916,0.9,11,1
327,102922,0.95,6,1
328,102933,0.9,11,1
329,102942,0.92,9,1
330,102956,0.87,14,1
331,102964,0.93,8,1
332,102972,0.93,8,1
333,102980,0.93,8,1
334,102982,0.99,2,1
335,102987,0.96,5,1
336,103001,0.87,14,1
337,103007,0.95,6,1
338,103014,0.94,7,1
339,103026,0.89,12,1
340,103040,0.87,14,1
341,103041,1.0,1,1
342,103045,0.97,4,1
343,103047,0.99,2,1
344,103056,0.92,9,1
345,103063,0.94,7,1
346,103073,0.91,10,1
347,103085,0.89,12,1
348,103096,0.9,11,1
349,103105,0.92,9,1
350,103108,0.98,3,1
351,103117,0.92,9,1
352,103123,0.95,6,1
353,103129,0.95,6,1
354,103139,0.91,10,1
355,103141,0.99,2,1
356,103149,0.93,8,1
357,103150,1.0,1,1
358,103156,0.95,6,1
359,103160,0.97,4,1
360,103162,0.99,2,1
361,103168,0.95,6,1
362,103173,0.96,5,1
363,103182,0.92,9,1
364,103185,0.98,3,1
365,103193,0.93,8,1
366,103202,0.92,9,1
367,103212,0.91,10,1
368,103223,0.9,11,1
369,103229,0.95,6,1
370,103232,0.98,3,1
371,103233,1.0,1,1
372,103241,0.93,8,1
373,103248,0.94,7,1
374,103250,0.99,2,1
375,103255,0.96,5,1
376,103259,0.97,4,1
377,103270,0.9,11,1
378,103276,0.95,6,1
379,103286,0.91,10,1
380,103296,0.91,10,1
381,103301,0.96,5,1
382,103303,0.99,2,1
383,103314,0.9,11,1
384,103320,0.95,6,1
385,103321,1.0,1,1
386,103333,0.89,12,1
387,103343,0.91,10,1
388,103344,1.0,1,1
389,103356,0.89,12,1
390,103363,0.94,7,1
391,103364,1.0,1,1
392,103366,0.99,2,1
393,103373,0.94,7,1
394,103377,0.97,4,1
395,103383,0.95,6,1
396,103387,0.97,4,1
397,103391,0.97,4,1
398,103392,1.0,1,1
399,103396,0.97,4,1
400,103402,0.95,6,1
401,103412,0.91,10,1
402,103424,0.89,12,1
403,103428,0.97,4,1
404,103432,0.97,4,1
405,103437,0.96,5,1
406,103441,0.97,4,1
407,103445,0.97,4,1
408,103452,0.94,7,1
409,103460,0.93,8,1
410,103468,0.93,8,1
411,103474,0.95,6,1
412,103476,0.99,2,1
413,103482,0.95,6,1
414,103492,0.91,10,1
415,103497,0.96,5,1
416,103504,0.94,7,1
417,103506,0.99,2,1
418,103511,0.96,5,1
419,103520,0.92,9,1
420,103528,0.93,8,1
421,103536,0.93,8,1
422,103545,0.92,9,1
423,103553,0.93,8,1
424,103559,0.95,6,1
425,103560,1.0,1,1
426,103562,0.99,2,1
427,103571,0.92,9,1
428,103574,0.98,3,1
429,103579,0.96,5,1
430,103590,0.9,11,1
431,103599,0.92,9,1
432,103614,0.86,15,1
433,103621,0.94,7,1
434,103624,0.98,3,1
435,103628,0.97,4,1
436,103629,1.0,1,1
437,103638,0.92,9,1
438,103645,0.94,7,1
439,103654,0.92,9,1
440,103664,0.91,10,1
441,103670,0.95,6,1
442,103672,0.99,2,1
443,103683,0.9,11,1
444,103690,0.94,7,1
445,103694,0.97,4,1
446,103706,0.89,12,1
447,103709,0.98,3,1
448,103716,0.94,7,1
449,103721,0.96,5,1
450,103729,0.93,8,1
451,103736,0.94,7,1
452,103742,0.95,6,1
453,103751,0.92,9,1
454,103752,1.0,1,1
455,103754,0.99,2,1
456,103758,0.97,4,1
457,103759,1.0,1,1
458,103760,1.0,1,1
459,103771,0.9,11,1
460,103780,0.92,9,1
461,103786,0.95,6,1
462,103787,1.0,1,1
463,103789,0.99,2,1
464,103802,0.88,13,1
465,103810,0.93,8,1
466,103818,0.93,8,1
467,103825,0.94,7,1
468,103834,0.92,9,1
469,103835,1.0,1,1
470,103840,0.96,5,1
471,103846,0.95,6,1
472,103853,0.94,7,1
473,103866,0.88,13,1
474,103875,0.92,9,1
475,103885,0.91,10,1
476,103897,0.89,12,1
477,103905,0.93,8,1
478,103918,0.88,13,1
479,103924,0.95,6,1
480,103931,0.94,7,1
481,103939,0.93,8,1
482,103947,0.93,8,1
483,103953,0.95,6,1
484,103962,0.92,9,1
485,103969,0.94,7,1
486,103975,0.95,6,1
487,103980,0.96,5,1
488,103983,0.98,3,1
489,103993,0.91,10,1
490,103995,0.99,2,1
491,103999,0.97,4,1
492,104001,0.99,2,1
493,104007,0.95,6,1
494,104017,0.91,10,1
495,104019,0.99,2,1
496,104026,0.94,7,1
497,104035,0.92,9,1
498,104041,0.95,6,1
499,104043,0.99,2,1
500,104050,0.94,7,1
501,104063,0.88,13,1
502,104071,0.93,8,1
503,104073,0.99,2,1
504,104086,0.88,13,1
505,104090,0.97,4,1
506,104101,0.9,11,1
507,104106,0.96,5,1
508,104110,0.97,4,1
509,104118,0.93,8,1
510,104127,0.92,9,1
511,104128,1.0,1,1
512,104136,0.93,8,1
513,104146,0.91,10,1
514,104155,0.92,9,1
515,104163,0.93,8,1
516,104170,0.94,7,1
517,104178,0.93,8,1
518,104193,0.86,15,1
519,104199,0.95,6,1
520,104212,0.88,13,1
521,104222,0.91,10,1
522,104231,0.92,9,1
523,104237,0.95,6,1
524,104241,0.97,4,1
525,104243,0.99,2,1
526,104247,0.97,4,1
527,104249,0.99,2,1
528,104263,0.87,14,1
529,104274,0.9,11,1
530,104283,0.92,9,1
531,104288,0.96,5,1
532,104296,0.93,8,1
533,104299,0.98,3,1
534,104308,0.92,9,1
535,104310,0.99,2,1
536,104316,0.95,6,1
537,104328,0.89,12,1
538,104336,0.93,8,1
539,104339,0.98,3,1
540,104348,0.92,9,1
541,104349,1.0,1,1
542,104356,0.94,7,1
543,104366,0.91,10,1
544,104372,0.95,6,1
545,104381,0.92,9,1
546,104395,0.87,14,1
547,104403,0.93,8,1
548,104411,0.93,8,1
549,104416,0.96,5,1
550,104425,0.92,9,1
551,104429,0.97,4,1
552,104436,0.94,7,1
553,104438,0.99,2,1
554,104441,0.98,3,1
555,104449,0.93,8,1
556,104455,0.95,6,1
557,104465,0.91,10,1
558,104475,0.91,10,1
559,104483,0.93,8,1
560,104487,0.97,4,1
561,104493,0.95,6,1
562,104500,0.94,7,1
563,104506,0.95,6,1
564,104510,0.97,4,1
565,104516,0.95,6,1
566,104521,0.96,5,1
567,104527,0.95,6,1
568,104534,0.94,7,1
569,104537,0.98,3,1
570,104545,0.93,8,1
571,104553,0.93,8,1
572,104564,0.9,11,1
573,104565,1.0,1,1
574,104572,0.94,7,1
575,104578,0.95,6,1
576,104584,0.95,6,1
577,104588,0.97,4,1
578,104597,0.92,9,1
579,104607,0.91,10,1
580,104616,0.92,9,1
581,104622,0.95,6,1
582,104628,0.95,6,1
583,104632,0.97,4,1
584,104641,0.92,9,1
585,104647,0.95,6,1
586,104648,1.0,1,1
587,104651,0.98,3,1
588,104663,0.89,12,1
589,104673,0.91,10,1
590,104679,0.95,6,1
591,104682,0.98,3,1
592,104688,0.95,6,1
593,104694,0.95,6,1
594,104699,0.96,5,1
595,104702,0.98,3,1
596,104713,0.9,11,1
597,104718,0.96,5,1
598,104726,0.93,8,1
599,104729,0.98,3,1
600,104736,0.94,7,1
601,104739,0.98,3,1
602,104744,0.96,5,1
603,104756,0.89,12,1
604,104757,1.0,1,1
605,104762,0.96,5,1
606,104766,0.97,4,1
607,104773,0.94,7,1
608,104781,0.93,8,1
609,104787,0.95,6,1
610,104791,0.97,4,1
611,104799,0.93,8,1
612,104801,0.99,2,1
613,104808,0.94,7,1
614,104813,0.96,5,1
615,104824,0.9,11,1
616,104829,0.96,5,1
617,104834,0.96,5,1
618,104841,0.94,7,1
619,104844,0.98,3,1
620,104850,0.95,6,1
621,104855,0.96,5,1
622,104861,0.95,6,1
623,104879,0.83,18,1
624,104889,0.91,10,1
625,104890,1.0,1,1
626,104893,0.98,3,1
627,104896,0.98,3,1
628,104904,0.93,8,1
629,104910,0.95,6,1
630,104911,1.0,1,1
631,104916,0.96,5,1
632,104920,0.97,4,1
633,104925,0.96,5,1
634,104937,0.89,12,1
635,104944,0.94,7,1
636,104952,0.93,8,1
637,104954,0.99,2,1
638,104961,0.94,7,1
639,104970,0.92,9,1
640,104975,0.96,5,1
641,104983,0.93,8,1
642,104992,0.92,9,1
643,104994,0.99,2,1
644,104997,0.98,3,1
645,105000,0.98,3,1
646,105014,0.87,14,1
647,105021,0.94,7,1
648,105028,0.94,7,1
649,105034,0.95,6,1
650,105035,1.0,1,1
651,105040,0.96,5,1
652,105041,1.0,1,1
653,105042,1.0,1,1
654,105049,0.94,7,1
655,105056,0.94,7,1
656,105060,0.97,4,1
657,105062,0.99,2,1
658,105069,0.94,7,1
659,105077,0.93,8,1
660,105083,0.95,6,1
661,105095,0.89,12,1
662,105097,0.99,2,1
663,105102,0.96,5,1
664,105112,0.91,10,1
665,105114,0.99,2,1
666,105124,0.91,10,1
667,105132,0.93,8,1
668,105137,0.96,5,1
669,105146,0.92,9,1
670,105154,0.93,8,1
671,105160,0.95,6,1
672,105167,0.94,7,1
673,105174,0.94,7,1
674,105176,0.99,2,1
675,105187,0.9,11,1
676,105192,0.96,5,1
677,105193,1.0,1,1
678,105203,0.91,10,1
679,105209,0.95,6,1
680,105218,0.92,9,1
681,105221,0.98,3,1
682,105226,0.96,5,1
683,105240,0.87,14,1
684,105242,0.99,2,1
685,105251,0.92,9,1
686,105262,0.9,11,1
687,105263,1.0,1,1
688,105275,0.89,12,1
689,105285,0.91,10,1
690,105293,0.93,8,1
691,105304,0.9,11,1
692,105314,0.91,10,1
693,105324,0.91,10,1
694,105333,0.92,9,1
695,105335,0.99,2,1
696,105346,0.9,11,1
697,105351,0.96,5,1
698,105352,1.0,1,1
699,105360,0.93,8,1
700,105364,0.97,4,1
701,105369,0.96,5,1
702,105371,0.99,2,1
703,105378,0.94,7,1
704,105386,0.93,8,1
705,105391,0.96,5,1
706,105394,0.98,3,1
707,105403,0.92,9,1
708,105412,0.92,9,1
709,105418,0.95,6,1
710,105423,0.96,5,1
711,105431,0.93,8,1
712,105439,0.93,8,1
713,105449,0.91,10,1
714,105455,0.95,6,1
715,105462,0.94,7,1
716,105468,0.95,6,1
717,105473,0.96,5,1
718,105483,0.91,10,1
719,105500,0.84,17,1
720,105508,0.93,8,1
721,105514,0.95,6,1
722,105517,0.98,3,1
723,105525,0.93,8,1
724,105539,0.87,14,1
725,105549,0.91,10,1
726,105555,0.95,6,1
727,105562,0.94,7,1
728,105565,0.98,3,1
729,105567,0.99,2,1
730,105573,0.95,6,1
731,105576,0.98,3,1
732,105587,0.9,11,1
733,105595,0.93,8,1
734,105606,0.9,11,1
735,105613,0.94,7,1
736,105620,0.94,7,1
737,105626,0.95,6,1
738,105633,0.94,7,1
739,105640,0.94,7,1
740,105644,0.97,4,1
741,105651,0.94,7,1
742,105661,0.91,10,1
743,105665,0.97,4,1
744,105674,0.92,9,1
745,105675,1.0,1,1
746,105688,0.88,13,1
747,105694,0.95,6,1
748,105704,0.91,10,1
749,105716,0.89,12,1
750,105718,0.99,2,1
751,105726,0.93,8,1
752,105730,0.97,4,1
753,105742,0.89,12,1
754,105752,0.91,10,1
755,105759,0.94,7,1
756,105760,1.0,1,1
757,105771,0.9,11,1
758,105779,0.93,8,1
759,105788,0.92,9,1
760,105799,0.9,11,1
761,105805,0.95,6,1
762,105811,0.95,6,1
763,105817,0.95,6,1
764,105828,0.9,11,1
765,105832,0.97,4,1
766,105841,0.92,9,1
767,105847,0.95,6,1
768,105854,0.94,7,1
769,105855,1.0,1,1
770,105863,0.93,8,1
771,105868,0.96,5,1
772,105875,0.94,7,1
773,105876,1.0,1,1
774,105885,0.92,9,1
775,105895,0.91,10,1
776,105902,0.94,7,1
777,105906,0.97,4,1
778,105911,0.96,5,1
779,105917,0.95,6,1
780,105935,0.83,18,1
781,105942,0.94,7,1
782,105952,0.91,10,1
783,105954,0.99,2,1
784,105962,0.93,8,1
785,105969,0.94,7,1
786,105973,0.97,4,1
787,105980,0.94,7,1
788,105987,0.94,7,1
789,106000,0.88,13,1
790,106008,0.93,8,1
791,106009,1.0,1,1
792,106016,0.94,7,1
793,106027,0.9,11,1
794,106034,0.94,7,1
795,106040,0.95,6,1
796,106049,0.92,9,1
797,106057,0.93,8,1
798,106066,0.92,9,1
799,106073,0.94,7,1
800,106081,0.93,8,1
801,106087,0.95,6,1
802,106096,0.92,9,1
803,106104,0.93,8,1
804,106105,1.0,1,1
805,106110,0.96,5,1
806,106121,0.9,11,1
807,106125,0.97,4,1
808,106137,0.89,12,1
809,106139,0.99,2,1
810,106145,0.95,6,1
811,106149,0.97,4,1
812,106160,0.9,11,1
813,106172,0.89,12,1
814,106173,1.0,1,1
815,106179,0.95,6,1
816,106189,0.91,10,1
817,106194,0.96,5,1
818,106196,0.99,2,1
819,106200,0.97,4,1
820,106202,0.99,2,1
821,106203,1.0,1,1
822,106211,0.93,8,1
823,106217,0.95,6,1
824,106225,0.93,8,1
825,106231,0.95,6,1
826,106235,0.97,4,1
827,106242,0.94,7,1
828,106244,0.99,2,1
829,106258,0.87,14,1
830,106266,0.93,8,1
831,106276,0.91,10,1
832,106280,0.97,4,1
833,106289,0.92,9,1
834,106299,0.91,10,1
835,106300,1.0,1,1
836,106301,1.0,1,1
837,106310,0.92,9,1
838,106316,0.95,6,1
839,106326,0.91,10,1
840,106334,0.93,8,1
841,106340,0.95,6,1
842,106343,0.98,3,1
843,106361,0.83,18,1
844,106367,0.95,6,1
845,106375,0.93,8,1
846,106385,0.91,10,1
847,106386,1.0,1,1
848,106394,0.93,8,1
849,106395,1.0,1,1
850,106398,0.98,3,1
851,106408,0.91,10,1
852,106418,0.91,10,1
853,106423,0.96,5,1
854,106434,0.9,11,1
855,106444,0.91,10,1
856,106448,0.97,4,1
857,106457,0.92,9,1
858,106459,0.99,2,1
859,106466,0.94,7,1
860,106470,0.97,4,1
861,106481,0.9,11,1
862,106496,0.86,15,1
863,106507,0.9,11,1
864,106513,0.95,6,1
865,106517,0.97,4,1
866,106518,1.0,1,1
867,106529,0.9,11,1
868,106539,0.91,10,1
869,106547,0.93,8,1
870,106556,0.92,9,1
871,106560,0.97,4,1
872,106561,1.0,1,1
873,106571,0.91,10,1
874,106577,0.95,6,1
875,106584,0.94,7,1
876,106589,0.96,5,1
877,106591,0.99,2,1
878,106599,0.93,8,1
879,106600,1.0,1,1
880,106610,0.91,10,1
881,106620,0.91,10,1
882,106621,1.0,1,1
883,106625,0.97,4,1
884,106626,1.0,1,1
885,106632,0.95,6,1
886,106637,0.96,5,1
887,106644,0.94,7,1
888,106651,0.94,7,1
889,106664,0.88,13,1
890,106668,0.97,4,1
891,106673,0.96,5,1
892,106678,0.96,5,1
893,106688,0.91,10,1
894,106692,0.97,4,1
895,106696,0.97,4,1
896,106705,0.92,9,1
897,106712,0.94,7,1
898,106719,0.94,7,1
899,106723,0.97,4,1
900,106726,0.98,3,1
901,106733,0.94,7,1
902,106738,0.96,5,1
903,106748,0.91,10,1
904,106756,0.93,8,1
905,106768,0.89,12,1
906,106774,0.95,6,1
907,106780,0.95,6,1
908,106789,0.92,9,1
909,106796,0.94,7,1
910,106804,0.93,8,1
911,106809,0.96,5,1
912,106814,0.96,5,1
913,106821,0.94,7,1
914,106822,1.0,1,1
915,106823,1.0,1,1
916,106831,0.93,8,1
917,106840,0.92,9,1
918,106848,0.93,8,1
919,106850,0.99,2,1
920,106852,0.99,2,1
921,106858,0.95,6,1
922,106865,0.94,7,1
923,106874,0.92,9,1
924,106883,0.92,9,1
925,106888,0.96,5,1
926,106894,0.95,6,1
927,106903,0.92,9,1
928,106907,0.97,4,1
929,106908,1.0,1,1
930,106918,0.91,10,1
931,106923,0.96,5,1
932,106930,0.94,7,1
933,106931,1.0,1,1
934,106934,0.98,3,1
935,106941,0.94,7,1
936,106945,0.97,4,1
937,106957,0.89,12,1
938,106959,0.99,2,1
939,106968,0.92,9,1
940,106978,0.91,10,1
941,106985,0.94,7,1
942,106992,0.94,7,1
943,107000,0.93,8,1
944,107017,0.84,17,1
945,107021,0.97,4,1
946,107027,0.95,6,1
947,107035,0.93,8,1
948,107040,0.96,5,1
949,107041,1.0,1,1
950,107046,0.96,5,1
951,107053,0.94,7,1
952,107060,0.94,7,1
953,107064,0.97,4,1
954,107067,0.98,3,1
955,107071,0.97,4,1
956,107082,0.9,11,1
957,107083,1.0,1,1
958,107096,0.88,13,1
959,107105,0.92,9,1
960,107113,0.93,8,1
961,107120,0.94,7,1
962,107124,0.97,4,1
963,107126,0.99,2,1
964,107133,0.94,7,1
965,107144,0.9,11,1
966,107152,0.93,8,1
967,107161,0.92,9,1
968,107167,0.95,6,1
969,107174,0.94,7,1
970,107187,0.88,13,1
971,107191,0.97,4,1
972,107198,0.94,7,1
973,107200,0.99,2,1
974,107204,0.97,4,1
975,107211,0.94,7,1
976,107218,0.94,7,1
977,107223,0.96,5,1
978,107228,0.96,5,1
979,107238,0.91,10,1
980,107246,0.93,8,1
981,107254,0.93,8,1
982,107262,0.93,8,1
983,107268,0.95,6,1
984,107287,0.82,19,1
985,107296,0.92,9,1
986,107297,1.0,1,1
987,107299,0.99,2,1
988,107311,0.89,12,1
989,107315,0.97,4,1
990,107317,0.99,2,1
991,107326,0.92,9,1
992,107327,1.0,1,1
993,107329,0.99,2,1
994,107334,0.96,5,1
995,107339,0.96,5,1
996,107347,0.93,8,1
997,107348,1.0,1,1
998,107354,0.95,6,1
999,107361,0.94,7,1
1000,107367,0.95,6,1
1001,107372,0.96,5,1
1002,107382,0.91,10,1
1003,107387,0.96,5,1
1004,107395,0.93,8,1
1005,107397,0.99,2,1
1006,107404,0.94,7,1
1007,107411,0.94,7,1
1008,107421,0.91,10,1
1009,107427,0.95,6,1
1010,107435,0.93,8,1
1011,107437,0.99,2,1
1012,107445,0.93,8,1
1013,107451,0.95,6,1
1014,107457,0.95,6,1
1015,107464,0.94,7,1
1016,107471,0.94,7,1
1017,107477,0.95,6,1
1018,107486,0.92,9,1
1019,107492,0.95,6,1
1020,107493,1.0,1,1
1021,107494,1.0,1,1
1022,107500,0.95,6,1
1023,107506,0.95,6,1
1024,107512,0.95,6,1
1025,107528,0.85,16,1
1026,107533,0.96,5,1
1027,107537,0.97,4,1
1028,107539,0.99,2,1
1029,107544,0.96,5,1
1030,107552,0.93,8,1
1031,107553,1.0,1,1
1032,107559,0.95,6,1
1033,107563,0.97,4,1
1034,107575,0.89,12,1
1035,107582,0.94,7,1
1036,107588,0.95,6,1
1037,107597,0.92,9,1
1038,107604,0.94,7,1
1039,107612,0.93,8,1
1040,107621,0.92,9,1
1041,107624,0.98,3,1
1042,107626,0.99,2,1
1043,107636,0.91,10,1
1044,107642,0.95,6,1
1045,107652,0.91,10,1
1046,107662,0.91,10,1
1047,107665,0.98,3,1
1048,107676,0.9,11,1
1049,107678,0.99,2,1
1050,107679,1.0,1,1
1051,107682,0.98,3,1
1052,107687,0.96,5,1
1053,107692,0.96,5,1
1054,107693,1.0,1,1
1055,107697,0.97,4,1
1056,107707,0.91,10,1
1057,107716,0.92,9,1
1058,107724,0.93,8,1
1059,107725,1.0,1,1
1060,107730,0.96,5,1
1061,107735,0.96,5,1
1062,107736,1.0,1,1
1063,107742,0.95,6,1
1064,107750,0.93,8,1
1065,107756,0.95,6,1
1066,107760,0.97,4,1
1067,107769,0.92,9,1
1068,107777,0.93,8,1
1069,107782,0.96,5,1
1070,107788,0.95,6,1
1071,107798,0.91,10,1
1072,107804,0.95,6,1
1073,107810,0.95,6,1
1074,107812,0.99,2,1
1075,107818,0.95,6,1
1076,107825,0.94,7,1
1077,107833,0.93,8,1
1078,107847,0.87,14,1
1079,107848,1.0,1,1
1080,107859,0.9,11,1
1081,107861,0.99,2,1
1082,107868,0.94,7,1
1083,107869,1.0,1,1
1084,107870,1.0,1,1
1085,107877,0.94,7,1
1086,107879,0.99,2,1
1087,107882,0.98,3,1
1088,107889,0.94,7,1
1089,107898,0.92,9,1
1090,107906,0.93,8,1
1091,107914,0.93,8,1
1092,107920,0.95,6,1
1093,107929,0.92,9,1
1094,107935,0.95,6,1
1095,107939,0.97,4,1
1096,107945,0.95,6,1
1097,107949,0.97,4,1
1098,107960,0.9,11,1
1099,107962,0.99,2,1
1100,107967,0.96,5,1
1101,107975,0.93,8,1
1102,107977,0.99,2,1
1103,107989,0.89,12,1
1104,107994,0.96,5,1
1105,107999,0.96,5,1
1106,108009,0.91,10,1
1107,108012,0.98,3,1
1108,108024,0.89,12,1
1109,108026,0.99,2,1
1110,108034,0.93,8,1
1111,108036,0.99,2,1
1112,108038,0.99,2,1
1113,108044,0.95,6,1
1114,108049,0.96,5,1
1115,108051,0.99,2,1
1116,108057,0.95,6,1
1117,108064,0.94,7,1
1118,108074,0.91,10,1
1119,108082,0.93,8,1
1120,108090,0.93,8,1
1121,108104,0.87,14,1
1122,108107,0.98,3,1
1123,108111,0.97,4,1
1124,108121,0.91,10,1
1125,108126,0.96,5,1
1126,108132,0.95,6,1
1127,108139,0.94,7,1
1128,108144,0.96,5,1
1129,108145,1.0,1,1
1130,108146,1.0,1,1
1131,108157,0.9,11,1
1132,108171,0.87,14,1
1133,108176,0.96,5,1
1134,108177,1.0,1,1
1135,108183,0.95,6,1
1136,108192,0.92,9,1
1137,108195,0.98,3,1
1138,108200,0.96,5,1
1139,108207,0.94,7,1
1140,108218,0.9,11,1
1141,108223,0.96,5,1
1142,108238,0.86,15,1
1143,108244,0.95,6,1
1144,108249,0.96,5,1
1145,108253,0.97,4,1
1146,108261,0.93,8,1
1147,108264,0.98,3,1
1148,108270,0.95,6,1
1149,108277,0.94,7,1
1150,108285,0.93,8,1
1151,108290,0.96,5,1
1152,108298,0.93,8,1
1153,108308,0.91,10,1
1154,108314,0.95,6,1
1155,108321,0.94,7,1
1156,108326,0.96,5,1
1157,108335,0.92,9,1
1158,108341,0.95,6,1
1159,108343,0.99,2,1
1160,108355,0.89,12,1
1161,108361,0.95,6,1
1162,108368,0.94,7,1
1163,108369,1.0,1,1
1164,108377,0.93,8,1
1165,108385,0.93,8,1
1166,108389,0.97,4,1
1167,108395,0.95,6,1
1168,108397,0.99,2,1
1169,108398,1.0,1,1
1170,108404,0.95,6,1
1171,108420,0.85,16,1
1172,108427,0.94,7,1
1173,108434,0.94,7,1
1174,108443,0.92,9,1
1175,108452,0.92,9,1
1176,108453,1.0,1,1
1177,108457,0.97,4,1
1178,108467,0.91,10,1
1179,108472,0.96,5,1
1180,108476,0.97,4,1
1181,108479,0.98,3,1
1182,108487,0.93,8,1
1183,108498,0.9,11,1
1184,108506,0.93,8,1
1185,108508,0.99,2,1
1186,108515,0.94,7,1
1187,108524,0.92,9,1
1188,108528,0.97,4,1
1189,108535,0.94,7,1
1190,108541,0.95,6,1
1191,108543,0.99,2,1
1192,108558,0.86,15,1
1193,108565,0.94,7,1
1194,108569,0.97,4,1
1195,108570,1.0,1,1
1196,108579,0.92,9,1
1197,108588,0.92,9,1
1198,108591,0.98,3,1
1199,108600,0.92,9,1
1200,108606,0.95,6,1
1201,108614,0.93,8,1
1202,108619,0.96,5,1
1203,108621,0.99,2,1
1204,108631,0.91,10,1
1205,108639,0.93,8,1
1206,108651,0.89,12,1
1207,108652,1.0,1,1
1208,108660,0.93,8,1
1209,108662,0.99,2,1
1210,108665,0.98,3,1
1211,108670,0.96,5,1
1212,108671,1.0,1,1
1213,108675,0.97,4,1
1214,108680,0.96,5,1
1215,108685,0.96,5,1
1216,108690,0.96,5,1
1217,108692,0.99,2,1
1218,108700,0.93,8,1
1219,108701,1.0,1,1
1220,108710,0.92,9,1
1221,108716,0.95,6,1
1222,108722,0.95,6,1
1223,108727,0.96,5,1
1224,108740,0.88,13,1
1225,108747,0.94,7,1
1226,108752,0.96,5,1
1227,108760,0.93,8,1
1228,108772,0.89,12,1
1229,108780,0.93,8,1
1230,108783,0.98,3,1
1231,108791,0.93,8,1
1232,108793,0.99,2,1
1233,108798,0.96,5,1
1234,108807,0.92,9,1
1235,108816,0.92,9,1
1236,108822,0.95,6,1
1237,108832,0.91,10,1
1238,108840,0.93,8,1
1239,108849,0.92,9,1
1240,108863,0.87,14,1
1241,108873,0.91,10,1
1242,108878,0.96,5,1
1243,108890,0.89,12,1
1244,108896,0.95,6,1
1245,108904,0.93,8,1
1246,108914,0.91,10,1
1247,108920,0.95,6,1
1248,108924,0.97,4,1
1249,108927,0.98,3,1
1250,108934,0.94,7,1
1251,108941,0.94,7,1
1252,108946,0.96,5,1
1253,108954,0.93,8,1
1254,108955,1.0,1,1
1255,108962,0.94,7,1
1256,108971,0.92,9,1
1257,108976,0.96,5,1
1258,108981,0.96,5,1
1259,108992,0.9,11,1
1260,108998,0.95,6,1
1261,109009,0.9,11,1
1262,109018,0.92,9,1
1263,109021,0.98,3,1
1264,109030,0.92,9,1
1265,109038,0.93,8,1
1266,109043,0.96,5,1
1267,109050,0.94,7,1
1268,109052,0.99,2,1
1269,109053,1.0,1,1
1270,109054,1.0,1,1
1271,109066,0.89,12,1
1272,109072,0.95,6,1
1273,109078,0.95,6,1
1274,109079,1.0,1,1
1275,109080,1.0,1,1
1276,109089,0.92,9,1
1277,109100,0.9,11,1
1278,109109,0.92,9,1
1279,109116,0.94,7,1
1280,109124,0.93,8,1
1281,109129,0.96,5,1
1282,109133,0.97,4,1
1283,109142,0.92,9,1
1284,109146,0.97,4,1
1285,109153,0.94,7,1
1286,109161,0.93,8,1
1287,109170,0.92,9,1
1288,109177,0.94,7,1
1289,109184,0.94,7,1
1290,109194,0.91,10,1
1291,109204,0.91,10,1
1292,109215,0.9,11,1
1293,109222,0.94,7,1
1294,109227,0.96,5,1
1295,109234,0.94,7,1
1296,109241,0.94,7,1
1297,109250,0.92,9,1
1298,109255,0.96,5,1
1299,109258,0.98,3,1
1300,109267,0.92,9,1
1301,109277,0.91,10,1
1302,109284,0.94,7,1
1303,109292,0.93,8,1
1304,109297,0.96,5,1
1305,109299,0.99,2,1
1306,109302,0.98,3,1
1307,109308,0.95,6,1
1308,109312,0.97,4,1
1309,109320,0.93,8,1
1310,109326,0.95,6,1
1311,109339,0.88,13,1
1312,109350,0.9,11,1
1313,109359,0.92,9,1
1314,109367,0.93,8,1
1315,109368,1.0,1,1
1316,109373,0.96,5,1
1317,109378,0.96,5,1
1318,109386,0.93,8,1
1319,109392,0.95,6,1
1320,109399,0.94,7,1
1321,109400,1.0,1,1
1322,109403,0.98,3,1
1323,109405,0.99,2,1
1324,109411,0.95,6,1
1325,109419,0.93,8,1
1326,109424,0.96,5,1
1327,109433,0.92,9,1
1328,109437,0.97,4,1
1329,109438,1.0,1,1
1330,109449,0.9,11,1
1331,109454,0.96,5,1
1332,109455,1.0,1,1
1333,109456,1.0,1,1
1334,109464,0.93,8,1
1335,109475,0.9,11,1
1336,109481,0.95,6,1
1337,109487,0.95,6,1
1338,109493,0.95,6,1
1339,109497,0.97,4,1
1340,109503,0.95,6,1
1341,109509,0.95,6,1
1342,109513,0.97,4,1
1343,109520,0.94,7,1
1344,109525,0.96,5,1
1345,109527,0.99,2,1
1346,109535,0.93,8,1
1347,109540,0.96,5,1
1348,109548,0.93,8,1
1349,109558,0.91,10,1
1350,109566,0.93,8,1
1351,109570,0.97,4,1
1352,109583,0.88,13,1
1353,109592,0.92,9,1
1354,109601,0.92,9,1
1355,109605,0.97,4,1
1356,109606,1.0,1,1
1357,109611,0.96,5,1
1358,109617,0.95,6,1
1359,109621,0.97,4,1
1360,109623,0.99,2,1
1361,109634,0.9,11,1
1362,109640,0.95,6,1
1363,109657,0.84,17,1
1364,109662,0.96,5,1
1365,109663,1.0,1,1
1366,109668,0.96,5,1
1367,109677,0.92,9,1
1368,109680,0.98,3,1
1369,109689,0.92,9,1
1370,109692,0.98,3,1
1371,109703,0.9,11,1
1372,109713,0.91,10,1
1373,109718,0.96,5,1
1374,109728,0.91,10,1
1375,109737,0.92,9,1
1376,109744,0.94,7,1
1377,109748,0.97,4,1
1378,109757,0.92,9,1
1379,109762,0.96,5,1
1380,109769,0.94,7,1
1381,109775,0.95,6,1
1382,109781,0.95,6,1
1383,109783,0.99,2,1
1384,109786,0.98,3,1
1385,109789,0.98,3,1
1386,109797,0.93,8,1
1387,109803,0.95,6,1
1388,109808,0.96,5,1
1389,109819,0.9,11,1
1390,109824,0.96,5,1
1391,109831,0.94,7,1
1392,109837,0.95,6,1
1393,109845,0.93,8,1
1394,109846,1.0,1,1
1395,109850,0.97,4,1
1396,109853,0.98,3,1
1397,109864,0.9,11,1
1398,109871,0.94,7,1
1399,109877,0.95,6,1
1400,109884,0.94,7,1
1401,109891,0.94,7,1
1402,109899,0.93,8,1
1403,109907,0.93,8,1
1404,109914,0.94,7,1
1405,109918,0.97,4,1
1406,109920,0.99,2,1
1407,109927,0.94,7,1
1408,109929,0.99,2,1
1409,109934,0.96,5,1
1410,109942,0.93,8,1
1411,109953,0.9,11,1
1412,109956,0.98,3,1
1413,109960,0.97,4,1
1414,109962,0.99,2,1
1415,109967,0.96,5,1
1416,109973,0.95,6,1
1417,109977,0.97,4,1
1418,109982,0.96,5,1
1419,109990,0.93,8,1
1420,109992,0.99,2,1
1421,110000,0.93,8,1
1422,110008,0.93,8,1
1423,110019,0.9,11,1
1424,110025,0.95,6,1
1425,110035,0.91,10,1
1426,110041,0.95,6,1
1427,110051,0.91,10,1
1428,110059,0.93,8,1
1429,110067,0.93,8,1
1430,110072,0.96,5,1
1431,110078,0.95,6,1
1432,110087,0.92,9,1
1433,110092,0.96,5,1
1434,110101,0.92,9,1
1435,110108,0.94,7,1
1436,110119,0.9,11,1
1437,110127,0.93,8,1
1438,110135,0.93,8,1
1439,110141,0.95,6,1
1440,110146,0.96,5,1
1441,110154,0.93,8,1
1442,110158,0.97,4,1
1443,110168,0.91,10,1
1444,110171,0.98,3,1
1445,110179,0.93,8,1
1446,110180,1.0,1,1
1447,110184,0.97,4,1
1448,110189,0.96,5,1
1449,110191,0.99,2,1
1450,110198,0.94,7,1
1451,110208,0.91,10,1
1452,110213,0.96,5,1
1453,110223,0.91,10,1
1454,110230,0.94,7,1
1455,110235,0.96,5,1
1456,110239,0.97,4,1
1457,110247,0.93,8,1
1458,110256,0.92,9,1
1459,110264,0.93,8,1
1460,110270,0.95,6,1
1461,110277,0.94,7,1
1462,110285,0.93,8,1
1463,110292,0.94,7,1
1464,110297,0.96,5,1
1465,110301,0.97,4,1
1466,110302,1.0,1,1
1467,110312,0.91,10,1
1468,110316,0.97,4,1
1469,110320,0.97,4,1
1470,110323,0.98,3,1
1471,110333,0.91,10,1
1472,110338,0.96,5,1
1473,110346,0.93,8,1
1474,110355,0.92,9,1
1475,110363,0.93,8,1
1476,110373,0.91,10,1
1477,110379,0.95,6,1
1478,110381,0.99,2,1
1479,110390,0.92,9,1
1480,110394,0.97,4,1
1481,110400,0.95,6,1
1482,110401,1.0,1,1
1483,110402,1.0,1,1
1484,110413,0.9,11,1
1485,110419,0.95,6,1
1486,110429,0.91,10,1
1487,110438,0.92,9,1
1488,110444,0.95,6,1
1489,110447,0.98,3,1
1490,110451,0.97,4,1
1491,110461,0.91,10,1
1492,110468,0.94,7,1
1493,110476,0.93,8,1
1494,110477,1.0,1,1
1495,110482,0.96,5,1
1496,110488,0.95,6,1
1497,110491,0.98,3,1
1498,110495,0.97,4,1
1499,110503,0.93,8,1
1500,110504,1.0,1,1
1501,110513,0.92,9,1
1502,110527,0.87,14,1
1503,110537,0.91,10,1
1504,110538,1.0,1,1
1505,110543,0.96,5,1
1506,110549,0.95,6,1
1507,110557,0.93,8,1
1508,110567,0.91,10,1
1509,110572,0.96,5,1
1510,110578,0.95,6,1
1511,110580,0.99,2,1
1512,110592,0.89,12,1
1513,110594,0.99,2,1
1514,110604,0.91,10,1
1515,110614,0.91,10,1
1516,110626,0.89,12,1
1517,110636,0.91,10,1
1518,110639,0.98,3,1
1519,110648,0.92,9,1
1520,110656,0.93,8,1
1521,110664,0.93,8,1
1522,110670,0.95,6,1
1523,110681,0.9,11,1
1524,110689,0.93,8,1
1525,110695,0.95,6,1
1526,110701,0.95,6,1
1527,110707,0.95,6,1
1528,110711,0.97,4,1
1529,110722,0.9,11,1
1530,110723,1.0,1,1
1531,110731,0.93,8,1
1532,110738,0.94,7,1
1533,110739,1.0,1,1
1534,110745,0.95,6,1
1535,110747,0.99,2,1
1536,110756,0.92,9,1
1537,110767,0.9,11,1
1538,110774,0.94,7,1
1539,110781,0.94,7,1
1540,110787,0.95,6,1
1541,110789,0.99,2,1
1542,110796,0.94,7,1
1543,110802,0.95,6,1
1544,110813,0.9,11,1
1545,110820,0.94,7,1
1546,110826,0.95,6,1
1547,110832,0.95,6,1
1548,110834,0.99,2,1
1549,110845,0.9,11,1
1550,110846,1.0,1,1
1551,110859,0.88,13,1
1552,110863,0.97,4,1
1553,110867,0.97,4,1
1554,110870,0.98,3,1
1555,110871,1.0,1,1
1556,110873,0.99,2,1
1557,110880,0.94,7,1
1558,110887,0.94,7,1
1559,110894,0.94,7,1
1560,110902,0.93,8,1
1561,110915,0.88,13,1
1562,110918,0.98,3,1
1563,110927,0.92,9,1
1564,110928,1.0,1,1
1565,110935,0.94,7,1
1566,110942,0.94,7,1
1567,110949,0.94,7,1
1568,110952,0.98,3,1
1569,110955,0.98,3,1
1570,110962,0.94,7,1
1571,110966,0.97,4,1
1572,110973,0.94,7,1
1573,110983,0.91,10,1
1574,110989,0.95,6,1
1575,110994,0.96,5,1
1576,111005,0.9,11,1
1577,111009,0.97,4,1
1578,111018,0.92,9,1
1579,111025,0.94,7,1
1580,111036,0.9,11,1
1581,111051,0.86,15,1
1582,111056,0.96,5,1
1583,111059,0.98,3,1
1584,111068,0.92,9,1
1585,111074,0.95,6,1
1586,111076,0.99,2,1
1587,111077,1.0,1,1
1588,111083,0.95,6,1
1589,111090,0.94,7,1
1590,111098,0.93,8,1
1591,111107,0.92,9,1
1592,111114,0.94,7,1
1593,111121,0.94,7,1
1594,111127,0.95,6,1
1595,111136,0.92,9,1
1596,111148,0.89,12,1
1597,111149,1.0,1,1
1598,111150,1.0,1,1
1599,111157,0.94,7,1
1600,111167,0.91,10,1
1601,111176,0.92,9,1
1602,111186,0.91,10,1
1603,111193,0.94,7,1
1604,111199,0.95,6,1
1605,111205,0.95,6,1
1606,111214,0.92,9,1
1607,111222,0.93,8,1
1608,111230,0.93,8,1
1609,111238,0.93,8,1
1610,111244,0.95,6,1
1611,111249,0.96,5,1
1612,111254,0.96,5,1
1613,111260,0.95,6,1
1614,111261,1.0,1,1
1615,111273,0.89,12,1
1616,111280,0.94,7,1
1617,111283,0.98,3,1
1618,111290,0.94,7,1
1619,111294,0.97,4,1
1620,111302,0.93,8,1
1621,111310,0.93,8,1
1622,111319,0.92,9,1
1623,111322,0.98,3,1
1624,111328,0.95,6,1
1625,111329,1.0,1,1
1626,111335,0.95,6,1
1627,111341,0.95,6,1
1628,111342,1.0,1,1
1629,111350,0.93,8,1
1630,111353,0.98,3,1
1631,111358,0.96,5,1
1632,111367,0.92,9,1
1633,111369,0.99,2,1
1634,111377,0.93,8,1
1635,111381,0.97,4,1
1636,111390,0.92,9,1
1637,111396,0.95,6,1
1638,111400,0.97,4,1
1639,111411,0.9,11,1
1640,111412,1.0,1,1
1641,111417,0.96,5,1
1642,111423,0.95,6,1
1643,111430,0.94,7,1
1644,111438,0.93,8,1
1645,111443,0.96,5,1
1646,111454,0.9,11,1
1647,111458,0.97,4,1
1648,111467,0.92,9,1
1649,111474,0.94,7,1
1650,111479,0.96,5,1
1651,111486,0.94,7,1
1652,111491,0.96,5,1
1653,111499,0.93,8,1
1654,111504,0.96,5,1
1655,111516,0.89,12,1
1656,111524,0.93,8,1
1657,111532,0.93,8,1
1658,111538,0.95,6,1
1659,111539,1.0,1,1
1660,111541,0.99,2,1
1661,111547,0.95,6,1
1662,111555,0.93,8,1
1663,111562,0.94,7,1
1664,111566,0.97,4,1
1665,111575,0.92,9,1
1666,111584,0.92,9,1
1667,111593,0.92,9,1
1668,111601,0.93,8,1
1669,111610,0.92,9,1
1670,111616,0.95,6,1
1671,111617,1.0,1,1
1672,111624,0.94,7,1
1673,111634,0.91,10,1
1674,111647,0.88,13,1
1675,111651,0.97,4,1
1676,111659,0.93,8,1
1677,111663,0.97,4,1
1678,111669,0.95,6,1
1679,111677,0.93,8,1
1680,111684,0.94,7,1
1681,111692,0.93,8,1
1682,111698,0.95,6,1
1683,111699,1.0,1,1
1684,111710,0.9,11,1
1685,111719,0.92,9,1
1686,111724,0.96,5,1
1687,111733,0.92,9,1
1688,111740,0.94,7,1
1689,111749,0.92,9,1
1690,111751,0.99,2,1
1691,111757,0.95,6,1
1692,111767,0.91,10,1
1693,111777,0.91,10,1
1694,111786,0.92,9,1
1695,111794,0.93,8,1
1696,111801,0.94,7,1
1697,111809,0.93,8,1
1698,111818,0.92,9,1
1699,111819,1.0,1,1
1700,111826,0.94,7,1
1701,111836,0.91,10,1
1702,111844,0.93,8,1
1703,111850,0.95,6,1
1704,111855,0.96,5,1
1705,111858,0.98,3,1
1706,111866,0.93,8,1
1707,111872,0.95,6,1
1708,111873,1.0,1,1
1709,111880,0.94,7,1
1710,111889,0.92,9,1
1711,111900,0.9,11,1
1712,111901,1.0,1,1
1713,111909,0.93,8,1
1714,111918,0.92,9,1
1715,111927,0.92,9,1
1716,111932,0.96,5,1
1717,111943,0.9,11,1
1718,111950,0.94,7,1
1719,111958,0.93,8,1
1720,111959,1.0,1,1
1721,111967,0.93,8,1
1722,111973,0.95,6,1
1723,111978,0.96,5,1
1724,111989,0.9,11,1
1725,111991,0.99,2,1
1726,111992,1.0,1,1
1727,112002,0.91,10,1
1728,112005,0.98,3,1
1729,112012,0.94,7,1
1730,112014,0.99,2,1
1731,112015,1.0,1,1
1732,112019,0.97,4,1
1733,112025,0.95,6,1
1734,112026,1.0,1,1
1735,112031,0.96,5,1
1736,112036,0.96,5,1
1737,112043,0.94,7,1
1738,112049,0.95,6,1
1739,112054,0.96,5,1
1740,112060,0.95,6,1
1741,112067,0.94,7,1
1742,112069,0.99,2,1
1743,112076,0.94,7,1
1744,112084,0.93,8,1
1745,112092,0.93,8,1
1746,112096,0.97,4,1
1747,112103,0.94,7,1
1748,112106,0.98,3,1
1749,112108,0.99,2,1
1750,112109,1.0,1,1
1751,112117,0.93,8,1
1752,112121,0.97,4,1
1753,112124,0.98,3,1
1754,112132,0.93,8,1
1755,112136,0.97,4,1
1756,112143,0.94,7,1
1757,112150,0.94,7,1
1758,112151,1.0,1,1
1759,112160,0.92,9,1
1760,112165,0.96,5,1
1761,112171,0.95,6,1
1762,112172,1.0,1,1
1763,112179,0.94,7,1
1764,112180,1.0,1,1
1765,112189,0.92,9,1
1766,112196,0.94,7,1
1767,112205,0.92,9,1
1768,112212,0.94,7,1
1769,112223,0.9,11,1
1770,112230,0.94,7,1
1771,112237,0.94,7,1
1772,112244,0.94,7,1
1773,112247,0.98,3,1
1774,112257,0.91,10,1
1775,112264,0.94,7,1
1776,112280,0.85,16,1
1777,112290,0.91,10,1
1778,112292,0.99,2,1
1779,112301,0.92,9,1
1780,112308,0.94,7,1
1781,112316,0.93,8,1
1782,112324,0.93,8,1
1783,112331,0.94,7,1
1784,112335,0.97,4,1
1785,112340,0.96,5,1
1786,112346,0.95,6,1
1787,112355,0.92,9,1
1788,112371,0.85,16,1
1789,112378,0.94,7,1
1790,112380,0.99,2,1
1791,112388,0.93,8,1
1792,112395,0.94,7,1
1793,112399,0.97,4,1
1794,112404,0.96,5,1
1795,112410,0.95,6,1
1796,112419,0.92,9,1
1797,112429,0.91,10,1
1798,112434,0.96,5,1
1799,112439,0.96,5,1
1800,112440,1.0,1,1
1801,112449,0.92,9,1
1802,112462,0.88,13,1
1803,112467,0.96,5,1
1804,112469,0.99,2,1
1805,112473,0.97,4,1
1806,112481,0.93,8,1
1807,112491,0.91,10,1
1808,112499,0.93,8,1
1809,112509,0.91,10,1
1810,112518,0.92,9,1
1811,112528,0.91,10,1
1812,112538,0.91,10,1
1813,112544,0.95,6,1
1814,112551,0.94,7,1
1815,112561,0.91,10,1
1816,112563,0.99,2,1
1817,112570,0.94,7,1
1818,112572,0.99,2,1
1819,112582,0.91,10,1
1820,112588,0.95,6,1
1821,112598,0.91,10,1
1822,112600,0.99,2,1
1823,112607,0.94,7,1
1824,112610,0.98,3,1
1825,112614,0.97,4,1
1826,112619,0.96,5,1
1827,112624,0.96,5,1
1828,112634,0.91,10,1
1829,112640,0.95,6,1
1830,112641,1.0,1,1
1831,112646,0.96,5,1
1832,112653,0.94,7,1
1833,112658,0.96,5,1
1834,112662,0.97,4,1
1835,112663,1.0,1,1
1836,112674,0.9,11,1
1837,112678,0.97,4,1
1838,112682,0.97,4,1
1839,112691,0.92,9,1
1840,112696,0.96,5,1
1841,112704,0.93,8,1
1842,112708,0.97,4,1
1843,112718,0.91,10,1
1844,112728,0.91,10,1
1845,112736,0.93,8,1
1846,112743,0.94,7,1
1847,112751,0.93,8,1
1848,112753,0.99,2,1
1849,112759,0.95,6,1
1850,112768,0.92,9,1
1851,112769,1.0,1,1
1852,112777,0.93,8,1
1853,112780,0.98,3,1
1854,112785,0.96,5,1
1855,112794,0.92,9,1
1856,112803,0.92,9,1
1857,112810,0.94,7,1
1858,112820,0.91,10,1
1859,112825,0.96,5,1
1860,112835,0.91,10,1
1861,112845,0.91,10,1
1862,112847,0.99,2,1
1863,112855,0.93,8,1
1864,112863,0.93,8,1
1865,112872,0.92,9,1
1866,112880,0.93,8,1
1867,112890,0.91,10,1
1868,112901,0.9,11,1
1869,112907,0.95,6,1
1870,112908,1.0,1,1
1871,112916,0.93,8,1
1872,112923,0.94,7,1
1873,112930,0.94,7,1
1874,112937,0.94,7,1
1875,112942,0.96,5,1
1876,112948,0.95,6,1
1877,112950,0.99,2,1
1878,112959,0.92,9,1
1879,112964,0.96,5,1
1880,112970,0.95,6,1
1881,112978,0.93,8,1
1882,112983,0.96,5,1
1883,112987,0.97,4,1
1884,112992,0.96,5,1
1885,113001,0.92,9,1
1886,113002,1.0,1,1
1887,113012,0.91,10,1
1888,113014,0.99,2,1
1889,113022,0.93,8,1
1890,113032,0.91,10,1
1891,113042,0.91,10,1
1892,113049,0.94,7,1
1893,113050,1.0,1,1
1894,113059,0.92,9,1
1895,113069,0.91,10,1
1896,113074,0.96,5,1
1897,113080,0.95,6,1
1898,113083,0.98,3,1
1899,113091,0.93,8,1
1900,113099,0.93,8,1
1901,113106,0.94,7,1
1902,113107,1.0,1,1
1903,113111,0.97,4,1
1904,113121,0.91,10,1
1905,113126,0.96,5,1
1906,113128,0.99,2,1
1907,113141,0.88,13,1
1908,113150,0.92,9,1
1909,113153,0.98,3,1
1910,113155,0.99,2,1
1911,113160,0.96,5,1
1912,113162,0.99,2,1
1913,113168,0.95,6,1
1914,113169,1.0,1,1
1915,113176,0.94,7,1
1916,113184,0.93,8,1
1917,113189,0.96,5,1
1918,113193,0.97,4,1
1919,113196,0.98,3,1
1920,113201,0.96,5,1
1921,113206,0.96,5,1
1922,113212,0.95,6,1
1923,113218,0.95,6,1
1924,113228,0.91,10,1
1925,113236,0.93,8,1
1926,113243,0.94,7,1
1927,113249,0.95,6,1
1928,113255,0.95,6,1
1929,113263,0.93,8,1
1930,113271,0.93,8,1
1931,113277,0.95,6,1
1932,113282,0.96,5,1
1933,113290,0.93,8,1
1934,113297,0.94,7,1
1935,113305,0.93,8,1
1936,113310,0.96,5,1
1937,113319,0.92,9,1
1938,113322,0.98,3,1
1939,113326,0.97,4,1
1940,113332,0.95,6,1
1941,113338,0.95,6,1
1942,113341,0.98,3,1
1943,113347,0.95,6,1
1944,113352,0.96,5,1
1945,113361,0.92,9,1
1946,113367,0.95,6,1
1947,113376,0.92,9,1
1948,113384,0.93,8,1
1949,113390,0.95,6,1
1950,113399,0.92,9,1
1951,113406,0.94,7,1
1952,113411,0.96,5,1
1953,113423,0.89,12,1
1954,113430,0.94,7,1
1955,113435,0.96,5,1
1956,113437,0.99,2,1
1957,113439,0.99,2,1
1958,113445,0.95,6,1
1959,113456,0.9,11,1
1960,113465,0.92,9,1
1961,113470,0.96,5,1
1962,113481,0.9,11,1
1963,113484,0.98,3,1
1964,113487,0.98,3,1
1965,113496,0.92,9,1
1966,113510,0.87,14,1
1967,113518,0.93,8,1
1968,113525,0.94,7,1
1969,113526,1.0,1,1
1970,113532,0.95,6,1
1971,113540,0.93,8,1
1972,113553,0.88,13,1
1973,113563,0.91,10,1
1974,113577,0.87,14,1
1975,113591,0.87,14,1
1976,113593,0.99,2,1
1977,113600,0.94,7,1
1978,113604,0.97,4,1
1979,113611,0.94,7,1
1980,113619,0.93,8,1
1981,113624,0.96,5,1
1982,113628,0.97,4,1
1983,113634,0.95,6,1
1984,113642,0.93,8,1
1985,113648,0.95,6,1
1986,113658,0.91,10,1
1987,113662,0.97,4,1
1988,113667,0.96,5,1
1989,113668,1.0,1,1
1990,113676,0.93,8,1
1991,113683,0.94,7,1
1992,113691,0.93,8,1
1993,113697,0.95,6,1
1994,113701,0.97,4,1
1995,113713,0.89,12,1
1996,113722,0.92,9,1
1997,113730,0.93,8,1
1998,113739,0.92,9,1
1999,113747,0.93,8,1
2000,113755,0.93,8,1
2001,113763,0.93,8,1
2002,113771,0.93,8,1
2003,113783,0.89,12,1
2004,113787,0.97,4,1
2005,113793,0.95,6,1
2006,113802,0.92,9,1
2007,113812,0.91,10,1
2008,113817,0.96,5,1
2009,113821,0.97,4,1
2010,113824,0.98,3,1
2011,113825,1.0,1,1
2012,113836,0.9,11,1
2013,113849,0.88,13,1
2014,113857,0.93,8,1
2015,113859,0.99,2,1
2016,113863,0.97,4,1
2017,113866,0.98,3,1
2018,113874,0.93,8,1
2019,113882,0.93,8,1
2020,113891,0.92,9,1
2021,113897,0.95,6,1
2022,113907,0.91,10,1
2023,113909,0.99,2,1
2024,113915,0.95,6,1
2025,113920,0.96,5,1
2026,113925,0.96,5,1
2027,113935,0.91,10,1
2028,113945,0.91,10,1
2029,113947,0.99,2,1
2030,113956,0.92,9,1
2031,113969,0.88,13,1
2032,113975,0.95,6,1
2033,113984,0.92,9,1
2034,113990,0.95,6,1
2035,113995,0.96,5,1
2036,113999,0.97,4,1
2037,114006,0.94,7,1
2038,114009,0.98,3,1
2039,114015,0.95,6,1
2040,114021,0.95,6,1
2041,114029,0.93,8,1
2042,114037,0.93,8,1
2043,114043,0.95,6,1
2044,114052,0.92,9,1
2045,114057,0.96,5,1
2046,114061,0.97,4,1
2047,114071,0.91,10,1
2048,114080,0.92,9,1
2049,114087,0.94,7,1
2050,114097,0.91,10,1
2051,114107,0.91,10,1
2052,114112,0.96,5,1
2053,114118,0.95,6,1
2054,114126,0.93,8,1
2055,114131,0.96,5,1
2056,114133,0.99,2,1
2057,114144,0.9,11,1
2058,114155,0.9,11,1
2059,114161,0.95,6,1
2060,114165,0.97,4,1
2061,114173,0.93,8,1
2062,114179,0.95,6,1
2063,114189,0.91,10,1
2064,114191,0.99,2,1
2065,114197,0.95,6,1
2066,114202,0.96,5,1
2067,114210,0.93,8,1
2068,114214,0.97,4,1
2069,114215,1.0,1,1
2070,114216,1.0,1,1
2071,114221,0.96,5,1
2072,114231,0.91,10,1
2073,114236,0.96,5,1
2074,114237,1.0,1,1
2075,114244,0.94,7,1
2076,114251,0.94,7,1
2077,114259,0.93,8,1
2078,114264,0.96,5,1
2079,114270,0.95,6,1
2080,114273,0.98,3,1
2081,114281,0.93,8,1
2082,114287,0.95,6,1
2083,114291,0.97,4,1
2084,114300,0.92,9,1
2085,114309,0.92,9,1
2086,114310,1.0,1,1
2087,114316,0.95,6,1
2088,114319,0.98,3,1
2089,114325,0.95,6,1
2090,114329,0.97,4,1
2091,114339,0.91,10,1
2092,114350,0.9,11,1
2093,114356,0.95,6,1
2094,114364,0.93,8,1
2095,114368,0.97,4,1
2096,114375,0.94,7,1
2097,114382,0.94,7,1
2098,114388,0.95,6,1
2099,114391,0.98,3,1
2100,114399,0.93,8,1
2101,114407,0.93,8,1
2102,114418,0.9,11,1
2103,114419,1.0,1,1
2104,114421,0.99,2,1
2105,114429,0.93,8,1
2106,114434,0.96,5,1
2107,114444,0.91,10,1
2108,114461,0.84,17,1
2109,114470,0.92,9,1
2110,114478,0.93,8,1
2111,114489,0.9,11,1
2112,114498,0.92,9,1
2113,114509,0.9,11,1
2114,114516,0.94,7,1
2115,114518,0.99,2,1
2116,114527,0.92,9,1
2117,114531,0.97,4,1
2118,114540,0.92,9,1
2119,114545,0.96,5,1
2120,114553,0.93,8,1
2121,114564,0.9,11,1
2122,114566,0.99,2,1
2123,114578,0.89,12,1
2124,114583,0.96,5,1
2125,114586,0.98,3,1
2126,114589,0.98,3,1
2127,114599,0.91,10,1
2128,114602,0.98,3,1
2129,114607,0.96,5,1
2130,114617,0.91,10,1
2131,114618,1.0,1,1
2132,114630,0.89,12,1
2133,114638,0.93,8,1
2134,114643,0.96,5,1
2135,114648,0.96,5,1
2136,114654,0.95,6,1
2137,114663,0.92,9,1
2138,114673,0.91,10,1
2139,114681,0.93,8,1
2140,114689,0.93,8,1
2141,114697,0.93,8,1
2142,114702,0.96,5,1
2143,114713,0.9,11,1
2144,114719,0.95,6,1
2145,114727,0.93,8,1
2146,114737,0.91,10,1
2147,114741,0.97,4,1
2148,114753,0.89,12,1
2149,114761,0.93,8,1
2150,114768,0.94,7,1
2151,114776,0.93,8,1
2152,114783,0.94,7,1
2153,114788,0.96,5,1
2154,114797,0.92,9,1
2155,114800,0.98,3,1
2156,114805,0.96,5,1
2157,114812,0.94,7,1
2158,114820,0.93,8,1
2159,114828,0.93,8,1
2160,114835,0.94,7,1
2161,114848,0.88,13,1
2162,114849,1.0,1,1
2163,114854,0.96,5,1
2164,114864,0.91,10,1
2165,114874,0.91,10,1
2166,114875,1.0,1,1
2167,114880,0.96,5,1
2168,114888,0.93,8,1
2169,114896,0.93,8,1
2170,114898,0.99,2,1
2171,114899,1.0,1,1
2172,114905,0.95,6,1
2173,114914,0.92,9,1
2174,114918,0.97,4,1
2175,114925,0.94,7,1
2176,114934,0.92,9,1
2177,114938,0.97,4,1
2178,114947,0.92,9,1
2179,114957,0.91,10,1
2180,114964,0.94,7,1
2181,114970,0.95,6,1
2182,114981,0.9,11,1
2183,114987,0.95,6,1
2184,114992,0.96,5,1
2185,114998,0.95,6,1
2186,115010,0.89,12,1
2187,115016,0.95,6,1
2188,115022,0.95,6,1
2189,115032,0.91,10,1
2190,115038,0.95,6,1
2191,115040,0.99,2,1
2192,115047,0.94,7,1
2193,115054,0.94,7,1
2194,115055,1.0,1,1
2195,115059,0.97,4,1
2196,115064,0.96,5,1
2197,115070,0.95,6,1
2198,115074,0.97,4,1
2199,115075,1.0,1,1
2200,115086,0.9,11,1
2201,115090,0.97,4,1
2202,115100,0.91,10,1
2203,115102,0.99,2,1
2204,115104,0.99,2,1
2205,115108,0.97,4,1
2206,115117,0.92,9,1
2207,115123,0.95,6,1
2208,115125,0.99,2,1
2209,115134,0.92,9,1
2210,115142,0.93,8,1
2211,115147,0.96,5,1
2212,115151,0.97,4,1
2213,115156,0.96,5,1
2214,115168,0.89,12,1
2215,115180,0.89,12,1
2216,115183,0.98,3,1
2217,115194,0.9,11,1
2218,115195,1.0,1,1
2219,115201,0.95,6,1
2220,115211,0.91,10,1
2221,115218,0.94,7,1
2222,115223,0.96,5,1
2223,115233,0.91,10,1
2224,115248,0.86,15,1
2225,115249,1.0,1,1
2226,115255,0.95,6,1
2227,115262,0.94,7,1
2228,115272,0.91,10,1
2229,115279,0.94,7,1
2230,115281,0.99,2,1
2231,115283,0.99,2,1
2232,115285,0.99,2,1
2233,115291,0.95,6,1
2234,115299,0.93,8,1
2235,115300,1.0,1,1
2236,115309,0.92,9,1
2237,115310,1.0,1,1
2238,115318,0.93,8,1
2239,115319,1.0,1,1
2240,115324,0.96,5,1
2241,115332,0.93,8,1
2242,115333,1.0,1,1
2243,115343,0.91,10,1
2244,115345,0.99,2,1
2245,115349,0.97,4,1
2246,115350,1.0,1,1
2247,115358,0.93,8,1
2248,115366,0.93,8,1
2249,115373,0.94,7,1
2250,115381,0.93,8,1
2251,115391,0.91,10,1
2252,115400,0.92,9,1
2253,115407,0.94,7,1
2254,115413,0.95,6,1
2255,115423,0.91,10,1
2256,115434,0.9,11,1
2257,115440,0.95,6,1
2258,115445,0.96,5,1
2259,115453,0.93,8,1
2260,115458,0.96,5,1
2261,115464,0.95,6,1
2262,115469,0.96,5,1
2263,115476,0.94,7,1
2264,115484,0.93,8,1
2265,115491,0.94,7,1
2266,115499,0.93,8,1
2267,115502,0.98,3,1
2268,115509,0.94,7,1
2269,115510,1.0,1,1
2270,115511,1.0,1,1
2271,115513,0.99,2,1
2272,115518,0.96,5,1
2273,115528,0.91,10,1
2274,115531,0.98,3,1
2275,115534,0.98,3,1
2276,115535,1.0,1,1
2277,115542,0.94,7,1
2278,115548,0.95,6,1
2279,115556,0.93,8,1
2280,115567,0.9,11,1
2281,115572,0.96,5,1
2282,115578,0.95,6,1
2283,115588,0.91,10,1
2284,115598,0.91,10,1
2285,115601,0.98,3,1
2286,115607,0.95,6,1
2287,115611,0.97,4,1
2288,115617,0.95,6,1
2289,115627,0.91,10,1
2290,115629,0.99,2,1
2291,115630,1.0,1,1
2292,115633,0.98,3,1
2293,115642,0.92,9,1
2294,115649,0.94,7,1
2295,115658,0.92,9,1
2296,115666,0.93,8,1
2297,115671,0.96,5,1
2298,115679,0.93,8,1
2299,115681,0.99,2,1
2300,115688,0.94,7,1
2301,115690,0.99,2,1
2302,115693,0.98,3,1
2303,115705,0.89,12,1
2304,115712,0.94,7,1
2305,115713,1.0,1,1
2306,115721,0.93,8,1
2307,115727,0.95,6,1
2308,115728,1.0,1,1
2309,115733,0.96,5,1
2310,115735,0.99,2,1
2311,115740,0.96,5,1
2312,115743,0.98,3,1
2313,115755,0.89,12,1
2314,115758,0.98,3,1
2315,115767,0.92,9,1
2316,115777,0.91,10,1
2317,115789,0.89,12,1
2318,115796,0.94,7,1
2319,115804,0.93,8,1
2320,115809,0.96,5,1
2321,115815,0.95,6,1
2322,115820,0.96,5,1
2323,115821,1.0,1,1
2324,115827,0.95,6,1
2325,115829,0.99,2,1
2326,115834,0.96,5,1
2327,115838,0.97,4,1
2328,115844,0.95,6,1
2329,115850,0.95,6,1
2330,115860,0.91,10,1
2331,115861,1.0,1,1
2332,115869,0.93,8,1
2333,115878,0.92,9,1
2334,115883,0.96,5,1
2335,115888,0.96,5,1
2336,115893,0.96,5,1
2337,115896,0.98,3,1
2338,115901,0.96,5,1
2339,115914,0.88,13,1
2340,115927,0.88,13,1
2341,115936,0.92,9,1
2342,115944,0.93,8,1
2343,115951,0.94,7,1
2344,115959,0.93,8,1
2345,115964,0.96,5,1
2346,115973,0.92,9,1
2347,115981,0.93,8,1
2348,115988,0.94,7,1
2349,115995,0.94,7,1
2350,115996,1.0,1,1
2351,116002,0.95,6,1
2352,116008,0.95,6,1
2353,116018,0.91,10,1
2354,116024,0.95,6,1
2355,116030,0.95,6,1
2356,116039,0.92,9,1
2357,116041,0.99,2,1
2358,116050,0.92,9,1
2359,116058,0.93,8,1
2360,116064,0.95,6,1
2361,116073,0.92,9,1
2362,116078,0.96,5,1
2363,116084,0.95,6,1
2364,116092,0.93,8,1
2365,116103,0.9,11,1
2366,116109,0.95,6,1
2367,116119,0.91,10,1
2368,116125,0.95,6,1
2369,116129,0.97,4,1
2370,116139,0.91,10,1
2371,116146,0.94,7,1
2372,116151,0.96,5,1
2373,116159,0.93,8,1
2374,116162,0.98,3,1
2375,116168,0.95,6,1
2376,116178,0.91,10,1
2377,116188,0.91,10,1
2378,116195,0.94,7,1
2379,116203,0.93,8,1
2380,116211,0.93,8,1
2381,116213,0.99,2,1
2382,116219,0.95,6,1
2383,116222,0.98,3,1
2384,116230,0.93,8,1
2385,116233,0.98,3,1
2386,116239,0.95,6,1
2387,116250,0.9,11,1
2388,116257,0.94,7,1
2389,116258,1.0,1,1
2390,116264,0.95,6,1
2391,116267,0.98,3,1
2392,116280,0.88,13,1
2393,116298,0.83,18,1
2394,116303,0.96,5,1
2395,116307,0.97,4,1
2396,116313,0.95,6,1
2397,116321,0.93,8,1
2398,116322,1.0,1,1
2399,116330,0.93,8,1
2400,116335,0.96,5,1
2401,116341,0.95,6,1
2402,116343,0.99,2,1
2403,116348,0.96,5,1
2404,116359,0.9,11,1
2405,116364,0.96,5,1
2406,116370,0.95,6,1
2407,116377,0.94,7,1
2408,116378,1.0,1,1
2409,116383,0.96,5,1
2410,116388,0.96,5,1
2411,116395,0.94,7,1
2412,116399,0.97,4,1
2413,116404,0.96,5,1
2414,116412,0.93,8,1
2415,116420,0.93,8,1
2416,116425,0.96,5,1
2417,116433,0.93,8,1
2418,116441,0.93,8,1
2419,116453,0.89,12,1
2420,116460,0.94,7,1
2421,116464,0.97,4,1
2422,116466,0.99,2,1
2423,116476,0.91,10,1
2424,116481,0.96,5,1
2425,116487,0.95,6,1
2426,116495,0.93,8,1
2427,116505,0.91,10,1
2428,116515,0.91,10,1
2429,116518,0.98,3,1
2430,116526,0.93,8,1
2431,116533,0.94,7,1
2432,116534,1.0,1,1
2433,116542,0.93,8,1
2434,116548,0.95,6,1
2435,116556,0.93,8,1
2436,116567,0.9,11,1
2437,116575,0.93,8,1
2438,116582,0.94,7,1
2439,116589,0.94,7,1
2440,116594,0.96,5,1
2441,116597,0.98,3,1
2442,116602,0.96,5,1
2443,116610,0.93,8,1
2444,116619,0.92,9,1
2445,116628,0.92,9,1
2446,116636,0.93,8,1
2447,116637,1.0,1,1
2448,116643,0.95,6,1
2449,116651,0.93,8,1
2450,116653,0.99,2,1
2451,116660,0.94,7,1
2452,116666,0.95,6,1
2453,116673,0.94,7,1
2454,116682,0.92,9,1
2455,116688,0.95,6,1
2456,116694,0.95,6,1
2457,116698,0.97,4,1
2458,116705,0.94,7,1
2459,116714,0.92,9,1
2460,116721,0.94,7,1
2461,116728,0.94,7,1
2462,116735,0.94,7,1
2463,116744,0.92,9,1
2464,116753,0.92,9,1
2465,116754,1.0,1,1
2466,116758,0.97,4,1
2467,116760,0.99,2,1
2468,116770,0.91,10,1
2469,116773,0.98,3,1
2470,116783,0.91,10,1
2471,116786,0.98,3,1
2472,116787,1.0,1,1
2473,116796,0.92,9,1
2474,116797,1.0,1,1
2475,116807,0.91,10,1
2476,116815,0.93,8,1
2477,116824,0.92,9,1
2478,116831,0.94,7,1
2479,116840,0.92,9,1
2480,116852,0.89,12,1
2481,116858,0.95,6,1
2482,116864,0.95,6,1
2483,116872,0.93,8,1
2484,116884,0.89,12,1
2485,116886,0.99,2,1
2486,116888,0.99,2,1
2487,116895,0.94,7,1
2488,116896,1.0,1,1
2489,116905,0.92,9,1
2490,116912,0.94,7,1
2491,116918,0.95,6,1
2492,116927,0.92,9,1
2493,116936,0.92,9,1
2494,116943,0.94,7,1
2495,116952,0.92,9,1
2496,116961,0.92,9,1
2497,116962,1.0,1,1
2498,116966,0.97,4,1
2499,116974,0.93,8,1
2500,116981,0.94,7,1
2501,116985,0.97,4,1
2502,116991,0.95,6,1
2503,116999,0.93,8,1
2504,117003,0.97,4,1
2505,117013,0.91,10,1
2506,117025,0.89,12,1
2507,117032,0.94,7,1
2508,117034,0.99,2,1
2509,117040,0.95,6,1
2510,117048,0.93,8,1
2511,117049,1.0,1,1
2512,117058,0.92,9,1
2513,117064,0.95,6,1
2514,117074,0.91,10,1
2515,117082,0.93,8,1
2516,117092,0.91,10,1
2517,117101,0.92,9,1
2518,117108,0.94,7,1
2519,117116,0.93,8,1
2520,117120,0.97,4,1
2521,117127,0.94,7,1
2522,117134,0.94,7,1
2523,117143,0.92,9,1
2524,117154,0.9,11,1
2525,117165,0.9,11,1
2526,117170,0.96,5,1
2527,117175,0.96,5,1
2528,117178,0.98,3,1
2529,117185,0.94,7,1
2530,117192,0.94,7,1
2531,117193,1.0,1,1
2532,117204,0.9,11,1
2533,117213,0.92,9,1
2534,117220,0.94,7,1
2535,117223,0.98,3,1
2536,117230,0.94,7,1
2537,117237,0.94,7,1
2538,117244,0.94,7,1
2539,117250,0.95,6,1
2540,117256,0.95,6,1
2541,117264,0.93,8,1
2542,117270,0.95,6,1
2543,117276,0.95,6,1
2544,117277,1.0,1,1
2545,117278,1.0,1,1
2546,117284,0.95,6,1
2547,117291,0.94,7,1
2548,117296,0.96,5,1
2549,117302,0.95,6,1
2550,117309,0.94,7,1
2551,117314,0.96,5,1
2552,117321,0.94,7,1
2553,117326,0.96,5,1
2554,117335,0.92,9,1
2555,117338,0.98,3,1
2556,117345,0.94,7,1
2557,117352,0.94,7,1
2558,117358,0.95,6,1
2559,117365,0.94,7,1
2560,117371,0.95,6,1
2561,117377,0.95,6,1
2562,117382,0.96,5,1
2563,117389,0.94,7,1
2564,117399,0.91,10,1
2565,117411,0.89,12,1
2566,117418,0.94,7,1
2567,117428,0.91,10,1
2568,117434,0.95,6,1
2569,117441,0.94,7,1
2570,117449,0.93,8,1
2571,117457,0.93,8,1
2572,117467,0.91,10,1
2573,117469,0.99,2,1
2574,117477,0.93,8,1
2575,117484,0.94,7,1
2576,117492,0.93,8,1
2577,117500,0.93,8,1
2578,117505,0.96,5,1
2579,117510,0.96,5,1
2580,117518,0.93,8,1
2581,117526,0.93,8,1
2582,117531,0.96,5,1
2583,117546,0.86,15,1
2584,117558,0.89,12,1
2585,117561,0.98,3,1
2586,117567,0.95,6,1
2587,117572,0.96,5,1
2588,117584,0.89,12,1
2589,117590,0.95,6,1
2590,117596,0.95,6,1
2591,117604,0.93,8,1
2592,117609,0.96,5,1
2593,117616,0.94,7,1
2594,117626,0.91,10,1
2595,117628,0.99,2,1
2596,117640,0.89,12,1
2597,117648,0.93,8,1
2598,117649,1.0,1,1
2599,117654,0.96,5,1
2600,117660,0.95,6,1
2601,117671,0.9,11,1
2602,117675,0.97,4,1
2603,117681,0.95,6,1
2604,117686,0.96,5,1
2605,117692,0.95,6,1
2606,117701,0.92,9,1
2607,117708,0.94,7,1
2608,117711,0.98,3,1
2609,117714,0.98,3,1
2610,117720,0.95,6,1
2611,117722,0.99,2,1
2612,117724,0.99,2,1
2613,117728,0.97,4,1
2614,117733,0.96,5,1
2615,117738,0.96,5,1
2616,117744,0.95,6,1
2617,117746,0.99,2,1
2618,117751,0.96,5,1
2619,117757,0.95,6,1
2620,117765,0.93,8,1
2621,117769,0.97,4,1
2622,117773,0.97,4,1
2623,117787,0.87,14,1
2624,117788,1.0,1,1
2625,117798,0.91,10,1
2626,117806,0.93,8,1
2627,117808,0.99,2,1
2628,117813,0.96,5,1
2629,117824,0.9,11,1
2630,117834,0.91,10,1
2631,117835,1.0,1,1
2632,117836,1.0,1,1
2633,117846,0.91,10,1
2634,117851,0.96,5,1
2635,117860,0.92,9,1
2636,117869,0.92,9,1
2637,117871,0.99,2,1
2638,117881,0.91,10,1
2639,117882,1.0,1,1
2640,117889,0.94,7,1
2641,117890,1.0,1,1
2642,117901,0.9,11,1
2643,117908,0.94,7,1
2644,117910,0.99,2,1
2645,117912,0.99,2,1
2646,117913,1.0,1,1
2647,117920,0.94,7,1
2648,117924,0.97,4,1
2649,117934,0.91,10,1
2650,117938,0.97,4,1
2651,117939,1.0,1,1
2652,117950,0.9,11,1
2653,117957,0.94,7,1
2654,117969,0.89,12,1
2655,117970,1.0,1,1
2656,117980,0.91,10,1
2657,117988,0.93,8,1
2658,117995,0.94,7,1
2659,117998,0.98,3,1
2660,118008,0.91,10,1
2661,118013,0.96,5,1
2662,118024,0.9,11,1
2663,118031,0.94,7,1
2664,118039,0.93,8,1
2665,118044,0.96,5,1
2666,118051,0.94,7,1
2667,118052,1.0,1,1
2668,118062,0.91,10,1
2669,118063,1.0,1,1
2670,118067,0.97,4,1
2671,118077,0.91,10,1
2672,118082,0.96,5,1
2673,118093,0.9,11,1
2674,118095,0.99,2,1
2675,118105,0.91,10,1
2676,118112,0.94,7,1
2677,118119,0.94,7,1
2678,118128,0.92,9,1
2679,118135,0.94,7,1
2680,118137,0.99,2,1
2681,118142,0.96,5,1
2682,118151,0.92,9,1
2683,118158,0.94,7,1
2684,118164,0.95,6,1
2685,118174,0.91,10,1
2686,118188,0.87,14,1
2687,118193,0.96,5,1
2688,118200,0.94,7,1
2689,118208,0.93,8,1
2690,118219,0.9,11,1
2691,118226,0.94,7,1
2692,118232,0.95,6,1
2693,118242,0.91,10,1
2694,118247,0.96,5,1
2695,118257,0.91,10,1
2696,118264,0.94,7,1
2697,118275,0.9,11,1
2698,118279,0.97,4,1
2699,118285,0.95,6,1
2700,118295,0.91,10,1
2701,118297,0.99,2,1
2702,118299,0.99,2,1
2703,118306,0.94,7,1
2704,118308,0.99,2,1
2705,118316,0.93,8,1
2706,118324,0.93,8,1
2707,118334,0.91,10,1
2708,118336,0.99,2,1
2709,118344,0.93,8,1
2710,118349,0.96,5,1
2711,118357,0.93,8,1
2712,118368,0.9,11,1
2713,118379,0.9,11,1
2714,118388,0.92,9,1
2715,118396,0.93,8,1
2716,118407,0.9,11,1
2717,118418,0.9,11,1
2718,118424,0.95,6,1
2719,118429,0.96,5,1
2720,118441,0.89,12,1
2721,118442,1.0,1,1
2722,118444,0.99,2,1
2723,118447,0.98,3,1
2724,118448,1.0,1,1
2725,118456,0.93,8,1
2726,118461,0.96,5,1
2727,118468,0.94,7,1
2728,118474,0.95,6,1
2729,118480,0.95,6,1
2730,118482,0.99,2,1
2731,118493,0.9,11,1
2732,118499,0.95,6,1
2733,118508,0.92,9,1
2734,118514,0.95,6,1
2735,118515,1.0,1,1
2736,118517,0.99,2,1
2737,118520,0.98,3,1
2738,118524,0.97,4,1
2739,118531,0.94,7,1
2740,118539,0.93,8,1
2741,118540,1.0,1,1
2742,118542,0.99,2,1
2743,118547,0.96,5,1
2744,118554,0.94,7,1
2745,118561,0.94,7,1
2746,118566,0.96,5,1
2747,118576,0.91,10,1
2748,118587,0.9,11,1
2749,118596,0.92,9,1
2750,118605,0.92,9,1
2751,118607,0.99,2,1
2752,118616,0.92,9,1
2753,118617,1.0,1,1
2754,118618,1.0,1,1
2755,118626,0.93,8,1
2756,118633,0.94,7,1
2757,118639,0.95,6,1
2758,118641,0.99,2,1
2759,118647,0.95,6,1
2760,118655,0.93,8,1
2761,118657,0.99,2,1
2762,118668,0.9,11,1
2763,118679,0.9,11,1
2764,118686,0.94,7,1
2765,118688,0.99,2,1
2766,118694,0.95,6,1
2767,118698,0.97,4,1
2768,118705,0.94,7,1
2769,118711,0.95,6,1
2770,118721,0.91,10,1
2771,118732,0.9,11,1
2772,118733,1.0,1,1
2773,118737,0.97,4,1
2774,118745,0.93,8,1
2775,118752,0.94,7,1
2776,118759,0.94,7,1
2777,118764,0.96,5,1
2778,118765,1.0,1,1
2779,118770,0.96,5,1
2780,118774,0.97,4,1
2781,118779,0.96,5,1
2782,118788,0.92,9,1
2783,118789,1.0,1,1
2784,118791,0.99,2,1
2785,118798,0.94,7,1
2786,118807,0.92,9,1
2787,118809,0.99,2,1
2788,118819,0.91,10,1
2789,118824,0.96,5,1
2790,118836,0.89,12,1
2791,118843,0.94,7,1
2792,118847,0.97,4,1
2793,118854,0.94,7,1
2794,118855,1.0,1,1
2795,118857,0.99,2,1
2796,118859,0.99,2,1
2797,118867,0.93,8,1
2798,118877,0.91,10,1
2799,118893,0.85,16,1
2800,118902,0.92,9,1
2801,118907,0.96,5,1
2802,118914,0.94,7,1
2803,118922,0.93,8,1
2804,118934,0.89,12,1
2805,118948,0.87,14,1
2806,118955,0.94,7,1
2807,118960,0.96,5,1
2808,118965,0.96,5,1
2809,118976,0.9,11,1
2810,118982,0.95,6,1
2811,118986,0.97,4,1
2812,118987,1.0,1,1
2813,118998,0.9,11,1
2814,119007,0.92,9,1
2815,119016,0.92,9,1
2816,119022,0.95,6,1
2817,119027,0.96,5,1
2818,119037,0.91,10,1
2819,119047,0.91,10,1
2820,119051,0.97,4,1
2821,119066,0.86,15,1
2822,119067,1.0,1,1
2823,119073,0.95,6,1
2824,119079,0.95,6,1
2825,119085,0.95,6,1
2826,119092,0.94,7,1
2827,119098,0.95,6,1
2828,119108,0.91,10,1
2829,119116,0.93,8,1
2830,119125,0.92,9,1
2831,119135,0.91,10,1
2832,119139,0.97,4,1
2833,119150,0.9,11,1
2834,119155,0.96,5,1
2835,119163,0.93,8,1
2836,119172,0.92,9,1
2837,119173,1.0,1,1
2838,119178,0.96,5,1
2839,119187,0.92,9,1
2840,119189,0.99,2,1
2841,119199,0.91,10,1
2842,119215,0.85,16,1
2843,119221,0.95,6,1
2844,119230,0.92,9,1
2845,119237,0.94,7,1
2846,119240,0.98,3,1
2847,119245,0.96,5,1
2848,119252,0.94,7,1
2849,119253,1.0,1,1
2850,119258,0.96,5,1
2851,119266,0.93,8,1
2852,119275,0.92,9,1
2853,119286,0.9,11,1
2854,119292,0.95,6,1
2855,119298,0.95,6,1
2856,119310,0.89,12,1
2857,119317,0.94,7,1
2858,119329,0.89,12,1
2859,119340,0.9,11,1
2860,119349,0.92,9,1
2861,119351,0.99,2,1
2862,119359,0.93,8,1
2863,119366,0.94,7,1
2864,119375,0.92,9,1
2865,119381,0.95,6,1
2866,119389,0.93,8,1
2867,119391,0.99,2,1
2868,119393,0.99,2,1
2869,119400,0.94,7,1
2870,119408,0.93,8,1
2871,119410,0.99,2,1
2872,119418,0.93,8,1
2873,119426,0.93,8,1
2874,119433,0.94,7,1
2875,119436,0.98,3,1
2876,119443,0.94,7,1
2877,119444,1.0,1,1
2878,119449,0.96,5,1
2879,119458,0.92,9,1
2880,119463,0.96,5,1
2881,119465,0.99,2,1
2882,119472,0.94,7,1
2883,119482,0.91,10,1
2884,119485,0.98,3,1
2885,119493,0.93,8,1
2886,119500,0.94,7,1
2887,119511,0.9,11,1
2888,119514,0.98,3,1
2889,119520,0.95,6,1
2890,119523,0.98,3,1
2891,119531,0.93,8,1
2892,119538,0.94,7,1
2893,119547,0.92,9,1
2894,119555,0.93,8,1
2895,119562,0.94,7,1
2896,119565,0.98,3,1
2897,119567,0.99,2,1
2898,119574,0.94,7,1
2899,119576,0.99,2,1
2900,119583,0.94,7,1
2901,119592,0.92,9,1
2902,119605,0.88,13,1
2903,119613,0.93,8,1
2904,119618,0.96,5,1
2905,119629,0.9,11,1
2906,119634,0.96,5,1
2907,119641,0.94,7,1
2908,119647,0.95,6,1
2909,119648,1.0,1,1
2910,119658,0.91,10,1
2911,119664,0.95,6,1
2912,119673,0.92,9,1
2913,119679,0.95,6,1
2914,119688,0.92,9,1
2915,119697,0.92,9,1
2916,119705,0.93,8,1
2917,119707,0.99,2,1
2918,119711,0.97,4,1
2919,119719,0.93,8,1
2920,119720,1.0,1,1
2921,119726,0.95,6,1
2922,119727,1.0,1,1
2923,119738,0.9,11,1
2924,119745,0.94,7,1
2925,119746,1.0,1,1
2926,119751,0.96,5,1
2927,119752,1.0,1,1
2928,119761,0.92,9,1
2929,119769,0.93,8,1
2930,119775,0.95,6,1
2931,119783,0.93,8,1
2932,119789,0.95,6,1
2933,119800,0.9,11,1
2934,119801,1.0,1,1
2935,119808,0.94,7,1
2936,119816,0.93,8,1
2937,119822,0.95,6,1
2938,119830,0.93,8,1
2939,119839,0.92,9,1
2940,119844,0.96,5,1
2941,119845,1.0,1,1
2942,119851,0.95,6,1
2943,119859,0.93,8,1
2944,119866,0.94,7,1
2945,119873,0.94,7,1
2946,119880,0.94,7,1
2947,119890,0.91,10,1
2948,119896,0.95,6,1
2949,119905,0.92,9,1
2950,119912,0.94,7,1
2951,119913,1.0,1,1
2952,119919,0.95,6,1
2953,119920,1.0,1,1
2954,119921,1.0,1,1
2955,119933,0.89,12,1
2956,119941,0.93,8,1
2957,119947,0.95,6,1
2958,119951,0.97,4,1
2959,119961,0.91,10,1
2960,119962,1.0,1,1
2961,119972,0.91,10,1
2962,119973,1.0,1,1
2963,119983,0.91,10,1
2964,119989,0.95,6,1
2965,119992,0.98,3,1
2966,119995,0.98,3,1
2967,120005,0.91,10,1
2968,120009,0.97,4,1
2969,120010,1.0,1,1
2970,120016,0.95,6,1
2971,120028,0.89,12,1
2972,120036,0.93,8,1
2973,120038,0.99,2,1
2974,120046,0.93,8,1
2975,120052,0.95,6,1
2976,120058,0.95,6,1
2977,120059,1.0,1,1
2978,120061,0.99,2,1
2979,120065,0.97,4,1
2980,120069,0.97,4,1
2981,120080,0.9,11,1
2982,120087,0.94,7,1
2983,120094,0.94,7,1
2984,120102,0.93,8,1
2985,120104,0.99,2,1
2986,120111,0.94,7,1
2987,120112,1.0,1,1
2988,120123,0.9,11,1
2989,120131,0.93,8,1
2990,120141,0.91,10,1
2991,120149,0.93,8,1
2992,120160,0.9,11,1
2993,120166,0.95,6,1
2994,120168,0.99,2,1
2995,120174,0.95,6,1
2996,120185,0.9,11,1
2997,120191,0.95,6,1
2998,120198,0.94,7,1
2999,120199,1.0,1,1
3000,120206,0.94,7,1
3001,120207,1.0,1,1
3002,120220,0.88,13,1
3003,120226,0.95,6,1
3004,120230,0.97,4,1
3005,120235,0.96,5,1
3006,120244,0.92,9,1
3007,120250,0.95,6,1
3008,120264,0.87,14,1
3009,120268,0.97,4,1
3010,120271,0.98,3,1
3011,120276,0.96,5,1
3012,120284,0.93,8,1
3013,120295,0.9,11,1
3014,120301,0.95,6,1
3015,120310,0.92,9,1
3016,120315,0.96,5,1
3017,120323,0.93,8,1
3018,120327,0.97,4,1
3019,120335,0.93,8,1
3020,120340,0.96,5,1
3021,120347,0.94,7,1
3022,120355,0.93,8,1
3023,120362,0.94,7,1
3024,120368,0.95,6,1
3025,120378,0.91,10,1
3026,120389,0.9,11,1
3027,120398,0.92,9,1
3028,120403,0.96,5,1
3029,120413,0.91,10,1
3030,120415,0.99,2,1
3031,120418,0.98,3,1
3032,120424,0.95,6,1
3033,120433,0.92,9,1
3034,120438,0.96,5,1
3035,120441,0.98,3,1
3036,120448,0.94,7,1
3037,120459,0.9,11,1
3038,120467,0.93,8,1
3039,120475,0.93,8,1
3040,120477,0.99,2,1
3041,120478,1.0,1,1
3042,120487,0.92,9,1
3043,120494,0.94,7,1
3044,120501,0.94,7,1
3045,120508,0.94,7,1
3046,120509,1.0,1,1
3047,120510,1.0,1,1
3048,120518,0.93,8,1
3049,120537,0.82,19,1
3050,120543,0.95,6,1
3051,120550,0.94,7,1
3052,120553,0.98,3,1
3053,120560,0.94,7,1
3054,120568,0.93,8,1
3055,120574,0.95,6,1
3056,120581,0.94,7,1
3057,120587,0.95,6,1
3058,120595,0.93,8,1
3059,120604,0.92,9,1
3060,120611,0.94,7,1
3061,120614,0.98,3,1
3062,120618,0.97,4,1
3063,120625,0.94,7,1
3064,120636,0.9,11,1
3065,120641,0.96,5,1
3066,120642,1.0,1,1
3067,120650,0.93,8,1
3068,120661,0.9,11,1
3069,120670,0.92,9,1
3070,120680,0.91,10,1
3071,120689,0.92,9,1
3072,120696,0.94,7,1
3073,120704,0.93,8,1
3074,120713,0.92,9,1
3075,120721,0.93,8,1
3076,120726,0.96,5,1
3077,120727,1.0,1,1
3078,120736,0.92,9,1
3079,120743,0.94,7,1
3080,120752,0.92,9,1
3081,120760,0.93,8,1
3082,120761,1.0,1,1
3083,120766,0.96,5,1
3084,120779,0.88,13,1
3085,120789,0.91,10,1
3086,120798,0.92,9,1
3087,120804,0.95,6,1
3088,120811,0.94,7,1
3089,120817,0.95,6,1
3090,120820,0.98,3,1
3091,120828,0.93,8,1
3092,120835,0.94,7,1
3093,120838,0.98,3,1
3094,120841,0.98,3,1
3095,120846,0.96,5,1
3096,120854,0.93,8,1
3097,120858,0.97,4,1
3098,120860,0.99,2,1
3099,120874,0.87,14,1
3100,120881,0.94,7,1
3101,120889,0.93,8,1
3102,120896,0.94,7,1
3103,120904,0.93,8,1
3104,120905,1.0,1,1
3105,120915,0.91,10,1
3106,120922,0.94,7,1
3107,120932,0.91,10,1
3108,120937,0.96,5,1
3109,120938,1.0,1,1
3110,120947,0.92,9,1
3111,120952,0.96,5,1
3112,120961,0.92,9,1
3113,120963,0.99,2,1
3114,120967,0.97,4,1
3115,120978,0.9,11,1
3116,120984,0.95,6,1
3117,120993,0.92,9,1
3118,120996,0.98,3,1
3119,121004,0.93,8,1
3120,121008,0.97,4,1
3121,121013,0.96,5,1
3122,121020,0.94,7,1
3123,121025,0.96,5,1
3124,121035,0.91,10,1
3125,121039,0.97,4,1
3126,121045,0.95,6,1
3127,121053,0.93,8,1
3128,121062,0.92,9,1
3129,121074,0.89,12,1
3130,121085,0.9,11,1
3131,121087,0.99,2,1
3132,121096,0.92,9,1
3133,121100,0.97,4,1
3134,121109,0.92,9,1
3135,121117,0.93,8,1
3136,121123,0.95,6,1
3137,121132,0.92,9,1
3138,121145,0.88,13,1
3139,121155,0.91,10,1
3140,121161,0.95,6,1
3141,121163,0.99,2,1
3142,121168,0.96,5,1
3143,121171,0.98,3,1
3144,121179,0.93,8,1
3145,121185,0.95,6,1
3146,121192,0.94,7,1
3147,121200,0.93,8,1
3148,121208,0.93,8,1
3149,121216,0.93,8,1
3150,121223,0.94,7,1
3151,121229,0.95,6,1
3152,121235,0.95,6,1
3153,121241,0.95,6,1
3154,121244,0.98,3,1
3155,121251,0.94,7,1
3156,121260,0.92,9,1
3157,121261,1.0,1,1
3158,121268,0.94,7,1
3159,121271,0.98,3,1
3160,121283,0.89,12,1
3161,121291,0.93,8,1
3162,121296,0.96,5,1
3163,121302,0.95,6,1
3164,121310,0.93,8,1
3165,121314,0.97,4,1
3166,121316,0.99,2,1
3167,121317,1.0,1,1
3168,121321,0.97,4,1
3169,121324,0.98,3,1
3170,121334,0.91,10,1
3171,121339,0.96,5,1
3172,121342,0.98,3,1
3173,121344,0.99,2,1
3174,121349,0.96,5,1
3175,121360,0.9,11,1
3176,121369,0.92,9,1
3177,121374,0.96,5,1
3178,121381,0.94,7,1
3179,121386,0.96,5,1
3180,121391,0.96,5,1
3181,121392,1.0,1,1
3182,121402,0.91,10,1
3183,121413,0.9,11,1
3184,121421,0.93,8,1
3185,121425,0.97,4,1
3186,121431,0.95,6,1
3187,121435,0.97,4,1
3188,121443,0.93,8,1
3189,121449,0.95,6,1
3190,121454,0.96,5,1
3191,121459,0.96,5,1
3192,121468,0.92,9,1
3193,121470,0.99,2,1
3194,121480,0.91,10,1
3195,121482,0.99,2,1
3196,121487,0.96,5,1
3197,121489,0.99,2,1
3198,121494,0.96,5,1
3199,121508,0.87,14,1
3200,121514,0.95,6,1
3201,121518,0.97,4,1
3202,121523,0.96,5,1
3203,121526,0.98,3,1
3204,121535,0.92,9,1
3205,121540,0.96,5,1
3206,121549,0.92,9,1
3207,121554,0.96,5,1
3208,121563,0.92,9,1
3209,121571,0.93,8,1
3210,121577,0.95,6,1
3211,121587,0.91,10,1
3212,121592,0.96,5,1
3213,121595,0.98,3,1
3214,121600,0.96,5,1
3215,121603,0.98,3,1
3216,121622,0.82,19,1
3217,121623,1.0,1,1
3218,121632,0.92,9,1
3219,121635,0.98,3,1
3220,121639,0.97,4,1
3221,121643,0.97,4,1
3222,121650,0.94,7,1
3223,121657,0.94,7,1
3224,121665,0.93,8,1
3225,121674,0.92,9,1
3226,121679,0.96,5,1
3227,121697,0.83,18,1
3228,121703,0.95,6,1
3229,121711,0.93,8,1
3230,121715,0.97,4,1
3231,121721,0.95,6,1
3232,121731,0.91,10,1
3233,121735,0.97,4,1
3234,121745,0.91,10,1
3235,121749,0.97,4,1
3236,121765,0.85,16,1
3237,121775,0.91,10,1
3238,121780,0.96,5,1
3239,121786,0.95,6,1
3240,121797,0.9,11,1
3241,121799,0.99,2,1
3242,121802,0.98,3,1
3243,121804,0.99,2,1
3244,121810,0.95,6,1
3245,121821,0.9,11,1
3246,121827,0.95,6,1
3247,121835,0.93,8,1
3248,121836,1.0,1,1
3249,121842,0.95,6,1
3250,121848,0.95,6,1
3251,121856,0.93,8,1
3252,121861,0.96,5,1
3253,121863,0.99,2,1
3254,121873,0.91,10,1
3255,121882,0.92,9,1
3256,121893,0.9,11,1
3257,121899,0.95,6,1
3258,121904,0.96,5,1
3259,121911,0.94,7,1
3260,121912,1.0,1,1
3261,121921,0.92,9,1
3262,121923,0.99,2,1
3263,121924,1.0,1,1
3264,121929,0.96,5,1
3265,121935,0.95,6,1
3266,121947,0.89,12,1
3267,121952,0.96,5,1
3268,121964,0.89,12,1
3269,121968,0.97,4,1
3270,121969,1.0,1,1
3271,121972,0.98,3,1
3272,121980,0.93,8,1
3273,121989,0.92,9,1
3274,121991,0.99,2,1
3275,122001,0.91,10,1
3276,122006,0.96,5,1
3277,122008,0.99,2,1
3278,122013,0.96,5,1
3279,122020,0.94,7,1
3280,122022,0.99,2,1
3281,122027,0.96,5,1
3282,122031,0.97,4,1
3283,122035,0.97,4,1
3284,122040,0.96,5,1
3285,122043,0.98,3,1
3286,122051,0.93,8,1
3287,122057,0.95,6,1
3288,122063,0.95,6,1
3289,122064,1.0,1,1
3290,122068,0.97,4,1
3291,122077,0.92,9,1
3292,122078,1.0,1,1
3293,122083,0.96,5,1
3294,122084,1.0,1,1
3295,122097,0.88,13,1
3296,122104,0.94,7,1
3297,122109,0.96,5,1
3298,122117,0.93,8,1
3299,122127,0.91,10,1
3300,122130,0.98,3,1
3301,122139,0.92,9,1
3302,122147,0.93,8,1
3303,122154,0.94,7,1
3304,122156,0.99,2,1
3305,122163,0.94,7,1
3306,122173,0.91,10,1
3307,122182,0.92,9,1
3308,122190,0.93,8,1
3309,122193,0.98,3,1
3310,122199,0.95,6,1
3311,122208,0.92,9,1
3312,122217,0.92,9,1
3313,122223,0.95,6,1
3314,122224,1.0,1,1
3315,122232,0.93,8,1
3316,122252,0.81,20,1
3317,122260,0.93,8,1
3318,122268,0.93,8,1
3319,122272,0.97,4,1
3320,122281,0.92,9,1
3321,122293,0.89,12,1
3322,122294,1.0,1,1
3323,122301,0.94,7,1
3324,122312,0.9,11,1
3325,122322,0.91,10,1
3326,122333,0.9,11,1
3327,122346,0.88,13,1
3328,122352,0.95,6,1
3329,122357,0.96,5,1
3330,122358,1.0,1,1
3331,122361,0.98,3,1
3332,122363,0.99,2,1
3333,122371,0.93,8,1
3334,122378,0.94,7,1
3335,122382,0.97,4,1
3336,122387,0.96,5,1
3337,122393,0.95,6,1
3338,122400,0.94,7,1
3339,122409,0.92,9,1
3340,122415,0.95,6,1
3341,122426,0.9,11,1
3342,122432,0.95,6,1
3343,122434,0.99,2,1
3344,122441,0.94,7,1
3345,122447,0.95,6,1
3346,122457,0.91,10,1
3347,122465,0.93,8,1
3348,122468,0.98,3,1
3349,122469,1.0,1,1
3350,122475,0.95,6,1
3351,122483,0.93,8,1
3352,122490,0.94,7,1
3353,122491,1.0,1,1
3354,122497,0.95,6,1
3355,122507,0.91,10,1
3356,122516,0.92,9,1
3357,122527,0.9,11,1
3358,122531,0.97,4,1
3359,122543,0.89,12,1
3360,122550,0.94,7,1
3361,122559,0.92,9,1
3362,122567,0.93,8,1
3363,122576,0.92,9,1
3364,122580,0.97,4,1
3365,122588,0.93,8,1
3366,122596,0.93,8,1
3367,122606,0.91,10,1
3368,122616,0.91,10,1
3369,122625,0.92,9,1
3370,122629,0.97,4,1
3371,122637,0.93,8,1
3372,122648,0.9,11,1
3373,122657,0.92,9,1
3374,122660,0.98,3,1
3375,122661,1.0,1,1
3376,122671,0.91,10,1
3377,122677,0.95,6,1
3378,122685,0.93,8,1
3379,122686,1.0,1,1
3380,122691,0.96,5,1
3381,122692,1.0,1,1
3382,122697,0.96,5,1
3383,122698,1.0,1,1
3384,122708,0.91,10,1
3385,122714,0.95,6,1
3386,122716,0.99,2,1
3387,122723,0.94,7,1
3388,122730,0.94,7,1
3389,122738,0.93,8,1
3390,122745,0.94,7,1
3391,122760,0.86,15,1
3392,122768,0.93,8,1
3393,122778,0.91,10,1
3394,122781,0.98,3,1
3395,122790,0.92,9,1
3396,122796,0.95,6,1
3397,122797,1.0,1,1
3398,122802,0.96,5,1
3399,122810,0.93,8,1
3400,122811,1.0,1,1
3401,122817,0.95,6,1
3402,122825,0.93,8,1
3403,122833,0.93,8,1
3404,122839,0.95,6,1
3405,122847,0.93,8,1
3406,122848,1.0,1,1
3407,122861,0.88,13,1
3408,122865,0.97,4,1
3409,122873,0.93,8,1
3410,122880,0.94,7,1
3411,122885,0.96,5,1
3412,122888,0.98,3,1
3413,122898,0.91,10,1
3414,122905,0.94,7,1
3415,122910,0.96,5,1
3416,122920,0.91,10,1
3417,122931,0.9,11,1
3418,122936,0.96,5,1
3419,122944,0.93,8,1
3420,122950,0.95,6,1
3421,122958,0.93,8,1
3422,122964,0.95,6,1
3423,122973,0.92,9,1
3424,122982,0.92,9,1
3425,122987,0.96,5,1
3426,122989,0.99,2,1
3427,123003,0.87,14,1
3428,123009,0.95,6,1
3429,123013,0.97,4,1
3430,123020,0.94,7,1
3431,123027,0.94,7,1
3432,123039,0.89,12,1
3433,123049,0.91,10,1
3434,123055,0.95,6,1
3435,123064,0.92,9,1
3436,123067,0.98,3,1
3437,123078,0.9,11,1
3438,123085,0.94,7,1
3439,123088,0.98,3,1
3440,123093,0.96,5,1
3441,123100,0.94,7,1
3442,123108,0.93,8,1
3443,123124,0.85,16,1
3444,123130,0.95,6,1
3445,123132,0.99,2,1
3446,123142,0.91,10,1
3447,123156,0.87,14,1
3448,123157,1.0,1,1
3449,123159,0.99,2,1
3450,123167,0.93,8,1
3451,123172,0.96,5,1
3452,123181,0.92,9,1
3453,123192,0.9,11,1
3454,123198,0.95,6,1
3455,123204,0.95,6,1
3456,123212,0.93,8,1
3457,123225,0.88,13,1
3458,123227,0.99,2,1
3459,123235,0.93,8,1
3460,123242,0.94,7,1
3461,123251,0.92,9,1
3462,123261,0.91,10,1
3463,123268,0.94,7,1
3464,123269,1.0,1,1
3465,123276,0.94,7,1
3466,123287,0.9,11,1
3467,123297,0.91,10,1
3468,123304,0.94,7,1
3469,123306,0.99,2,1
3470,123312,0.95,6,1
3471,123317,0.96,5,1
3472,123319,0.99,2,1
3473,123321,0.99,2,1
3474,123329,0.93,8,1
3475,123336,0.94,7,1
3476,123338,0.99,2,1
3477,123343,0.96,5,1
3478,123348,0.96,5,1
3479,123353,0.96,5,1
3480,123357,0.97,4,1
3481,123365,0.93,8,1
3482,123367,0.99,2,1
3483,123371,0.97,4,1
3484,123377,0.95,6,1
3485,123382,0.96,5,1
3486,123389,0.94,7,1
3487,123390,1.0,1,1
3488,123391,1.0,1,1
3489,123399,0.93,8,1
3490,123405,0.95,6,1
3491,123411,0.95,6,1
3492,123419,0.93,8,1
3493,123420,1.0,1,1
3494,123431,0.9,11,1
3495,123435,0.97,4,1
3496,123442,0.94,7,1
3497,123443,1.0,1,1
3498,123447,0.97,4,1
3499,123457,0.91,10,1
3500,123467,0.91,10,1
3501,123468,1.0,1,1
3502,123474,0.95,6,1
3503,123480,0.95,6,1
3504,123481,1.0,1,1
3505,123487,0.95,6,1
3506,123495,0.93,8,1
3507,123496,1.0,1,1
3508,123504,0.93,8,1
3509,123510,0.95,6,1
3510,123518,0.93,8,1
3511,123526,0.93,8,1
3512,123532,0.95,6,1
3513,123541,0.92,9,1
3514,123543,0.99,2,1
3515,123545,0.99,2,1
3516,123548,0.98,3,1
3517,123552,0.97,4,1
3518,123553,1.0,1,1
3519,123562,0.92,9,1
3520,123571,0.92,9,1
3521,123580,0.92,9,1
3522,123584,0.97,4,1
3523,123593,0.92,9,1
3524,123594,1.0,1,1
3525,123605,0.9,11,1
3526,123606,1.0,1,1
3527,123616,0.91,10,1
3528,123631,0.86,15,1
3529,123642,0.9,11,1
3530,123644,0.99,2,1
3531,123653,0.92,9,1
3532,123658,0.96,5,1
3533,123666,0.93,8,1
3534,123672,0.95,6,1
3535,123679,0.94,7,1
3536,123682,0.98,3,1
3537,123687,0.96,5,1
3538,123697,0.91,10,1
3539,123708,0.9,11,1
3540,123713,0.96,5,1
3541,123715,0.99,2,1
3542,123716,1.0,1,1
3543,123717,1.0,1,1
3544,123725,0.93,8,1
3545,123734,0.92,9,1
3546,123738,0.97,4,1
3547,123744,0.95,6,1
3548,123748,0.97,4,1
3549,123754,0.95,6,1
3550,123760,0.95,6,1
3551,123770,0.91,10,1
3552,123772,0.99,2,1
3553,123782,0.91,10,1
3554,123788,0.95,6,1
3555,123789,1.0,1,1
3556,123792,0.98,3,1
3557,123801,0.92,9,1
3558,123809,0.93,8,1
3559,123820,0.9,11,1
3560,123829,0.92,9,1
3561,123840,0.9,11,1
3562,123846,0.95,6,1
3563,123850,0.97,4,1
3564,123857,0.94,7,1
3565,123859,0.99,2,1
3566,123867,0.93,8,1
3567,123876,0.92,9,1
3568,123880,0.97,4,1
3569,123888,0.93,8,1
3570,123894,0.95,6,1
3571,123898,0.97,4,1
3572,123905,0.94,7,1
3573,123907,0.99,2,1
3574,123911,0.97,4,1
3575,123918,0.94,7,1
3576,123920,0.99,2,1
3577,123929,0.92,9,1
3578,123939,0.91,10,1
3579,123947,0.93,8,1
3580,123955,0.93,8,1
3581,123956,1.0,1,1
3582,123962,0.95,6,1
3583,123968,0.95,6,1
3584,123969,1.0,1,1
3585,123973,0.97,4,1
3586,123980,0.94,7,1
3587,123990,0.91,10,1
3588,124000,0.91,10,1
3589,124009,0.92,9,1
3590,124016,0.94,7,1
3591,124021,0.96,5,1
3592,124022,1.0,1,1
3593,124026,0.97,4,1
3594,124030,0.97,4,1
3595,124035,0.96,5,1
3596,124036,1.0,1,1
3597,124047,0.9,11,1
3598,124050,0.98,3,1
3599,124061,0.9,11,1
3600,124066,0.96,5,1
3601,124070,0.97,4,1
3602,124074,0.97,4,1
3603,124083,0.92,9,1
3604,124084,1.0,1,1
3605,124086,0.99,2,1
3606,124094,0.93,8,1
3607,124096,0.99,2,1
3608,124104,0.93,8,1
3609,124111,0.94,7,1
3610,124113,0.99,2,1
3611,124117,0.97,4,1
3612,124126,0.92,9,1
3613,124128,0.99,2,1
3614,124130,0.99,2,1
3615,124141,0.9,11,1
3616,124148,0.94,7,1
3617,124153,0.96,5,1
3618,124160,0.94,7,1
3619,124169,0.92,9,1
3620,124176,0.94,7,1
3621,124178,0.99,2,1
3622,124188,0.91,10,1
3623,124189,1.0,1,1
3624,124199,0.91,10,1
3625,124206,0.94,7,1
3626,124213,0.94,7,1
3627,124217,0.97,4,1
3628,124222,0.96,5,1
3629,124233,0.9,11,1
3630,124235,0.99,2,1
3631,124240,0.96,5,1
3632,124246,0.95,6,1
3633,124247,1.0,1,1
3634,124254,0.94,7,1
3635,124261,0.94,7,1
3636,124264,0.98,3,1
3637,124267,0.98,3,1
3638,124275,0.93,8,1
3639,124282,0.94,7,1
3640,124293,0.9,11,1
3641,124302,0.92,9,1
3642,124308,0.95,6,1
3643,124315,0.94,7,1
3644,124324,0.92,9,1
3645,124329,0.96,5,1
3646,124339,0.91,10,1
3647,124344,0.96,5,1
3648,124355,0.9,11,1
3649,124366,0.9,11,1
3650,124373,0.94,7,1
3651,124377,0.97,4,1
3652,124386,0.92,9,1
3653,124390,0.97,4,1
3654,124395,0.96,5,1
3655,124405,0.91,10,1
3656,124408,0.98,3,1
3657,124416,0.93,8,1
3658,124423,0.94,7,1
3659,124430,0.94,7,1
3660,124434,0.97,4,1
3661,124442,0.93,8,1
3662,124449,0.94,7,1
3663,124456,0.94,7,1
3664,124460,0.97,4,1
3665,124468,0.93,8,1
3666,124473,0.96,5,1
3667,124480,0.94,7,1
3668,124487,0.94,7,1
3669,124499,0.89,12,1
3670,124503,0.97,4,1
3671,124513,0.91,10,1
3672,124514,1.0,1,1
3673,124520,0.95,6,1
3674,124523,0.98,3,1
3675,124528,0.96,5,1
3676,124533,0.96,5,1
3677,124542,0.92,9,1
3678,124546,0.97,4,1
3679,124548,0.99,2,1
3680,124549,1.0,1,1
3681,124557,0.93,8,1
3682,124565,0.93,8,1
3683,124570,0.96,5,1
3684,124576,0.95,6,1
3685,124578,0.99,2,1
3686,124583,0.96,5,1
3687,124591,0.93,8,1
3688,124597,0.95,6,1
3689,124606,0.92,9,1
3690,124609,0.98,3,1
3691,124614,0.96,5,1
3692,124615,1.0,1,1
3693,124622,0.94,7,1
3694,124629,0.94,7,1
3695,124634,0.96,5,1
3696,124640,0.95,6,1
3697,124645,0.96,5,1
3698,124648,0.98,3,1
3699,124656,0.93,8,1
3700,124657,1.0,1,1
3701,124660,0.98,3,1
3702,124671,0.9,11,1
3703,124676,0.96,5,1
3704,124685,0.92,9,1
3705,124686,1.0,1,1
3706,124692,0.95,6,1
3707,124698,0.95,6,1
3708,124704,0.95,6,1
3709,124713,0.92,9,1
3710,124723,0.91,10,1
3711,124731,0.93,8,1
3712,124738,0.94,7,1
3713,124747,0.92,9,1
3714,124748,1.0,1,1
3715,124755,0.94,7,1
3716,124762,0.94,7,1
3717,124771,0.92,9,1
3718,124777,0.95,6,1
3719,124778,1.0,1,1
3720,124786,0.93,8,1
3721,124789,0.98,3,1
3722,124794,0.96,5,1
3723,124803,0.92,9,1
3724,124807,0.97,4,1
3725,124815,0.93,8,1
3726,124823,0.93,8,1
3727,124825,0.99,2,1
3728,124832,0.94,7,1
3729,124843,0.9,11,1
3730,124845,0.99,2,1
3731,124857,0.89,12,1
3732,124859,0.99,2,1
3733,124860,1.0,1,1
3734,124866,0.95,6,1
3735,124877,0.9,11,1
3736,124887,0.91,10,1
3737,124894,0.94,7,1
3738,124900,0.95,6,1
3739,124907,0.94,7,1
3740,124908,1.0,1,1
3741,124914,0.95,6,1
3742,124916,0.99,2,1
3743,124922,0.95,6,1
3744,124933,0.9,11,1
3745,124949,0.85,16,1
3746,124951,0.99,2,1
3747,124952,1.0,1,1
3748,124962,0.91,10,1
3749,124964,0.99,2,1
3750,124967,0.98,3,1
3751,124978,0.9,11,1
3752,124980,0.99,2,1
3753,124986,0.95,6,1
3754,124994,0.93,8,1
3755,125005,0.9,11,1
3756,125011,0.95,6,1
3757,125022,0.9,11,1
3758,125031,0.92,9,1
3759,125045,0.87,14,1
3760,125053,0.93,8,1
3761,125060,0.94,7,1
3762,125061,1.0,1,1
3763,125070,0.92,9,1
3764,125077,0.94,7,1
3765,125087,0.91,10,1
3766,125090,0.98,3,1
3767,125098,0.93,8,1
3768,125105,0.94,7,1
3769,125111,0.95,6,1
3770,125118,0.94,7,1
3771,125128,0.91,10,1
3772,125132,0.97,4,1
3773,125137,0.96,5,1
3774,125139,0.99,2,1
3775,125147,0.93,8,1
3776,125156,0.92,9,1
3777,125161,0.96,5,1
3778,125166,0.96,5,1
3779,125171,0.96,5,1
3780,125181,0.91,10,1
3781,125186,0.96,5,1
3782,125193,0.94,7,1
3783,125201,0.93,8,1
3784,125210,0.92,9,1
3785,125217,0.94,7,1
3786,125222,0.96,5,1
3787,125231,0.92,9,1
3788,125232,1.0,1,1
3789,125243,0.9,11,1
3790,125244,1.0,1,1
3791,125247,0.98,3,1
3792,125257,0.91,10,1
3793,125267,0.91,10,1
3794,125274,0.94,7,1
3795,125279,0.96,5,1
3796,125283,0.97,4,1
3797,125290,0.94,7,1
3798,125301,0.9,11,1
3799,125310,0.92,9,1
3800,125312,0.99,2,1
3801,125313,1.0,1,1
3802,125325,0.89,12,1
3803,125329,0.97,4,1
3804,125337,0.93,8,1
3805,125343,0.95,6,1
3806,125351,0.93,8,1
3807,125357,0.95,6,1
3808,125368,0.9,11,1
3809,125379,0.9,11,1
3810,125386,0.94,7,1
3811,125396,0.91,10,1
3812,125405,0.92,9,1
3813,125409,0.97,4,1
3814,125418,0.92,9,1
3815,125425,0.94,7,1
3816,125430,0.96,5,1
3817,125438,0.93,8,1
3818,125442,0.97,4,1
3819,125450,0.93,8,1
3820,125458,0.93,8,1
3821,125459,1.0,1,1
3822,125468,0.92,9,1
3823,125471,0.98,3,1
3824,125473,0.99,2,1
3825,125482,0.92,9,1
3826,125490,0.93,8,1
3827,125491,1.0,1,1
3828,125503,0.89,12,1
3829,125511,0.93,8,1
3830,125512,1.0,1,1
3831,125516,0.97,4,1
3832,125519,0.98,3,1
3833,125522,0.98,3,1
3834,125529,0.94,7,1
3835,125537,0.93,8,1
3836,125543,0.95,6,1
3837,125550,0.94,7,1
3838,125556,0.95,6,1
3839,125561,0.96,5,1
3840,125572,0.9,11,1
3841,125582,0.91,10,1
3842,125586,0.97,4,1
3843,125594,0.93,8,1
3844,125602,0.93,8,1
3845,125615,0.88,13,1
3846,125622,0.94,7,1
3847,125628,0.95,6,1
3848,125632,0.97,4,1
3849,125638,0.95,6,1
3850,125645,0.94,7,1
3851,125651,0.95,6,1
3852,125659,0.93,8,1
3853,125662,0.98,3,1
3854,125666,0.97,4,1
3855,125672,0.95,6,1
3856,125675,0.98,3,1
3857,125687,0.89,12,1
3858,125693,0.95,6,1
3859,125701,0.93,8,1
3860,125708,0.94,7,1
3861,125716,0.93,8,1
3862,125724,0.93,8,1
3863,125725,1.0,1,1
3864,125730,0.96,5,1
3865,125739,0.92,9,1
3866,125746,0.94,7,1
3867,125755,0.92,9,1
3868,125758,0.98,3,1
3869,125763,0.96,5,1
3870,125764,1.0,1,1
3871,125767,0.98,3,1
3872,125774,0.94,7,1
3873,125781,0.94,7,1
3874,125787,0.95,6,1
3875,125789,0.99,2,1
3876,125794,0.96,5,1
3877,125803,0.92,9,1
3878,125813,0.91,10,1
3879,125818,0.96,5,1
3880,125826,0.93,8,1
3881,125832,0.95,6,1
3882,125834,0.99,2,1
3883,125844,0.91,10,1
3884,125847,0.98,3,1
3885,125858,0.9,11,1
3886,125867,0.92,9,1
3887,125876,0.92,9,1
3888,125886,0.91,10,1
3889,125889,0.98,3,1
3890,125900,0.9,11,1
3891,125902,0.99,2,1
3892,125911,0.92,9,1
3893,125922,0.9,11,1
3894,125923,1.0,1,1
3895,125929,0.95,6,1
3896,125936,0.94,7,1
3897,125944,0.93,8,1
3898,125951,0.94,7,1
3899,125953,0.99,2,1
3900,125962,0.92,9,1
3901,125968,0.95,6,1
3902,125976,0.93,8,1
3903,125984,0.93,8,1
3904,125985,1.0,1,1
3905,125988,0.98,3,1
3906,125997,0.92,9,1
3907,126004,0.94,7,1
3908,126009,0.96,5,1
3909,126014,0.96,5,1
3910,126022,0.93,8,1
3911,126028,0.95,6,1
3912,126035,0.94,7,1
3913,126038,0.98,3,1
3914,126044,0.95,6,1
3915,126048,0.97,4,1
3916,126054,0.95,6,1
3917,126059,0.96,5,1
3918,126070,0.9,11,1
3919,126081,0.9,11,1
3920,126089,0.93,8,1
3921,126090,1.0,1,1
3922,126099,0.92,9,1
3923,126112,0.88,13,1
3924,126118,0.95,6,1
3925,126123,0.96,5,1
3926,126129,0.95,6,1
3927,126141,0.89,12,1
3928,126149,0.93,8,1
3929,126154,0.96,5,1
3930,126157,0.98,3,1
3931,126165,0.93,8,1
3932,126166,1.0,1,1
3933,126167,1.0,1,1
3934,126174,0.94,7,1
3935,126175,1.0,1,1
3936,126180,0.96,5,1
3937,126181,1.0,1,1
3938,126190,0.92,9,1
3939,126199,0.92,9,1
3940,126200,1.0,1,1
3941,126210,0.91,10,1
3942,126220,0.91,10,1
3943,126226,0.95,6,1
3944,126232,0.95,6,1
3945,126235,0.98,3,1
3946,126240,0.96,5,1
3947,126241,1.0,1,1
3948,126249,0.93,8,1
3949,126262,0.88,13,1
3950,126275,0.88,13,1
3951,126280,0.96,5,1
3952,126282,0.99,2,1
3953,126288,0.95,6,1
3954,126290,0.99,2,1
3955,126296,0.95,6,1
3956,126301,0.96,5,1
3957,126309,0.93,8,1
3958,126312,0.98,3,1
3959,126319,0.94,7,1
3960,126326,0.94,7,1
3961,126334,0.93,8,1
3962,126335,1.0,1,1
3963,126344,0.92,9,1
3964,126350,0.95,6,1
3965,126351,1.0,1,1
3966,126362,0.9,11,1
3967,126372,0.91,10,1
3968,126376,0.97,4,1
3969,126380,0.97,4,1
3970,126389,0.92,9,1
3971,126399,0.91,10,1
3972,126401,0.99,2,1
3973,126411,0.91,10,1
3974,126413,0.99,2,1
3975,126416,0.98,3,1
3976,126424,0.93,8,1
3977,126432,0.93,8,1
3978,126437,0.96,5,1
3979,126448,0.9,11,1
3980,126458,0.91,10,1
3981,126465,0.94,7,1
3982,126469,0.97,4,1
3983,126473,0.97,4,1
3984,126474,1.0,1,1
3985,126484,0.91,10,1
3986,126485,1.0,1,1
3987,126492,0.94,7,1
3988,126501,0.92,9,1
3989,126510,0.92,9,1
3990,126519,0.92,9,1
3991,126530,0.9,11,1
3992,126534,0.97,4,1
3993,126544,0.91,10,1
3994,126552,0.93,8,1
3995,126558,0.95,6,1
3996,126559,1.0,1,1
3997,126565,0.95,6,1
3998,126576,0.9,11,1
3999,126583,0.94,7,1
4000,126589,0.95,6,1
4001,126595,0.95,6,1
4002,126609,0.87,14,1
4003,126613,0.97,4,1
4004,126627,0.87,14,1
4005,126633,0.95,6,1
4006,126638,0.96,5,1
4007,126645,0.94,7,1
4008,126651,0.95,6,1
4009,126662,0.9,11,1
4010,126679,0.84,17,1
4011,126683,0.97,4,1
4012,126696,0.88,13,1
4013,126703,0.94,7,1
4014,126711,0.93,8,1
4015,126715,0.97,4,1
4016,126724,0.92,9,1
4017,126731,0.94,7,1
4018,126736,0.96,5,1
4019,126739,0.98,3,1
4020,126748,0.92,9,1
4021,126755,0.94,7,1
4022,126768,0.88,13,1
4023,126780,0.89,12,1
4024,126785,0.96,5,1
4025,126787,0.99,2,1
4026,126796,0.92,9,1
4027,126799,0.98,3,1
4028,126805,0.95,6,1
4029,126810,0.96,5,1
4030,126818,0.93,8,1
4031,126826,0.93,8,1
4032,126835,0.92,9,1
4033,126846,0.9,11,1
4034,126848,0.99,2,1
4035,126854,0.95,6,1
4036,126862,0.93,8,1
4037,126870,0.93,8,1
4038,126874,0.97,4,1
4039,126877,0.98,3,1
4040,126884,0.94,7,1
4041,126893,0.92,9,1
4042,126894,1.0,1,1
4043,126901,0.94,7,1
4044,126907,0.95,6,1
4045,126915,0.93,8,1
4046,126922,0.94,7,1
4047,126936,0.87,14,1
4048,126945,0.92,9,1
4049,126947,0.99,2,1
4050,126956,0.92,9,1
4051,126958,0.99,2,1
4052,126960,0.99,2,1
4053,126971,0.9,11,1
4054,126984,0.88,13,1
4055,126989,0.96,5,1
4056,126994,0.96,5,1
4057,126995,1.0,1,1
4058,127001,0.95,6,1
4059,127007,0.95,6,1
4060,127017,0.91,10,1
4061,127032,0.86,15,1
4062,127038,0.95,6,1
4063,127047,0.92,9,1
4064,127048,1.0,1,1
4065,127055,0.94,7,1
4066,127061,0.95,6,1
4067,127066,0.96,5,1
4068,127075,0.92,9,1
4069,127082,0.94,7,1
4070,127091,0.92,9,1
4071,127096,0.96,5,1
4072,127097,1.0,1,1
4073,127098,1.0,1,1
4074,127105,0.94,7,1
4075,127107,0.99,2,1
4076,127113,0.95,6,1
4077,127120,0.94,7,1
4078,127129,0.92,9,1
4079,127130,1.0,1,1
4080,127138,0.93,8,1
4081,127144,0.95,6,1
4082,127151,0.94,7,1
4083,127160,0.92,9,1
4084,127168,0.93,8,1
4085,127174,0.95,6,1
4086,127175,1.0,1,1
4087,127178,0.98,3,1
4088,127186,0.93,8,1
4089,127191,0.96,5,1
4090,127196,0.96,5,1
4091,127202,0.95,6,1
4092,127206,0.97,4,1
4093,127208,0.99,2,1
4094,127216,0.93,8,1
4095,127221,0.96,5,1
4096,127222,1.0,1,1
4097,127232,0.91,10,1
4098,127239,0.94,7,1
4099,127244,0.96,5,1
4100,127252,0.93,8,1
4101,127258,0.95,6,1
4102,127259,1.0,1,1
4103,127261,0.99,2,1
4104,127266,0.96,5,1
4105,127272,0.95,6,1
4106,127275,0.98,3,1
4107,127281,0.95,6,1
4108,127291,0.91,10,1
4109,127296,0.96,5,1
4110,127304,0.93,8,1
4111,127315,0.9,11,1
4112,127320,0.96,5,1
4113,127328,0.93,8,1
4114,127341,0.88,13,1
4115,127347,0.95,6,1
4116,127356,0.92,9,1
4117,127358,0.99,2,1
4118,127365,0.94,7,1
4119,127375,0.91,10,1
4120,127380,0.96,5,1
4121,127382,0.99,2,1
4122,127393,0.9,11,1
4123,127400,0.94,7,1
4124,127410,0.91,10,1
4125,127412,0.99,2,1
4126,127427,0.86,15,1
4127,127433,0.95,6,1
4128,127441,0.93,8,1
4129,127448,0.94,7,1
4130,127450,0.99,2,1
4131,127454,0.97,4,1
4132,127462,0.93,8,1
4133,127467,0.96,5,1
4134,127474,0.94,7,1
4135,127483,0.92,9,1
4136,127494,0.9,11,1
4137,127501,0.94,7,1
4138,127506,0.96,5,1
4139,127514,0.93,8,1
4140,127521,0.94,7,1
4141,127530,0.92,9,1
4142,127542,0.89,12,1
4143,127545,0.98,3,1
4144,127550,0.96,5,1
4145,127552,0.99,2,1
4146,127561,0.92,9,1
4147,127571,0.91,10,1
4148,127573,0.99,2,1
4149,127579,0.95,6,1
4150,127585,0.95,6,1
4151,127595,0.91,10,1
4152,127603,0.93,8,1
4153,127608,0.96,5,1
4154,127610,0.99,2,1
4155,127613,0.98,3,1
4156,127620,0.94,7,1
4157,127630,0.91,10,1
4158,127632,0.99,2,1
4159,127638,0.95,6,1
4160,127649,0.9,11,1
4161,127651,0.99,2,1
4162,127661,0.91,10,1
4163,127673,0.89,12,1
4164,127675,0.99,2,1
4165,127683,0.93,8,1
4166,127689,0.95,6,1
4167,127695,0.95,6,1
4168,127700,0.96,5,1
4169,127702,0.99,2,1
4170,127705,0.98,3,1
4171,127712,0.94,7,1
4172,127720,0.93,8,1
4173,127731,0.9,11,1
4174,127737,0.95,6,1
4175,127749,0.89,12,1
4176,127750,1.0,1,1
4177,127757,0.94,7,1
4178,127760,0.98,3,1
4179,127768,0.93,8,1
4180,127779,0.9,11,1
4181,127780,1.0,1,1
4182,127789,0.92,9,1
4183,127799,0.91,10,1
4184,127803,0.97,4,1
4185,127816,0.88,13,1
4186,127822,0.95,6,1
4187,127828,0.95,6,1
4188,127835,0.94,7,1
4189,127837,0.99,2,1
4190,127839,0.99,2,1
4191,127850,0.9,11,1
4192,127856,0.95,6,1
4193,127864,0.93,8,1
4194,127872,0.93,8,1
4195,127879,0.94,7,1
4196,127884,0.96,5,1
4197,127894,0.91,10,1
4198,127898,0.97,4,1
4199,127908,0.91,10,1
4200,127914,0.95,6,1
4201,127924,0.91,10,1
4202,127933,0.92,9,1
4203,127938,0.96,5,1
4204,127945,0.94,7,1
4205,127947,0.99,2,1
4206,127956,0.92,9,1
4207,127960,0.97,4,1
4208,127968,0.93,8,1
4209,127970,0.99,2,1
4210,127981,0.9,11,1
4211,127986,0.96,5,1
4212,127990,0.97,4,1
4213,127994,0.97,4,1
4214,127998,0.97,4,1
4215,128002,0.97,4,1
4216,128004,0.99,2,1
4217,128012,0.93,8,1
4218,128022,0.91,10,1
4219,128032,0.91,10,1
4220,128036,0.97,4,1
4221,128047,0.9,11,1
4222,128048,1.0,1,1
4223,128055,0.94,7,1
4224,128065,0.91,10,1
4225,128069,0.97,4,1
4226,128079,0.91,10,1
4227,128086,0.94,7,1
4228,128089,0.98,3,1
4229,128093,0.97,4,1
4230,128097,0.97,4,1
4231,128102,0.96,5,1
4232,128112,0.91,10,1
4233,128118,0.95,6,1
4234,128121,0.98,3,1
4235,128126,0.96,5,1
4236,128135,0.92,9,1
4237,128145,0.91,10,1
4238,128152,0.94,7,1
4239,128161,0.92,9,1
4240,128168,0.94,7,1
4241,128178,0.91,10,1
4242,128182,0.97,4,1
4243,128192,0.91,10,1
4244,128196,0.97,4,1
4245,128201,0.96,5,1
4246,128207,0.95,6,1
4247,128210,0.98,3,1
4248,128211,1.0,1,1
4249,128220,0.92,9,1
4250,128221,1.0,1,1
4251,128224,0.98,3,1
4252,128241,0.84,17,1
4253,128251,0.91,10,1
4254,128254,0.98,3,1
4255,128261,0.94,7,1
4256,128265,0.97,4,1
4257,128275,0.91,10,1
4258,128281,0.95,6,1
4259,128282,1.0,1,1
4260,128290,0.93,8,1
4261,128299,0.92,9,1
4262,128307,0.93,8,1
4263,128308,1.0,1,1
4264,128317,0.92,9,1
4265,128325,0.93,8,1
4266,128330,0.96,5,1
4267,128337,0.94,7,1
4268,128346,0.92,9,1
4269,128353,0.94,7,1
4270,128361,0.93,8,1
4271,128368,0.94,7,1
4272,128375,0.94,7,1
4273,128377,0.99,2,1
4274,128385,0.93,8,1
4275,128395,0.91,10,1
4276,128403,0.93,8,1
4277,128408,0.96,5,1
4278,128414,0.95,6,1
4279,128423,0.92,9,1
4280,128431,0.93,8,1
4281,128440,0.92,9,1
4282,128448,0.93,8,1
4283,128463,0.86,15,1
4284,128467,0.97,4,1
4285,128472,0.96,5,1
4286,128478,0.95,6,1
4287,128486,0.93,8,1
4288,128491,0.96,5,1
4289,128492,1.0,1,1
4290,128499,0.94,7,1
4291,128504,0.96,5,1
4292,128510,0.95,6,1
4293,128514,0.97,4,1
4294,128525,0.9,11,1
4295,128530,0.96,5,1
4296,128537,0.94,7,1
4297,128544,0.94,7,1
4298,128553,0.92,9,1
4299,128559,0.95,6,1
4300,128563,0.97,4,1
4301,128568,0.96,5,1
4302,128569,1.0,1,1
4303,128571,0.99,2,1
4304,128580,0.92,9,1
4305,128581,1.0,1,1
4306,128595,0.87,14,1
4307,128598,0.98,3,1
4308,128607,0.92,9,1
4309,128615,0.93,8,1
4310,128616,1.0,1,1
4311,128621,0.96,5,1
4312,128630,0.92,9,1
4313,128640,0.91,10,1
4314,128647,0.94,7,1
4315,128659,0.89,12,1
4316,128666,0.94,7,1
4317,128670,0.97,4,1
4318,128673,0.98,3,1
4319,128680,0.94,7,1
4320,128690,0.91,10,1
4321,128699,0.92,9,1
4322,128704,0.96,5,1
4323,128710,0.95,6,1
4324,128711,1.0,1,1
4325,128717,0.95,6,1
4326,128727,0.91,10,1
4327,128733,0.95,6,1
4328,128738,0.96,5,1
4329,128747,0.92,9,1
4330,128751,0.97,4,1
4331,128760,0.92,9,1
4332,128767,0.94,7,1
4333,128769,0.99,2,1
4334,128770,1.0,1,1
4335,128782,0.89,12,1
4336,128789,0.94,7,1
4337,128797,0.93,8,1
4338,128798,1.0,1,1
4339,128806,0.93,8,1
4340,128811,0.96,5,1
4341,128823,0.89,12,1
4342,128833,0.91,10,1
4343,128839,0.95,6,1
4344,128846,0.94,7,1
4345,128849,0.98,3,1
4346,128853,0.97,4,1
4347,128866,0.88,13,1
4348,128867,1.0,1,1
4349,128872,0.96,5,1
4350,128878,0.95,6,1
4351,128888,0.91,10,1
4352,128897,0.92,9,1
4353,128904,0.94,7,1
4354,128907,0.98,3,1
4355,128912,0.96,5,1
4356,128914,0.99,2,1
4357,128921,0.94,7,1
4358,128927,0.95,6,1
4359,128937,0.91,10,1
4360,128946,0.92,9,1
4361,128950,0.97,4,1
4362,128956,0.95,6,1
4363,128963,0.94,7,1
4364,128969,0.95,6,1
4365,128980,0.9,11,1
4366,128986,0.95,6,1
4367,128987,1.0,1,1
4368,128997,0.91,10,1
4369,129004,0.94,7,1
4370,129013,0.92,9,1
4371,129021,0.93,8,1
4372,129023,0.99,2,1
4373,129033,0.91,10,1
4374,129035,0.99,2,1
4375,129040,0.96,5,1
4376,129042,0.99,2,1
4377,129045,0.98,3,1
4378,129057,0.89,12,1
4379,129060,0.98,3,1
4380,129066,0.95,6,1
4381,129078,0.89,12,1
4382,129088,0.91,10,1
4383,129089,1.0,1,1
4384,129090,1.0,1,1
4385,129096,0.95,6,1
4386,129103,0.94,7,1
4387,129109,0.95,6,1
4388,129116,0.94,7,1
4389,129125,0.92,9,1
4390,129126,1.0,1,1
4391,129134,0.93,8,1
4392,129144,0.91,10,1
4393,129150,0.95,6,1
4394,129156,0.95,6,1
4395,129163,0.94,7,1
4396,129171,0.93,8,1
4397,129179,0.93,8,1
4398,129183,0.97,4,1
4399,129184,1.0,1,1
4400,129193,0.92,9,1
4401,129200,0.94,7,1
4402,129203,0.98,3,1
4403,129209,0.95,6,1
4404,129216,0.94,7,1
4405,129223,0.94,7,1
4406,129225,0.99,2,1
4407,129236,0.9,11,1
4408,129238,0.99,2,1
4409,129245,0.94,7,1
4410,129248,0.98,3,1
4411,129254,0.95,6,1
4412,129263,0.92,9,1
4413,129271,0.93,8,1
4414,129279,0.93,8,1
4415,129288,0.92,9,1
4416,129292,0.97,4,1
4417,129297,0.96,5,1
4418,129311,0.87,14,1
4419,129314,0.98,3,1
4420,129321,0.94,7,1
4421,129328,0.94,7,1
4422,129330,0.99,2,1
4423,129336,0.95,6,1
4424,129343,0.94,7,1
4425,129350,0.94,7,1
4426,129361,0.9,11,1
4427,129364,0.98,3,1
4428,129374,0.91,10,1
4429,129380,0.95,6,1
4430,129386,0.95,6,1
4431,129390,0.97,4,1
4432,129397,0.94,7,1
4433,129407,0.91,10,1
4434,129415,0.93,8,1
4435,129417,0.99,2,1
4436,129422,0.96,5,1
4437,129423,1.0,1,1
4438,129429,0.95,6,1
4439,129430,1.0,1,1
4440,129432,0.99,2,1
4441,129441,0.92,9,1
4442,129446,0.96,5,1
4443,129451,0.96,5,1
4444,129458,0.94,7,1
4445,129460,0.99,2,1
4446,129470,0.91,10,1
4447,129473,0.98,3,1
4448,129480,0.94,7,1
4449,129488,0.93,8,1
4450,129495,0.94,7,1
4451,129505,0.91,10,1
4452,129511,0.95,6,1
4453,129519,0.93,8,1
4454,129525,0.95,6,1
4455,129531,0.95,6,1
4456,129542,0.9,11,1
4457,129548,0.95,6,1
4458,129558,0.91,10,1
4459,129562,0.97,4,1
4460,129567,0.96,5,1
4461,129574,0.94,7,1
4462,129584,0.91,10,1
4463,129591,0.94,7,1
4464,129599,0.93,8,1
4465,129600,1.0,1,1
4466,129606,0.95,6,1
4467,129608,0.99,2,1
4468,129609,1.0,1,1
4469,129619,0.91,10,1
4470,129626,0.94,7,1
4471,129629,0.98,3,1
4472,129637,0.93,8,1
4473,129645,0.93,8,1
4474,129648,0.98,3,1
4475,129654,0.95,6,1
4476,129661,0.94,7,1
4477,129667,0.95,6,1
4478,129668,1.0,1,1
4479,129677,0.92,9,1
4480,129678,1.0,1,1
4481,129687,0.92,9,1
4482,129697,0.91,10,1
4483,129702,0.96,5,1
4484,129709,0.94,7,1
4485,129720,0.9,11,1
4486,129730,0.91,10,1
4487,129741,0.9,11,1
4488,129748,0.94,7,1
4489,129758,0.91,10,1
4490,129773,0.86,15,1
4491,129782,0.92,9,1
4492,129789,0.94,7,1
4493,129800,0.9,11,1
4494,129801,1.0,1,1
4495,129802,1.0,1,1
4496,129804,0.99,2,1
4497,129812,0.93,8,1
4498,129819,0.94,7,1
4499,129824,0.96,5,1
4500,129829,0.96,5,1
4501,129834,0.96,5,1
4502,129841,0.94,7,1
4503,129845,0.97,4,1
4504,129851,0.95,6,1
4505,129855,0.97,4,1
4506,129861,0.95,6,1
4507,129871,0.91,10,1
4508,129876,0.96,5,1
4509,129880,0.97,4,1
4510,129890,0.91,10,1
4511,129899,0.92,9,1
4512,129908,0.92,9,1
4513,129909,1.0,1,1
4514,129916,0.94,7,1
4515,129926,0.91,10,1
4516,129933,0.94,7,1
4517,129943,0.91,10,1
4518,129949,0.95,6,1
4519,129954,0.96,5,1
4520,129962,0.93,8,1
4521,129967,0.96,5,1
4522,129976,0.92,9,1
4523,129984,0.93,8,1
4524,129985,1.0,1,1
4525,129993,0.93,8,1
4526,129999,0.95,6,1
4527,130007,0.93,8,1
4528,130015,0.93,8,1
4529,130020,0.96,5,1
4530,130028,0.93,8,1
4531,130035,0.94,7,1
4532,130038,0.98,3,1
4533,130042,0.97,4,1
4534,130044,0.99,2,1
4535,130050,0.95,6,1
4536,130059,0.92,9,1
4537,130068,0.92,9,1
4538,130075,0.94,7,1
4539,130085,0.91,10,1
4540,130090,0.96,5,1
4541,130096,0.95,6,1
4542,130100,0.97,4,1
4543,130107,0.94,7,1
4544,130117,0.91,10,1
4545,130118,1.0,1,1
4546,130128,0.91,10,1
4547,130133,0.96,5,1
4548,130137,0.97,4,1
4549,130143,0.95,6,1
4550,130145,0.99,2,1
4551,130156,0.9,11,1
4552,130167,0.9,11,1
4553,130178,0.9,11,1
4554,130184,0.95,6,1
4555,130185,1.0,1,1
4556,130197,0.89,12,1
4557,130211,0.87,14,1
4558,130214,0.98,3,1
4559,130225,0.9,11,1
4560,130230,0.96,5,1
4561,130238,0.93,8,1
4562,130243,0.96,5,1
4563,130249,0.95,6,1
4564,130257,0.93,8,1
4565,130265,0.93,8,1
4566,130272,0.94,7,1
4567,130280,0.93,8,1
4568,130288,0.93,8,1
4569,130290,0.99,2,1
4570,130297,0.94,7,1
4571,130304,0.94,7,1
4572,130305,1.0,1,1
4573,130307,0.99,2,1
4574,130308,1.0,1,1
4575,130314,0.95,6,1
4576,130320,0.95,6,1
4577,130327,0.94,7,1
4578,130334,0.94,7,1
4579,130344,0.91,10,1
4580,130348,0.97,4,1
4581,130353,0.96,5,1
4582,130359,0.95,6,1
4583,130366,0.94,7,1
4584,130375,0.92,9,1
4585,130377,0.99,2,1
4586,130386,0.92,9,1
4587,130391,0.96,5,1
4588,130397,0.95,6,1
4589,130399,0.99,2,1
4590,130408,0.92,9,1
4591,130417,0.92,9,1
4592,130424,0.94,7,1
4593,130426,0.99,2,1
4594,130437,0.9,11,1
4595,130441,0.97,4,1
4596,130450,0.92,9,1
4597,130459,0.92,9,1
4598,130467,0.93,8,1
4599,130472,0.96,5,1
4600,130481,0.92,9,1
4601,130489,0.93,8,1
4602,130496,0.94,7,1
4603,130505,0.92,9,1
4604,130517,0.89,12,1
4605,130527,0.91,10,1
4606,130528,1.0,1,1
4607,130537,0.92,9,1
4608,130541,0.97,4,1
4609,130546,0.96,5,1
4610,130557,0.9,11,1
4611,130562,0.96,5,1
4612,130571,0.92,9,1
4613,130578,0.94,7,1
4614,130586,0.93,8,1
4615,130591,0.96,5,1
4616,130598,0.94,7,1
4617,130605,0.94,7,1
4618,130613,0.93,8,1
4619,130621,0.93,8,1
4620,130631,0.91,10,1
4621,130641,0.91,10,1
4622,130646,0.96,5,1
4623,130655,0.92,9,1
4624,130659,0.97,4,1
4625,130669,0.91,10,1
4626,130673,0.97,4,1
4627,130674,1.0,1,1
4628,130679,0.96,5,1
4629,130688,0.92,9,1
4630,130695,0.94,7,1
4631,130702,0.94,7,1
4632,130707,0.96,5,1
4633,130715,0.93,8,1
4634,130724,0.92,9,1
4635,130733,0.92,9,1
4636,130740,0.94,7,1
4637,130745,0.96,5,1
4638,130754,0.92,9,1
4639,130762,0.93,8,1
4640,130772,0.91,10,1
4641,130778,0.95,6,1
4642,130788,0.91,10,1
4643,130791,0.98,3,1
4644,130793,0.99,2,1
4645,130805,0.89,12,1
4646,130817,0.89,12,1
4647,130824,0.94,7,1
4648,130833,0.92,9,1
4649,130837,0.97,4,1
4650,130846,0.92,9,1
4651,130855,0.92,9,1
4652,130861,0.95,6,1
4653,130866,0.96,5,1
4654,130871,0.96,5,1
4655,130874,0.98,3,1
4656,130884,0.91,10,1
4657,130885,1.0,1,1
4658,130887,0.99,2,1
4659,130891,0.97,4,1
4660,130900,0.92,9,1
4661,130902,0.99,2,1
4662,130911,0.92,9,1
4663,130920,0.92,9,1
4664,130921,1.0,1,1
4665,130922,1.0,1,1
4666,130925,0.98,3,1
4667,130934,0.92,9,1
4668,130939,0.96,5,1
4669,130953,0.87,14,1
4670,130960,0.94,7,1
4671,130966,0.95,6,1
4672,130975,0.92,9,1
4673,130986,0.9,11,1
4674,130988,0.99,2,1
4675,130995,0.94,7,1
4676,131004,0.92,9,1
4677,131016,0.89,12,1
4678,131022,0.95,6,1
4679,131030,0.93,8,1
4680,131035,0.96,5,1
4681,131036,1.0,1,1
4682,131041,0.96,5,1
4683,131045,0.97,4,1
4684,131048,0.98,3,1
4685,131055,0.94,7,1
4686,131062,0.94,7,1
4687,131072,0.91,10,1
4688,131078,0.95,6,1
4689,131084,0.95,6,1
4690,131089,0.96,5,1
4691,131096,0.94,7,1
4692,131102,0.95,6,1
4693,131106,0.97,4,1
4694,131113,0.94,7,1
4695,131114,1.0,1,1
4696,131116,0.99,2,1
4697,131119,0.98,3,1
4698,131128,0.92,9,1
4699,131136,0.93,8,1
4700,131144,0.93,8,1
4701,131148,0.97,4,1
4702,131153,0.96,5,1
4703,131155,0.99,2,1
4704,131157,0.99,2,1
4705,131160,0.98,3,1
4706,131161,1.0,1,1
4707,131172,0.9,11,1
4708,131183,0.9,11,1
4709,131191,0.93,8,1
4710,131199,0.93,8,1
4711,131202,0.98,3,1
4712,131209,0.94,7,1
4713,131216,0.94,7,1
4714,131224,0.93,8,1
4715,131230,0.95,6,1
4716,131235,0.96,5,1
4717,131244,0.92,9,1
4718,131250,0.95,6,1
4719,131257,0.94,7,1
4720,131268,0.9,11,1
4721,131280,0.89,12,1
4722,131290,0.91,10,1
4723,131293,0.98,3,1
4724,131294,1.0,1,1
4725,131301,0.94,7,1
4726,131302,1.0,1,1
4727,131306,0.97,4,1
4728,131313,0.94,7,1
4729,131318,0.96,5,1
4730,131325,0.94,7,1
4731,131331,0.95,6,1
4732,131339,0.93,8,1
4733,131348,0.92,9,1
4734,131355,0.94,7,1
4735,131367,0.89,12,1
4736,131374,0.94,7,1
4737,131376,0.99,2,1
4738,131380,0.97,4,1
4739,131386,0.95,6,1
4740,131395,0.92,9,1
4741,131401,0.95,6,1
4742,131404,0.98,3,1
4743,131410,0.95,6,1
4744,131416,0.95,6,1
4745,131425,0.92,9,1
4746,131430,0.96,5,1
4747,131432,0.99,2,1
4748,131441,0.92,9,1
4749,131443,0.99,2,1
4750,131450,0.94,7,1
4751,131458,0.93,8,1
4752,131465,0.94,7,1
4753,131472,0.94,7,1
4754,131478,0.95,6,1
4755,131483,0.96,5,1
4756,131491,0.93,8,1
4757,131495,0.97,4,1
4758,131499,0.97,4,1
4759,131505,0.95,6,1
4760,131506,1.0,1,1
4761,131517,0.9,11,1
4762,131523,0.95,6,1
4763,131531,0.93,8,1
4764,131538,0.94,7,1
4765,131539,1.0,1,1
4766,131548,0.92,9,1
4767,131559,0.9,11,1
4768,131571,0.89,12,1
4769,131578,0.94,7,1
4770,131582,0.97,4,1
4771,131590,0.93,8,1
4772,131595,0.96,5,1
4773,131600,0.96,5,1
4774,131602,0.99,2,1
4775,131608,0.95,6,1
4776,131615,0.94,7,1
4777,131620,0.96,5,1
4778,131631,0.9,11,1
4779,131641,0.91,10,1
4780,131647,0.95,6,1
4781,131657,0.91,10,1
4782,131663,0.95,6,1
4783,131670,0.94,7,1
4784,131671,1.0,1,1
4785,131681,0.91,10,1
4786,131690,0.92,9,1
4787,131698,0.93,8,1
4788,131703,0.96,5,1
4789,131709,0.95,6,1
4790,131721,0.89,12,1
4791,131731,0.91,10,1
4792,131740,0.92,9,1
4793,131745,0.96,5,1
4794,131755,0.91,10,1
4795,131759,0.97,4,1
4796,131761,0.99,2,1
4797,131773,0.89,12,1
4798,131783,0.91,10,1
4799,131784,1.0,1,1
4800,131792,0.93,8,1
4801,131797,0.96,5,1
4802,131806,0.92,9,1
4803,131813,0.94,7,1
4804,131822,0.92,9,1
4805,131830,0.93,8,1
4806,131831,1.0,1,1
4807,131842,0.9,11,1
4808,131851,0.92,9,1
4809,131858,0.94,7,1
4810,131859,1.0,1,1
4811,131864,0.96,5,1
4812,131872,0.93,8,1
4813,131879,0.94,7,1
4814,131886,0.94,7,1
4815,131893,0.94,7,1
4816,131900,0.94,7,1
4817,131904,0.97,4,1
4818,131908,0.97,4,1
4819,131912,0.97,4,1
4820,131919,0.94,7,1
4821,131921,0.99,2,1
4822,131928,0.94,7,1
4823,131931,0.98,3,1
4824,131937,0.95,6,1
4825,131940,0.98,3,1
4826,131945,0.96,5,1
4827,131947,0.99,2,1
4828,131950,0.98,3,1
4829,131959,0.92,9,1
4830,131965,0.95,6,1
4831,131971,0.95,6,1
4832,131974,0.98,3,1
4833,131975,1.0,1,1
4834,131983,0.93,8,1
4835,131992,0.92,9,1
4836,132002,0.91,10,1
4837,132007,0.96,5,1
4838,132013,0.95,6,1
4839,132023,0.91,10,1
4840,132030,0.94,7,1
4841,132037,0.94,7,1
4842,132043,0.95,6,1
4843,132050,0.94,7,1
4844,132059,0.92,9,1
4845,132067,0.93,8,1
4846,132072,0.96,5,1
4847,132078,0.95,6,1
4848,132086,0.93,8,1
4849,132088,0.99,2,1
4850,132099,0.9,11,1
4851,132100,1.0,1,1
4852,132103,0.98,3,1
4853,132111,0.93,8,1
4854,132120,0.92,9,1
4855,132127,0.94,7,1
4856,132128,1.0,1,1
4857,132138,0.91,10,1
4858,132143,0.96,5,1
4859,132151,0.93,8,1
4860,132160,0.92,9,1
4861,132164,0.97,4,1
4862,132171,0.94,7,1
4863,132176,0.96,5,1
4864,132183,0.94,7,1
4865,132192,0.92,9,1
4866,132200,0.93,8,1
4867,132207,0.94,7,1
4868,132216,0.92,9,1
4869,132223,0.94,7,1
4870,132233,0.91,10,1
4871,132247,0.87,14,1
4872,132253,0.95,6,1
4873,132255,0.99,2,1
4874,132260,0.96,5,1
4875,132267,0.94,7,1
4876,132272,0.96,5,1
4877,132273,1.0,1,1
4878,132281,0.93,8,1
4879,132290,0.92,9,1
4880,132296,0.95,6,1
4881,132303,0.94,7,1
4882,132318,0.86,15,1
4883,132326,0.93,8,1
4884,132335,0.92,9,1
4885,132342,0.94,7,1
4886,132344,0.99,2,1
4887,132353,0.92,9,1
4888,132360,0.94,7,1
4889,132366,0.95,6,1
4890,132372,0.95,6,1
4891,132380,0.93,8,1
4892,132382,0.99,2,1
4893,132386,0.97,4,1
4894,132391,0.96,5,1
4895,132395,0.97,4,1
4896,132396,1.0,1,1
4897,132400,0.97,4,1
4898,132401,1.0,1,1
4899,132410,0.92,9,1
4900,132416,0.95,6,1
4901,132425,0.92,9,1
4902,132426,1.0,1,1
4903,132428,0.99,2,1
4904,132434,0.95,6,1
4905,132437,0.98,3,1
4906,132438,1.0,1,1
4907,132445,0.94,7,1
4908,132451,0.95,6,1
4909,132458,0.94,7,1
4910,132468,0.91,10,1
4911,132478,0.91,10,1
4912,132482,0.97,4,1
4913,132485,0.98,3,1
4914,132493,0.93,8,1
4915,132504,0.9,11,1
4916,132516,0.89,12,1
4917,132519,0.98,3,1
4918,132524,0.96,5,1
4919,132534,0.91,10,1
4920,132540,0.95,6,1
4921,132550,0.91,10,1
4922,132558,0.93,8,1
4923,132562,0.97,4,1
4924,132567,0.96,5,1
4925,132571,0.97,4,1
4926,132582,0.9,11,1
4927,132591,0.92,9,1
4928,132597,0.95,6,1
4929,132603,0.95,6,1
4930,132611,0.93,8,1
4931,132620,0.92,9,1
4932,132628,0.93,8,1
4933,132636,0.93,8,1
4934,132638,0.99,2,1
4935,132644,0.95,6,1
4936,132648,0.97,4,1
4937,132657,0.92,9,1
4938,132666,0.92,9,1
4939,132673,0.94,7,1
4940,132681,0.93,8,1
4941,132687,0.95,6,1
4942,132694,0.94,7,1
4943,132699,0.96,5,1
4944,132707,0.93,8,1
4945,132716,0.92,9,1
4946,132721,0.96,5,1
4947,132728,0.94,7,1
4948,132734,0.95,6,1
4949,132744,0.91,10,1
4950,132751,0.94,7,1
4951,132753,0.99,2,1
4952,132754,1.0,1,1
4953,132765,0.9,11,1
4954,132770,0.96,5,1
4955,132777,0.94,7,1
4956,132782,0.96,5,1
4957,132788,0.95,6,1
4958,132789,1.0,1,1
4959,132795,0.95,6,1
4960,132801,0.95,6,1
4961,132804,0.98,3,1
4962,132812,0.93,8,1
4963,132815,0.98,3,1
4964,132823,0.93,8,1
4965,132831,0.93,8,1
4966,132838,0.94,7,1
4967,132840,0.99,2,1
4968,132841,1.0,1,1
4969,132851,0.91,10,1
4970,132858,0.94,7,1
4971,132859,1.0,1,1
4972,132865,0.95,6,1
4973,132869,0.97,4,1
4974,132871,0.99,2,1
4975,132875,0.97,4,1
4976,132880,0.96,5,1
4977,132886,0.95,6,1
4978,132895,0.92,9,1
4979,132903,0.93,8,1
4980,132911,0.93,8,1
4981,132918,0.94,7,1
4982,132928,0.91,10,1
4983,132937,0.92,9,1
4984,132942,0.96,5,1
4985,132950,0.93,8,1
4986,132958,0.93,8,1
4987,132964,0.95,6,1
4988,132966,0.99,2,1
4989,132974,0.93,8,1
4990,132981,0.94,7,1
4991,132984,0.98,3,1
4992,132990,0.95,6,1
4993,132992,0.99,2,1
4994,133003,0.9,11,1
4995,133014,0.9,11,1
4996,133022,0.93,8,1
4997,133023,1.0,1,1
4998,133032,0.92,9,1
4999,133036,0.97,4,1
5000,133045,0.92,9,1
5001,133052,0.94,7,1
5002,133060,0.93,8,1
5003,133067,0.94,7,1
5004,133073,0.95,6,1
5005,133080,0.94,7,1
5006,133085,0.96,5,1
5007,133096,0.9,11,1
5008,133106,0.91,10,1
5009,133114,0.93,8,1
5010,133117,0.98,3,1
5011,133120,0.98,3,1
5012,133130,0.91,10,1
5013,133136,0.95,6,1
5014,133140,0.97,4,1
5015,133144,0.97,4,1
5016,133148,0.97,4,1
5017,133155,0.94,7,1
5018,133156,1.0,1,1
5019,133158,0.99,2,1
5020,133164,0.95,6,1
5021,133171,0.94,7,1
5022,133181,0.91,10,1
5023,133191,0.91,10,1
5024,133200,0.92,9,1
5025,133207,0.94,7,1
5026,133213,0.95,6,1
5027,133223,0.91,10,1
5028,133224,1.0,1,1
5029,133230,0.95,6,1
5030,133235,0.96,5,1
5031,133244,0.92,9,1
5032,133252,0.93,8,1
5033,133266,0.87,14,1
5034,133274,0.93,8,1
5035,133280,0.95,6,1
5036,133282,0.99,2,1
5037,133290,0.93,8,1
5038,133297,0.94,7,1
5039,133307,0.91,10,1
5040,133315,0.93,8,1
5041,133321,0.95,6,1
5042,133327,0.95,6,1
5043,133333,0.95,6,1
5044,133344,0.9,11,1
5045,133353,0.92,9,1
5046,133363,0.91,10,1
5047,133368,0.96,5,1
5048,133376,0.93,8,1
5049,133382,0.95,6,1
5050,133389,0.94,7,1
5051,133397,0.93,8,1
5052,133404,0.94,7,1
5053,133412,0.93,8,1
5054,133414,0.99,2,1
5055,133421,0.94,7,1
5056,133430,0.92,9,1
5057,133437,0.94,7,1
5058,133440,0.98,3,1
5059,133446,0.95,6,1
5060,133449,0.98,3,1
5061,133456,0.94,7,1
5062,133466,0.91,10,1
5063,133471,0.96,5,1
5064,133479,0.93,8,1
5065,133488,0.92,9,1
5066,133495,0.94,7,1
5067,133503,0.93,8,1
5068,133510,0.94,7,1
5069,133515,0.96,5,1
5070,133523,0.93,8,1
5071,133533,0.91,10,1
5072,133539,0.95,6,1
5073,133543,0.97,4,1
5074,133550,0.94,7,1
5075,133557,0.94,7,1
5076,133565,0.93,8,1
5077,133573,0.93,8,1
5078,133582,0.92,9,1
5079,133587,0.96,5,1
5080,133589,0.99,2,1
5081,133597,0.93,8,1
5082,133600,0.98,3,1
5083,133604,0.97,4,1
5084,133611,0.94,7,1
5085,133620,0.92,9,1
5086,133621,1.0,1,1
5087,133626,0.96,5,1
5088,133636,0.91,10,1
5089,133643,0.94,7,1
5090,133651,0.93,8,1
5091,133652,1.0,1,1
5092,133658,0.95,6,1
5093,133664,0.95,6,1
5094,133674,0.91,10,1
5095,133682,0.93,8,1
5096,133694,0.89,12,1
5097,133704,0.91,10,1
5098,133714,0.91,10,1
5099,133726,0.89,12,1
5100,133727,1.0,1,1
5101,133735,0.93,8,1
5102,133737,0.99,2,1
5103,133748,0.9,11,1
5104,133749,1.0,1,1
5105,133755,0.95,6,1
5106,133757,0.99,2,1
5107,133758,1.0,1,1
5108,133763,0.96,5,1
5109,133773,0.91,10,1
5110,133780,0.94,7,1
5111,133783,0.98,3,1
5112,133789,0.95,6,1
5113,133796,0.94,7,1
5114,133799,0.98,3,1
5115,133804,0.96,5,1
5116,133809,0.96,5,1
5117,133818,0.92,9,1
5118,133826,0.93,8,1
5119,133836,0.91,10,1
5120,133838,0.99,2,1
5121,133845,0.94,7,1
5122,133849,0.97,4,1
5123,133850,1.0,1,1
5124,133858,0.93,8,1
5125,133860,0.99,2,1
5126,133865,0.96,5,1
5127,133868,0.98,3,1
5128,133876,0.93,8,1
5129,133881,0.96,5,1
5130,133889,0.93,8,1
5131,133897,0.93,8,1
5132,133898,1.0,1,1
5133,133900,0.99,2,1
5134,133909,0.92,9,1
5135,133915,0.95,6,1
5136,133920,0.96,5,1
5137,133927,0.94,7,1
5138,133935,0.93,8,1
5139,133944,0.92,9,1
5140,133953,0.92,9,1
5141,133964,0.9,11,1
5142,133965,1.0,1,1
5143,133968,0.98,3,1
5144,133979,0.9,11,1
5145,133985,0.95,6,1
5146,133991,0.95,6,1
5147,133998,0.94,7,1
5148,134004,0.95,6,1
5149,134009,0.96,5,1
5150,134017,0.93,8,1
5151,134022,0.96,5,1
5152,134029,0.94,7,1
5153,134032,0.98,3,1
5154,134035,0.98,3,1
5155,134045,0.91,10,1
5156,134052,0.94,7,1
5157,134061,0.92,9,1
5158,134069,0.93,8,1
5159,134076,0.94,7,1
5160,134084,0.93,8,1
5161,134086,0.99,2,1
5162,134088,0.99,2,1
5163,134089,1.0,1,1
5164,134099,0.91,10,1
5165,134106,0.94,7,1
5166,134114,0.93,8,1
5167,134122,0.93,8,1
5168,134130,0.93,8,1
5169,134137,0.94,7,1
5170,134139,0.99,2,1
5171,134148,0.92,9,1
5172,134155,0.94,7,1
5173,134164,0.92,9,1
5174,134169,0.96,5,1
5175,134174,0.96,5,1
5176,134177,0.98,3,1
5177,134183,0.95,6,1
5178,134193,0.91,10,1
5179,134197,0.97,4,1
5180,134210,0.88,13,1
5181,134220,0.91,10,1
5182,134230,0.91,10,1
5183,134239,0.92,9,1
5184,134240,1.0,1,1
5185,134245,0.96,5,1
5186,134254,0.92,9,1
5187,134258,0.97,4,1
5188,134261,0.98,3,1
5189,134264,0.98,3,1
5190,134274,0.91,10,1
5191,134283,0.92,9,1
5192,134287,0.97,4,1
5193,134290,0.98,3,1
5194,134295,0.96,5,1
5195,134301,0.95,6,1
5196,134309,0.93,8,1
5197,134311,0.99,2,1
5198,134312,1.0,1,1
5199,134317,0.96,5,1
5200,134320,0.98,3,1
5201,134323,0.98,3,1
5202,134333,0.91,10,1
5203,134338,0.96,5,1
5204,134346,0.93,8,1
5205,134355,0.92,9,1
5206,134359,0.97,4,1
5207,134379,0.81,20,1
5208,134381,0.99,2,1
5209,134386,0.96,5,1
5210,134396,0.91,10,1
5211,134404,0.93,8,1
5212,134412,0.93,8,1
5213,134420,0.93,8,1
5214,134426,0.95,6,1
5215,134427,1.0,1,1
5216,134433,0.95,6,1
5217,134435,0.99,2,1
5218,134444,0.92,9,1
5219,134455,0.9,11,1
5220,134461,0.95,6,1
5221,134471,0.91,10,1
5222,134480,0.92,9,1
5223,134489,0.92,9,1
5224,134494,0.96,5,1
5225,134503,0.92,9,1
5226,134509,0.95,6,1
5227,134512,0.98,3,1
5228,134523,0.9,11,1
5229,134532,0.92,9,1
5230,134534,0.99,2,1
5231,134545,0.9,11,1
5232,134556,0.9,11,1
5233,134562,0.95,6,1
5234,134565,0.98,3,1
5235,134573,0.93,8,1
5236,134579,0.95,6,1
5237,134585,0.95,6,1
5238,134587,0.99,2,1
5239,134591,0.97,4,1
5240,134602,0.9,11,1
5241,134607,0.96,5,1
5242,134619,0.89,12,1
5243,134629,0.91,10,1
5244,134631,0.99,2,1
5245,134639,0.93,8,1
5246,134642,0.98,3,1
5247,134648,0.95,6,1
5248,134658,0.91,10,1
5249,134670,0.89,12,1
5250,134674,0.97,4,1
5251,134683,0.92,9,1
5252,134692,0.92,9,1
5253,134701,0.92,9,1
5254,134707,0.95,6,1
5255,134713,0.95,6,1
5256,134722,0.92,9,1
5257,134727,0.96,5,1
5258,134729,0.99,2,1
5259,134735,0.95,6,1
5260,134738,0.98,3,1
5261,134748,0.91,10,1
5262,134764,0.85,16,1
5263,134777,0.88,13,1
5264,134781,0.97,4,1
5265,134787,0.95,6,1
5266,134792,0.96,5,1
5267,134801,0.92,9,1
5268,134807,0.95,6,1
5269,134818,0.9,11,1
5270,134825,0.94,7,1
5271,134829,0.97,4,1
5272,134836,0.94,7,1
5273,134846,0.91,10,1
5274,134851,0.96,5,1
5275,134861,0.91,10,1
5276,134862,1.0,1,1
5277,134871,0.92,9,1
5278,134880,0.92,9,1
5279,134884,0.97,4,1
5280,134898,0.87,14,1
5281,134908,0.91,10,1
5282,134912,0.97,4,1
5283,134913,1.0,1,1
5284,134918,0.96,5,1
5285,134929,0.9,11,1
5286,134935,0.95,6,1
5287,134936,1.0,1,1
5288,134943,0.94,7,1
5289,134954,0.9,11,1
5290,134962,0.93,8,1
5291,134971,0.92,9,1
5292,134978,0.94,7,1
5293,134987,0.92,9,1
5294,134995,0.93,8,1
5295,135000,0.96,5,1
5296,135011,0.9,11,1
5297,135018,0.94,7,1
5298,135023,0.96,5,1
5299,135030,0.94,7,1
5300,135039,0.92,9,1
5301,135040,1.0,1,1
5302,135046,0.95,6,1
5303,135052,0.95,6,1
5304,135059,0.94,7,1
5305,135067,0.93,8,1
5306,135068,1.0,1,1
5307,135074,0.95,6,1
5308,135081,0.94,7,1
5309,135090,0.92,9,1
5310,135095,0.96,5,1
5311,135105,0.91,10,1
5312,135111,0.95,6,1
5313,135122,0.9,11,1
5314,135129,0.94,7,1
5315,135135,0.95,6,1
5316,135140,0.96,5,1
5317,135150,0.91,10,1
5318,135165,0.86,15,1
5319,135171,0.95,6,1
5320,135175,0.97,4,1
5321,135180,0.96,5,1
5322,135183,0.98,3,1
5323,135189,0.95,6,1
5324,135196,0.94,7,1
5325,135201,0.96,5,1
5326,135202,1.0,1,1
5327,135207,0.96,5,1
5328,135218,0.9,11,1
5329,135223,0.96,5,1
5330,135231,0.93,8,1
5331,135240,0.92,9,1
5332,135252,0.89,12,1
5333,135258,0.95,6,1
5334,135259,1.0,1,1
5335,135262,0.98,3,1
5336,135273,0.9,11,1
5337,135277,0.97,4,1
5338,135285,0.93,8,1
5339,135294,0.92,9,1
5340,135299,0.96,5,1
5341,135302,0.98,3,1
5342,135312,0.91,10,1
5343,135321,0.92,9,1
5344,135324,0.98,3,1
5345,135336,0.89,12,1
5346,135341,0.96,5,1
5347,135348,0.94,7,1
5348,135351,0.98,3,1
5349,135365,0.87,14,1
5350,135372,0.94,7,1
5351,135377,0.96,5,1
5352,135380,0.98,3,1
5353,135388,0.93,8,1
5354,135397,0.92,9,1
5355,135405,0.93,8,1
5356,135407,0.99,2,1
5357,135417,0.91,10,1
5358,135425,0.93,8,1
5359,135435,0.91,10,1
5360,135447,0.89,12,1
5361,135449,0.99,2,1
5362,135454,0.96,5,1
5363,135463,0.92,9,1
5364,135467,0.97,4,1
5365,135472,0.96,5,1
5366,135478,0.95,6,1
5367,135488,0.91,10,1
5368,135489,1.0,1,1
5369,135494,0.96,5,1
5370,135504,0.91,10,1
5371,135510,0.95,6,1
5372,135517,0.94,7,1
5373,135524,0.94,7,1
5374,135533,0.92,9,1
5375,135538,0.96,5,1
5376,135544,0.95,6,1
5377,135549,0.96,5,1
5378,135559,0.91,10,1
5379,135565,0.95,6,1
5380,135571,0.95,6,1
5381,135577,0.95,6,1
5382,135585,0.93,8,1
5383,135597,0.89,12,1
5384,135599,0.99,2,1
5385,135609,0.91,10,1
5386,135615,0.95,6,1
5387,135616,1.0,1,1
5388,135623,0.94,7,1
5389,135631,0.93,8,1
5390,135635,0.97,4,1
5391,135645,0.91,10,1
5392,135651,0.95,6,1
5393,135655,0.97,4,1
5394,135663,0.93,8,1
5395,135673,0.91,10,1
5396,135677,0.97,4,1
5397,135687,0.91,10,1
5398,135693,0.95,6,1
5399,135697,0.97,4,1
5400,135705,0.93,8,1
5401,135709,0.97,4,1
5402,135710,1.0,1,1
5403,135719,0.92,9,1
5404,135722,0.98,3,1
5405,135728,0.95,6,1
5406,135732,0.97,4,1
5407,135743,0.9,11,1
5408,135747,0.97,4,1
5409,135755,0.93,8,1
5410,135762,0.94,7,1
5411,135767,0.96,5,1
5412,135771,0.97,4,1
5413,135779,0.93,8,1
5414,135781,0.99,2,1
5415,135787,0.95,6,1
5416,135791,0.97,4,1
5417,135795,0.97,4,1
5418,135804,0.92,9,1
5419,135812,0.93,8,1
5420,135817,0.96,5,1
5421,135820,0.98,3,1
5422,135832,0.89,12,1
5423,135835,0.98,3,1
5424,135841,0.95,6,1
5425,135856,0.86,15,1
5426,135858,0.99,2,1
5427,135866,0.93,8,1
5428,135873,0.94,7,1
5429,135879,0.95,6,1
5430,135888,0.92,9,1
5431,135895,0.94,7,1
5432,135902,0.94,7,1
5433,135908,0.95,6,1
5434,135910,0.99,2,1
5435,135911,1.0,1,1
5436,135918,0.94,7,1
5437,135924,0.95,6,1
5438,135928,0.97,4,1
5439,135937,0.92,9,1
5440,135945,0.93,8,1
5441,135954,0.92,9,1
5442,135962,0.93,8,1
5443,135969,0.94,7,1
5444,135977,0.93,8,1
5445,135987,0.91,10,1
5446,135995,0.93,8,1
5447,136004,0.92,9,1
5448,136012,0.93,8,1
5449,136016,0.97,4,1
5450,136023,0.94,7,1
5451,136037,0.87,14,1
5452,136040,0.98,3,1
5453,136041,1.0,1,1
5454,136050,0.92,9,1
5455,136054,0.97,4,1
5456,136061,0.94,7,1
5457,136063,0.99,2,1
5458,136070,0.94,7,1
5459,136075,0.96,5,1
5460,136081,0.95,6,1
5461,136087,0.95,6,1
5462,136096,0.92,9,1
5463,136104,0.93,8,1
5464,136105,1.0,1,1
5465,136109,0.97,4,1
5466,136116,0.94,7,1
5467,136120,0.97,4,1
5468,136127,0.94,7,1
5469,136135,0.93,8,1
5470,136140,0.96,5,1
5471,136142,0.99,2,1
5472,136146,0.97,4,1
5473,136152,0.95,6,1
5474,136158,0.95,6,1
5475,136159,1.0,1,1
5476,136169,0.91,10,1
5477,136176,0.94,7,1
5478,136184,0.93,8,1
5479,136190,0.95,6,1
5480,136195,0.96,5,1
5481,136207,0.89,12,1
5482,136215,0.93,8,1
5483,136224,0.92,9,1
5484,136232,0.93,8,1
5485,136239,0.94,7,1
5486,136243,0.97,4,1
5487,136245,0.99,2,1
5488,136250,0.96,5,1
5489,136260,0.91,10,1
5490,136268,0.93,8,1
5491,136275,0.94,7,1
5492,136285,0.91,10,1
5493,136293,0.93,8,1
5494,136300,0.94,7,1
5495,136307,0.94,7,1
5496,136308,1.0,1,1
5497,136320,0.89,12,1
5498,136324,0.97,4,1
5499,136335,0.9,11,1
5500,136341,0.95,6,1
5501,136342,1.0,1,1
5502,136349,0.94,7,1
5503,136357,0.93,8,1
5504,136363,0.95,6,1
5505,136365,0.99,2,1
5506,136370,0.96,5,1
5507,136373,0.98,3,1
5508,136383,0.91,10,1
5509,136386,0.98,3,1
5510,136391,0.96,5,1
5511,136393,0.99,2,1
5512,136404,0.9,11,1
5513,136406,0.99,2,1
5514,136414,0.93,8,1
5515,136416,0.99,2,1
5516,136421,0.96,5,1
5517,136428,0.94,7,1
5518,136434,0.95,6,1
5519,136439,0.96,5,1
5520,136445,0.95,6,1
5521,136448,0.98,3,1
5522,136457,0.92,9,1
5523,136464,0.94,7,1
5524,136471,0.94,7,1
5525,136480,0.92,9,1
5526,136491,0.9,11,1
5527,136498,0.94,7,1
5528,136510,0.89,12,1
5529,136516,0.95,6,1
5530,136517,1.0,1,1
5531,136525,0.93,8,1
5532,136535,0.91,10,1
5533,136538,0.98,3,1
5534,136545,0.94,7,1
5535,136554,0.92,9,1
5536,136563,0.92,9,1
5537,136565,0.99,2,1
5538,136569,0.97,4,1
5539,136576,0.94,7,1
5540,136583,0.94,7,1
5541,136588,0.96,5,1
5542,136589,1.0,1,1
5543,136593,0.97,4,1
5544,136604,0.9,11,1
5545,136613,0.92,9,1
5546,136625,0.89,12,1
5547,136629,0.97,4,1
5548,136634,0.96,5,1
5549,136643,0.92,9,1
5550,136646,0.98,3,1
5551,136647,1.0,1,1
5552,136648,1.0,1,1
5553,136653,0.96,5,1
5554,136660,0.94,7,1
5555,136662,0.99,2,1
5556,136673,0.9,11,1
5557,136684,0.9,11,1
5558,136689,0.96,5,1
5559,136695,0.95,6,1
5560,136698,0.98,3,1
5561,136707,0.92,9,1
5562,136714,0.94,7,1
5563,136720,0.95,6,1
5564,136727,0.94,7,1
5565,136735,0.93,8,1
5566,136737,0.99,2,1
5567,136746,0.92,9,1
5568,136751,0.96,5,1
5569,136759,0.93,8,1
5570,136765,0.95,6,1
5571,136774,0.92,9,1
5572,136775,1.0,1,1
5573,136776,1.0,1,1
5574,136786,0.91,10,1
5575,136789,0.98,3,1
5576,136798,0.92,9,1
5577,136803,0.96,5,1
5578,136809,0.95,6,1
5579,136817,0.93,8,1
5580,136823,0.95,6,1
5581,136828,0.96,5,1
5582,136832,0.97,4,1
5583,136836,0.97,4,1
5584,136837,1.0,1,1
5585,136846,0.92,9,1
5586,136855,0.92,9,1
5587,136865,0.91,10,1
5588,136869,0.97,4,1
5589,136872,0.98,3,1
5590,136875,0.98,3,1
5591,136880,0.96,5,1
5592,136882,0.99,2,1
5593,136885,0.98,3,1
5594,136890,0.96,5,1
5595,136901,0.9,11,1
5596,136912,0.9,11,1
5597,136916,0.97,4,1
5598,136922,0.95,6,1
5599,136932,0.91,10,1
5600,136942,0.91,10,1
5601,136952,0.91,10,1
5602,136955,0.98,3,1
5603,136965,0.91,10,1
5604,136970,0.96,5,1
5605,136976,0.95,6,1
5606,136981,0.96,5,1
5607,136990,0.92,9,1
5608,136997,0.94,7,1
5609,137005,0.93,8,1
5610,137011,0.95,6,1
5611,137018,0.94,7,1
5612,137025,0.94,7,1
5613,137026,1.0,1,1
5614,137036,0.91,10,1
5615,137041,0.96,5,1
5616,137048,0.94,7,1
5617,137054,0.95,6,1
5618,137056,0.99,2,1
5619,137066,0.91,10,1
5620,137071,0.96,5,1
5621,137072,1.0,1,1
5622,137077,0.96,5,1
5623,137085,0.93,8,1
5624,137088,0.98,3,1
5625,137098,0.91,10,1
5626,137101,0.98,3,1
5627,137107,0.95,6,1
5628,137114,0.94,7,1
5629,137120,0.95,6,1
5630,137123,0.98,3,1
5631,137130,0.94,7,1
5632,137136,0.95,6,1
5633,137140,0.97,4,1
5634,137146,0.95,6,1
5635,137153,0.94,7,1
5636,137161,0.93,8,1
5637,137166,0.96,5,1
5638,137174,0.93,8,1
5639,137178,0.97,4,1
5640,137185,0.94,7,1
5641,137194,0.92,9,1
5642,137196,0.99,2,1
5643,137201,0.96,5,1
5644,137212,0.9,11,1
5645,137224,0.89,12,1
5646,137231,0.94,7,1
5647,137235,0.97,4,1
5648,137242,0.94,7,1
5649,137254,0.89,12,1
5650,137255,1.0,1,1
5651,137262,0.94,7,1
5652,137269,0.94,7,1
5653,137279,0.91,10,1
5654,137281,0.99,2,1
5655,137287,0.95,6,1
5656,137291,0.97,4,1
5657,137298,0.94,7,1
5658,137304,0.95,6,1
5659,137313,0.92,9,1
5660,137316,0.98,3,1
5661,137325,0.92,9,1
5662,137328,0.98,3,1
5663,137336,0.93,8,1
5664,137342,0.95,6,1
5665,137343,1.0,1,1
5666,137352,0.92,9,1
5667,137359,0.94,7,1
5668,137363,0.97,4,1
5669,137371,0.93,8,1
5670,137377,0.95,6,1
5671,137379,0.99,2,1
5672,137384,0.96,5,1
5673,137391,0.94,7,1
5674,137399,0.93,8,1
5675,137401,0.99,2,1
5676,137409,0.93,8,1
5677,137418,0.92,9,1
5678,137424,0.95,6,1
5679,137431,0.94,7,1
5680,137438,0.94,7,1
5681,137448,0.91,10,1
5682,137455,0.94,7,1
5683,137456,1.0,1,1
5684,137462,0.95,6,1
5685,137473,0.9,11,1
5686,137481,0.93,8,1
5687,137484,0.98,3,1
5688,137492,0.93,8,1
5689,137505,0.88,13,1
5690,137506,1.0,1,1
5691,137511,0.96,5,1
5692,137517,0.95,6,1
5693,137520,0.98,3,1
5694,137521,1.0,1,1
5695,137528,0.94,7,1
5696,137534,0.95,6,1
5697,137541,0.94,7,1
5698,137550,0.92,9,1
5699,137557,0.94,7,1
5700,137566,0.92,9,1
5701,137574,0.93,8,1
5702,137579,0.96,5,1
5703,137588,0.92,9,1
5704,137594,0.95,6,1
5705,137599,0.96,5,1
5706,137609,0.91,10,1
5707,137613,0.97,4,1
5708,137618,0.96,5,1
5709,137626,0.93,8,1
5710,137632,0.95,6,1
5711,137639,0.94,7,1
5712,137641,0.99,2,1
5713,137649,0.93,8,1
5714,137653,0.97,4,1
5715,137655,0.99,2,1
5716,137666,0.9,11,1
5717,137673,0.94,7,1
5718,137676,0.98,3,1
5719,137684,0.93,8,1
5720,137690,0.95,6,1
5721,137703,0.88,13,1
5722,137713,0.91,10,1
5723,137720,0.94,7,1
5724,137725,0.96,5,1
5725,137729,0.97,4,1
5726,137739,0.91,10,1
5727,137744,0.96,5,1
5728,137749,0.96,5,1
5729,137759,0.91,10,1
5730,137761,0.99,2,1
5731,137770,0.92,9,1
5732,137776,0.95,6,1
5733,137786,0.91,10,1
5734,137793,0.94,7,1
5735,137802,0.92,9,1
5736,137803,1.0,1,1
5737,137807,0.97,4,1
5738,137817,0.91,10,1
5739,137823,0.95,6,1
5740,137824,1.0,1,1
5741,137837,0.88,13,1
5742,137838,1.0,1,1
5743,137847,0.92,9,1
5744,137852,0.96,5,1
5745,137854,0.99,2,1
5746,137864,0.91,10,1
5747,137872,0.93,8,1
5748,137880,0.93,8,1
5749,137885,0.96,5,1
5750,137894,0.92,9,1
5751,137899,0.96,5,1
5752,137907,0.93,8,1
5753,137917,0.91,10,1
5754,137927,0.91,10,1
5755,137935,0.93,8,1
5756,137940,0.96,5,1
5757,137945,0.96,5,1
5758,137953,0.93,8,1
5759,137960,0.94,7,1
5760,137971,0.9,11,1
5761,137980,0.92,9,1
5762,137987,0.94,7,1
5763,137991,0.97,4,1
5764,137999,0.93,8,1
5765,138006,0.94,7,1
5766,138014,0.93,8,1
5767,138022,0.93,8,1
5768,138024,0.99,2,1
5769,138033,0.92,9,1
5770,138041,0.93,8,1
5771,138045,0.97,4,1
5772,138049,0.97,4,1
5773,138058,0.92,9,1
5774,138064,0.95,6,1
5775,138076,0.89,12,1
5776,138080,0.97,4,1
5777,138084,0.97,4,1
5778,138090,0.95,6,1
5779,138100,0.91,10,1
5780,138110,0.91,10,1
5781,138116,0.95,6,1
5782,138122,0.95,6,1
5783,138125,0.98,3,1
5784,138132,0.94,7,1
5785,138136,0.97,4,1
5786,138137,1.0,1,1
5787,138147,0.91,10,1
5788,138158,0.9,11,1
5789,138164,0.95,6,1
5790,138173,0.92,9,1
5791,138181,0.93,8,1
5792,138189,0.93,8,1
5793,138196,0.94,7,1
5794,138205,0.92,9,1
5795,138206,1.0,1,1
5796,138212,0.95,6,1
5797,138218,0.95,6,1
5798,138224,0.95,6,1
5799,138228,0.97,4,1
5800,138231,0.98,3,1
5801,138239,0.93,8,1
5802,138250,0.9,11,1
5803,138259,0.92,9,1
5804,138263,0.97,4,1
5805,138269,0.95,6,1
5806,138278,0.92,9,1
5807,138284,0.95,6,1
5808,138285,1.0,1,1
5809,138288,0.98,3,1
5810,138293,0.96,5,1
5811,138294,1.0,1,1
5812,138301,0.94,7,1
5813,138309,0.93,8,1
5814,138315,0.95,6,1
5815,138322,0.94,7,1
5816,138324,0.99,2,1
5817,138334,0.91,10,1
5818,138338,0.97,4,1
5819,138339,1.0,1,1
5820,138343,0.97,4,1
5821,138349,0.95,6,1
5822,138355,0.95,6,1
5823,138362,0.94,7,1
5824,138364,0.99,2,1
5825,138371,0.94,7,1
5826,138373,0.99,2,1
5827,138377,0.97,4,1
5828,138383,0.95,6,1
5829,138392,0.92,9,1
5830,138401,0.92,9,1
5831,138408,0.94,7,1
5832,138410,0.99,2,1
5833,138418,0.93,8,1
5834,138425,0.94,7,1
5835,138433,0.93,8,1
5836,138435,0.99,2,1
5837,138444,0.92,9,1
5838,138446,0.99,2,1
5839,138454,0.93,8,1
5840,138461,0.94,7,1
5841,138470,0.92,9,1
5842,138478,0.93,8,1
5843,138484,0.95,6,1
5844,138492,0.93,8,1
5845,138494,0.99,2,1
5846,138504,0.91,10,1
5847,138514,0.91,10,1
5848,138524,0.91,10,1
5849,138536,0.89,12,1
5850,138542,0.95,6,1
5851,138549,0.94,7,1
5852,138557,0.93,8,1
5853,138567,0.91,10,1
5854,138576,0.92,9,1
5855,138578,0.99,2,1
5856,138584,0.95,6,1
5857,138595,0.9,11,1
5858,138609,0.87,14,1
5859,138616,0.94,7,1
5860,138624,0.93,8,1
5861,138634,0.91,10,1
5862,138642,0.93,8,1
5863,138649,0.94,7,1
5864,138655,0.95,6,1
5865,138663,0.93,8,1
5866,138674,0.9,11,1
5867,138677,0.98,3,1
5868,138683,0.95,6,1
5869,138694,0.9,11,1
5870,138695,1.0,1,1
5871,138703,0.93,8,1
5872,138716,0.88,13,1
5873,138720,0.97,4,1
5874,138727,0.94,7,1
5875,138735,0.93,8,1
5876,138742,0.94,7,1
5877,138750,0.93,8,1
5878,138754,0.97,4,1
5879,138758,0.97,4,1
5880,138765,0.94,7,1
5881,138771,0.95,6,1
5882,138781,0.91,10,1
5883,138785,0.97,4,1
5884,138794,0.92,9,1
5885,138803,0.92,9,1
5886,138807,0.97,4,1
5887,138811,0.97,4,1
5888,138818,0.94,7,1
5889,138822,0.97,4,1
5890,138830,0.93,8,1
5891,138835,0.96,5,1
5892,138841,0.95,6,1
5893,138851,0.91,10,1
5894,138852,1.0,1,1
5895,138853,1.0,1,1
5896,138862,0.92,9,1
5897,138871,0.92,9,1
5898,138881,0.91,10,1
5899,138882,1.0,1,1
5900,138898,0.85,16,1
5901,138907,0.92,9,1
5902,138913,0.95,6,1
5903,138916,0.98,3,1
5904,138919,0.98,3,1
5905,138924,0.96,5,1
5906,138932,0.93,8,1
5907,138940,0.93,8,1
5908,138947,0.94,7,1
5909,138949,0.99,2,1
5910,138953,0.97,4,1
5911,138962,0.92,9,1
5912,138966,0.97,4,1
5913,138975,0.92,9,1
5914,138978,0.98,3,1
5915,138984,0.95,6,1
5916,138991,0.94,7,1
5917,139002,0.9,11,1
5918,139012,0.91,10,1
5919,139013,1.0,1,1
5920,139017,0.97,4,1
5921,139021,0.97,4,1
5922,139030,0.92,9,1
5923,139038,0.93,8,1
5924,139047,0.92,9,1
5925,139049,0.99,2,1
5926,139051,0.99,2,1
5927,139055,0.97,4,1
5928,139063,0.93,8,1
5929,139069,0.95,6,1
5930,139078,0.92,9,1
5931,139083,0.96,5,1
5932,139085,0.99,2,1
5933,139089,0.97,4,1
5934,139094,0.96,5,1
5935,139097,0.98,3,1
5936,139099,0.99,2,1
5937,139106,0.94,7,1
5938,139111,0.96,5,1
5939,139114,0.98,3,1
5940,139121,0.94,7,1
5941,139126,0.96,5,1
5942,139131,0.96,5,1
5943,139135,0.97,4,1
5944,139143,0.93,8,1
5945,139144,1.0,1,1
5946,139152,0.93,8,1
5947,139160,0.93,8,1
5948,139163,0.98,3,1
5949,139166,0.98,3,1
5950,139176,0.91,10,1
5951,139180,0.97,4,1
5952,139189,0.92,9,1
5953,139199,0.91,10,1
5954,139209,0.91,10,1
5955,139215,0.95,6,1
5956,139221,0.95,6,1
5957,139229,0.93,8,1
5958,139233,0.97,4,1
5959,139239,0.95,6,1
5960,139247,0.93,8,1
5961,139253,0.95,6,1
5962,139263,0.91,10,1
5963,139264,1.0,1,1
5964,139272,0.93,8,1
5965,139277,0.96,5,1
5966,139283,0.95,6,1
5967,139287,0.97,4,1
5968,139292,0.96,5,1
5969,139296,0.97,4,1
5970,139298,0.99,2,1
5971,139300,0.99,2,1
5972,139310,0.91,10,1
5973,139316,0.95,6,1
5974,139326,0.91,10,1
5975,139327,1.0,1,1
5976,139335,0.93,8,1
5977,139344,0.92,9,1
5978,139345,1.0,1,1
5979,139346,1.0,1,1
5980,139351,0.96,5,1
5981,139365,0.87,14,1
5982,139366,1.0,1,1
5983,139373,0.94,7,1
5984,139383,0.91,10,1
5985,139390,0.94,7,1
5986,139393,0.98,3,1
5987,139397,0.97,4,1
5988,139409,0.89,12,1
5989,139411,0.99,2,1
5990,139414,0.98,3,1
5991,139423,0.92,9,1
5992,139431,0.93,8,1
5993,139439,0.93,8,1
5994,139445,0.95,6,1
5995,139459,0.87,14,1
5996,139461,0.99,2,1
5997,139468,0.94,7,1
5998,139477,0.92,9,1
5999,139482,0.96,5,1
6000,139492,0.91,10,1
6001,139499,0.94,7,1
6002,139501,0.99,2,1
6003,139509,0.93,8,1
6004,139514,0.96,5,1
6005,139521,0.94,7,1
6006,139523,0.99,2,1
6007,139532,0.92,9,1
6008,139540,0.93,8,1
6009,139547,0.94,7,1
6010,139556,0.92,9,1
6011,139565,0.92,9,1
6012,139576,0.9,11,1
6013,139581,0.96,5,1
6014,139586,0.96,5,1
6015,139594,0.93,8,1
6016,139604,0.91,10,1
6017,139606,0.99,2,1
6018,139613,0.94,7,1
6019,139625,0.89,12,1
6020,139635,0.91,10,1
6021,139640,0.96,5,1
6022,139650,0.91,10,1
6023,139651,1.0,1,1
6024,139659,0.93,8,1
6025,139670,0.9,11,1
6026,139678,0.93,8,1
6027,139684,0.95,6,1
6028,139691,0.94,7,1
6029,139699,0.93,8,1
6030,139705,0.95,6,1
6031,139717,0.89,12,1
6032,139728,0.9,11,1
6033,139732,0.97,4,1
6034,139739,0.94,7,1
6035,139743,0.97,4,1
6036,139749,0.95,6,1
6037,139752,0.98,3,1
6038,139762,0.91,10,1
6039,139769,0.94,7,1
6040,139778,0.92,9,1
6041,139782,0.97,4,1
6042,139792,0.91,10,1
6043,139801,0.92,9,1
6044,139802,1.0,1,1
6045,139809,0.94,7,1
6046,139820,0.9,11,1
6047,139822,0.99,2,1
6048,139829,0.94,7,1
6049,139835,0.95,6,1
6050,139841,0.95,6,1
6051,139847,0.95,6,1
6052,139855,0.93,8,1
6053,139864,0.92,9,1
6054,139868,0.97,4,1
6055,139871,0.98,3,1
6056,139881,0.91,10,1
6057,139882,1.0,1,1
6058,139893,0.9,11,1
6059,139901,0.93,8,1
6060,139912,0.9,11,1
6061,139914,0.99,2,1
6062,139920,0.95,6,1
6063,139928,0.93,8,1
6064,139938,0.91,10,1
6065,139940,0.99,2,1
6066,139946,0.95,6,1
6067,139954,0.93,8,1
6068,139955,1.0,1,1
6069,139956,1.0,1,1
6070,139957,1.0,1,1
6071,139959,0.99,2,1
6072,139965,0.95,6,1
6073,139974,0.92,9,1
6074,139978,0.97,4,1
6075,139990,0.89,12,1
6076,139991,1.0,1,1
6077,140001,0.91,10,1
6078,140008,0.94,7,1
6079,140015,0.94,7,1
6080,140019,0.97,4,1
6081,140025,0.95,6,1
6082,140026,1.0,1,1
6083,140035,0.92,9,1
6084,140039,0.97,4,1
6085,140040,1.0,1,1
6086,140045,0.96,5,1
6087,140053,0.93,8,1
6088,140062,0.92,9,1
6089,140065,0.98,3,1
6090,140076,0.9,11,1
6091,140085,0.92,9,1
6092,140089,0.97,4,1
6093,140096,0.94,7,1
6094,140106,0.91,10,1
6095,140109,0.98,3,1
6096,140110,1.0,1,1
6097,140120,0.91,10,1
6098,140121,1.0,1,1
6099,140125,0.97,4,1
6100,140136,0.9,11,1
6101,140148,0.89,12,1
6102,140153,0.96,5,1
6103,140164,0.9,11,1
6104,140169,0.96,5,1
6105,140171,0.99,2,1
6106,140177,0.95,6,1
6107,140183,0.95,6,1
6108,140189,0.95,6,1
6109,140190,1.0,1,1
6110,140197,0.94,7,1
6111,140203,0.95,6,1
6112,140211,0.93,8,1
6113,140212,1.0,1,1
6114,140223,0.9,11,1
6115,140225,0.99,2,1
6116,140232,0.94,7,1
6117,140239,0.94,7,1
6118,140241,0.99,2,1
6119,140247,0.95,6,1
6120,140248,1.0,1,1
6121,140253,0.96,5,1
6122,140258,0.96,5,1
6123,140261,0.98,3,1
6124,140267,0.95,6,1
6125,140278,0.9,11,1
6126,140287,0.92,9,1
6127,140298,0.9,11,1
6128,140300,0.99,2,1
6129,140306,0.95,6,1
6130,140312,0.95,6,1
6131,140320,0.93,8,1
6132,140327,0.94,7,1
6133,140329,0.99,2,1
6134,140334,0.96,5,1
6135,140340,0.95,6,1
6136,140343,0.98,3,1
6137,140353,0.91,10,1
6138,140357,0.97,4,1
6139,140362,0.96,5,1
6140,140369,0.94,7,1
6141,140375,0.95,6,1
6142,140385,0.91,10,1
6143,140392,0.94,7,1
6144,140398,0.95,6,1
6145,140404,0.95,6,1
6146,140411,0.94,7,1
6147,140415,0.97,4,1
6148,140422,0.94,7,1
6149,140428,0.95,6,1
6150,140433,0.96,5,1
6151,140436,0.98,3,1
6152,140442,0.95,6,1
6153,140451,0.92,9,1
6154,140460,0.92,9,1
6155,140471,0.9,11,1
6156,140475,0.97,4,1
6157,140479,0.97,4,1
6158,140490,0.9,11,1
6159,140498,0.93,8,1
6160,140503,0.96,5,1
6161,140506,0.98,3,1
6162,140512,0.95,6,1
6163,140519,0.94,7,1
6164,140527,0.93,8,1
6165,140536,0.92,9,1
6166,140546,0.91,10,1
6167,140547,1.0,1,1
6168,140552,0.96,5,1
6169,140557,0.96,5,1
6170,140560,0.98,3,1
6171,140570,0.91,10,1
6172,140575,0.96,5,1
6173,140581,0.95,6,1
6174,140589,0.93,8,1
6175,140593,0.97,4,1
6176,140600,0.94,7,1
6177,140609,0.92,9,1
6178,140615,0.95,6,1
6179,140623,0.93,8,1
6180,140630,0.94,7,1
6181,140638,0.93,8,1
6182,140645,0.94,7,1
6183,140654,0.92,9,1
6184,140662,0.93,8,1
6185,140670,0.93,8,1
6186,140672,0.99,2,1
6187,140677,0.96,5,1
6188,140684,0.94,7,1
6189,140693,0.92,9,1
6190,140700,0.94,7,1
6191,140708,0.93,8,1
6192,140714,0.95,6,1
6193,140721,0.94,7,1
6194,140724,0.98,3,1
6195,140738,0.87,14,1
6196,140746,0.93,8,1
6197,140747,1.0,1,1
6198,140752,0.96,5,1
6199,140754,0.99,2,1
6200,140764,0.91,10,1
6201,140771,0.94,7,1
6202,140780,0.92,9,1
6203,140782,0.99,2,1
6204,140793,0.9,11,1
6205,140803,0.91,10,1
6206,140811,0.93,8,1
6207,140819,0.93,8,1
6208,140826,0.94,7,1
6209,140832,0.95,6,1
6210,140840,0.93,8,1
6211,140851,0.9,11,1
6212,140865,0.87,14,1
6213,140875,0.91,10,1
6214,140882,0.94,7,1
6215,140890,0.93,8,1
6216,140891,1.0,1,1
6217,140892,1.0,1,1
6218,140893,1.0,1,1
6219,140894,1.0,1,1
6220,140904,0.91,10,1
6221,140910,0.95,6,1
6222,140913,0.98,3,1
6223,140920,0.94,7,1
6224,140925,0.96,5,1
6225,140926,1.0,1,1
6226,140936,0.91,10,1
6227,140937,1.0,1,1
6228,140938,1.0,1,1
6229,140949,0.9,11,1
6230,140960,0.9,11,1
6231,140965,0.96,5,1
6232,140974,0.92,9,1
6233,140979,0.96,5,1
6234,140986,0.94,7,1
6235,140991,0.96,5,1
6236,141004,0.88,13,1
6237,141006,0.99,2,1
6238,141015,0.92,9,1
6239,141026,0.9,11,1
6240,141032,0.95,6,1
6241,141036,0.97,4,1
6242,141040,0.97,4,1
6243,141046,0.95,6,1
6244,141048,0.99,2,1
6245,141054,0.95,6,1
6246,141067,0.88,13,1
6247,141070,0.98,3,1
6248,141071,1.0,1,1
6249,141077,0.95,6,1
6250,141085,0.93,8,1
6251,141088,0.98,3,1
6252,141097,0.92,9,1
6253,141106,0.92,9,1
6254,141113,0.94,7,1
6255,141119,0.95,6,1
6256,141129,0.91,10,1
6257,141130,1.0,1,1
6258,141131,1.0,1,1
6259,141133,0.99,2,1
6260,141141,0.93,8,1
6261,141147,0.95,6,1
6262,141156,0.92,9,1
6263,141163,0.94,7,1
6264,141169,0.95,6,1
6265,141173,0.97,4,1
6266,141182,0.92,9,1
6267,141183,1.0,1,1
6268,141192,0.92,9,1
6269,141200,0.93,8,1
6270,141207,0.94,7,1
6271,141214,0.94,7,1
6272,141220,0.95,6,1
6273,141229,0.92,9,1
6274,141238,0.92,9,1
6275,141241,0.98,3,1
6276,141246,0.96,5,1
6277,141255,0.92,9,1
6278,141261,0.95,6,1
6279,141266,0.96,5,1
6280,141271,0.96,5,1
6281,141277,0.95,6,1
6282,141280,0.98,3,1
6283,141283,0.98,3,1
6284,141290,0.94,7,1
6285,141300,0.91,10,1
6286,141313,0.88,13,1
6287,141320,0.94,7,1
6288,141330,0.91,10,1
6289,141337,0.94,7,1
6290,141339,0.99,2,1
6291,141349,0.91,10,1
6292,141351,0.99,2,1
6293,141358,0.94,7,1
6294,141365,0.94,7,1
6295,141368,0.98,3,1
6296,141378,0.91,10,1
6297,141389,0.9,11,1
6298,141393,0.97,4,1
6299,141400,0.94,7,1
6300,141412,0.89,12,1
6301,141413,1.0,1,1
6302,141417,0.97,4,1
6303,141422,0.96,5,1
6304,141435,0.88,13,1
6305,141442,0.94,7,1
6306,141450,0.93,8,1
6307,141452,0.99,2,1
6308,141461,0.92,9,1
6309,141467,0.95,6,1
6310,141473,0.95,6,1
6311,141483,0.91,10,1
6312,141484,1.0,1,1
6313,141488,0.97,4,1
6314,141493,0.96,5,1
6315,141503,0.91,10,1
6316,141506,0.98,3,1
6317,141512,0.95,6,1
6318,141521,0.92,9,1
6319,141523,0.99,2,1
6320,141534,0.9,11,1
6321,141538,0.97,4,1
6322,141547,0.92,9,1
6323,141549,0.99,2,1
6324,141565,0.85,16,1
6325,141568,0.98,3,1
6326,141569,1.0,1,1
6327,141578,0.92,9,1
6328,141580,0.99,2,1
6329,141581,1.0,1,1
6330,141583,0.99,2,1
6331,141589,0.95,6,1
6332,141594,0.96,5,1
6333,141600,0.95,6,1
6334,141607,0.94,7,1
6335,141616,0.92,9,1
6336,141626,0.91,10,1
6337,141638,0.89,12,1
6338,141641,0.98,3,1
6339,141643,0.99,2,1
6340,141650,0.94,7,1
6341,141656,0.95,6,1
6342,141667,0.9,11,1
6343,141676,0.92,9,1
6344,141679,0.98,3,1
6345,141689,0.91,10,1
6346,141701,0.89,12,1
6347,141703,0.99,2,1
6348,141715,0.89,12,1
6349,141724,0.92,9,1
6350,141732,0.93,8,1
6351,141734,0.99,2,1
6352,141742,0.93,8,1
6353,141752,0.91,10,1
6354,141758,0.95,6,1
6355,141762,0.97,4,1
6356,141764,0.99,2,1
6357,141769,0.96,5,1
6358,141774,0.96,5,1
6359,141778,0.97,4,1
6360,141788,0.91,10,1
6361,141790,0.99,2,1
6362,141799,0.92,9,1
6363,141804,0.96,5,1
6364,141810,0.95,6,1
6365,141818,0.93,8,1
6366,141832,0.87,14,1
6367,141837,0.96,5,1
6368,141845,0.93,8,1
6369,141855,0.91,10,1
6370,141862,0.94,7,1
6371,141866,0.97,4,1
6372,141873,0.94,7,1
6373,141879,0.95,6,1
6374,141880,1.0,1,1
6375,141887,0.94,7,1
6376,141891,0.97,4,1
6377,141898,0.94,7,1
6378,141904,0.95,6,1
6379,141913,0.92,9,1
6380,141922,0.92,9,1
6381,141938,0.85,16,1
6382,141942,0.97,4,1
6383,141946,0.97,4,1
6384,141949,0.98,3,1
6385,141956,0.94,7,1
6386,141962,0.95,6,1
6387,141966,0.97,4,1
6388,141971,0.96,5,1
6389,141981,0.91,10,1
6390,141991,0.91,10,1
6391,141996,0.96,5,1
6392,142004,0.93,8,1
6393,142015,0.9,11,1
6394,142017,0.99,2,1
6395,142024,0.94,7,1
6396,142036,0.89,12,1
6397,142043,0.94,7,1
6398,142050,0.94,7,1
6399,142060,0.91,10,1
6400,142069,0.92,9,1
6401,142078,0.92,9,1
6402,142090,0.89,12,1
6403,142097,0.94,7,1
6404,142104,0.94,7,1
6405,142114,0.91,10,1
6406,142120,0.95,6,1
6407,142126,0.95,6,1
6408,142127,1.0,1,1
6409,142133,0.95,6,1
6410,142143,0.91,10,1
6411,142150,0.94,7,1
6412,142156,0.95,6,1
6413,142166,0.91,10,1
6414,142170,0.97,4,1
6415,142175,0.96,5,1
6416,142187,0.89,12,1
6417,142197,0.91,10,1
6418,142202,0.96,5,1
6419,142206,0.97,4,1
6420,142210,0.97,4,1
6421,142212,0.99,2,1
6422,142217,0.96,5,1
6423,142225,0.93,8,1
6424,142233,0.93,8,1
6425,142236,0.98,3,1
6426,142243,0.94,7,1
6427,142251,0.93,8,1
6428,142252,1.0,1,1
6429,142255,0.98,3,1
6430,142263,0.93,8,1
6431,142266,0.98,3,1
6432,142276,0.91,10,1
6433,142285,0.92,9,1
6434,142296,0.9,11,1
6435,142303,0.94,7,1
6436,142315,0.89,12,1
6437,142319,0.97,4,1
6438,142323,0.97,4,1
6439,142331,0.93,8,1
6440,142343,0.89,12,1
6441,142347,0.97,4,1
6442,142356,0.92,9,1
6443,142362,0.95,6,1
6444,142369,0.94,7,1
6445,142372,0.98,3,1
6446,142376,0.97,4,1
6447,142382,0.95,6,1
6448,142391,0.92,9,1
6449,142392,1.0,1,1
6450,142399,0.94,7,1
6451,142403,0.97,4,1
6452,142411,0.93,8,1
6453,142417,0.95,6,1
6454,142423,0.95,6,1
6455,142427,0.97,4,1
6456,142435,0.93,8,1
6457,142445,0.91,10,1
6458,142448,0.98,3,1
6459,142456,0.93,8,1
6460,142464,0.93,8,1
6461,142469,0.96,5,1
6462,142473,0.97,4,1
6463,142474,1.0,1,1
6464,142476,0.99,2,1
6465,142486,0.91,10,1
6466,142487,1.0,1,1
6467,142488,1.0,1,1
6468,142495,0.94,7,1
6469,142499,0.97,4,1
6470,142508,0.92,9,1
6471,142516,0.93,8,1
6472,142521,0.96,5,1
6473,142528,0.94,7,1
6474,142535,0.94,7,1
6475,142536,1.0,1,1
6476,142544,0.93,8,1
6477,142551,0.94,7,1
6478,142552,1.0,1,1
6479,142560,0.93,8,1
6480,142568,0.93,8,1
6481,142574,0.95,6,1
6482,142580,0.95,6,1
6483,142585,0.96,5,1
6484,142588,0.98,3,1
6485,142592,0.97,4,1
6486,142599,0.94,7,1
6487,142604,0.96,5,1
6488,142612,0.93,8,1
6489,142618,0.95,6,1
6490,142626,0.93,8,1
6491,142637,0.9,11,1
6492,142641,0.97,4,1
6493,142649,0.93,8,1
6494,142659,0.91,10,1
6495,142664,0.96,5,1
6496,142666,0.99,2,1
6497,142670,0.97,4,1
6498,142675,0.96,5,1
6499,142683,0.93,8,1
6500,142699,0.85,16,1
6501,142703,0.97,4,1
6502,142710,0.94,7,1
6503,142715,0.96,5,1
6504,142721,0.95,6,1
6505,142728,0.94,7,1
6506,142735,0.94,7,1
6507,142742,0.94,7,1
6508,142749,0.94,7,1
6509,142754,0.96,5,1
6510,142762,0.93,8,1
6511,142772,0.91,10,1
6512,142781,0.92,9,1
6513,142785,0.97,4,1
6514,142793,0.93,8,1
6515,142796,0.98,3,1
6516,142798,0.99,2,1
6517,142804,0.95,6,1
6518,142811,0.94,7,1
6519,142812,1.0,1,1
6520,142820,0.93,8,1
6521,142826,0.95,6,1
6522,142828,0.99,2,1
6523,142833,0.96,5,1
6524,142842,0.92,9,1
6525,142846,0.97,4,1
6526,142847,1.0,1,1
6527,142852,0.96,5,1
6528,142859,0.94,7,1
6529,142863,0.97,4,1
6530,142864,1.0,1,1
6531,142874,0.91,10,1
6532,142877,0.98,3,1
6533,142882,0.96,5,1
6534,142886,0.97,4,1
6535,142892,0.95,6,1
6536,142896,0.97,4,1
6537,142901,0.96,5,1
6538,142906,0.96,5,1
6539,142917,0.9,11,1
6540,142922,0.96,5,1
6541,142930,0.93,8,1
6542,142935,0.96,5,1
6543,142936,1.0,1,1
6544,142947,0.9,11,1
6545,142954,0.94,7,1
6546,142960,0.95,6,1
6547,142961,1.0,1,1
6548,142963,0.99,2,1
6549,142971,0.93,8,1
6550,142980,0.92,9,1
6551,142991,0.9,11,1
6552,142996,0.96,5,1
6553,143006,0.91,10,1
6554,143010,0.97,4,1
6555,143011,1.0,1,1
6556,143021,0.91,10,1
6557,143034,0.88,13,1
6558,143041,0.94,7,1
6559,143050,0.92,9,1
6560,143056,0.95,6,1
6561,143062,0.95,6,1
6562,143067,0.96,5,1
6563,143071,0.97,4,1
6564,143077,0.95,6,1
6565,143080,0.98,3,1
6566,143082,0.99,2,1
6567,143086,0.97,4,1
6568,143095,0.92,9,1
6569,143105,0.91,10,1
6570,143111,0.95,6,1
6571,143117,0.95,6,1
6572,143126,0.92,9,1
6573,143135,0.92,9,1
6574,143136,1.0,1,1
6575,143137,1.0,1,1
6576,143146,0.92,9,1
6577,143152,0.95,6,1
6578,143157,0.96,5,1
6579,143164,0.94,7,1
6580,143172,0.93,8,1
6581,143178,0.95,6,1
6582,143188,0.91,10,1
6583,143192,0.97,4,1
6584,143201,0.92,9,1
6585,143207,0.95,6,1
6586,143214,0.94,7,1
6587,143217,0.98,3,1
6588,143226,0.92,9,1
6589,143235,0.92,9,1
6590,143242,0.94,7,1
6591,143251,0.92,9,1
6592,143258,0.94,7,1
6593,143267,0.92,9,1
6594,143272,0.96,5,1
6595,143278,0.95,6,1
6596,143285,0.94,7,1
6597,143292,0.94,7,1
6598,143298,0.95,6,1
6599,143300,0.99,2,1
6600,143306,0.95,6,1
6601,143315,0.92,9,1
6602,143321,0.95,6,1
6603,143328,0.94,7,1
6604,143337,0.92,9,1
6605,143343,0.95,6,1
6606,143353,0.91,10,1
6607,143361,0.93,8,1
6608,143364,0.98,3,1
6609,143373,0.92,9,1
6610,143381,0.93,8,1
6611,143391,0.91,10,1
6612,143398,0.94,7,1
6613,143404,0.95,6,1
6614,143413,0.92,9,1
6615,143418,0.96,5,1
6616,143425,0.94,7,1
6617,143431,0.95,6,1
6618,143438,0.94,7,1
6619,143443,0.96,5,1
6620,143446,0.98,3,1
6621,143451,0.96,5,1
6622,143458,0.94,7,1
6623,143463,0.96,5,1
6624,143464,1.0,1,1
6625,143466,0.99,2,1
6626,143472,0.95,6,1
6627,143479,0.94,7,1
6628,143483,0.97,4,1
6629,143488,0.96,5,1
6630,143495,0.94,7,1
6631,143504,0.92,9,1
6632,143512,0.93,8,1
6633,143519,0.94,7,1
6634,143523,0.97,4,1
6635,143526,0.98,3,1
6636,143529,0.98,3,1
6637,143536,0.94,7,1
6638,143546,0.91,10,1
6639,143552,0.95,6,1
6640,143553,1.0,1,1
6641,143554,1.0,1,1
6642,143559,0.96,5,1
6643,143568,0.92,9,1
6644,143575,0.94,7,1
6645,143576,1.0,1,1
6646,143582,0.95,6,1
6647,143588,0.95,6,1
6648,143598,0.91,10,1
6649,143601,0.98,3,1
6650,143609,0.93,8,1
6651,143617,0.93,8,1
6652,143623,0.95,6,1
6653,143633,0.91,10,1
6654,143636,0.98,3,1
6655,143644,0.93,8,1
6656,143656,0.89,12,1
6657,143661,0.96,5,1
6658,143664,0.98,3,1
6659,143669,0.96,5,1
6660,143672,0.98,3,1
6661,143678,0.95,6,1
6662,143682,0.97,4,1
6663,143690,0.93,8,1
6664,143695,0.96,5,1
6665,143696,1.0,1,1
6666,143701,0.96,5,1
6667,143711,0.91,10,1
6668,143719,0.93,8,1
6669,143724,0.96,5,1
6670,143729,0.96,5,1
6671,143739,0.91,10,1
6672,143741,0.99,2,1
6673,143742,1.0,1,1
6674,143752,0.91,10,1
6675,143761,0.92,9,1
6676,143770,0.92,9,1
6677,143776,0.95,6,1
6678,143779,0.98,3,1
6679,143785,0.95,6,1
6680,143793,0.93,8,1
6681,143801,0.93,8,1
6682,143806,0.96,5,1
6683,143807,1.0,1,1
6684,143815,0.93,8,1
6685,143824,0.92,9,1
6686,143827,0.98,3,1
6687,143831,0.97,4,1
6688,143836,0.96,5,1
6689,143841,0.96,5,1
6690,143847,0.95,6,1
6691,143848,1.0,1,1
6692,143849,1.0,1,1
6693,143857,0.93,8,1
6694,143863,0.95,6,1
6695,143871,0.93,8,1
6696,143872,1.0,1,1
6697,143874,0.99,2,1
6698,143880,0.95,6,1
6699,143884,0.97,4,1
6700,143886,0.99,2,1
6701,143893,0.94,7,1
6702,143900,0.94,7,1
6703,143903,0.98,3,1
6704,143904,1.0,1,1
6705,143913,0.92,9,1
6706,143922,0.92,9,1
6707,143928,0.95,6,1
6708,143936,0.93,8,1
6709,143941,0.96,5,1
6710,143944,0.98,3,1
6711,143955,0.9,11,1
6712,143965,0.91,10,1
6713,143972,0.94,7,1
6714,143980,0.93,8,1
6715,143992,0.89,12,1
6716,144002,0.91,10,1
6717,144008,0.95,6,1
6718,144009,1.0,1,1
6719,144016,0.94,7,1
6720,144017,1.0,1,1
6721,144022,0.96,5,1
6722,144029,0.94,7,1
6723,144031,0.99,2,1
6724,144038,0.94,7,1
6725,144046,0.93,8,1
6726,144054,0.93,8,1
6727,144057,0.98,3,1
6728,144059,0.99,2,1
6729,144068,0.92,9,1
6730,144072,0.97,4,1
6731,144076,0.97,4,1
6732,144080,0.97,4,1
6733,144091,0.9,11,1
6734,144098,0.94,7,1
6735,144102,0.97,4,1
6736,144105,0.98,3,1
6737,144106,1.0,1,1
6738,144111,0.96,5,1
6739,144119,0.93,8,1
6740,144125,0.95,6,1
6741,144131,0.95,6,1
6742,144134,0.98,3,1
6743,144143,0.92,9,1
6744,144144,1.0,1,1
6745,144154,0.91,10,1
6746,144160,0.95,6,1
6747,144165,0.96,5,1
6748,144170,0.96,5,1
6749,144179,0.92,9,1
6750,144186,0.94,7,1
6751,144190,0.97,4,1
6752,144195,0.96,5,1
6753,144196,1.0,1,1
6754,144202,0.95,6,1
6755,144207,0.96,5,1
6756,144211,0.97,4,1
6757,144213,0.99,2,1
6758,144215,0.99,2,1
6759,144216,1.0,1,1
6760,144223,0.94,7,1
6761,144234,0.9,11,1
6762,144242,0.93,8,1
6763,144244,0.99,2,1
6764,144246,0.99,2,1
6765,144253,0.94,7,1
6766,144258,0.96,5,1
6767,144265,0.94,7,1
6768,144266,1.0,1,1
6769,144268,0.99,2,1
6770,144274,0.95,6,1
6771,144278,0.97,4,1
6772,144281,0.98,3,1
6773,144287,0.95,6,1
6774,144292,0.96,5,1
6775,144294,0.99,2,1
6776,144299,0.96,5,1
6777,144304,0.96,5,1
6778,144305,1.0,1,1
6779,144313,0.93,8,1
6780,144315,0.99,2,1
6781,144321,0.95,6,1
6782,144325,0.97,4,1
6783,144331,0.95,6,1
6784,144341,0.91,10,1
6785,144352,0.9,11,1
6786,144357,0.96,5,1
6787,144364,0.94,7,1
6788,144374,0.91,10,1
6789,144384,0.91,10,1
6790,144386,0.99,2,1
6791,144393,0.94,7,1
6792,144406,0.88,13,1
6793,144408,0.99,2,1
6794,144415,0.94,7,1
6795,144417,0.99,2,1
6796,144418,1.0,1,1
6797,144430,0.89,12,1
6798,144437,0.94,7,1
6799,144448,0.9,11,1
6800,144457,0.92,9,1
6801,144467,0.91,10,1
6802,144468,1.0,1,1
6803,144478,0.91,10,1
6804,144487,0.92,9,1
6805,144493,0.95,6,1
6806,144502,0.92,9,1
6807,144512,0.91,10,1
6808,144514,0.99,2,1
6809,144520,0.95,6,1
6810,144526,0.95,6,1
6811,144532,0.95,6,1
6812,144536,0.97,4,1
6813,144539,0.98,3,1
6814,144546,0.94,7,1
6815,144547,1.0,1,1
6816,144555,0.93,8,1
6817,144560,0.96,5,1
6818,144561,1.0,1,1
6819,144568,0.94,7,1
6820,144574,0.95,6,1
6821,144575,1.0,1,1
6822,144587,0.89,12,1
6823,144595,0.93,8,1
6824,144596,1.0,1,1
6825,144601,0.96,5,1
6826,144605,0.97,4,1
6827,144614,0.92,9,1
6828,144619,0.96,5,1
6829,144629,0.91,10,1
6830,144635,0.95,6,1
6831,144644,0.92,9,1
6832,144655,0.9,11,1
6833,144656,1.0,1,1
6834,144658,0.99,2,1
6835,144663,0.96,5,1
6836,144673,0.91,10,1
6837,144689,0.85,16,1
6838,144695,0.95,6,1
6839,144700,0.96,5,1
6840,144701,1.0,1,1
6841,144708,0.94,7,1
6842,144710,0.99,2,1
6843,144719,0.92,9,1
6844,144722,0.98,3,1
6845,144727,0.96,5,1
6846,144735,0.93,8,1
6847,144741,0.95,6,1
6848,144747,0.95,6,1
6849,144753,0.95,6,1
6850,144761,0.93,8,1
6851,144773,0.89,12,1
6852,144781,0.93,8,1
6853,144787,0.95,6,1
6854,144796,0.92,9,1
6855,144804,0.93,8,1
6856,144811,0.94,7,1
6857,144820,0.92,9,1
6858,144829,0.92,9,1
6859,144847,0.83,18,1
6860,144853,0.95,6,1
6861,144861,0.93,8,1
6862,144867,0.95,6,1
6863,144872,0.96,5,1
6864,144880,0.93,8,1
6865,144886,0.95,6,1
6866,144895,0.92,9,1
6867,144896,1.0,1,1
6868,144903,0.94,7,1
6869,144909,0.95,6,1
6870,144919,0.91,10,1
6871,144923,0.97,4,1
6872,144934,0.9,11,1
6873,144940,0.95,6,1
6874,144950,0.91,10,1
6875,144956,0.95,6,1
6876,144967,0.9,11,1
6877,144974,0.94,7,1
6878,144981,0.94,7,1
6879,144986,0.96,5,1
6880,144991,0.96,5,1
6881,144998,0.94,7,1
6882,145006,0.93,8,1
6883,145016,0.91,10,1
6884,145024,0.93,8,1
6885,145027,0.98,3,1
6886,145037,0.91,10,1
6887,145040,0.98,3,1
6888,145046,0.95,6,1
6889,145053,0.94,7,1
6890,145056,0.98,3,1
6891,145064,0.93,8,1
6892,145072,0.93,8,1
6893,145074,0.99,2,1
6894,145085,0.9,11,1
6895,145096,0.9,11,1
6896,145103,0.94,7,1
6897,145112,0.92,9,1
6898,145121,0.92,9,1
6899,145132,0.9,11,1
6900,145140,0.93,8,1
6901,145141,1.0,1,1
6902,145150,0.92,9,1
6903,145156,0.95,6,1
6904,145166,0.91,10,1
6905,145173,0.94,7,1
6906,145181,0.93,8,1
6907,145188,0.94,7,1
6908,145197,0.92,9,1
6909,145204,0.94,7,1
6910,145213,0.92,9,1
6911,145221,0.93,8,1
6912,145227,0.95,6,1
6913,145235,0.93,8,1
6914,145243,0.93,8,1
6915,145251,0.93,8,1
6916,145257,0.95,6,1
6917,145267,0.91,10,1
6918,145272,0.96,5,1
6919,145278,0.95,6,1
6920,145279,1.0,1,1
6921,145281,0.99,2,1
6922,145282,1.0,1,1
6923,145287,0.96,5,1
6924,145289,0.99,2,1
6925,145298,0.92,9,1
6926,145301,0.98,3,1
6927,145305,0.97,4,1
6928,145307,0.99,2,1
6929,145312,0.96,5,1
6930,145323,0.9,11,1
6931,145333,0.91,10,1
6932,145336,0.98,3,1
6933,145338,0.99,2,1
6934,145349,0.9,11,1
6935,145361,0.89,12,1
6936,145374,0.88,13,1
6937,145380,0.95,6,1
6938,145386,0.95,6,1
6939,145394,0.93,8,1
6940,145400,0.95,6,1
6941,145409,0.92,9,1
6942,145416,0.94,7,1
6943,145418,0.99,2,1
6944,145426,0.93,8,1
6945,145434,0.93,8,1
6946,145440,0.95,6,1
6947,145444,0.97,4,1
6948,145454,0.91,10,1
6949,145461,0.94,7,1
6950,145469,0.93,8,1
6951,145478,0.92,9,1
6952,145483,0.96,5,1
6953,145484,1.0,1,1
6954,145494,0.91,10,1
6955,145496,0.99,2,1
6956,145500,0.97,4,1
6957,145505,0.96,5,1
6958,145509,0.97,4,1
6959,145517,0.93,8,1
6960,145518,1.0,1,1
6961,145523,0.96,5,1
6962,145534,0.9,11,1
6963,145536,0.99,2,1
6964,145546,0.91,10,1
6965,145551,0.96,5,1
6966,145553,0.99,2,1
6967,145563,0.91,10,1
6968,145574,0.9,11,1
6969,145588,0.87,14,1
6970,145593,0.96,5,1
6971,145605,0.89,12,1
6972,145609,0.97,4,1
6973,145618,0.92,9,1
6974,145625,0.94,7,1
6975,145628,0.98,3,1
6976,145630,0.99,2,1
6977,145631,1.0,1,1
6978,145640,0.92,9,1
6979,145647,0.94,7,1
6980,145655,0.93,8,1
6981,145661,0.95,6,1
6982,145667,0.95,6,1
6983,145672,0.96,5,1
6984,145683,0.9,11,1
6985,145687,0.97,4,1
6986,145697,0.91,10,1
6987,145703,0.95,6,1
6988,145706,0.98,3,1
6989,145711,0.96,5,1
6990,145717,0.95,6,1
6991,145726,0.92,9,1
6992,145729,0.98,3,1
6993,145740,0.9,11,1
6994,145749,0.92,9,1
6995,145755,0.95,6,1
6996,145762,0.94,7,1
6997,145763,1.0,1,1
6998,145770,0.94,7,1
6999,145775,0.96,5,1
7000,145777,0.99,2,1
7001,145782,0.96,5,1
7002,145787,0.96,5,1
7003,145798,0.9,11,1
7004,145801,0.98,3,1
7005,145807,0.95,6,1
7006,145815,0.93,8,1
7007,145824,0.92,9,1
7008,145831,0.94,7,1
7009,145839,0.93,8,1
7010,145849,0.91,10,1
7011,145858,0.92,9,1
7012,145865,0.94,7,1
7013,145874,0.92,9,1
7014,145881,0.94,7,1
7015,145882,1.0,1,1
7016,145889,0.94,7,1
7017,145890,1.0,1,1
7018,145898,0.93,8,1
7019,145904,0.95,6,1
7020,145907,0.98,3,1
7021,145908,1.0,1,1
7022,145915,0.94,7,1
7023,145917,0.99,2,1
7024,145927,0.91,10,1
7025,145934,0.94,7,1
7026,145941,0.94,7,1
7027,145946,0.96,5,1
7028,145955,0.92,9,1
7029,145964,0.92,9,1
7030,145971,0.94,7,1
7031,145979,0.93,8,1
7032,145984,0.96,5,1
7033,145993,0.92,9,1
7034,145994,1.0,1,1
7035,145996,0.99,2,1
7036,145997,1.0,1,1
7037,146003,0.95,6,1
7038,146008,0.96,5,1
7039,146014,0.95,6,1
7040,146022,0.93,8,1
7041,146030,0.93,8,1
7042,146038,0.93,8,1
7043,146048,0.91,10,1
7044,146060,0.89,12,1
7045,146061,1.0,1,1
7046,146068,0.94,7,1
7047,146074,0.95,6,1
7048,146086,0.89,12,1
7049,146090,0.97,4,1
7050,146097,0.94,7,1
7051,146100,0.98,3,1
7052,146108,0.93,8,1
7053,146123,0.86,15,1
7054,146130,0.94,7,1
7055,146138,0.93,8,1
7056,146146,0.93,8,1
7057,146155,0.92,9,1
7058,146161,0.95,6,1
7059,146168,0.94,7,1
7060,146177,0.92,9,1
7061,146181,0.97,4,1
7062,146183,0.99,2,1
7063,146195,0.89,12,1
7064,146202,0.94,7,1
7065,146205,0.98,3,1
7066,146206,1.0,1,1
7067,146213,0.94,7,1
7068,146220,0.94,7,1
7069,146230,0.91,10,1
7070,146239,0.92,9,1
7071,146247,0.93,8,1
7072,146256,0.92,9,1
7073,146262,0.95,6,1
7074,146268,0.95,6,1
7075,146277,0.92,9,1
7076,146288,0.9,11,1
7077,146294,0.95,6,1
7078,146295,1.0,1,1
7079,146297,0.99,2,1
7080,146304,0.94,7,1
7081,146314,0.91,10,1
7082,146315,1.0,1,1
7083,146323,0.93,8,1
7084,146327,0.97,4,1
7085,146333,0.95,6,1
7086,146336,0.98,3,1
7087,146342,0.95,6,1
7088,146349,0.94,7,1
7089,146352,0.98,3,1
7090,146359,0.94,7,1
7091,146364,0.96,5,1
7092,146377,0.88,13,1
7093,146385,0.93,8,1
7094,146392,0.94,7,1
7095,146400,0.93,8,1
7096,146406,0.95,6,1
7097,146412,0.95,6,1
7098,146419,0.94,7,1
7099,146422,0.98,3,1
7100,146424,0.99,2,1
7101,146427,0.98,3,1
7102,146435,0.93,8,1
7103,146449,0.87,14,1
7104,146454,0.96,5,1
7105,146466,0.89,12,1
7106,146474,0.93,8,1
7107,146480,0.95,6,1
7108,146490,0.91,10,1
7109,146499,0.92,9,1
7110,146503,0.97,4,1
7111,146506,0.98,3,1
7112,146515,0.92,9,1
7113,146516,1.0,1,1
7114,146523,0.94,7,1
7115,146528,0.96,5,1
7116,146529,1.0,1,1
7117,146539,0.91,10,1
7118,146548,0.92,9,1
7119,146552,0.97,4,1
7120,146558,0.95,6,1
7121,146569,0.9,11,1
7122,146575,0.95,6,1
7123,146578,0.98,3,1
7124,146580,0.99,2,1
7125,146589,0.92,9,1
7126,146597,0.93,8,1
7127,146599,0.99,2,1
7128,146605,0.95,6,1
7129,146613,0.93,8,1
7130,146622,0.92,9,1
7131,146625,0.98,3,1
7132,146635,0.91,10,1
7133,146640,0.96,5,1
7134,146648,0.93,8,1
7135,146654,0.95,6,1
7136,146662,0.93,8,1
7137,146666,0.97,4,1
7138,146673,0.94,7,1
7139,146686,0.88,13,1
7140,146693,0.94,7,1
7141,146704,0.9,11,1
7142,146711,0.94,7,1
7143,146712,1.0,1,1
7144,146713,1.0,1,1
7145,146718,0.96,5,1
7146,146726,0.93,8,1
7147,146733,0.94,7,1
7148,146739,0.95,6,1
7149,146750,0.9,11,1
7150,146755,0.96,5,1
7151,146760,0.96,5,1
7152,146771,0.9,11,1
7153,146778,0.94,7,1
7154,146782,0.97,4,1
7155,146791,0.92,9,1
7156,146798,0.94,7,1
7157,146804,0.95,6,1
7158,146808,0.97,4,1
7159,146814,0.95,6,1
7160,146825,0.9,11,1
7161,146834,0.92,9,1
7162,146845,0.9,11,1
7163,146852,0.94,7,1
7164,146860,0.93,8,1
7165,146867,0.94,7,1
7166,146868,1.0,1,1
7167,146875,0.94,7,1
7168,146882,0.94,7,1
7169,146891,0.92,9,1
7170,146901,0.91,10,1
7171,146910,0.92,9,1
7172,146915,0.96,5,1
7173,146923,0.93,8,1
7174,146932,0.92,9,1
7175,146939,0.94,7,1
7176,146946,0.94,7,1
7177,146953,0.94,7,1
7178,146957,0.97,4,1
7179,146966,0.92,9,1
7180,146975,0.92,9,1
7181,146979,0.97,4,1
7182,146988,0.92,9,1
7183,146996,0.93,8,1
7184,146998,0.99,2,1
7185,147000,0.99,2,1
7186,147001,1.0,1,1
7187,147004,0.98,3,1
7188,147010,0.95,6,1
7189,147015,0.96,5,1
7190,147022,0.94,7,1
7191,147024,0.99,2,1
7192,147030,0.95,6,1
7193,147036,0.95,6,1
7194,147045,0.92,9,1
7195,147047,0.99,2,1
7196,147049,0.99,2,1
7197,147058,0.92,9,1
7198,147064,0.95,6,1
7199,147074,0.91,10,1
7200,147081,0.94,7,1
7201,147092,0.9,11,1
7202,147097,0.96,5,1
7203,147106,0.92,9,1
7204,147114,0.93,8,1
7205,147118,0.97,4,1
7206,147120,0.99,2,1
7207,147123,0.98,3,1
7208,147132,0.92,9,1
7209,147141,0.92,9,1
7210,147147,0.95,6,1
7211,147150,0.98,3,1
7212,147155,0.96,5,1
7213,147164,0.92,9,1
7214,147169,0.96,5,1
7215,147176,0.94,7,1
7216,147180,0.97,4,1
7217,147185,0.96,5,1
7218,147193,0.93,8,1
7219,147202,0.92,9,1
7220,147208,0.95,6,1
7221,147215,0.94,7,1
7222,147224,0.92,9,1
7223,147229,0.96,5,1
7224,147236,0.94,7,1
7225,147237,1.0,1,1
7226,147246,0.92,9,1
7227,147254,0.93,8,1
7228,147265,0.9,11,1
7229,147272,0.94,7,1
7230,147279,0.94,7,1
7231,147289,0.91,10,1
7232,147294,0.96,5,1
7233,147299,0.96,5,1
7234,147311,0.89,12,1
7235,147319,0.93,8,1
7236,147322,0.98,3,1
7237,147332,0.91,10,1
7238,147340,0.93,8,1
7239,147344,0.97,4,1
7240,147345,1.0,1,1
7241,147352,0.94,7,1
7242,147361,0.92,9,1
7243,147368,0.94,7,1
7244,147377,0.92,9,1
7245,147381,0.97,4,1
7246,147387,0.95,6,1
7247,147396,0.92,9,1
7248,147402,0.95,6,1
7249,147409,0.94,7,1
7250,147413,0.97,4,1
7251,147424,0.9,11,1
7252,147434,0.91,10,1
7253,147441,0.94,7,1
7254,147446,0.96,5,1
7255,147452,0.95,6,1
7256,147458,0.95,6,1
7257,147464,0.95,6,1
7258,147473,0.92,9,1
7259,147482,0.92,9,1
7260,147492,0.91,10,1
7261,147497,0.96,5,1
7262,147506,0.92,9,1
7263,147510,0.97,4,1
7264,147517,0.94,7,1
7265,147530,0.88,13,1
7266,147535,0.96,5,1
7267,147539,0.97,4,1
7268,147541,0.99,2,1
7269,147543,0.99,2,1
7270,147550,0.94,7,1
7271,147557,0.94,7,1
7272,147561,0.97,4,1
7273,147567,0.95,6,1
7274,147573,0.95,6,1
7275,147579,0.95,6,1
7276,147589,0.91,10,1
7277,147604,0.86,15,1
7278,147610,0.95,6,1
7279,147619,0.92,9,1
7280,147626,0.94,7,1
7281,147636,0.91,10,1
7282,147640,0.97,4,1
7283,147641,1.0,1,1
7284,147646,0.96,5,1
7285,147655,0.92,9,1
7286,147656,1.0,1,1
7287,147663,0.94,7,1
7288,147669,0.95,6,1
7289,147670,1.0,1,1
7290,147675,0.96,5,1
7291,147677,0.99,2,1
7292,147689,0.89,12,1
7293,147695,0.95,6,1
7294,147700,0.96,5,1
7295,147708,0.93,8,1
7296,147717,0.92,9,1
7297,147721,0.97,4,1
7298,147722,1.0,1,1
7299,147732,0.91,10,1
7300,147738,0.95,6,1
7301,147750,0.89,12,1
7302,147753,0.98,3,1
7303,147757,0.97,4,1
7304,147759,0.99,2,1
7305,147770,0.9,11,1
7306,147774,0.97,4,1
7307,147777,0.98,3,1
7308,147780,0.98,3,1
7309,147790,0.91,10,1
7310,147801,0.9,11,1
7311,147806,0.96,5,1
7312,147807,1.0,1,1
7313,147815,0.93,8,1
7314,147823,0.93,8,1
7315,147827,0.97,4,1
7316,147828,1.0,1,1
7317,147831,0.98,3,1
7318,147839,0.93,8,1
7319,147846,0.94,7,1
7320,147852,0.95,6,1
7321,147859,0.94,7,1
7322,147866,0.94,7,1
7323,147867,1.0,1,1
7324,147873,0.95,6,1
7325,147882,0.92,9,1
7326,147890,0.93,8,1
7327,147894,0.97,4,1
7328,147897,0.98,3,1
7329,147903,0.95,6,1
7330,147908,0.96,5,1
7331,147917,0.92,9,1
7332,147926,0.92,9,1
7333,147934,0.93,8,1
7334,147944,0.91,10,1
7335,147951,0.94,7,1
7336,147954,0.98,3,1
7337,147965,0.9,11,1
7338,147969,0.97,4,1
7339,147976,0.94,7,1
7340,147984,0.93,8,1
7341,147988,0.97,4,1
7342,147997,0.92,9,1
7343,148007,0.91,10,1
7344,148010,0.98,3,1
7345,148018,0.93,8,1
7346,148023,0.96,5,1
7347,148032,0.92,9,1
7348,148039,0.94,7,1
7349,148044,0.96,5,1
7350,148048,0.97,4,1
7351,148055,0.94,7,1
7352,148064,0.92,9,1
7353,148069,0.96,5,1
7354,148077,0.93,8,1
7355,148079,0.99,2,1
7356,148080,1.0,1,1
7357,148089,0.92,9,1
7358,148096,0.94,7,1
7359,148097,1.0,1,1
7360,148103,0.95,6,1
7361,148110,0.94,7,1
7362,148117,0.94,7,1
7363,148124,0.94,7,1
7364,148132,0.93,8,1
7365,148137,0.96,5,1
7366,148140,0.98,3,1
7367,148147,0.94,7,1
7368,148153,0.95,6,1
7369,148161,0.93,8,1
7370,148171,0.91,10,1
7371,148177,0.95,6,1
7372,148183,0.95,6,1
7373,148191,0.93,8,1
7374,148198,0.94,7,1
7375,148207,0.92,9,1
7376,148215,0.93,8,1
7377,148221,0.95,6,1
7378,148231,0.91,10,1
7379,148239,0.93,8,1
7380,148250,0.9,11,1
7381,148256,0.95,6,1
7382,148262,0.95,6,1
7383,148267,0.96,5,1
7384,148270,0.98,3,1
7385,148275,0.96,5,1
7386,148280,0.96,5,1
7387,148285,0.96,5,1
7388,148286,1.0,1,1
7389,148291,0.96,5,1
7390,148299,0.93,8,1
7391,148300,1.0,1,1
7392,148306,0.95,6,1
7393,148307,1.0,1,1
7394,148317,0.91,10,1
7395,148323,0.95,6,1
7396,148326,0.98,3,1
7397,148329,0.98,3,1
7398,148338,0.92,9,1
7399,148345,0.94,7,1
7400,148352,0.94,7,1
7401,148362,0.91,10,1
7402,148365,0.98,3,1
7403,148371,0.95,6,1
7404,148375,0.97,4,1
7405,148379,0.97,4,1
7406,148380,1.0,1,1
7407,148387,0.94,7,1
7408,148391,0.97,4,1
7409,148393,0.99,2,1
7410,148398,0.96,5,1
7411,148402,0.97,4,1
7412,148408,0.95,6,1
7413,148416,0.93,8,1
7414,148423,0.94,7,1
7415,148424,1.0,1,1
7416,148426,0.99,2,1
7417,148434,0.93,8,1
7418,148437,0.98,3,1
7419,148448,0.9,11,1
7420,148453,0.96,5,1
7421,148459,0.95,6,1
7422,148465,0.95,6,1
7423,148477,0.89,12,1
7424,148482,0.96,5,1
7425,148483,1.0,1,1
7426,148492,0.92,9,1
7427,148500,0.93,8,1
7428,148502,0.99,2,1
7429,148509,0.94,7,1
7430,148513,0.97,4,1
7431,148520,0.94,7,1
7432,148527,0.94,7,1
7433,148530,0.98,3,1
7434,148537,0.94,7,1
7435,148547,0.91,10,1
7436,148555,0.93,8,1
7437,148556,1.0,1,1
7438,148563,0.94,7,1
7439,148571,0.93,8,1
7440,148578,0.94,7,1
7441,148584,0.95,6,1
7442,148589,0.96,5,1
7443,148595,0.95,6,1
7444,148597,0.99,2,1
7445,148606,0.92,9,1
7446,148616,0.91,10,1
7447,148632,0.85,16,1
7448,148634,0.99,2,1
7449,148638,0.97,4,1
7450,148645,0.94,7,1
7451,148652,0.94,7,1
7452,148653,1.0,1,1
7453,148659,0.95,6,1
7454,148667,0.93,8,1
7455,148675,0.93,8,1
7456,148683,0.93,8,1
7457,148687,0.97,4,1
7458,148696,0.92,9,1
7459,148704,0.93,8,1
7460,148708,0.97,4,1
7461,148710,0.99,2,1
7462,148719,0.92,9,1
7463,148732,0.88,13,1
7464,148737,0.96,5,1
7465,148747,0.91,10,1
7466,148752,0.96,5,1
7467,148755,0.98,3,1
7468,148756,1.0,1,1
7469,148765,0.92,9,1
7470,148772,0.94,7,1
7471,148777,0.96,5,1
7472,148779,0.99,2,1
7473,148787,0.93,8,1
7474,148797,0.91,10,1
7475,148805,0.93,8,1
7476,148809,0.97,4,1
7477,148822,0.88,13,1
7478,148826,0.97,4,1
7479,148835,0.92,9,1
7480,148842,0.94,7,1
7481,148843,1.0,1,1
7482,148852,0.92,9,1
7483,148855,0.98,3,1
7484,148860,0.96,5,1
7485,148867,0.94,7,1
7486,148876,0.92,9,1
7487,148879,0.98,3,1
7488,148886,0.94,7,1
7489,148892,0.95,6,1
7490,148898,0.95,6,1
7491,148904,0.95,6,1
7492,148910,0.95,6,1
7493,148917,0.94,7,1
7494,148923,0.95,6,1
7495,148932,0.92,9,1
7496,148938,0.95,6,1
7497,148945,0.94,7,1
7498,148948,0.98,3,1
7499,148956,0.93,8,1
7500,148964,0.93,8,1
7501,148968,0.97,4,1
7502,148972,0.97,4,1
7503,148982,0.91,10,1
7504,148985,0.98,3,1
7505,148989,0.97,4,1
7506,148998,0.92,9,1
7507,149006,0.93,8,1
7508,149012,0.95,6,1
7509,149019,0.94,7,1
7510,149026,0.94,7,1
7511,149027,1.0,1,1
7512,149028,1.0,1,1
7513,149040,0.89,12,1
7514,149047,0.94,7,1
7515,149054,0.94,7,1
7516,149062,0.93,8,1
7517,149063,1.0,1,1
7518,149064,1.0,1,1
7519,149071,0.94,7,1
7520,149077,0.95,6,1
7521,149083,0.95,6,1
7522,149089,0.95,6,1
7523,149098,0.92,9,1
7524,149099,1.0,1,1
7525,149105,0.95,6,1
7526,149117,0.89,12,1
7527,149128,0.9,11,1
7528,149136,0.93,8,1
7529,149141,0.96,5,1
7530,149151,0.91,10,1
7531,149158,0.94,7,1
7532,149167,0.92,9,1
7533,149175,0.93,8,1
7534,149186,0.9,11,1
7535,149188,0.99,2,1
7536,149191,0.98,3,1
7537,149192,1.0,1,1
7538,149203,0.9,11,1
7539,149209,0.95,6,1
7540,149216,0.94,7,1
7541,149220,0.97,4,1
7542,149228,0.93,8,1
7543,149236,0.93,8,1
7544,149243,0.94,7,1
7545,149248,0.96,5,1
7546,149255,0.94,7,1
7547,149256,1.0,1,1
7548,149259,0.98,3,1
7549,149262,0.98,3,1
7550,149265,0.98,3,1
7551,149272,0.94,7,1
7552,149278,0.95,6,1
7553,149288,0.91,10,1
7554,149294,0.95,6,1
7555,149300,0.95,6,1
7556,149303,0.98,3,1
7557,149310,0.94,7,1
7558,149320,0.91,10,1
7559,149323,0.98,3,1
7560,149328,0.96,5,1
7561,149336,0.93,8,1
7562,149345,0.92,9,1
7563,149360,0.86,15,1
7564,149363,0.98,3,1
7565,149371,0.93,8,1
7566,149380,0.92,9,1
7567,149383,0.98,3,1
7568,149395,0.89,12,1
7569,149405,0.91,10,1
7570,149413,0.93,8,1
7571,149423,0.91,10,1
7572,149433,0.91,10,1
7573,149442,0.92,9,1
7574,149447,0.96,5,1
7575,149453,0.95,6,1
7576,149456,0.98,3,1
7577,149463,0.94,7,1
7578,149471,0.93,8,1
7579,149473,0.99,2,1
7580,149483,0.91,10,1
7581,149484,1.0,1,1
7582,149493,0.92,9,1
7583,149501,0.93,8,1
7584,149510,0.92,9,1
7585,149520,0.91,10,1
7586,149521,1.0,1,1
7587,149527,0.95,6,1
7588,149533,0.95,6,1
7589,149541,0.93,8,1
7590,149550,0.92,9,1
7591,149560,0.91,10,1
7592,149561,1.0,1,1
7593,149572,0.9,11,1
7594,149576,0.97,4,1
7595,149578,0.99,2,1
7596,149584,0.95,6,1
7597,149593,0.92,9,1
7598,149608,0.86,15,1
7599,149613,0.96,5,1
7600,149614,1.0,1,1
7601,149620,0.95,6,1
7602,149631,0.9,11,1
7603,149640,0.92,9,1
7604,149648,0.93,8,1
7605,149657,0.92,9,1
7606,149666,0.92,9,1
7607,149673,0.94,7,1
7608,149680,0.94,7,1
7609,149689,0.92,9,1
7610,149697,0.93,8,1
7611,149701,0.97,4,1
7612,149707,0.95,6,1
7613,149712,0.96,5,1
7614,149721,0.92,9,1
7615,149725,0.97,4,1
7616,149731,0.95,6,1
7617,149738,0.94,7,1
7618,149746,0.93,8,1
7619,149752,0.95,6,1
7620,149753,1.0,1,1
7621,149758,0.96,5,1
7622,149772,0.87,14,1
7623,149780,0.93,8,1
7624,149787,0.94,7,1
7625,149792,0.96,5,1
7626,149800,0.93,8,1
7627,149804,0.97,4,1
7628,149809,0.96,5,1
7629,149814,0.96,5,1
7630,149818,0.97,4,1
7631,149824,0.95,6,1
7632,149833,0.92,9,1
7633,149835,0.99,2,1
7634,149840,0.96,5,1
7635,149848,0.93,8,1
7636,149853,0.96,5,1
7637,149865,0.89,12,1
7638,149875,0.91,10,1
7639,149880,0.96,5,1
7640,149889,0.92,9,1
7641,149891,0.99,2,1
7642,149897,0.95,6,1
7643,149898,1.0,1,1
7644,149907,0.92,9,1
7645,149908,1.0,1,1
7646,149910,0.99,2,1
7647,149913,0.98,3,1
7648,149919,0.95,6,1
7649,149929,0.91,10,1
7650,149935,0.95,6,1
7651,149941,0.95,6,1
7652,149947,0.95,6,1
7653,149952,0.96,5,1
7654,149956,0.97,4,1
7655,149964,0.93,8,1
7656,149968,0.97,4,1
7657,149978,0.91,10,1
7658,149987,0.92,9,1
7659,149996,0.92,9,1
7660,149999,0.98,3,1
7661,150001,0.99,2,1
7662,150010,0.92,9,1
7663,150015,0.96,5,1
7664,150020,0.96,5,1
7665,150026,0.95,6,1
7666,150031,0.96,5,1
7667,150039,0.93,8,1
7668,150046,0.94,7,1
7669,150049,0.98,3,1
7670,150059,0.91,10,1
7671,150060,1.0,1,1
7672,150066,0.95,6,1
7673,150072,0.95,6,1
7674,150076,0.97,4,1
7675,150081,0.96,5,1
7676,150090,0.92,9,1
7677,150092,0.99,2,1
7678,150097,0.96,5,1
7679,150103,0.95,6,1
7680,150110,0.94,7,1
7681,150114,0.97,4,1
7682,150121,0.94,7,1
7683,150127,0.95,6,1
7684,150134,0.94,7,1
7685,150142,0.93,8,1
7686,150147,0.96,5,1
7687,150156,0.92,9,1
7688,150161,0.96,5,1
7689,150171,0.91,10,1
7690,150172,1.0,1,1
7691,150177,0.96,5,1
7692,150185,0.93,8,1
7693,150189,0.97,4,1
7694,150194,0.96,5,1
7695,150203,0.92,9,1
7696,150214,0.9,11,1
7697,150222,0.93,8,1
7698,150231,0.92,9,1
7699,150239,0.93,8,1
7700,150244,0.96,5,1
7701,150248,0.97,4,1
7702,150257,0.92,9,1
7703,150262,0.96,5,1
7704,150265,0.98,3,1
7705,150266,1.0,1,1
7706,150272,0.95,6,1
7707,150275,0.98,3,1
7708,150283,0.93,8,1
7709,150291,0.93,8,1
7710,150293,0.99,2,1
7711,150295,0.99,2,1
7712,150302,0.94,7,1
7713,150311,0.92,9,1
7714,150314,0.98,3,1
7715,150319,0.96,5,1
7716,150325,0.95,6,1
7717,150330,0.96,5,1
7718,150336,0.95,6,1
7719,150345,0.92,9,1
7720,150356,0.9,11,1
7721,150357,1.0,1,1
7722,150365,0.93,8,1
7723,150374,0.92,9,1
7724,150380,0.95,6,1
7725,150388,0.93,8,1
7726,150390,0.99,2,1
7727,150394,0.97,4,1
7728,150398,0.97,4,1
7729,150404,0.95,6,1
7730,150408,0.97,4,1
7731,150417,0.92,9,1
7732,150423,0.95,6,1
7733,150430,0.94,7,1
7734,150436,0.95,6,1
7735,150445,0.92,9,1
7736,150448,0.98,3,1
7737,150456,0.93,8,1
7738,150467,0.9,11,1
7739,150468,1.0,1,1
7740,150474,0.95,6,1
7741,150484,0.91,10,1
7742,150486,0.99,2,1
7743,150491,0.96,5,1
7744,150496,0.96,5,1
7745,150497,1.0,1,1
7746,150500,0.98,3,1
7747,150505,0.96,5,1
7748,150513,0.93,8,1
7749,150518,0.96,5,1
7750,150519,1.0,1,1
7751,150527,0.93,8,1
