map,training_seed,eval_seed,seeker,hider,survived,steps,pushes,crosses
V7E001,43,1600000,random,random,0,69,0,0
V7E001,43,1600000,random,v3,1,100,0,0
V7E001,43,1600000,random,v7,1,100,0,0
V7E001,43,1600000,teacher,random,0,10,0,0
V7E001,43,1600000,teacher,v3,0,58,0,0
V7E001,43,1600000,teacher,v7,1,100,0,0
V7E001,43,1600001,random,random,0,59,2,1
V7E001,43,1600001,random,v3,0,27,0,0
V7E001,43,1600001,random,v7,0,7,0,0
V7E001,43,1600001,teacher,random,0,3,0,0
V7E001,43,1600001,teacher,v3,0,6,0,0
V7E001,43,1600001,teacher,v7,0,5,0,0
V7E001,43,1600002,random,random,1,100,0,0
V7E001,43,1600002,random,v3,1,100,0,0
V7E001,43,1600002,random,v7,1,100,0,0
V7E001,43,1600002,teacher,random,0,8,0,0
V7E001,43,1600002,teacher,v3,0,8,0,0
V7E001,43,1600002,teacher,v7,0,7,0,0
V7E001,43,1600003,random,random,1,100,0,0
V7E001,43,1600003,random,v3,1,100,0,0
V7E001,43,1600003,random,v7,1,100,0,0
V7E001,43,1600003,teacher,random,0,26,0,0
V7E001,43,1600003,teacher,v3,0,25,0,0
V7E001,43,1600003,teacher,v7,1,100,0,0
V7E001,43,1600004,random,random,1,100,2,0
V7E001,43,1600004,random,v3,0,72,0,0
V7E001,43,1600004,random,v7,0,72,0,0
V7E001,43,1600004,teacher,random,0,1,0,0
V7E001,43,1600004,teacher,v3,0,1,0,0
V7E001,43,1600004,teacher,v7,0,1,0,0
V7E001,43,1600005,random,random,0,50,3,0
V7E001,43,1600005,random,v3,0,56,0,0
V7E001,43,1600005,random,v7,0,56,0,0
V7E001,43,1600005,teacher,random,0,14,3,0
V7E001,43,1600005,teacher,v3,0,8,0,0
V7E001,43,1600005,teacher,v7,1,100,0,0
V7E001,43,1600006,random,random,0,17,0,1
V7E001,43,1600006,random,v3,1,100,0,0
V7E001,43,1600006,random,v7,1,100,0,0
V7E001,43,1600006,teacher,random,0,15,0,1
V7E001,43,1600006,teacher,v3,0,30,0,0
V7E001,43,1600006,teacher,v7,0,27,0,0
V7E001,43,1600007,random,random,0,4,0,0
V7E001,43,1600007,random,v3,0,51,0,0
V7E001,43,1600007,random,v7,0,1,0,0
V7E001,43,1600007,teacher,random,0,2,0,0
V7E001,43,1600007,teacher,v3,0,2,0,0
V7E001,43,1600007,teacher,v7,0,1,0,0
V7E001,43,1600008,random,random,1,100,0,0
V7E001,43,1600008,random,v3,1,100,0,0
V7E001,43,1600008,random,v7,1,100,0,0
V7E001,43,1600008,teacher,random,0,10,0,0
V7E001,43,1600008,teacher,v3,0,12,0,0
V7E001,43,1600008,teacher,v7,0,11,0,0
V7E001,43,1600009,random,random,0,22,0,0
V7E001,43,1600009,random,v3,0,14,0,0
V7E001,43,1600009,random,v7,0,14,0,0
V7E001,43,1600009,teacher,random,0,2,0,0
V7E001,43,1600009,teacher,v3,0,1,0,0
V7E001,43,1600009,teacher,v7,0,1,0,0
V7E001,43,1600010,random,random,1,100,1,0
V7E001,43,1600010,random,v3,1,100,0,0
V7E001,43,1600010,random,v7,1,100,0,0
V7E001,43,1600010,teacher,random,0,11,0,0
V7E001,43,1600010,teacher,v3,0,12,0,0
V7E001,43,1600010,teacher,v7,0,11,0,0
V7E001,43,1600011,random,random,1,100,2,0
V7E001,43,1600011,random,v3,1,100,0,0
V7E001,43,1600011,random,v7,1,100,0,0
V7E001,43,1600011,teacher,random,0,28,0,0
V7E001,43,1600011,teacher,v3,1,100,0,0
V7E001,43,1600011,teacher,v7,0,28,1,0
V7E001,43,1600012,random,random,1,100,0,0
V7E001,43,1600012,random,v3,1,100,0,0
V7E001,43,1600012,random,v7,1,100,0,0
V7E001,43,1600012,teacher,random,0,5,0,0
V7E001,43,1600012,teacher,v3,0,3,0,0
V7E001,43,1600012,teacher,v7,0,3,0,0
V7E001,43,1600013,random,random,0,13,0,0
V7E001,43,1600013,random,v3,0,66,0,0
V7E001,43,1600013,random,v7,0,13,0,0
V7E001,43,1600013,teacher,random,0,6,0,0
V7E001,43,1600013,teacher,v3,0,3,0,0
V7E001,43,1600013,teacher,v7,0,2,0,0
V7E001,43,1600014,random,random,0,46,0,1
V7E001,43,1600014,random,v3,1,100,0,0
V7E001,43,1600014,random,v7,1,100,0,0
V7E001,43,1600014,teacher,random,0,1,0,0
V7E001,43,1600014,teacher,v3,0,1,0,0
V7E001,43,1600014,teacher,v7,0,1,0,0
V7E001,43,1600015,random,random,1,100,0,1
V7E001,43,1600015,random,v3,1,100,0,0
V7E001,43,1600015,random,v7,1,100,0,0
V7E001,43,1600015,teacher,random,0,42,0,0
V7E001,43,1600015,teacher,v3,0,52,0,0
V7E001,43,1600015,teacher,v7,1,100,0,0
V7E001,43,1600016,random,random,0,2,0,0
V7E001,43,1600016,random,v3,0,13,0,0
V7E001,43,1600016,random,v7,0,6,0,0
V7E001,43,1600016,teacher,random,0,1,0,0
V7E001,43,1600016,teacher,v3,0,1,0,0
V7E001,43,1600016,teacher,v7,0,1,0,0
V7E001,43,1600017,random,random,0,1,0,0
V7E001,43,1600017,random,v3,0,1,0,0
V7E001,43,1600017,random,v7,0,1,0,0
V7E001,43,1600017,teacher,random,0,1,0,0
V7E001,43,1600017,teacher,v3,0,1,0,0
V7E001,43,1600017,teacher,v7,0,1,0,0
V7E001,43,1600018,random,random,0,60,0,1
V7E001,43,1600018,random,v3,1,100,0,0
V7E001,43,1600018,random,v7,1,100,0,0
V7E001,43,1600018,teacher,random,0,31,0,0
V7E001,43,1600018,teacher,v3,0,29,0,0
V7E001,43,1600018,teacher,v7,1,100,0,0
V7E001,43,1600019,random,random,0,63,2,1
V7E001,43,1600019,random,v3,1,100,0,0
V7E001,43,1600019,random,v7,1,100,0,0
V7E001,43,1600019,teacher,random,0,11,0,0
V7E001,43,1600019,teacher,v3,0,13,0,0
V7E001,43,1600019,teacher,v7,0,12,0,0
V7E001,43,1600020,random,random,0,3,0,0
V7E001,43,1600020,random,v3,0,29,0,0
V7E001,43,1600020,random,v7,0,23,0,0
V7E001,43,1600020,teacher,random,0,2,0,0
V7E001,43,1600020,teacher,v3,0,6,0,0
V7E001,43,1600020,teacher,v7,1,100,0,0
V7E001,43,1600021,random,random,1,100,3,0
V7E001,43,1600021,random,v3,1,100,0,0
V7E001,43,1600021,random,v7,1,100,0,0
V7E001,43,1600021,teacher,random,0,6,2,0
V7E001,43,1600021,teacher,v3,0,5,0,0
V7E001,43,1600021,teacher,v7,0,5,0,0
V7E001,43,1600022,random,random,0,3,0,0
V7E001,43,1600022,random,v3,1,100,0,0
V7E001,43,1600022,random,v7,0,5,0,0
V7E001,43,1600022,teacher,random,0,3,0,0
V7E001,43,1600022,teacher,v3,0,4,0,0
V7E001,43,1600022,teacher,v7,1,100,0,0
V7E001,43,1600023,random,random,1,100,0,0
V7E001,43,1600023,random,v3,1,100,0,0
V7E001,43,1600023,random,v7,1,100,0,0
V7E001,43,1600023,teacher,random,0,43,0,0
V7E001,43,1600023,teacher,v3,0,53,0,0
V7E001,43,1600023,teacher,v7,0,52,0,0
V7E001,43,1600024,random,random,1,100,0,0
V7E001,43,1600024,random,v3,1,100,0,0
V7E001,43,1600024,random,v7,1,100,0,0
V7E001,43,1600024,teacher,random,0,1,0,0
V7E001,43,1600024,teacher,v3,0,1,0,0
V7E001,43,1600024,teacher,v7,0,1,0,0
V7E001,43,1600025,random,random,0,18,0,0
V7E001,43,1600025,random,v3,0,23,0,0
V7E001,43,1600025,random,v7,0,23,0,0
V7E001,43,1600025,teacher,random,0,48,0,0
V7E001,43,1600025,teacher,v3,0,49,0,0
V7E001,43,1600025,teacher,v7,0,48,0,0
V7E001,43,1600026,random,random,0,98,2,0
V7E001,43,1600026,random,v3,1,100,0,0
V7E001,43,1600026,random,v7,1,100,0,0
V7E001,43,1600026,teacher,random,0,12,0,0
V7E001,43,1600026,teacher,v3,0,7,0,0
V7E001,43,1600026,teacher,v7,0,6,0,0
V7E001,43,1600027,random,random,0,8,1,0
V7E001,43,1600027,random,v3,1,100,0,0
V7E001,43,1600027,random,v7,1,100,0,0
V7E001,43,1600027,teacher,random,0,3,0,0
V7E001,43,1600027,teacher,v3,0,5,0,0
V7E001,43,1600027,teacher,v7,0,7,0,0
V7E001,43,1600028,random,random,1,100,0,0
V7E001,43,1600028,random,v3,0,3,0,0
V7E001,43,1600028,random,v7,0,3,0,0
V7E001,43,1600028,teacher,random,0,2,0,0
V7E001,43,1600028,teacher,v3,0,5,0,0
V7E001,43,1600028,teacher,v7,1,100,0,0
V7E001,43,1600029,random,random,0,14,1,0
V7E001,43,1600029,random,v3,0,10,0,0
V7E001,43,1600029,random,v7,0,10,0,0
V7E001,43,1600029,teacher,random,0,5,1,0
V7E001,43,1600029,teacher,v3,1,100,0,0
V7E001,43,1600029,teacher,v7,0,25,1,0
V7E001,43,1600030,random,random,0,1,0,1
V7E001,43,1600030,random,v3,1,100,0,0
V7E001,43,1600030,random,v7,1,100,0,0
V7E001,43,1600030,teacher,random,0,5,0,1
V7E001,43,1600030,teacher,v3,0,30,0,0
V7E001,43,1600030,teacher,v7,0,27,0,0
V7E001,43,1600031,random,random,0,28,0,0
V7E001,43,1600031,random,v3,0,47,0,0
V7E001,43,1600031,random,v7,0,31,0,0
V7E001,43,1600031,teacher,random,0,11,0,0
V7E001,43,1600031,teacher,v3,0,11,0,0
V7E001,43,1600031,teacher,v7,0,10,0,0
V7E001,43,1600032,random,random,0,70,0,0
V7E001,43,1600032,random,v3,1,100,0,0
V7E001,43,1600032,random,v7,1,100,0,0
V7E001,43,1600032,teacher,random,0,8,0,0
V7E001,43,1600032,teacher,v3,0,10,0,0
V7E001,43,1600032,teacher,v7,0,9,0,0
V7E001,43,1600033,random,random,0,33,1,0
V7E001,43,1600033,random,v3,1,100,0,0
V7E001,43,1600033,random,v7,1,100,0,0
V7E001,43,1600033,teacher,random,0,8,0,0
V7E001,43,1600033,teacher,v3,0,29,0,0
V7E001,43,1600033,teacher,v7,1,100,0,0
V7E001,43,1600034,random,random,0,15,0,0
V7E001,43,1600034,random,v3,1,100,0,0
V7E001,43,1600034,random,v7,1,100,0,0
V7E001,43,1600034,teacher,random,0,3,0,0
V7E001,43,1600034,teacher,v3,0,18,0,0
V7E001,43,1600034,teacher,v7,0,39,0,0
V7E001,43,1600035,random,random,1,100,0,0
V7E001,43,1600035,random,v3,1,100,0,0
V7E001,43,1600035,random,v7,1,100,0,0
V7E001,43,1600035,teacher,random,0,8,0,0
V7E001,43,1600035,teacher,v3,0,8,0,0
V7E001,43,1600035,teacher,v7,0,7,0,0
V7E001,43,1600036,random,random,0,73,0,0
V7E001,43,1600036,random,v3,1,100,0,0
V7E001,43,1600036,random,v7,1,100,0,0
V7E001,43,1600036,teacher,random,0,20,0,0
V7E001,43,1600036,teacher,v3,0,25,0,0
V7E001,43,1600036,teacher,v7,1,100,0,0
V7E001,43,1600037,random,random,1,100,0,0
V7E001,43,1600037,random,v3,1,100,0,0
V7E001,43,1600037,random,v7,1,100,0,0
V7E001,43,1600037,teacher,random,0,42,0,0
V7E001,43,1600037,teacher,v3,0,45,0,0
V7E001,43,1600037,teacher,v7,1,100,0,0
V7E001,43,1600038,random,random,0,95,2,1
V7E001,43,1600038,random,v3,1,100,0,0
V7E001,43,1600038,random,v7,1,100,0,0
V7E001,43,1600038,teacher,random,0,12,2,1
V7E001,43,1600038,teacher,v3,0,10,0,0
V7E001,43,1600038,teacher,v7,1,100,0,0
V7E001,43,1600039,random,random,0,15,0,0
V7E001,43,1600039,random,v3,0,44,0,0
V7E001,43,1600039,random,v7,0,25,0,0
V7E001,43,1600039,teacher,random,0,9,0,0
V7E001,43,1600039,teacher,v3,0,25,0,0
V7E001,43,1600039,teacher,v7,1,100,0,0
V7E001,43,1600040,random,random,1,100,2,0
V7E001,43,1600040,random,v3,0,6,0,0
V7E001,43,1600040,random,v7,0,6,0,0
V7E001,43,1600040,teacher,random,0,5,0,0
V7E001,43,1600040,teacher,v3,0,3,0,0
V7E001,43,1600040,teacher,v7,0,3,0,0
V7E001,43,1600041,random,random,1,100,0,0
V7E001,43,1600041,random,v3,1,100,0,0
V7E001,43,1600041,random,v7,1,100,0,0
V7E001,43,1600041,teacher,random,0,21,0,0
V7E001,43,1600041,teacher,v3,0,43,0,0
V7E001,43,1600041,teacher,v7,1,100,0,0
V7E001,43,1600042,random,random,1,100,0,0
V7E001,43,1600042,random,v3,1,100,0,0
V7E001,43,1600042,random,v7,1,100,0,0
V7E001,43,1600042,teacher,random,0,56,0,0
V7E001,43,1600042,teacher,v3,0,56,0,0
V7E001,43,1600042,teacher,v7,0,55,0,0
V7E001,43,1600043,random,random,1,100,2,1
V7E001,43,1600043,random,v3,0,54,0,0
V7E001,43,1600043,random,v7,0,9,0,0
V7E001,43,1600043,teacher,random,0,9,0,0
V7E001,43,1600043,teacher,v3,0,6,0,0
V7E001,43,1600043,teacher,v7,0,5,0,0
V7E001,43,1600044,random,random,0,49,2,0
V7E001,43,1600044,random,v3,1,100,0,0
V7E001,43,1600044,random,v7,1,100,0,0
V7E001,43,1600044,teacher,random,0,12,0,0
V7E001,43,1600044,teacher,v3,0,17,0,0
V7E001,43,1600044,teacher,v7,1,100,0,0
V7E001,43,1600045,random,random,0,92,0,0
V7E001,43,1600045,random,v3,1,100,0,0
V7E001,43,1600045,random,v7,1,100,0,0
V7E001,43,1600045,teacher,random,0,12,0,0
V7E001,43,1600045,teacher,v3,0,15,0,0
V7E001,43,1600045,teacher,v7,0,14,0,0
V7E001,43,1600046,random,random,1,100,1,0
V7E001,43,1600046,random,v3,1,100,0,0
V7E001,43,1600046,random,v7,1,100,0,0
V7E001,43,1600046,teacher,random,0,10,0,0
V7E001,43,1600046,teacher,v3,1,100,0,0
V7E001,43,1600046,teacher,v7,0,6,1,0
V7E001,43,1600047,random,random,1,100,0,0
V7E001,43,1600047,random,v3,1,100,0,0
V7E001,43,1600047,random,v7,1,100,0,0
V7E001,43,1600047,teacher,random,0,5,0,0
V7E001,43,1600047,teacher,v3,0,7,0,0
V7E001,43,1600047,teacher,v7,1,100,0,0
V7E001,43,1600048,random,random,0,70,0,0
V7E001,43,1600048,random,v3,1,100,0,0
V7E001,43,1600048,random,v7,1,100,0,0
V7E001,43,1600048,teacher,random,0,16,0,0
V7E001,43,1600048,teacher,v3,0,15,0,0
V7E001,43,1600048,teacher,v7,0,17,0,0
V7E001,43,1600049,random,random,1,100,0,0
V7E001,43,1600049,random,v3,1,100,0,0
V7E001,43,1600049,random,v7,1,100,0,0
V7E001,43,1600049,teacher,random,0,9,0,0
V7E001,43,1600049,teacher,v3,0,30,0,0
V7E001,43,1600049,teacher,v7,0,27,0,0
V7E001,43,1600050,random,random,1,100,0,0
V7E001,43,1600050,random,v3,1,100,0,0
V7E001,43,1600050,random,v7,1,100,0,0
V7E001,43,1600050,teacher,random,0,7,0,0
V7E001,43,1600050,teacher,v3,0,5,0,0
V7E001,43,1600050,teacher,v7,1,100,0,0
V7E001,43,1600051,random,random,1,100,3,0
V7E001,43,1600051,random,v3,1,100,0,0
V7E001,43,1600051,random,v7,1,100,0,0
V7E001,43,1600051,teacher,random,0,10,1,0
V7E001,43,1600051,teacher,v3,0,9,0,0
V7E001,43,1600051,teacher,v7,0,9,1,0
V7E001,43,1600052,random,random,0,13,0,0
V7E001,43,1600052,random,v3,0,2,0,0
V7E001,43,1600052,random,v7,0,2,0,0
V7E001,43,1600052,teacher,random,0,2,0,0
V7E001,43,1600052,teacher,v3,0,2,0,0
V7E001,43,1600052,teacher,v7,0,2,0,0
V7E001,43,1600053,random,random,0,13,0,0
V7E001,43,1600053,random,v3,0,7,0,0
V7E001,43,1600053,random,v7,0,4,0,0
V7E001,43,1600053,teacher,random,0,2,0,0
V7E001,43,1600053,teacher,v3,0,2,0,0
V7E001,43,1600053,teacher,v7,0,2,0,0
V7E001,43,1600054,random,random,1,100,3,1
V7E001,43,1600054,random,v3,1,100,0,0
V7E001,43,1600054,random,v7,1,100,0,0
V7E001,43,1600054,teacher,random,0,20,0,0
V7E001,43,1600054,teacher,v3,0,23,0,0
V7E001,43,1600054,teacher,v7,1,100,0,0
V7E001,43,1600055,random,random,0,47,0,0
V7E001,43,1600055,random,v3,0,61,0,0
V7E001,43,1600055,random,v7,0,60,0,0
V7E001,43,1600055,teacher,random,0,6,0,0
V7E001,43,1600055,teacher,v3,0,59,0,0
V7E001,43,1600055,teacher,v7,1,100,0,0
V7E001,43,1600056,random,random,0,7,0,0
V7E001,43,1600056,random,v3,0,20,0,0
V7E001,43,1600056,random,v7,0,20,0,0
V7E001,43,1600056,teacher,random,0,2,0,0
V7E001,43,1600056,teacher,v3,0,4,0,0
V7E001,43,1600056,teacher,v7,1,100,0,0
V7E001,43,1600057,random,random,1,100,0,0
V7E001,43,1600057,random,v3,1,100,0,0
V7E001,43,1600057,random,v7,1,100,0,0
V7E001,43,1600057,teacher,random,0,47,0,0
V7E001,43,1600057,teacher,v3,0,48,0,0
V7E001,43,1600057,teacher,v7,0,47,0,0
V7E001,43,1600058,random,random,0,1,0,0
V7E001,43,1600058,random,v3,0,1,0,0
V7E001,43,1600058,random,v7,0,1,0,0
V7E001,43,1600058,teacher,random,0,1,0,0
V7E001,43,1600058,teacher,v3,0,1,0,0
V7E001,43,1600058,teacher,v7,0,1,0,0
V7E001,43,1600059,random,random,0,2,0,0
V7E001,43,1600059,random,v3,0,11,0,0
V7E001,43,1600059,random,v7,0,6,0,0
V7E001,43,1600059,teacher,random,0,3,0,0
V7E001,43,1600059,teacher,v3,0,4,0,0
V7E001,43,1600059,teacher,v7,1,100,0,0
V7E001,43,1600060,random,random,0,24,1,0
V7E001,43,1600060,random,v3,0,50,0,0
V7E001,43,1600060,random,v7,0,50,0,0
V7E001,43,1600060,teacher,random,0,8,0,0
V7E001,43,1600060,teacher,v3,0,14,0,0
V7E001,43,1600060,teacher,v7,0,13,0,0
V7E001,43,1600061,random,random,0,72,0,1
V7E001,43,1600061,random,v3,1,100,0,0
V7E001,43,1600061,random,v7,1,100,0,0
V7E001,43,1600061,teacher,random,0,3,0,0
V7E001,43,1600061,teacher,v3,0,4,0,0
V7E001,43,1600061,teacher,v7,1,100,0,0
V7E001,43,1600062,random,random,1,100,1,0
V7E001,43,1600062,random,v3,1,100,0,0
V7E001,43,1600062,random,v7,1,100,0,0
V7E001,43,1600062,teacher,random,0,9,0,0
V7E001,43,1600062,teacher,v3,0,50,0,0
V7E001,43,1600062,teacher,v7,0,49,0,0
V7E001,43,1600063,random,random,0,78,0,0
V7E001,43,1600063,random,v3,1,100,0,0
V7E001,43,1600063,random,v7,1,100,0,0
V7E001,43,1600063,teacher,random,0,10,0,0
V7E001,43,1600063,teacher,v3,1,100,0,0
V7E001,43,1600063,teacher,v7,0,12,1,0
V7E001,43,1600064,random,random,1,100,3,0
V7E001,43,1600064,random,v3,1,100,0,0
V7E001,43,1600064,random,v7,1,100,0,0
V7E001,43,1600064,teacher,random,0,6,0,0
V7E001,43,1600064,teacher,v3,0,10,0,0
V7E001,43,1600064,teacher,v7,0,9,0,0
V7E001,43,1600065,random,random,0,4,0,0
V7E001,43,1600065,random,v3,0,2,0,0
V7E001,43,1600065,random,v7,0,2,0,0
V7E001,43,1600065,teacher,random,0,1,0,0
V7E001,43,1600065,teacher,v3,0,1,0,0
V7E001,43,1600065,teacher,v7,0,1,0,0
V7E001,43,1600066,random,random,0,2,0,0
V7E001,43,1600066,random,v3,0,2,0,0
V7E001,43,1600066,random,v7,0,2,0,0
V7E001,43,1600066,teacher,random,0,4,0,0
V7E001,43,1600066,teacher,v3,0,6,0,0
V7E001,43,1600066,teacher,v7,1,100,0,0
V7E001,43,1600067,random,random,1,100,0,0
V7E001,43,1600067,random,v3,1,100,0,0
V7E001,43,1600067,random,v7,1,100,0,0
V7E001,43,1600067,teacher,random,0,35,0,0
V7E001,43,1600067,teacher,v3,0,39,0,0
V7E001,43,1600067,teacher,v7,0,36,0,0
V7E001,43,1600068,random,random,0,88,1,0
V7E001,43,1600068,random,v3,1,100,0,0
V7E001,43,1600068,random,v7,1,100,0,0
V7E001,43,1600068,teacher,random,0,10,0,0
V7E001,43,1600068,teacher,v3,0,12,0,0
V7E001,43,1600068,teacher,v7,0,11,0,0
V7E001,43,1600069,random,random,0,50,0,0
V7E001,43,1600069,random,v3,1,100,0,0
V7E001,43,1600069,random,v7,0,5,0,0
V7E001,43,1600069,teacher,random,0,4,0,0
V7E001,43,1600069,teacher,v3,0,7,0,0
V7E001,43,1600069,teacher,v7,1,100,0,0
V7E001,43,1600070,random,random,1,100,0,0
V7E001,43,1600070,random,v3,1,100,0,0
V7E001,43,1600070,random,v7,1,100,0,0
V7E001,43,1600070,teacher,random,0,41,0,0
V7E001,43,1600070,teacher,v3,0,43,0,0
V7E001,43,1600070,teacher,v7,0,42,0,0
V7E001,43,1600071,random,random,1,100,0,1
V7E001,43,1600071,random,v3,1,100,0,0
V7E001,43,1600071,random,v7,1,100,0,0
V7E001,43,1600071,teacher,random,1,100,0,1
V7E001,43,1600071,teacher,v3,0,33,0,0
V7E001,43,1600071,teacher,v7,0,30,0,0
V7E001,43,1600072,random,random,1,100,0,0
V7E001,43,1600072,random,v3,1,100,0,0
V7E001,43,1600072,random,v7,1,100,0,0
V7E001,43,1600072,teacher,random,0,8,0,0
V7E001,43,1600072,teacher,v3,0,49,0,0
V7E001,43,1600072,teacher,v7,1,100,0,0
V7E001,43,1600073,random,random,1,100,0,0
V7E001,43,1600073,random,v3,1,100,0,0
V7E001,43,1600073,random,v7,1,100,0,0
V7E001,43,1600073,teacher,random,0,31,0,0
V7E001,43,1600073,teacher,v3,0,35,0,0
V7E001,43,1600073,teacher,v7,1,100,0,0
V7E001,43,1600074,random,random,0,97,1,0
V7E001,43,1600074,random,v3,1,100,0,0
V7E001,43,1600074,random,v7,1,100,0,0
V7E001,43,1600074,teacher,random,0,5,0,0
V7E001,43,1600074,teacher,v3,0,8,0,0
V7E001,43,1600074,teacher,v7,0,8,0,0
V7E001,43,1600075,random,random,0,91,3,0
V7E001,43,1600075,random,v3,1,100,0,0
V7E001,43,1600075,random,v7,1,100,0,0
V7E001,43,1600075,teacher,random,0,10,0,0
V7E001,43,1600075,teacher,v3,0,13,0,0
V7E001,43,1600075,teacher,v7,1,100,0,0
V7E001,43,1600076,random,random,0,92,0,1
V7E001,43,1600076,random,v3,1,100,0,0
V7E001,43,1600076,random,v7,1,100,0,0
V7E001,43,1600076,teacher,random,0,40,0,0
V7E001,43,1600076,teacher,v3,0,59,0,0
V7E001,43,1600076,teacher,v7,1,100,0,0
V7E001,43,1600077,random,random,1,100,0,0
V7E001,43,1600077,random,v3,1,100,0,0
V7E001,43,1600077,random,v7,1,100,0,0
V7E001,43,1600077,teacher,random,0,39,0,0
V7E001,43,1600077,teacher,v3,0,42,0,0
V7E001,43,1600077,teacher,v7,1,100,0,0
V7E001,43,1600078,random,random,1,100,0,0
V7E001,43,1600078,random,v3,1,100,0,0
V7E001,43,1600078,random,v7,1,100,0,0
V7E001,43,1600078,teacher,random,0,25,0,0
V7E001,43,1600078,teacher,v3,0,47,0,0
V7E001,43,1600078,teacher,v7,1,100,0,0
V7E001,43,1600079,random,random,0,53,0,0
V7E001,43,1600079,random,v3,0,53,0,0
V7E001,43,1600079,random,v7,0,35,0,0
V7E001,43,1600079,teacher,random,0,13,0,0
V7E001,43,1600079,teacher,v3,0,14,0,0
V7E001,43,1600079,teacher,v7,0,13,0,0
V7E001,43,1600080,random,random,1,100,1,0
V7E001,43,1600080,random,v3,1,100,0,0
V7E001,43,1600080,random,v7,1,100,0,0
V7E001,43,1600080,teacher,random,0,7,1,0
V7E001,43,1600080,teacher,v3,0,11,0,0
V7E001,43,1600080,teacher,v7,0,10,0,0
V7E001,43,1600081,random,random,0,5,0,0
V7E001,43,1600081,random,v3,0,1,0,0
V7E001,43,1600081,random,v7,0,1,0,0
V7E001,43,1600081,teacher,random,0,1,0,0
V7E001,43,1600081,teacher,v3,0,3,0,0
V7E001,43,1600081,teacher,v7,1,100,0,0
V7E001,43,1600082,random,random,1,100,3,0
V7E001,43,1600082,random,v3,1,100,0,0
V7E001,43,1600082,random,v7,1,100,0,0
V7E001,43,1600082,teacher,random,0,10,0,0
V7E001,43,1600082,teacher,v3,0,5,0,0
V7E001,43,1600082,teacher,v7,0,5,0,0
V7E001,43,1600083,random,random,1,100,1,0
V7E001,43,1600083,random,v3,1,100,0,0
V7E001,43,1600083,random,v7,1,100,0,0
V7E001,43,1600083,teacher,random,0,13,0,0
V7E001,43,1600083,teacher,v3,0,14,0,0
V7E001,43,1600083,teacher,v7,0,13,0,0
V7E001,43,1600084,random,random,1,100,0,0
V7E001,43,1600084,random,v3,1,100,0,0
V7E001,43,1600084,random,v7,1,100,0,0
V7E001,43,1600084,teacher,random,0,6,0,0
V7E001,43,1600084,teacher,v3,0,6,0,0
V7E001,43,1600084,teacher,v7,0,5,0,0
V7E001,43,1600085,random,random,0,17,0,0
V7E001,43,1600085,random,v3,0,8,0,0
V7E001,43,1600085,random,v7,0,7,0,0
V7E001,43,1600085,teacher,random,0,2,0,0
V7E001,43,1600085,teacher,v3,0,5,0,0
V7E001,43,1600085,teacher,v7,1,100,0,0
V7E001,43,1600086,random,random,0,7,0,0
V7E001,43,1600086,random,v3,0,9,0,0
V7E001,43,1600086,random,v7,0,4,0,0
V7E001,43,1600086,teacher,random,0,4,0,0
V7E001,43,1600086,teacher,v3,0,5,0,0
V7E001,43,1600086,teacher,v7,0,4,0,0
V7E001,43,1600087,random,random,0,47,0,0
V7E001,43,1600087,random,v3,1,100,0,0
V7E001,43,1600087,random,v7,1,100,0,0
V7E001,43,1600087,teacher,random,0,32,0,0
V7E001,43,1600087,teacher,v3,0,55,0,0
V7E001,43,1600087,teacher,v7,1,100,0,0
V7E001,43,1600088,random,random,0,51,0,0
V7E001,43,1600088,random,v3,1,100,0,0
V7E001,43,1600088,random,v7,1,100,0,0
V7E001,43,1600088,teacher,random,0,10,0,0
V7E001,43,1600088,teacher,v3,0,9,0,0
V7E001,43,1600088,teacher,v7,1,100,0,0
V7E001,43,1600089,random,random,0,73,2,0
V7E001,43,1600089,random,v3,1,100,0,0
V7E001,43,1600089,random,v7,1,100,0,0
V7E001,43,1600089,teacher,random,0,8,0,0
V7E001,43,1600089,teacher,v3,0,8,0,0
V7E001,43,1600089,teacher,v7,0,7,1,0
V7E001,43,1600090,random,random,1,100,6,0
V7E001,43,1600090,random,v3,1,100,0,0
V7E001,43,1600090,random,v7,1,100,0,0
V7E001,43,1600090,teacher,random,0,14,3,0
V7E001,43,1600090,teacher,v3,0,5,0,0
V7E001,43,1600090,teacher,v7,0,5,0,0
V7E001,43,1600091,random,random,0,21,0,0
V7E001,43,1600091,random,v3,1,100,0,0
V7E001,43,1600091,random,v7,1,100,0,0
V7E001,43,1600091,teacher,random,0,20,0,0
V7E001,43,1600091,teacher,v3,0,42,0,0
V7E001,43,1600091,teacher,v7,0,41,0,0
V7E001,43,1600092,random,random,1,100,0,0
V7E001,43,1600092,random,v3,1,100,0,0
V7E001,43,1600092,random,v7,1,100,0,0
V7E001,43,1600092,teacher,random,0,15,0,0
V7E001,43,1600092,teacher,v3,0,63,0,0
V7E001,43,1600092,teacher,v7,1,100,0,0
V7E001,43,1600093,random,random,0,65,2,1
V7E001,43,1600093,random,v3,1,100,0,0
V7E001,43,1600093,random,v7,1,100,0,0
V7E001,43,1600093,teacher,random,0,5,0,0
V7E001,43,1600093,teacher,v3,0,5,0,0
V7E001,43,1600093,teacher,v7,0,35,0,0
V7E001,43,1600094,random,random,1,100,2,1
V7E001,43,1600094,random,v3,1,100,0,0
V7E001,43,1600094,random,v7,1,100,0,0
V7E001,43,1600094,teacher,random,0,24,0,0
V7E001,43,1600094,teacher,v3,0,27,0,0
V7E001,43,1600094,teacher,v7,0,24,0,0
V7E001,43,1600095,random,random,0,89,0,0
V7E001,43,1600095,random,v3,1,100,0,0
V7E001,43,1600095,random,v7,1,100,0,0
V7E001,43,1600095,teacher,random,0,37,0,0
V7E001,43,1600095,teacher,v3,0,57,0,0
V7E001,43,1600095,teacher,v7,1,100,0,0
V7E001,43,1600096,random,random,1,100,3,0
V7E001,43,1600096,random,v3,1,100,0,0
V7E001,43,1600096,random,v7,1,100,0,0
V7E001,43,1600096,teacher,random,0,10,2,0
V7E001,43,1600096,teacher,v3,0,9,0,0
V7E001,43,1600096,teacher,v7,0,9,0,0
V7E001,43,1600097,random,random,1,100,3,1
V7E001,43,1600097,random,v3,1,100,0,0
V7E001,43,1600097,random,v7,1,100,0,0
V7E001,43,1600097,teacher,random,0,12,0,1
V7E001,43,1600097,teacher,v3,0,12,0,0
V7E001,43,1600097,teacher,v7,1,100,0,0
V7E001,43,1600098,random,random,1,100,0,0
V7E001,43,1600098,random,v3,1,100,0,0
V7E001,43,1600098,random,v7,1,100,0,0
V7E001,43,1600098,teacher,random,0,8,0,0
V7E001,43,1600098,teacher,v3,0,50,0,0
V7E001,43,1600098,teacher,v7,1,100,0,0
V7E001,43,1600099,random,random,0,1,0,0
V7E001,43,1600099,random,v3,0,4,0,0
V7E001,43,1600099,random,v7,0,3,0,0
V7E001,43,1600099,teacher,random,0,1,0,0
V7E001,43,1600099,teacher,v3,0,4,0,0
V7E001,43,1600099,teacher,v7,1,100,0,0
V7E002,43,1610000,random,random,0,22,0,0
V7E002,43,1610000,random,v3,0,46,0,0
V7E002,43,1610000,random,v7,0,51,0,0
V7E002,43,1610000,teacher,random,0,6,0,0
V7E002,43,1610000,teacher,v3,0,4,0,0
V7E002,43,1610000,teacher,v7,1,100,0,0
V7E002,43,1610001,random,random,0,16,0,0
V7E002,43,1610001,random,v3,0,100,0,0
V7E002,43,1610001,random,v7,0,92,0,0
V7E002,43,1610001,teacher,random,0,4,0,0
V7E002,43,1610001,teacher,v3,0,8,0,0
V7E002,43,1610001,teacher,v7,0,6,0,0
V7E002,43,1610002,random,random,0,21,0,0
V7E002,43,1610002,random,v3,0,43,0,0
V7E002,43,1610002,random,v7,0,42,0,0
V7E002,43,1610002,teacher,random,0,4,0,0
V7E002,43,1610002,teacher,v3,0,4,0,0
V7E002,43,1610002,teacher,v7,0,4,0,0
V7E002,43,1610003,random,random,0,52,3,0
V7E002,43,1610003,random,v3,0,91,0,0
V7E002,43,1610003,random,v7,0,96,0,0
V7E002,43,1610003,teacher,random,0,20,0,0
V7E002,43,1610003,teacher,v3,0,18,0,0
V7E002,43,1610003,teacher,v7,0,23,0,0
V7E002,43,1610004,random,random,0,27,0,0
V7E002,43,1610004,random,v3,1,100,0,0
V7E002,43,1610004,random,v7,1,100,0,0
V7E002,43,1610004,teacher,random,0,37,0,0
V7E002,43,1610004,teacher,v3,0,50,0,0
V7E002,43,1610004,teacher,v7,0,47,0,0
V7E002,43,1610005,random,random,1,100,3,0
V7E002,43,1610005,random,v3,0,62,0,0
V7E002,43,1610005,random,v7,0,13,0,0
V7E002,43,1610005,teacher,random,0,14,0,0
V7E002,43,1610005,teacher,v3,0,16,0,0
V7E002,43,1610005,teacher,v7,0,8,0,0
V7E002,43,1610006,random,random,0,72,8,0
V7E002,43,1610006,random,v3,1,100,0,0
V7E002,43,1610006,random,v7,1,100,1,0
V7E002,43,1610006,teacher,random,0,12,2,0
V7E002,43,1610006,teacher,v3,0,16,0,0
V7E002,43,1610006,teacher,v7,0,16,1,0
V7E002,43,1610007,random,random,1,100,1,0
V7E002,43,1610007,random,v3,1,100,0,0
V7E002,43,1610007,random,v7,1,100,0,0
V7E002,43,1610007,teacher,random,0,39,0,0
V7E002,43,1610007,teacher,v3,0,41,0,0
V7E002,43,1610007,teacher,v7,1,100,0,0
V7E002,43,1610008,random,random,0,70,5,0
V7E002,43,1610008,random,v3,1,100,0,0
V7E002,43,1610008,random,v7,1,100,0,0
V7E002,43,1610008,teacher,random,0,19,0,0
V7E002,43,1610008,teacher,v3,1,100,0,0
V7E002,43,1610008,teacher,v7,0,15,0,0
V7E002,43,1610009,random,random,1,100,0,0
V7E002,43,1610009,random,v3,1,100,0,0
V7E002,43,1610009,random,v7,1,100,0,0
V7E002,43,1610009,teacher,random,0,7,0,0
V7E002,43,1610009,teacher,v3,0,6,0,0
V7E002,43,1610009,teacher,v7,1,100,0,0
V7E002,43,1610010,random,random,1,100,3,0
V7E002,43,1610010,random,v3,0,72,0,0
V7E002,43,1610010,random,v7,1,100,0,0
V7E002,43,1610010,teacher,random,0,9,0,0
V7E002,43,1610010,teacher,v3,0,12,0,0
V7E002,43,1610010,teacher,v7,0,6,0,0
V7E002,43,1610011,random,random,1,100,3,0
V7E002,43,1610011,random,v3,1,100,0,0
V7E002,43,1610011,random,v7,1,100,0,0
V7E002,43,1610011,teacher,random,0,17,0,0
V7E002,43,1610011,teacher,v3,0,15,0,0
V7E002,43,1610011,teacher,v7,0,15,0,0
V7E002,43,1610012,random,random,1,100,0,0
V7E002,43,1610012,random,v3,0,7,0,0
V7E002,43,1610012,random,v7,0,12,0,0
V7E002,43,1610012,teacher,random,0,4,0,0
V7E002,43,1610012,teacher,v3,0,3,0,0
V7E002,43,1610012,teacher,v7,0,3,0,0
V7E002,43,1610013,random,random,0,78,2,1
V7E002,43,1610013,random,v3,0,68,0,0
V7E002,43,1610013,random,v7,1,100,0,0
V7E002,43,1610013,teacher,random,0,26,0,0
V7E002,43,1610013,teacher,v3,0,27,0,0
V7E002,43,1610013,teacher,v7,0,34,0,0
V7E002,43,1610014,random,random,0,86,5,0
V7E002,43,1610014,random,v3,1,100,0,0
V7E002,43,1610014,random,v7,1,100,0,0
V7E002,43,1610014,teacher,random,0,30,0,0
V7E002,43,1610014,teacher,v3,1,100,0,0
V7E002,43,1610014,teacher,v7,0,27,1,0
V7E002,43,1610015,random,random,0,77,2,0
V7E002,43,1610015,random,v3,1,100,0,0
V7E002,43,1610015,random,v7,1,100,0,0
V7E002,43,1610015,teacher,random,0,12,2,0
V7E002,43,1610015,teacher,v3,0,27,0,0
V7E002,43,1610015,teacher,v7,0,28,0,0
V7E002,43,1610016,random,random,1,100,2,0
V7E002,43,1610016,random,v3,1,100,0,0
V7E002,43,1610016,random,v7,1,100,0,0
V7E002,43,1610016,teacher,random,0,22,1,0
V7E002,43,1610016,teacher,v3,1,100,0,0
V7E002,43,1610016,teacher,v7,0,22,1,0
V7E002,43,1610017,random,random,1,100,0,0
V7E002,43,1610017,random,v3,0,7,0,0
V7E002,43,1610017,random,v7,0,10,0,0
V7E002,43,1610017,teacher,random,0,7,0,0
V7E002,43,1610017,teacher,v3,0,4,0,0
V7E002,43,1610017,teacher,v7,0,4,0,0
V7E002,43,1610018,random,random,0,50,6,0
V7E002,43,1610018,random,v3,1,100,0,0
V7E002,43,1610018,random,v7,1,100,0,0
V7E002,43,1610018,teacher,random,0,19,1,0
V7E002,43,1610018,teacher,v3,0,19,0,0
V7E002,43,1610018,teacher,v7,0,31,0,0
V7E002,43,1610019,random,random,0,20,2,0
V7E002,43,1610019,random,v3,0,27,0,0
V7E002,43,1610019,random,v7,0,18,0,0
V7E002,43,1610019,teacher,random,0,14,2,0
V7E002,43,1610019,teacher,v3,0,8,0,0
V7E002,43,1610019,teacher,v7,1,100,0,0
V7E002,43,1610020,random,random,0,14,2,0
V7E002,43,1610020,random,v3,1,100,0,0
V7E002,43,1610020,random,v7,0,18,1,0
V7E002,43,1610020,teacher,random,0,15,2,0
V7E002,43,1610020,teacher,v3,1,100,0,0
V7E002,43,1610020,teacher,v7,0,38,1,0
V7E002,43,1610021,random,random,0,5,0,0
V7E002,43,1610021,random,v3,0,11,0,0
V7E002,43,1610021,random,v7,0,3,0,0
V7E002,43,1610021,teacher,random,0,3,0,0
V7E002,43,1610021,teacher,v3,0,5,0,0
V7E002,43,1610021,teacher,v7,0,2,0,0
V7E002,43,1610022,random,random,0,4,0,0
V7E002,43,1610022,random,v3,0,4,0,0
V7E002,43,1610022,random,v7,0,4,0,0
V7E002,43,1610022,teacher,random,0,1,0,0
V7E002,43,1610022,teacher,v3,0,1,0,0
V7E002,43,1610022,teacher,v7,0,1,0,0
V7E002,43,1610023,random,random,1,100,1,0
V7E002,43,1610023,random,v3,1,100,0,0
V7E002,43,1610023,random,v7,1,100,0,0
V7E002,43,1610023,teacher,random,0,38,0,0
V7E002,43,1610023,teacher,v3,0,39,0,0
V7E002,43,1610023,teacher,v7,1,100,0,0
V7E002,43,1610024,random,random,1,100,1,1
V7E002,43,1610024,random,v3,1,100,0,0
V7E002,43,1610024,random,v7,1,100,0,0
V7E002,43,1610024,teacher,random,0,19,1,1
V7E002,43,1610024,teacher,v3,0,34,0,0
V7E002,43,1610024,teacher,v7,1,100,0,0
V7E002,43,1610025,random,random,1,100,0,0
V7E002,43,1610025,random,v3,1,100,0,0
V7E002,43,1610025,random,v7,1,100,0,0
V7E002,43,1610025,teacher,random,0,22,0,0
V7E002,43,1610025,teacher,v3,0,18,0,0
V7E002,43,1610025,teacher,v7,0,23,0,0
V7E002,43,1610026,random,random,0,3,0,0
V7E002,43,1610026,random,v3,0,76,0,0
V7E002,43,1610026,random,v7,0,5,0,0
V7E002,43,1610026,teacher,random,0,1,0,0
V7E002,43,1610026,teacher,v3,0,1,0,0
V7E002,43,1610026,teacher,v7,0,1,0,0
V7E002,43,1610027,random,random,0,5,0,0
V7E002,43,1610027,random,v3,0,47,0,0
V7E002,43,1610027,random,v7,0,47,0,0
V7E002,43,1610027,teacher,random,0,2,0,0
V7E002,43,1610027,teacher,v3,0,2,0,0
V7E002,43,1610027,teacher,v7,0,2,0,0
V7E002,43,1610028,random,random,0,5,0,0
V7E002,43,1610028,random,v3,0,2,0,0
V7E002,43,1610028,random,v7,0,2,0,0
V7E002,43,1610028,teacher,random,0,3,0,0
V7E002,43,1610028,teacher,v3,0,2,0,0
V7E002,43,1610028,teacher,v7,0,2,0,0
V7E002,43,1610029,random,random,0,58,0,0
V7E002,43,1610029,random,v3,1,100,0,0
V7E002,43,1610029,random,v7,0,7,0,0
V7E002,43,1610029,teacher,random,0,20,0,0
V7E002,43,1610029,teacher,v3,0,18,0,0
V7E002,43,1610029,teacher,v7,0,20,0,0
V7E002,43,1610030,random,random,1,100,0,1
V7E002,43,1610030,random,v3,1,100,0,0
V7E002,43,1610030,random,v7,1,100,0,0
V7E002,43,1610030,teacher,random,0,21,0,1
V7E002,43,1610030,teacher,v3,0,36,0,0
V7E002,43,1610030,teacher,v7,1,100,0,0
V7E002,43,1610031,random,random,0,26,0,1
V7E002,43,1610031,random,v3,1,100,0,0
V7E002,43,1610031,random,v7,1,100,0,0
V7E002,43,1610031,teacher,random,0,8,0,0
V7E002,43,1610031,teacher,v3,0,12,0,0
V7E002,43,1610031,teacher,v7,1,100,0,0
V7E002,43,1610032,random,random,0,6,0,0
V7E002,43,1610032,random,v3,0,14,0,0
V7E002,43,1610032,random,v7,0,11,0,0
V7E002,43,1610032,teacher,random,0,1,0,0
V7E002,43,1610032,teacher,v3,0,1,0,0
V7E002,43,1610032,teacher,v7,0,1,0,0
V7E002,43,1610033,random,random,0,48,0,1
V7E002,43,1610033,random,v3,0,94,0,0
V7E002,43,1610033,random,v7,0,87,0,0
V7E002,43,1610033,teacher,random,0,3,0,0
V7E002,43,1610033,teacher,v3,0,2,0,0
V7E002,43,1610033,teacher,v7,1,100,0,0
V7E002,43,1610034,random,random,0,75,2,0
V7E002,43,1610034,random,v3,1,100,0,0
V7E002,43,1610034,random,v7,1,100,0,0
V7E002,43,1610034,teacher,random,0,32,0,0
V7E002,43,1610034,teacher,v3,1,100,0,0
V7E002,43,1610034,teacher,v7,0,33,0,0
V7E002,43,1610035,random,random,1,100,2,1
V7E002,43,1610035,random,v3,1,100,0,0
V7E002,43,1610035,random,v7,1,100,0,0
V7E002,43,1610035,teacher,random,0,25,0,0
V7E002,43,1610035,teacher,v3,0,34,0,0
V7E002,43,1610035,teacher,v7,0,33,0,0
V7E002,43,1610036,random,random,0,23,1,0
V7E002,43,1610036,random,v3,0,63,0,0
V7E002,43,1610036,random,v7,0,63,1,0
V7E002,43,1610036,teacher,random,0,18,0,0
V7E002,43,1610036,teacher,v3,0,44,0,0
V7E002,43,1610036,teacher,v7,0,18,1,0
V7E002,43,1610037,random,random,0,67,7,0
V7E002,43,1610037,random,v3,1,100,0,0
V7E002,43,1610037,random,v7,1,100,0,0
V7E002,43,1610037,teacher,random,0,36,1,0
V7E002,43,1610037,teacher,v3,1,100,0,0
V7E002,43,1610037,teacher,v7,0,34,1,0
V7E002,43,1610038,random,random,1,100,1,1
V7E002,43,1610038,random,v3,1,100,0,0
V7E002,43,1610038,random,v7,1,100,0,0
V7E002,43,1610038,teacher,random,0,16,0,0
V7E002,43,1610038,teacher,v3,0,16,0,0
V7E002,43,1610038,teacher,v7,0,17,0,0
V7E002,43,1610039,random,random,0,39,0,0
V7E002,43,1610039,random,v3,0,3,0,0
V7E002,43,1610039,random,v7,1,100,0,0
V7E002,43,1610039,teacher,random,0,9,0,0
V7E002,43,1610039,teacher,v3,0,9,0,0
V7E002,43,1610039,teacher,v7,1,100,0,0
V7E002,43,1610040,random,random,0,34,0,0
V7E002,43,1610040,random,v3,0,69,0,0
V7E002,43,1610040,random,v7,0,69,0,0
V7E002,43,1610040,teacher,random,0,5,0,0
V7E002,43,1610040,teacher,v3,0,6,0,0
V7E002,43,1610040,teacher,v7,0,5,0,0
V7E002,43,1610041,random,random,0,100,0,0
V7E002,43,1610041,random,v3,1,100,0,0
V7E002,43,1610041,random,v7,1,100,0,0
V7E002,43,1610041,teacher,random,0,21,0,0
V7E002,43,1610041,teacher,v3,0,44,0,0
V7E002,43,1610041,teacher,v7,0,23,0,0
V7E002,43,1610042,random,random,0,33,0,0
V7E002,43,1610042,random,v3,0,99,0,0
V7E002,43,1610042,random,v7,1,100,0,0
V7E002,43,1610042,teacher,random,0,7,0,0
V7E002,43,1610042,teacher,v3,0,17,0,0
V7E002,43,1610042,teacher,v7,0,23,0,0
V7E002,43,1610043,random,random,1,100,2,1
V7E002,43,1610043,random,v3,1,100,0,0
V7E002,43,1610043,random,v7,1,100,0,0
V7E002,43,1610043,teacher,random,0,8,0,0
V7E002,43,1610043,teacher,v3,0,13,0,0
V7E002,43,1610043,teacher,v7,0,12,0,0
V7E002,43,1610044,random,random,1,100,0,0
V7E002,43,1610044,random,v3,1,100,0,0
V7E002,43,1610044,random,v7,1,100,0,0
V7E002,43,1610044,teacher,random,0,10,0,0
V7E002,43,1610044,teacher,v3,0,12,0,0
V7E002,43,1610044,teacher,v7,0,11,0,0
V7E002,43,1610045,random,random,0,82,0,0
V7E002,43,1610045,random,v3,1,100,0,0
V7E002,43,1610045,random,v7,1,100,0,0
V7E002,43,1610045,teacher,random,0,17,0,0
V7E002,43,1610045,teacher,v3,0,51,0,0
V7E002,43,1610045,teacher,v7,1,100,0,0
V7E002,43,1610046,random,random,1,100,0,0
V7E002,43,1610046,random,v3,1,100,0,0
V7E002,43,1610046,random,v7,1,100,0,0
V7E002,43,1610046,teacher,random,0,1,0,0
V7E002,43,1610046,teacher,v3,0,1,0,0
V7E002,43,1610046,teacher,v7,0,1,0,0
V7E002,43,1610047,random,random,0,26,0,1
V7E002,43,1610047,random,v3,1,100,0,0
V7E002,43,1610047,random,v7,1,100,0,0
V7E002,43,1610047,teacher,random,0,18,0,1
V7E002,43,1610047,teacher,v3,0,18,0,0
V7E002,43,1610047,teacher,v7,1,100,0,0
V7E002,43,1610048,random,random,0,71,0,0
V7E002,43,1610048,random,v3,0,65,0,0
V7E002,43,1610048,random,v7,0,63,1,0
V7E002,43,1610048,teacher,random,0,40,0,0
V7E002,43,1610048,teacher,v3,1,100,0,0
V7E002,43,1610048,teacher,v7,0,27,1,0
V7E002,43,1610049,random,random,1,100,2,0
V7E002,43,1610049,random,v3,1,100,0,0
V7E002,43,1610049,random,v7,1,100,0,0
V7E002,43,1610049,teacher,random,0,18,0,0
V7E002,43,1610049,teacher,v3,0,18,0,0
V7E002,43,1610049,teacher,v7,0,23,0,0
V7E002,43,1610050,random,random,0,1,0,0
V7E002,43,1610050,random,v3,0,1,0,0
V7E002,43,1610050,random,v7,0,1,0,0
V7E002,43,1610050,teacher,random,0,1,0,0
V7E002,43,1610050,teacher,v3,0,1,0,0
V7E002,43,1610050,teacher,v7,0,1,0,0
V7E002,43,1610051,random,random,0,67,1,0
V7E002,43,1610051,random,v3,0,47,0,0
V7E002,43,1610051,random,v7,0,4,0,0
V7E002,43,1610051,teacher,random,0,1,0,0
V7E002,43,1610051,teacher,v3,0,8,0,0
V7E002,43,1610051,teacher,v7,0,3,0,0
V7E002,43,1610052,random,random,0,16,0,0
V7E002,43,1610052,random,v3,0,45,0,0
V7E002,43,1610052,random,v7,0,28,0,0
V7E002,43,1610052,teacher,random,0,6,0,0
V7E002,43,1610052,teacher,v3,0,8,0,0
V7E002,43,1610052,teacher,v7,0,7,0,0
V7E002,43,1610053,random,random,1,100,0,0
V7E002,43,1610053,random,v3,0,83,0,0
V7E002,43,1610053,random,v7,1,100,0,0
V7E002,43,1610053,teacher,random,0,30,0,0
V7E002,43,1610053,teacher,v3,0,19,0,0
V7E002,43,1610053,teacher,v7,0,22,0,0
V7E002,43,1610054,random,random,0,1,0,0
V7E002,43,1610054,random,v3,0,56,0,0
V7E002,43,1610054,random,v7,1,100,2,0
V7E002,43,1610054,teacher,random,0,1,0,0
V7E002,43,1610054,teacher,v3,0,6,0,0
V7E002,43,1610054,teacher,v7,1,100,0,0
V7E002,43,1610055,random,random,1,100,2,0
V7E002,43,1610055,random,v3,1,100,0,0
V7E002,43,1610055,random,v7,1,100,0,0
V7E002,43,1610055,teacher,random,0,22,0,0
V7E002,43,1610055,teacher,v3,1,100,0,0
V7E002,43,1610055,teacher,v7,0,17,0,0
V7E002,43,1610056,random,random,0,27,0,0
V7E002,43,1610056,random,v3,0,2,0,0
V7E002,43,1610056,random,v7,0,2,0,0
V7E002,43,1610056,teacher,random,0,4,0,0
V7E002,43,1610056,teacher,v3,0,6,0,0
V7E002,43,1610056,teacher,v7,1,100,0,0
V7E002,43,1610057,random,random,0,30,1,0
V7E002,43,1610057,random,v3,0,21,0,0
V7E002,43,1610057,random,v7,1,100,0,0
V7E002,43,1610057,teacher,random,0,19,0,0
V7E002,43,1610057,teacher,v3,0,44,0,0
V7E002,43,1610057,teacher,v7,1,100,0,0
V7E002,43,1610058,random,random,0,1,0,0
V7E002,43,1610058,random,v3,0,35,0,0
V7E002,43,1610058,random,v7,0,34,0,0
V7E002,43,1610058,teacher,random,0,1,0,0
V7E002,43,1610058,teacher,v3,0,4,0,0
V7E002,43,1610058,teacher,v7,0,3,0,0
V7E002,43,1610059,random,random,0,14,0,0
V7E002,43,1610059,random,v3,0,17,0,0
V7E002,43,1610059,random,v7,1,100,0,0
V7E002,43,1610059,teacher,random,0,5,0,0
V7E002,43,1610059,teacher,v3,0,9,0,0
V7E002,43,1610059,teacher,v7,1,100,0,0
V7E002,43,1610060,random,random,0,43,1,0
V7E002,43,1610060,random,v3,0,71,0,0
V7E002,43,1610060,random,v7,1,100,0,0
V7E002,43,1610060,teacher,random,0,1,0,0
V7E002,43,1610060,teacher,v3,0,1,0,0
V7E002,43,1610060,teacher,v7,0,1,0,0
V7E002,43,1610061,random,random,1,100,3,1
V7E002,43,1610061,random,v3,1,100,0,0
V7E002,43,1610061,random,v7,1,100,0,0
V7E002,43,1610061,teacher,random,0,26,0,0
V7E002,43,1610061,teacher,v3,0,48,0,0
V7E002,43,1610061,teacher,v7,1,100,0,0
V7E002,43,1610062,random,random,0,8,0,0
V7E002,43,1610062,random,v3,0,5,0,0
V7E002,43,1610062,random,v7,0,5,0,0
V7E002,43,1610062,teacher,random,0,3,0,0
V7E002,43,1610062,teacher,v3,0,2,0,0
V7E002,43,1610062,teacher,v7,0,2,0,0
V7E002,43,1610063,random,random,0,5,0,1
V7E002,43,1610063,random,v3,1,100,0,0
V7E002,43,1610063,random,v7,1,100,0,0
V7E002,43,1610063,teacher,random,0,10,0,1
V7E002,43,1610063,teacher,v3,0,50,0,0
V7E002,43,1610063,teacher,v7,1,100,0,0
V7E002,43,1610064,random,random,0,72,3,0
V7E002,43,1610064,random,v3,1,100,0,0
V7E002,43,1610064,random,v7,1,100,0,0
V7E002,43,1610064,teacher,random,0,18,2,0
V7E002,43,1610064,teacher,v3,0,33,0,0
V7E002,43,1610064,teacher,v7,0,32,1,0
V7E002,43,1610065,random,random,1,100,1,1
V7E002,43,1610065,random,v3,1,100,0,0
V7E002,43,1610065,random,v7,1,100,0,0
V7E002,43,1610065,teacher,random,0,42,0,0
V7E002,43,1610065,teacher,v3,0,36,0,0
V7E002,43,1610065,teacher,v7,0,33,0,0
V7E002,43,1610066,random,random,1,100,0,0
V7E002,43,1610066,random,v3,0,3,0,0
V7E002,43,1610066,random,v7,0,11,0,0
V7E002,43,1610066,teacher,random,0,3,0,0
V7E002,43,1610066,teacher,v3,0,2,0,0
V7E002,43,1610066,teacher,v7,1,100,0,0
V7E002,43,1610067,random,random,0,24,3,0
V7E002,43,1610067,random,v3,1,100,0,0
V7E002,43,1610067,random,v7,1,100,0,0
V7E002,43,1610067,teacher,random,0,5,0,0
V7E002,43,1610067,teacher,v3,0,6,0,0
V7E002,43,1610067,teacher,v7,0,5,0,0
V7E002,43,1610068,random,random,1,100,5,0
V7E002,43,1610068,random,v3,1,100,0,0
V7E002,43,1610068,random,v7,1,100,0,0
V7E002,43,1610068,teacher,random,0,39,0,0
V7E002,43,1610068,teacher,v3,0,40,0,0
V7E002,43,1610068,teacher,v7,0,40,0,0
V7E002,43,1610069,random,random,1,100,0,0
V7E002,43,1610069,random,v3,0,92,0,0
V7E002,43,1610069,random,v7,0,92,0,0
V7E002,43,1610069,teacher,random,0,16,0,0
V7E002,43,1610069,teacher,v3,0,16,0,0
V7E002,43,1610069,teacher,v7,0,16,0,0
V7E002,43,1610070,random,random,0,6,0,0
V7E002,43,1610070,random,v3,0,15,0,0
V7E002,43,1610070,random,v7,0,15,0,0
V7E002,43,1610070,teacher,random,0,5,0,0
V7E002,43,1610070,teacher,v3,0,6,0,0
V7E002,43,1610070,teacher,v7,1,100,0,0
V7E002,43,1610071,random,random,0,43,0,0
V7E002,43,1610071,random,v3,0,47,0,0
V7E002,43,1610071,random,v7,0,44,0,0
V7E002,43,1610071,teacher,random,0,17,0,0
V7E002,43,1610071,teacher,v3,0,16,0,0
V7E002,43,1610071,teacher,v7,0,16,0,0
V7E002,43,1610072,random,random,0,7,0,0
V7E002,43,1610072,random,v3,1,100,0,0
V7E002,43,1610072,random,v7,1,100,0,0
V7E002,43,1610072,teacher,random,0,4,0,0
V7E002,43,1610072,teacher,v3,0,8,0,0
V7E002,43,1610072,teacher,v7,0,7,0,0
V7E002,43,1610073,random,random,1,100,2,0
V7E002,43,1610073,random,v3,1,100,0,0
V7E002,43,1610073,random,v7,1,100,0,0
V7E002,43,1610073,teacher,random,0,13,2,0
V7E002,43,1610073,teacher,v3,0,45,0,0
V7E002,43,1610073,teacher,v7,0,24,0,0
V7E002,43,1610074,random,random,0,64,0,0
V7E002,43,1610074,random,v3,0,59,0,0
V7E002,43,1610074,random,v7,1,100,0,0
V7E002,43,1610074,teacher,random,0,20,0,0
V7E002,43,1610074,teacher,v3,0,13,0,0
V7E002,43,1610074,teacher,v7,0,8,0,0
V7E002,43,1610075,random,random,1,100,0,0
V7E002,43,1610075,random,v3,1,100,0,0
V7E002,43,1610075,random,v7,0,5,0,0
V7E002,43,1610075,teacher,random,0,4,0,0
V7E002,43,1610075,teacher,v3,0,4,0,0
V7E002,43,1610075,teacher,v7,0,4,0,0
V7E002,43,1610076,random,random,0,68,0,0
V7E002,43,1610076,random,v3,1,100,0,0
V7E002,43,1610076,random,v7,0,74,0,0
V7E002,43,1610076,teacher,random,0,20,0,0
V7E002,43,1610076,teacher,v3,0,21,0,0
V7E002,43,1610076,teacher,v7,1,100,0,0
V7E002,43,1610077,random,random,1,100,1,0
V7E002,43,1610077,random,v3,0,62,0,0
V7E002,43,1610077,random,v7,0,61,0,0
V7E002,43,1610077,teacher,random,0,19,1,0
V7E002,43,1610077,teacher,v3,0,16,0,0
V7E002,43,1610077,teacher,v7,0,16,0,0
V7E002,43,1610078,random,random,1,100,7,1
V7E002,43,1610078,random,v3,1,100,0,0
V7E002,43,1610078,random,v7,1,100,0,0
V7E002,43,1610078,teacher,random,0,15,0,0
V7E002,43,1610078,teacher,v3,0,16,0,0
V7E002,43,1610078,teacher,v7,1,100,0,0
V7E002,43,1610079,random,random,0,16,0,0
V7E002,43,1610079,random,v3,1,100,0,0
V7E002,43,1610079,random,v7,0,65,0,0
V7E002,43,1610079,teacher,random,0,3,0,0
V7E002,43,1610079,teacher,v3,0,5,0,0
V7E002,43,1610079,teacher,v7,1,100,0,0
V7E002,43,1610080,random,random,0,2,0,0
V7E002,43,1610080,random,v3,0,78,0,0
V7E002,43,1610080,random,v7,0,78,0,0
V7E002,43,1610080,teacher,random,0,1,0,0
V7E002,43,1610080,teacher,v3,0,2,0,0
V7E002,43,1610080,teacher,v7,0,1,0,0
V7E002,43,1610081,random,random,0,51,0,0
V7E002,43,1610081,random,v3,1,100,0,0
V7E002,43,1610081,random,v7,0,6,0,0
V7E002,43,1610081,teacher,random,0,9,0,0
V7E002,43,1610081,teacher,v3,0,7,0,0
V7E002,43,1610081,teacher,v7,0,4,0,0
V7E002,43,1610082,random,random,1,100,0,0
V7E002,43,1610082,random,v3,1,100,0,0
V7E002,43,1610082,random,v7,1,100,0,0
V7E002,43,1610082,teacher,random,0,34,0,0
V7E002,43,1610082,teacher,v3,0,39,0,0
V7E002,43,1610082,teacher,v7,0,39,0,0
V7E002,43,1610083,random,random,0,64,0,0
V7E002,43,1610083,random,v3,1,100,0,0
V7E002,43,1610083,random,v7,0,60,0,0
V7E002,43,1610083,teacher,random,0,20,0,0
V7E002,43,1610083,teacher,v3,1,100,0,0
V7E002,43,1610083,teacher,v7,0,16,0,0
V7E002,43,1610084,random,random,0,88,3,0
V7E002,43,1610084,random,v3,1,100,0,0
V7E002,43,1610084,random,v7,1,100,0,0
V7E002,43,1610084,teacher,random,0,43,1,0
V7E002,43,1610084,teacher,v3,0,44,0,0
V7E002,43,1610084,teacher,v7,1,100,0,0
V7E002,43,1610085,random,random,0,91,3,0
V7E002,43,1610085,random,v3,0,92,0,0
V7E002,43,1610085,random,v7,0,94,0,0
V7E002,43,1610085,teacher,random,0,5,0,0
V7E002,43,1610085,teacher,v3,0,6,0,0
V7E002,43,1610085,teacher,v7,1,100,0,0
V7E002,43,1610086,random,random,0,46,0,0
V7E002,43,1610086,random,v3,0,8,0,0
V7E002,43,1610086,random,v7,0,4,0,0
V7E002,43,1610086,teacher,random,0,2,0,0
V7E002,43,1610086,teacher,v3,0,2,0,0
V7E002,43,1610086,teacher,v7,0,2,0,0
V7E002,43,1610087,random,random,1,100,3,0
V7E002,43,1610087,random,v3,0,76,0,0
V7E002,43,1610087,random,v7,0,51,0,0
V7E002,43,1610087,teacher,random,0,8,0,0
V7E002,43,1610087,teacher,v3,0,12,0,0
V7E002,43,1610087,teacher,v7,0,8,0,0
V7E002,43,1610088,random,random,0,2,0,0
V7E002,43,1610088,random,v3,1,100,0,0
V7E002,43,1610088,random,v7,0,22,0,0
V7E002,43,1610088,teacher,random,0,1,0,0
V7E002,43,1610088,teacher,v3,0,6,0,0
V7E002,43,1610088,teacher,v7,1,100,0,0
V7E002,43,1610089,random,random,0,25,0,0
V7E002,43,1610089,random,v3,0,19,0,0
V7E002,43,1610089,random,v7,1,100,0,0
V7E002,43,1610089,teacher,random,0,14,0,0
V7E002,43,1610089,teacher,v3,0,15,0,0
V7E002,43,1610089,teacher,v7,0,21,0,0
V7E002,43,1610090,random,random,0,53,0,0
V7E002,43,1610090,random,v3,0,39,0,0
V7E002,43,1610090,random,v7,0,39,0,0
V7E002,43,1610090,teacher,random,0,5,0,0
V7E002,43,1610090,teacher,v3,0,6,0,0
V7E002,43,1610090,teacher,v7,0,5,0,0
V7E002,43,1610091,random,random,0,24,0,0
V7E002,43,1610091,random,v3,1,100,0,0
V7E002,43,1610091,random,v7,1,100,0,0
V7E002,43,1610091,teacher,random,0,45,0,0
V7E002,43,1610091,teacher,v3,0,49,0,0
V7E002,43,1610091,teacher,v7,0,49,0,0
V7E002,43,1610092,random,random,0,14,0,0
V7E002,43,1610092,random,v3,0,36,0,0
V7E002,43,1610092,random,v7,0,75,0,0
V7E002,43,1610092,teacher,random,0,2,0,0
V7E002,43,1610092,teacher,v3,0,6,0,0
V7E002,43,1610092,teacher,v7,0,1,0,0
V7E002,43,1610093,random,random,0,1,0,0
V7E002,43,1610093,random,v3,0,1,0,0
V7E002,43,1610093,random,v7,0,1,0,0
V7E002,43,1610093,teacher,random,0,2,0,0
V7E002,43,1610093,teacher,v3,0,4,0,0
V7E002,43,1610093,teacher,v7,1,100,0,0
V7E002,43,1610094,random,random,0,60,0,0
V7E002,43,1610094,random,v3,1,100,0,0
V7E002,43,1610094,random,v7,1,100,0,0
V7E002,43,1610094,teacher,random,0,16,0,0
V7E002,43,1610094,teacher,v3,0,51,0,0
V7E002,43,1610094,teacher,v7,1,100,0,0
V7E002,43,1610095,random,random,1,100,1,0
V7E002,43,1610095,random,v3,0,81,0,0
V7E002,43,1610095,random,v7,0,97,0,0
V7E002,43,1610095,teacher,random,0,17,0,0
V7E002,43,1610095,teacher,v3,0,15,0,0
V7E002,43,1610095,teacher,v7,0,21,0,0
V7E002,43,1610096,random,random,0,11,0,0
V7E002,43,1610096,random,v3,0,67,0,0
V7E002,43,1610096,random,v7,0,69,1,0
V7E002,43,1610096,teacher,random,0,18,2,0
V7E002,43,1610096,teacher,v3,0,21,0,0
V7E002,43,1610096,teacher,v7,0,21,1,0
V7E002,43,1610097,random,random,1,100,6,0
V7E002,43,1610097,random,v3,1,100,0,0
V7E002,43,1610097,random,v7,0,77,0,0
V7E002,43,1610097,teacher,random,0,39,5,0
V7E002,43,1610097,teacher,v3,0,17,0,0
V7E002,43,1610097,teacher,v7,0,22,0,0
V7E002,43,1610098,random,random,1,100,0,1
V7E002,43,1610098,random,v3,1,100,0,0
V7E002,43,1610098,random,v7,1,100,0,0
V7E002,43,1610098,teacher,random,0,29,0,1
V7E002,43,1610098,teacher,v3,0,34,0,0
V7E002,43,1610098,teacher,v7,1,100,0,0
V7E002,43,1610099,random,random,1,100,0,0
V7E002,43,1610099,random,v3,1,100,0,0
V7E002,43,1610099,random,v7,1,100,0,0
V7E002,43,1610099,teacher,random,0,30,0,0
V7E002,43,1610099,teacher,v3,0,31,0,0
V7E002,43,1610099,teacher,v7,1,100,0,0
V7E003,43,1620000,random,random,0,77,0,0
V7E003,43,1620000,random,v3,0,66,0,0
V7E003,43,1620000,random,v7,1,100,0,0
V7E003,43,1620000,teacher,random,0,2,0,0
V7E003,43,1620000,teacher,v3,0,3,0,0
V7E003,43,1620000,teacher,v7,0,8,0,0
V7E003,43,1620001,random,random,0,56,0,1
V7E003,43,1620001,random,v3,1,100,0,0
V7E003,43,1620001,random,v7,1,100,0,0
V7E003,43,1620001,teacher,random,0,2,0,0
V7E003,43,1620001,teacher,v3,0,4,0,0
V7E003,43,1620001,teacher,v7,1,100,0,0
V7E003,43,1620002,random,random,1,100,3,0
V7E003,43,1620002,random,v3,1,100,0,0
V7E003,43,1620002,random,v7,1,100,0,0
V7E003,43,1620002,teacher,random,0,15,0,0
V7E003,43,1620002,teacher,v3,0,13,0,0
V7E003,43,1620002,teacher,v7,1,100,0,0
V7E003,43,1620003,random,random,0,97,4,0
V7E003,43,1620003,random,v3,1,100,2,0
V7E003,43,1620003,random,v7,1,100,2,0
V7E003,43,1620003,teacher,random,0,13,0,0
V7E003,43,1620003,teacher,v3,0,9,2,0
V7E003,43,1620003,teacher,v7,0,8,2,0
V7E003,43,1620004,random,random,0,2,0,0
V7E003,43,1620004,random,v3,0,1,0,0
V7E003,43,1620004,random,v7,0,1,0,0
V7E003,43,1620004,teacher,random,0,7,0,0
V7E003,43,1620004,teacher,v3,0,3,0,0
V7E003,43,1620004,teacher,v7,0,2,0,0
V7E003,43,1620005,random,random,1,100,3,0
V7E003,43,1620005,random,v3,1,100,0,0
V7E003,43,1620005,random,v7,1,100,0,0
V7E003,43,1620005,teacher,random,0,22,0,0
V7E003,43,1620005,teacher,v3,0,24,0,0
V7E003,43,1620005,teacher,v7,0,35,0,0
V7E003,43,1620006,random,random,0,9,0,0
V7E003,43,1620006,random,v3,1,100,0,0
V7E003,43,1620006,random,v7,1,100,2,0
V7E003,43,1620006,teacher,random,0,2,0,0
V7E003,43,1620006,teacher,v3,0,4,0,0
V7E003,43,1620006,teacher,v7,0,2,0,0
V7E003,43,1620007,random,random,0,2,0,0
V7E003,43,1620007,random,v3,0,3,0,0
V7E003,43,1620007,random,v7,0,2,0,0
V7E003,43,1620007,teacher,random,0,1,0,0
V7E003,43,1620007,teacher,v3,0,2,0,0
V7E003,43,1620007,teacher,v7,0,1,0,0
V7E003,43,1620008,random,random,1,100,2,0
V7E003,43,1620008,random,v3,1,100,0,0
V7E003,43,1620008,random,v7,1,100,0,0
V7E003,43,1620008,teacher,random,0,26,2,0
V7E003,43,1620008,teacher,v3,1,100,0,0
V7E003,43,1620008,teacher,v7,0,37,0,0
V7E003,43,1620009,random,random,0,75,3,0
V7E003,43,1620009,random,v3,1,100,0,0
V7E003,43,1620009,random,v7,1,100,0,0
V7E003,43,1620009,teacher,random,0,24,0,0
V7E003,43,1620009,teacher,v3,0,38,0,0
V7E003,43,1620009,teacher,v7,0,37,0,0
V7E003,43,1620010,random,random,1,100,3,0
V7E003,43,1620010,random,v3,1,100,0,0
V7E003,43,1620010,random,v7,1,100,0,0
V7E003,43,1620010,teacher,random,0,16,0,0
V7E003,43,1620010,teacher,v3,0,13,0,0
V7E003,43,1620010,teacher,v7,1,100,0,0
V7E003,43,1620011,random,random,1,100,0,0
V7E003,43,1620011,random,v3,1,100,0,0
V7E003,43,1620011,random,v7,1,100,0,0
V7E003,43,1620011,teacher,random,0,10,0,0
V7E003,43,1620011,teacher,v3,0,10,0,0
V7E003,43,1620011,teacher,v7,1,100,0,0
V7E003,43,1620012,random,random,1,100,4,1
V7E003,43,1620012,random,v3,1,100,0,0
V7E003,43,1620012,random,v7,1,100,0,0
V7E003,43,1620012,teacher,random,0,9,0,0
V7E003,43,1620012,teacher,v3,0,9,0,0
V7E003,43,1620012,teacher,v7,1,100,0,0
V7E003,43,1620013,random,random,1,100,1,0
V7E003,43,1620013,random,v3,0,63,0,0
V7E003,43,1620013,random,v7,1,100,0,0
V7E003,43,1620013,teacher,random,0,8,0,0
V7E003,43,1620013,teacher,v3,0,9,0,0
V7E003,43,1620013,teacher,v7,0,5,0,0
V7E003,43,1620014,random,random,1,100,2,0
V7E003,43,1620014,random,v3,1,100,0,0
V7E003,43,1620014,random,v7,1,100,0,0
V7E003,43,1620014,teacher,random,0,13,0,0
V7E003,43,1620014,teacher,v3,0,14,0,0
V7E003,43,1620014,teacher,v7,1,100,0,0
V7E003,43,1620015,random,random,0,17,0,0
V7E003,43,1620015,random,v3,1,100,0,0
V7E003,43,1620015,random,v7,1,100,0,0
V7E003,43,1620015,teacher,random,0,31,0,0
V7E003,43,1620015,teacher,v3,0,48,0,0
V7E003,43,1620015,teacher,v7,0,44,0,0
V7E003,43,1620016,random,random,1,100,2,0
V7E003,43,1620016,random,v3,1,100,0,0
V7E003,43,1620016,random,v7,1,100,0,0
V7E003,43,1620016,teacher,random,0,18,0,0
V7E003,43,1620016,teacher,v3,0,18,0,0
V7E003,43,1620016,teacher,v7,1,100,0,0
V7E003,43,1620017,random,random,0,9,0,0
V7E003,43,1620017,random,v3,1,100,0,0
V7E003,43,1620017,random,v7,1,100,0,0
V7E003,43,1620017,teacher,random,0,8,0,0
V7E003,43,1620017,teacher,v3,0,10,0,0
V7E003,43,1620017,teacher,v7,0,9,0,0
V7E003,43,1620018,random,random,0,23,0,0
V7E003,43,1620018,random,v3,0,26,0,0
V7E003,43,1620018,random,v7,1,100,0,0
V7E003,43,1620018,teacher,random,0,10,0,0
V7E003,43,1620018,teacher,v3,0,2,0,0
V7E003,43,1620018,teacher,v7,0,9,0,0
V7E003,43,1620019,random,random,0,13,0,0
V7E003,43,1620019,random,v3,0,25,0,0
V7E003,43,1620019,random,v7,1,100,0,0
V7E003,43,1620019,teacher,random,0,3,0,0
V7E003,43,1620019,teacher,v3,0,3,0,0
V7E003,43,1620019,teacher,v7,0,8,0,0
V7E003,43,1620020,random,random,0,41,0,0
V7E003,43,1620020,random,v3,1,100,0,0
V7E003,43,1620020,random,v7,0,13,0,0
V7E003,43,1620020,teacher,random,0,15,0,0
V7E003,43,1620020,teacher,v3,0,15,0,0
V7E003,43,1620020,teacher,v7,0,54,0,0
V7E003,43,1620021,random,random,1,100,0,0
V7E003,43,1620021,random,v3,1,100,0,0
V7E003,43,1620021,random,v7,1,100,0,0
V7E003,43,1620021,teacher,random,0,46,0,0
V7E003,43,1620021,teacher,v3,0,48,0,0
V7E003,43,1620021,teacher,v7,0,45,0,0
V7E003,43,1620022,random,random,0,45,2,0
V7E003,43,1620022,random,v3,0,51,0,0
V7E003,43,1620022,random,v7,0,89,2,0
V7E003,43,1620022,teacher,random,0,6,0,0
V7E003,43,1620022,teacher,v3,0,5,0,0
V7E003,43,1620022,teacher,v7,1,100,2,0
V7E003,43,1620023,random,random,0,99,0,1
V7E003,43,1620023,random,v3,1,100,0,0
V7E003,43,1620023,random,v7,1,100,0,0
V7E003,43,1620023,teacher,random,0,3,0,0
V7E003,43,1620023,teacher,v3,0,56,0,0
V7E003,43,1620023,teacher,v7,0,51,0,0
V7E003,43,1620024,random,random,1,100,1,1
V7E003,43,1620024,random,v3,1,100,0,0
V7E003,43,1620024,random,v7,1,100,0,0
V7E003,43,1620024,teacher,random,0,45,0,0
V7E003,43,1620024,teacher,v3,0,47,0,0
V7E003,43,1620024,teacher,v7,0,44,0,0
V7E003,43,1620025,random,random,1,100,3,2
V7E003,43,1620025,random,v3,1,100,0,0
V7E003,43,1620025,random,v7,0,70,0,0
V7E003,43,1620025,teacher,random,0,33,0,2
V7E003,43,1620025,teacher,v3,0,49,0,0
V7E003,43,1620025,teacher,v7,0,41,0,0
V7E003,43,1620026,random,random,0,40,0,0
V7E003,43,1620026,random,v3,1,100,0,0
V7E003,43,1620026,random,v7,1,100,0,0
V7E003,43,1620026,teacher,random,0,9,0,0
V7E003,43,1620026,teacher,v3,0,7,0,0
V7E003,43,1620026,teacher,v7,1,100,0,0
V7E003,43,1620027,random,random,0,56,2,0
V7E003,43,1620027,random,v3,0,11,0,0
V7E003,43,1620027,random,v7,0,17,0,0
V7E003,43,1620027,teacher,random,0,8,0,0
V7E003,43,1620027,teacher,v3,0,7,0,0
V7E003,43,1620027,teacher,v7,1,100,0,0
V7E003,43,1620028,random,random,1,100,1,0
V7E003,43,1620028,random,v3,1,100,0,0
V7E003,43,1620028,random,v7,1,100,0,0
V7E003,43,1620028,teacher,random,0,11,0,0
V7E003,43,1620028,teacher,v3,0,11,0,0
V7E003,43,1620028,teacher,v7,1,100,0,0
V7E003,43,1620029,random,random,0,41,5,0
V7E003,43,1620029,random,v3,1,100,0,0
V7E003,43,1620029,random,v7,1,100,0,0
V7E003,43,1620029,teacher,random,0,7,0,0
V7E003,43,1620029,teacher,v3,0,10,0,0
V7E003,43,1620029,teacher,v7,1,100,0,0
V7E003,43,1620030,random,random,0,52,2,0
V7E003,43,1620030,random,v3,1,100,0,0
V7E003,43,1620030,random,v7,1,100,0,0
V7E003,43,1620030,teacher,random,0,26,0,0
V7E003,43,1620030,teacher,v3,0,23,0,0
V7E003,43,1620030,teacher,v7,0,34,0,0
V7E003,43,1620031,random,random,0,78,2,0
V7E003,43,1620031,random,v3,1,100,0,0
V7E003,43,1620031,random,v7,1,100,0,0
V7E003,43,1620031,teacher,random,0,21,0,0
V7E003,43,1620031,teacher,v3,0,22,0,0
V7E003,43,1620031,teacher,v7,0,33,0,0
V7E003,43,1620032,random,random,1,100,3,0
V7E003,43,1620032,random,v3,1,100,0,0
V7E003,43,1620032,random,v7,1,100,0,0
V7E003,43,1620032,teacher,random,0,13,0,0
V7E003,43,1620032,teacher,v3,0,12,0,0
V7E003,43,1620032,teacher,v7,1,100,0,0
V7E003,43,1620033,random,random,0,1,0,0
V7E003,43,1620033,random,v3,0,1,0,0
V7E003,43,1620033,random,v7,0,1,0,0
V7E003,43,1620033,teacher,random,0,4,1,0
V7E003,43,1620033,teacher,v3,0,3,0,0
V7E003,43,1620033,teacher,v7,0,2,0,0
V7E003,43,1620034,random,random,1,100,3,0
V7E003,43,1620034,random,v3,1,100,0,0
V7E003,43,1620034,random,v7,1,100,0,0
V7E003,43,1620034,teacher,random,0,13,0,0
V7E003,43,1620034,teacher,v3,0,15,0,0
V7E003,43,1620034,teacher,v7,0,54,0,0
V7E003,43,1620035,random,random,0,38,2,0
V7E003,43,1620035,random,v3,1,100,0,0
V7E003,43,1620035,random,v7,1,100,0,0
V7E003,43,1620035,teacher,random,0,4,0,0
V7E003,43,1620035,teacher,v3,0,5,0,0
V7E003,43,1620035,teacher,v7,1,100,0,0
V7E003,43,1620036,random,random,1,100,4,0
V7E003,43,1620036,random,v3,1,100,0,0
V7E003,43,1620036,random,v7,1,100,0,0
V7E003,43,1620036,teacher,random,0,14,3,0
V7E003,43,1620036,teacher,v3,0,12,0,0
V7E003,43,1620036,teacher,v7,1,100,0,0
V7E003,43,1620037,random,random,0,16,0,0
V7E003,43,1620037,random,v3,0,85,0,0
V7E003,43,1620037,random,v7,0,78,0,0
V7E003,43,1620037,teacher,random,0,31,0,0
V7E003,43,1620037,teacher,v3,0,47,0,0
V7E003,43,1620037,teacher,v7,0,44,0,0
V7E003,43,1620038,random,random,0,93,2,0
V7E003,43,1620038,random,v3,0,62,0,0
V7E003,43,1620038,random,v7,0,21,0,0
V7E003,43,1620038,teacher,random,0,4,0,0
V7E003,43,1620038,teacher,v3,0,3,0,0
V7E003,43,1620038,teacher,v7,0,7,0,0
V7E003,43,1620039,random,random,0,1,0,0
V7E003,43,1620039,random,v3,0,1,0,0
V7E003,43,1620039,random,v7,0,1,0,0
V7E003,43,1620039,teacher,random,0,1,0,0
V7E003,43,1620039,teacher,v3,0,1,0,0
V7E003,43,1620039,teacher,v7,0,1,0,0
V7E003,43,1620040,random,random,1,100,0,1
V7E003,43,1620040,random,v3,1,100,0,0
V7E003,43,1620040,random,v7,1,100,0,0
V7E003,43,1620040,teacher,random,0,46,0,0
V7E003,43,1620040,teacher,v3,0,45,0,0
V7E003,43,1620040,teacher,v7,0,43,0,0
V7E003,43,1620041,random,random,0,1,0,0
V7E003,43,1620041,random,v3,0,1,0,0
V7E003,43,1620041,random,v7,0,1,0,0
V7E003,43,1620041,teacher,random,0,1,0,0
V7E003,43,1620041,teacher,v3,0,1,0,0
V7E003,43,1620041,teacher,v7,0,1,0,0
V7E003,43,1620042,random,random,0,41,0,0
V7E003,43,1620042,random,v3,0,29,0,0
V7E003,43,1620042,random,v7,1,100,0,0
V7E003,43,1620042,teacher,random,0,1,0,0
V7E003,43,1620042,teacher,v3,0,1,0,0
V7E003,43,1620042,teacher,v7,0,1,0,0
V7E003,43,1620043,random,random,0,79,0,0
V7E003,43,1620043,random,v3,1,100,0,0
V7E003,43,1620043,random,v7,0,71,0,0
V7E003,43,1620043,teacher,random,0,43,0,0
V7E003,43,1620043,teacher,v3,0,33,0,0
V7E003,43,1620043,teacher,v7,0,32,0,0
V7E003,43,1620044,random,random,0,39,2,0
V7E003,43,1620044,random,v3,1,100,0,0
V7E003,43,1620044,random,v7,1,100,0,0
V7E003,43,1620044,teacher,random,0,6,2,0
V7E003,43,1620044,teacher,v3,1,100,0,0
V7E003,43,1620044,teacher,v7,0,33,0,0
V7E003,43,1620045,random,random,0,20,0,0
V7E003,43,1620045,random,v3,0,99,0,0
V7E003,43,1620045,random,v7,0,83,0,0
V7E003,43,1620045,teacher,random,0,6,0,0
V7E003,43,1620045,teacher,v3,0,8,0,0
V7E003,43,1620045,teacher,v7,0,7,0,0
V7E003,43,1620046,random,random,0,13,0,0
V7E003,43,1620046,random,v3,0,9,0,0
V7E003,43,1620046,random,v7,0,15,0,0
V7E003,43,1620046,teacher,random,0,6,0,0
V7E003,43,1620046,teacher,v3,0,3,0,0
V7E003,43,1620046,teacher,v7,1,100,0,0
V7E003,43,1620047,random,random,0,3,0,0
V7E003,43,1620047,random,v3,1,100,0,0
V7E003,43,1620047,random,v7,0,2,0,0
V7E003,43,1620047,teacher,random,0,1,0,0
V7E003,43,1620047,teacher,v3,0,1,0,0
V7E003,43,1620047,teacher,v7,0,1,0,0
V7E003,43,1620048,random,random,1,100,4,0
V7E003,43,1620048,random,v3,1,100,0,0
V7E003,43,1620048,random,v7,1,100,0,0
V7E003,43,1620048,teacher,random,0,26,1,0
V7E003,43,1620048,teacher,v3,0,36,0,0
V7E003,43,1620048,teacher,v7,0,35,0,0
V7E003,43,1620049,random,random,0,1,0,0
V7E003,43,1620049,random,v3,0,1,0,0
V7E003,43,1620049,random,v7,0,1,0,0
V7E003,43,1620049,teacher,random,0,1,0,0
V7E003,43,1620049,teacher,v3,0,1,0,0
V7E003,43,1620049,teacher,v7,0,1,0,0
V7E003,43,1620050,random,random,0,2,1,0
V7E003,43,1620050,random,v3,0,38,2,0
V7E003,43,1620050,random,v7,0,40,2,0
V7E003,43,1620050,teacher,random,0,2,1,0
V7E003,43,1620050,teacher,v3,0,4,2,0
V7E003,43,1620050,teacher,v7,1,100,2,0
V7E003,43,1620051,random,random,0,98,4,0
V7E003,43,1620051,random,v3,0,54,0,0
V7E003,43,1620051,random,v7,1,100,0,0
V7E003,43,1620051,teacher,random,0,8,0,0
V7E003,43,1620051,teacher,v3,0,7,0,0
V7E003,43,1620051,teacher,v7,1,100,0,0
V7E003,43,1620052,random,random,1,100,0,0
V7E003,43,1620052,random,v3,1,100,0,0
V7E003,43,1620052,random,v7,0,12,0,0
V7E003,43,1620052,teacher,random,0,5,0,0
V7E003,43,1620052,teacher,v3,0,56,0,0
V7E003,43,1620052,teacher,v7,0,4,0,0
V7E003,43,1620053,random,random,0,4,0,0
V7E003,43,1620053,random,v3,0,4,0,0
V7E003,43,1620053,random,v7,0,41,0,0
V7E003,43,1620053,teacher,random,0,3,0,0
V7E003,43,1620053,teacher,v3,0,3,0,0
V7E003,43,1620053,teacher,v7,0,8,0,0
V7E003,43,1620054,random,random,1,100,4,0
V7E003,43,1620054,random,v3,1,100,0,0
V7E003,43,1620054,random,v7,1,100,0,0
V7E003,43,1620054,teacher,random,0,16,0,0
V7E003,43,1620054,teacher,v3,0,12,0,0
V7E003,43,1620054,teacher,v7,1,100,0,0
V7E003,43,1620055,random,random,1,100,1,0
V7E003,43,1620055,random,v3,1,100,0,0
V7E003,43,1620055,random,v7,1,100,0,0
V7E003,43,1620055,teacher,random,0,24,1,0
V7E003,43,1620055,teacher,v3,1,100,0,0
V7E003,43,1620055,teacher,v7,0,37,0,0
V7E003,43,1620056,random,random,1,100,0,0
V7E003,43,1620056,random,v3,1,100,0,0
V7E003,43,1620056,random,v7,1,100,0,0
V7E003,43,1620056,teacher,random,0,7,0,0
V7E003,43,1620056,teacher,v3,0,9,0,0
V7E003,43,1620056,teacher,v7,1,100,0,0
V7E003,43,1620057,random,random,0,31,1,1
V7E003,43,1620057,random,v3,1,100,0,0
V7E003,43,1620057,random,v7,1,100,0,0
V7E003,43,1620057,teacher,random,0,24,0,1
V7E003,43,1620057,teacher,v3,0,42,0,0
V7E003,43,1620057,teacher,v7,0,35,0,0
V7E003,43,1620058,random,random,1,100,0,0
V7E003,43,1620058,random,v3,1,100,0,0
V7E003,43,1620058,random,v7,1,100,0,0
V7E003,43,1620058,teacher,random,0,36,0,0
V7E003,43,1620058,teacher,v3,0,27,0,0
V7E003,43,1620058,teacher,v7,0,26,0,0
V7E003,43,1620059,random,random,1,100,4,0
V7E003,43,1620059,random,v3,1,100,0,0
V7E003,43,1620059,random,v7,1,100,0,0
V7E003,43,1620059,teacher,random,0,8,0,0
V7E003,43,1620059,teacher,v3,0,8,0,0
V7E003,43,1620059,teacher,v7,1,100,0,0
V7E003,43,1620060,random,random,1,100,0,0
V7E003,43,1620060,random,v3,1,100,0,0
V7E003,43,1620060,random,v7,1,100,0,0
V7E003,43,1620060,teacher,random,0,35,0,0
V7E003,43,1620060,teacher,v3,0,36,0,0
V7E003,43,1620060,teacher,v7,0,35,0,0
V7E003,43,1620061,random,random,0,33,0,0
V7E003,43,1620061,random,v3,0,38,0,0
V7E003,43,1620061,random,v7,0,7,0,0
V7E003,43,1620061,teacher,random,0,7,0,0
V7E003,43,1620061,teacher,v3,0,7,0,0
V7E003,43,1620061,teacher,v7,0,4,0,0
V7E003,43,1620062,random,random,0,41,1,0
V7E003,43,1620062,random,v3,0,77,0,0
V7E003,43,1620062,random,v7,0,41,0,0
V7E003,43,1620062,teacher,random,0,7,0,0
V7E003,43,1620062,teacher,v3,0,4,0,0
V7E003,43,1620062,teacher,v7,1,100,0,0
V7E003,43,1620063,random,random,1,100,2,0
V7E003,43,1620063,random,v3,0,81,0,0
V7E003,43,1620063,random,v7,1,100,0,0
V7E003,43,1620063,teacher,random,0,13,0,0
V7E003,43,1620063,teacher,v3,0,9,0,0
V7E003,43,1620063,teacher,v7,1,100,0,0
V7E003,43,1620064,random,random,1,100,0,1
V7E003,43,1620064,random,v3,1,100,0,0
V7E003,43,1620064,random,v7,1,100,0,0
V7E003,43,1620064,teacher,random,0,33,0,1
V7E003,43,1620064,teacher,v3,0,49,0,0
V7E003,43,1620064,teacher,v7,0,42,0,0
V7E003,43,1620065,random,random,0,1,0,0
V7E003,43,1620065,random,v3,0,60,0,0
V7E003,43,1620065,random,v7,0,65,0,0
V7E003,43,1620065,teacher,random,0,1,0,0
V7E003,43,1620065,teacher,v3,0,2,0,0
V7E003,43,1620065,teacher,v7,1,100,0,0
V7E003,43,1620066,random,random,1,100,3,0
V7E003,43,1620066,random,v3,1,100,0,0
V7E003,43,1620066,random,v7,0,66,0,0
V7E003,43,1620066,teacher,random,0,15,0,0
V7E003,43,1620066,teacher,v3,0,16,0,0
V7E003,43,1620066,teacher,v7,1,100,0,0
V7E003,43,1620067,random,random,0,77,3,0
V7E003,43,1620067,random,v3,0,96,0,0
V7E003,43,1620067,random,v7,0,37,2,0
V7E003,43,1620067,teacher,random,0,6,0,0
V7E003,43,1620067,teacher,v3,0,7,0,0
V7E003,43,1620067,teacher,v7,0,5,0,0
V7E003,43,1620068,random,random,1,100,0,0
V7E003,43,1620068,random,v3,1,100,0,0
V7E003,43,1620068,random,v7,1,100,0,0
V7E003,43,1620068,teacher,random,0,12,0,0
V7E003,43,1620068,teacher,v3,0,5,0,0
V7E003,43,1620068,teacher,v7,0,4,0,0
V7E003,43,1620069,random,random,0,16,0,0
V7E003,43,1620069,random,v3,1,100,0,0
V7E003,43,1620069,random,v7,1,100,0,0
V7E003,43,1620069,teacher,random,0,5,0,0
V7E003,43,1620069,teacher,v3,0,9,0,0
V7E003,43,1620069,teacher,v7,0,8,0,0
V7E003,43,1620070,random,random,0,89,2,0
V7E003,43,1620070,random,v3,1,100,0,0
V7E003,43,1620070,random,v7,0,59,2,0
V7E003,43,1620070,teacher,random,0,18,1,0
V7E003,43,1620070,teacher,v3,0,18,0,0
V7E003,43,1620070,teacher,v7,0,11,2,0
V7E003,43,1620071,random,random,1,100,1,1
V7E003,43,1620071,random,v3,1,100,0,0
V7E003,43,1620071,random,v7,1,100,0,0
V7E003,43,1620071,teacher,random,0,48,0,0
V7E003,43,1620071,teacher,v3,0,47,0,0
V7E003,43,1620071,teacher,v7,0,46,0,0
V7E003,43,1620072,random,random,0,1,0,0
V7E003,43,1620072,random,v3,0,1,0,0
V7E003,43,1620072,random,v7,0,1,0,0
V7E003,43,1620072,teacher,random,0,1,0,0
V7E003,43,1620072,teacher,v3,0,1,0,0
V7E003,43,1620072,teacher,v7,0,1,0,0
V7E003,43,1620073,random,random,0,46,2,0
V7E003,43,1620073,random,v3,1,100,0,0
V7E003,43,1620073,random,v7,1,100,0,0
V7E003,43,1620073,teacher,random,0,9,0,0
V7E003,43,1620073,teacher,v3,0,8,0,0
V7E003,43,1620073,teacher,v7,1,100,0,0
V7E003,43,1620074,random,random,1,100,3,0
V7E003,43,1620074,random,v3,0,57,0,0
V7E003,43,1620074,random,v7,1,100,0,0
V7E003,43,1620074,teacher,random,0,10,0,0
V7E003,43,1620074,teacher,v3,0,9,0,0
V7E003,43,1620074,teacher,v7,1,100,0,0
V7E003,43,1620075,random,random,1,100,0,0
V7E003,43,1620075,random,v3,1,100,0,0
V7E003,43,1620075,random,v7,1,100,2,0
V7E003,43,1620075,teacher,random,0,16,0,0
V7E003,43,1620075,teacher,v3,0,17,0,0
V7E003,43,1620075,teacher,v7,0,11,2,0
V7E003,43,1620076,random,random,1,100,2,0
V7E003,43,1620076,random,v3,1,100,0,0
V7E003,43,1620076,random,v7,1,100,0,0
V7E003,43,1620076,teacher,random,0,28,1,0
V7E003,43,1620076,teacher,v3,0,23,0,0
V7E003,43,1620076,teacher,v7,0,34,0,0
V7E003,43,1620077,random,random,0,61,0,0
V7E003,43,1620077,random,v3,1,100,0,0
V7E003,43,1620077,random,v7,1,100,0,0
V7E003,43,1620077,teacher,random,0,38,0,0
V7E003,43,1620077,teacher,v3,0,44,0,0
V7E003,43,1620077,teacher,v7,0,37,0,0
V7E003,43,1620078,random,random,0,1,0,0
V7E003,43,1620078,random,v3,0,1,0,0
V7E003,43,1620078,random,v7,0,1,0,0
V7E003,43,1620078,teacher,random,0,1,0,0
V7E003,43,1620078,teacher,v3,0,1,0,0
V7E003,43,1620078,teacher,v7,0,1,0,0
V7E003,43,1620079,random,random,1,100,1,0
V7E003,43,1620079,random,v3,1,100,0,0
V7E003,43,1620079,random,v7,1,100,0,0
V7E003,43,1620079,teacher,random,0,17,0,0
V7E003,43,1620079,teacher,v3,0,16,0,0
V7E003,43,1620079,teacher,v7,1,100,0,0
V7E003,43,1620080,random,random,0,14,0,0
V7E003,43,1620080,random,v3,0,88,0,0
V7E003,43,1620080,random,v7,1,100,0,0
V7E003,43,1620080,teacher,random,0,2,0,0
V7E003,43,1620080,teacher,v3,0,5,0,0
V7E003,43,1620080,teacher,v7,1,100,0,0
V7E003,43,1620081,random,random,0,47,3,0
V7E003,43,1620081,random,v3,1,100,0,0
V7E003,43,1620081,random,v7,1,100,2,0
V7E003,43,1620081,teacher,random,0,8,0,0
V7E003,43,1620081,teacher,v3,0,7,0,0
V7E003,43,1620081,teacher,v7,0,4,1,0
V7E003,43,1620082,random,random,1,100,4,0
V7E003,43,1620082,random,v3,1,100,0,0
V7E003,43,1620082,random,v7,0,60,2,0
V7E003,43,1620082,teacher,random,0,16,0,0
V7E003,43,1620082,teacher,v3,0,17,0,0
V7E003,43,1620082,teacher,v7,0,10,2,0
V7E003,43,1620083,random,random,0,15,0,1
V7E003,43,1620083,random,v3,0,3,0,0
V7E003,43,1620083,random,v7,0,54,0,0
V7E003,43,1620083,teacher,random,0,1,0,0
V7E003,43,1620083,teacher,v3,0,1,0,0
V7E003,43,1620083,teacher,v7,0,1,0,0
V7E003,43,1620084,random,random,0,70,0,0
V7E003,43,1620084,random,v3,0,89,0,0
V7E003,43,1620084,random,v7,0,88,0,0
V7E003,43,1620084,teacher,random,0,4,0,0
V7E003,43,1620084,teacher,v3,0,47,0,0
V7E003,43,1620084,teacher,v7,0,46,0,0
V7E003,43,1620085,random,random,1,100,0,0
V7E003,43,1620085,random,v3,1,100,0,0
V7E003,43,1620085,random,v7,1,100,0,0
V7E003,43,1620085,teacher,random,0,49,0,0
V7E003,43,1620085,teacher,v3,0,51,0,0
V7E003,43,1620085,teacher,v7,0,48,0,0
V7E003,43,1620086,random,random,1,100,2,0
V7E003,43,1620086,random,v3,1,100,0,0
V7E003,43,1620086,random,v7,1,100,0,0
V7E003,43,1620086,teacher,random,0,20,0,0
V7E003,43,1620086,teacher,v3,0,17,0,0
V7E003,43,1620086,teacher,v7,1,100,0,0
V7E003,43,1620087,random,random,0,5,0,0
V7E003,43,1620087,random,v3,0,11,2,0
V7E003,43,1620087,random,v7,1,100,2,0
V7E003,43,1620087,teacher,random,0,3,0,0
V7E003,43,1620087,teacher,v3,0,7,2,0
V7E003,43,1620087,teacher,v7,1,100,2,0
V7E003,43,1620088,random,random,0,45,3,0
V7E003,43,1620088,random,v3,0,46,0,0
V7E003,43,1620088,random,v7,0,77,0,0
V7E003,43,1620088,teacher,random,0,8,0,0
V7E003,43,1620088,teacher,v3,0,4,0,0
V7E003,43,1620088,teacher,v7,1,100,0,0
V7E003,43,1620089,random,random,0,67,0,1
V7E003,43,1620089,random,v3,0,13,0,0
V7E003,43,1620089,random,v7,0,29,0,0
V7E003,43,1620089,teacher,random,0,14,0,1
V7E003,43,1620089,teacher,v3,0,11,0,0
V7E003,43,1620089,teacher,v7,1,100,0,0
V7E003,43,1620090,random,random,1,100,1,0
V7E003,43,1620090,random,v3,1,100,0,0
V7E003,43,1620090,random,v7,1,100,0,0
V7E003,43,1620090,teacher,random,0,12,0,0
V7E003,43,1620090,teacher,v3,0,12,0,0
V7E003,43,1620090,teacher,v7,1,100,0,0
V7E003,43,1620091,random,random,1,100,0,0
V7E003,43,1620091,random,v3,1,100,0,0
V7E003,43,1620091,random,v7,1,100,0,0
V7E003,43,1620091,teacher,random,0,21,1,0
V7E003,43,1620091,teacher,v3,0,25,0,0
V7E003,43,1620091,teacher,v7,0,36,0,0
V7E003,43,1620092,random,random,1,100,3,1
V7E003,43,1620092,random,v3,1,100,0,0
V7E003,43,1620092,random,v7,1,100,0,0
V7E003,43,1620092,teacher,random,0,19,0,1
V7E003,43,1620092,teacher,v3,0,40,0,0
V7E003,43,1620092,teacher,v7,0,32,0,0
V7E003,43,1620093,random,random,0,13,0,1
V7E003,43,1620093,random,v3,1,100,0,0
V7E003,43,1620093,random,v7,1,100,0,0
V7E003,43,1620093,teacher,random,0,7,0,1
V7E003,43,1620093,teacher,v3,0,46,0,0
V7E003,43,1620093,teacher,v7,0,44,0,0
V7E003,43,1620094,random,random,0,54,1,0
V7E003,43,1620094,random,v3,0,42,0,0
V7E003,43,1620094,random,v7,0,25,0,0
V7E003,43,1620094,teacher,random,0,19,0,0
V7E003,43,1620094,teacher,v3,0,9,0,0
V7E003,43,1620094,teacher,v7,1,100,0,0
V7E003,43,1620095,random,random,1,100,2,0
V7E003,43,1620095,random,v3,1,100,0,0
V7E003,43,1620095,random,v7,1,100,0,0
V7E003,43,1620095,teacher,random,0,17,0,0
V7E003,43,1620095,teacher,v3,0,9,0,0
V7E003,43,1620095,teacher,v7,1,100,0,0
V7E003,43,1620096,random,random,0,1,0,0
V7E003,43,1620096,random,v3,0,1,0,0
V7E003,43,1620096,random,v7,0,1,0,0
V7E003,43,1620096,teacher,random,0,1,0,0
V7E003,43,1620096,teacher,v3,0,1,0,0
V7E003,43,1620096,teacher,v7,0,1,0,0
V7E003,43,1620097,random,random,0,27,0,0
V7E003,43,1620097,random,v3,0,46,0,0
V7E003,43,1620097,random,v7,0,86,0,0
V7E003,43,1620097,teacher,random,0,9,0,0
V7E003,43,1620097,teacher,v3,0,6,0,0
V7E003,43,1620097,teacher,v7,0,3,0,0
V7E003,43,1620098,random,random,0,54,0,0
V7E003,43,1620098,random,v3,0,82,0,0
V7E003,43,1620098,random,v7,0,76,0,0
V7E003,43,1620098,teacher,random,0,53,0,0
V7E003,43,1620098,teacher,v3,0,54,0,0
V7E003,43,1620098,teacher,v7,0,52,0,0
V7E003,43,1620099,random,random,1,100,0,0
V7E003,43,1620099,random,v3,1,100,0,0
V7E003,43,1620099,random,v7,0,18,2,0
V7E003,43,1620099,teacher,random,0,9,0,0
V7E003,43,1620099,teacher,v3,0,10,0,0
V7E003,43,1620099,teacher,v7,0,6,2,0
V7E004,43,1630000,random,random,0,1,0,0
V7E004,43,1630000,random,v3,0,1,0,0
V7E004,43,1630000,random,v7,0,1,0,0
V7E004,43,1630000,teacher,random,0,1,0,0
V7E004,43,1630000,teacher,v3,0,1,0,0
V7E004,43,1630000,teacher,v7,0,1,0,0
V7E004,43,1630001,random,random,1,100,2,1
V7E004,43,1630001,random,v3,1,100,0,0
V7E004,43,1630001,random,v7,1,100,2,0
V7E004,43,1630001,teacher,random,0,37,2,0
V7E004,43,1630001,teacher,v3,0,30,0,0
V7E004,43,1630001,teacher,v7,0,36,2,0
V7E004,43,1630002,random,random,0,1,0,0
V7E004,43,1630002,random,v3,0,10,0,0
V7E004,43,1630002,random,v7,0,2,0,0
V7E004,43,1630002,teacher,random,0,1,0,0
V7E004,43,1630002,teacher,v3,0,1,0,0
V7E004,43,1630002,teacher,v7,0,1,0,0
V7E004,43,1630003,random,random,1,100,2,1
V7E004,43,1630003,random,v3,0,12,0,0
V7E004,43,1630003,random,v7,0,12,0,0
V7E004,43,1630003,teacher,random,0,3,0,0
V7E004,43,1630003,teacher,v3,0,4,0,0
V7E004,43,1630003,teacher,v7,1,100,0,0
V7E004,43,1630004,random,random,0,2,0,0
V7E004,43,1630004,random,v3,0,54,0,0
V7E004,43,1630004,random,v7,0,24,0,0
V7E004,43,1630004,teacher,random,0,2,0,0
V7E004,43,1630004,teacher,v3,0,12,0,0
V7E004,43,1630004,teacher,v7,1,100,0,0
V7E004,43,1630005,random,random,0,84,0,1
V7E004,43,1630005,random,v3,1,100,0,0
V7E004,43,1630005,random,v7,1,100,0,0
V7E004,43,1630005,teacher,random,0,13,0,1
V7E004,43,1630005,teacher,v3,0,51,0,0
V7E004,43,1630005,teacher,v7,0,47,0,0
V7E004,43,1630006,random,random,0,86,1,1
V7E004,43,1630006,random,v3,1,100,0,0
V7E004,43,1630006,random,v7,1,100,0,0
V7E004,43,1630006,teacher,random,0,13,1,0
V7E004,43,1630006,teacher,v3,1,100,0,0
V7E004,43,1630006,teacher,v7,1,100,0,0
V7E004,43,1630007,random,random,0,49,2,0
V7E004,43,1630007,random,v3,0,61,0,0
V7E004,43,1630007,random,v7,0,29,2,0
V7E004,43,1630007,teacher,random,0,15,2,0
V7E004,43,1630007,teacher,v3,0,12,0,0
V7E004,43,1630007,teacher,v7,0,8,2,0
V7E004,43,1630008,random,random,1,100,0,0
V7E004,43,1630008,random,v3,1,100,0,0
V7E004,43,1630008,random,v7,1,100,0,0
V7E004,43,1630008,teacher,random,0,13,0,0
V7E004,43,1630008,teacher,v3,0,9,0,0
V7E004,43,1630008,teacher,v7,1,100,0,0
V7E004,43,1630009,random,random,0,94,2,0
V7E004,43,1630009,random,v3,1,100,0,0
V7E004,43,1630009,random,v7,1,100,2,0
V7E004,43,1630009,teacher,random,0,4,0,0
V7E004,43,1630009,teacher,v3,0,5,0,0
V7E004,43,1630009,teacher,v7,0,9,2,0
V7E004,43,1630010,random,random,1,100,0,0
V7E004,43,1630010,random,v3,1,100,0,0
V7E004,43,1630010,random,v7,1,100,0,0
V7E004,43,1630010,teacher,random,0,15,0,0
V7E004,43,1630010,teacher,v3,0,11,0,0
V7E004,43,1630010,teacher,v7,1,100,0,0
V7E004,43,1630011,random,random,1,100,0,1
V7E004,43,1630011,random,v3,1,100,0,0
V7E004,43,1630011,random,v7,0,63,0,0
V7E004,43,1630011,teacher,random,0,29,0,1
V7E004,43,1630011,teacher,v3,0,46,0,0
V7E004,43,1630011,teacher,v7,0,44,0,0
V7E004,43,1630012,random,random,0,83,1,1
V7E004,43,1630012,random,v3,1,100,0,0
V7E004,43,1630012,random,v7,1,100,0,0
V7E004,43,1630012,teacher,random,0,16,0,0
V7E004,43,1630012,teacher,v3,1,100,0,0
V7E004,43,1630012,teacher,v7,1,100,0,0
V7E004,43,1630013,random,random,0,16,0,0
V7E004,43,1630013,random,v3,0,57,0,0
V7E004,43,1630013,random,v7,1,100,2,0
V7E004,43,1630013,teacher,random,0,4,0,0
V7E004,43,1630013,teacher,v3,0,3,0,0
V7E004,43,1630013,teacher,v7,0,8,2,0
V7E004,43,1630014,random,random,1,100,0,0
V7E004,43,1630014,random,v3,1,100,0,0
V7E004,43,1630014,random,v7,1,100,0,0
V7E004,43,1630014,teacher,random,0,11,0,0
V7E004,43,1630014,teacher,v3,0,12,0,0
V7E004,43,1630014,teacher,v7,1,100,0,0
V7E004,43,1630015,random,random,0,7,0,0
V7E004,43,1630015,random,v3,1,100,0,0
V7E004,43,1630015,random,v7,0,4,0,0
V7E004,43,1630015,teacher,random,0,2,0,0
V7E004,43,1630015,teacher,v3,0,3,0,0
V7E004,43,1630015,teacher,v7,0,2,0,0
V7E004,43,1630016,random,random,1,100,2,0
V7E004,43,1630016,random,v3,0,77,0,0
V7E004,43,1630016,random,v7,1,100,2,0
V7E004,43,1630016,teacher,random,0,3,0,0
V7E004,43,1630016,teacher,v3,0,3,0,0
V7E004,43,1630016,teacher,v7,0,10,2,0
V7E004,43,1630017,random,random,0,65,0,0
V7E004,43,1630017,random,v3,0,23,0,0
V7E004,43,1630017,random,v7,1,100,2,0
V7E004,43,1630017,teacher,random,0,4,0,0
V7E004,43,1630017,teacher,v3,0,3,0,0
V7E004,43,1630017,teacher,v7,0,10,2,0
V7E004,43,1630018,random,random,0,32,1,0
V7E004,43,1630018,random,v3,1,100,2,0
V7E004,43,1630018,random,v7,1,100,2,0
V7E004,43,1630018,teacher,random,0,9,1,0
V7E004,43,1630018,teacher,v3,0,9,2,0
V7E004,43,1630018,teacher,v7,0,8,2,0
V7E004,43,1630019,random,random,0,36,0,0
V7E004,43,1630019,random,v3,0,68,0,0
V7E004,43,1630019,random,v7,0,36,0,0
V7E004,43,1630019,teacher,random,0,14,0,0
V7E004,43,1630019,teacher,v3,0,5,0,0
V7E004,43,1630019,teacher,v7,0,3,0,0
V7E004,43,1630020,random,random,0,74,2,0
V7E004,43,1630020,random,v3,1,100,0,0
V7E004,43,1630020,random,v7,1,100,2,0
V7E004,43,1630020,teacher,random,0,10,0,0
V7E004,43,1630020,teacher,v3,1,100,0,0
V7E004,43,1630020,teacher,v7,1,100,0,0
V7E004,43,1630021,random,random,0,95,2,0
V7E004,43,1630021,random,v3,1,100,0,0
V7E004,43,1630021,random,v7,1,100,0,0
V7E004,43,1630021,teacher,random,0,32,2,0
V7E004,43,1630021,teacher,v3,0,46,0,0
V7E004,43,1630021,teacher,v7,1,100,0,0
V7E004,43,1630022,random,random,0,65,0,0
V7E004,43,1630022,random,v3,1,100,0,0
V7E004,43,1630022,random,v7,1,100,0,0
V7E004,43,1630022,teacher,random,0,15,0,0
V7E004,43,1630022,teacher,v3,0,14,0,0
V7E004,43,1630022,teacher,v7,1,100,0,0
V7E004,43,1630023,random,random,1,100,2,0
V7E004,43,1630023,random,v3,1,100,0,0
V7E004,43,1630023,random,v7,1,100,0,0
V7E004,43,1630023,teacher,random,0,41,2,0
V7E004,43,1630023,teacher,v3,0,44,0,0
V7E004,43,1630023,teacher,v7,1,100,0,0
V7E004,43,1630024,random,random,0,56,0,0
V7E004,43,1630024,random,v3,1,100,0,0
V7E004,43,1630024,random,v7,1,100,0,0
V7E004,43,1630024,teacher,random,0,26,0,0
V7E004,43,1630024,teacher,v3,0,29,0,0
V7E004,43,1630024,teacher,v7,0,35,2,0
V7E004,43,1630025,random,random,0,43,1,1
V7E004,43,1630025,random,v3,1,100,0,0
V7E004,43,1630025,random,v7,1,100,0,0
V7E004,43,1630025,teacher,random,1,100,1,1
V7E004,43,1630025,teacher,v3,0,42,0,0
V7E004,43,1630025,teacher,v7,1,100,0,0
V7E004,43,1630026,random,random,1,100,2,0
V7E004,43,1630026,random,v3,0,31,0,0
V7E004,43,1630026,random,v7,1,100,2,0
V7E004,43,1630026,teacher,random,0,5,0,0
V7E004,43,1630026,teacher,v3,0,4,0,0
V7E004,43,1630026,teacher,v7,0,11,2,0
V7E004,43,1630027,random,random,0,3,0,0
V7E004,43,1630027,random,v3,1,100,0,0
V7E004,43,1630027,random,v7,1,100,0,0
V7E004,43,1630027,teacher,random,0,4,0,0
V7E004,43,1630027,teacher,v3,0,3,0,0
V7E004,43,1630027,teacher,v7,0,2,0,0
V7E004,43,1630028,random,random,0,58,0,0
V7E004,43,1630028,random,v3,1,100,0,0
V7E004,43,1630028,random,v7,1,100,2,0
V7E004,43,1630028,teacher,random,0,29,0,0
V7E004,43,1630028,teacher,v3,0,27,0,0
V7E004,43,1630028,teacher,v7,0,39,2,0
V7E004,43,1630029,random,random,0,1,0,0
V7E004,43,1630029,random,v3,0,1,0,0
V7E004,43,1630029,random,v7,0,1,0,0
V7E004,43,1630029,teacher,random,0,1,0,0
V7E004,43,1630029,teacher,v3,0,1,0,0
V7E004,43,1630029,teacher,v7,0,1,0,0
V7E004,43,1630030,random,random,0,86,2,1
V7E004,43,1630030,random,v3,1,100,0,0
V7E004,43,1630030,random,v7,1,100,0,0
V7E004,43,1630030,teacher,random,0,39,2,0
V7E004,43,1630030,teacher,v3,0,46,0,0
V7E004,43,1630030,teacher,v7,1,100,0,0
V7E004,43,1630031,random,random,1,100,2,1
V7E004,43,1630031,random,v3,1,100,0,0
V7E004,43,1630031,random,v7,1,100,0,0
V7E004,43,1630031,teacher,random,0,51,2,1
V7E004,43,1630031,teacher,v3,0,41,0,0
V7E004,43,1630031,teacher,v7,1,100,0,0
V7E004,43,1630032,random,random,0,12,0,0
V7E004,43,1630032,random,v3,1,100,0,0
V7E004,43,1630032,random,v7,0,19,0,0
V7E004,43,1630032,teacher,random,0,2,0,0
V7E004,43,1630032,teacher,v3,0,4,0,0
V7E004,43,1630032,teacher,v7,1,100,0,0
V7E004,43,1630033,random,random,0,21,1,0
V7E004,43,1630033,random,v3,1,100,2,0
V7E004,43,1630033,random,v7,0,93,2,0
V7E004,43,1630033,teacher,random,0,10,1,0
V7E004,43,1630033,teacher,v3,0,21,2,0
V7E004,43,1630033,teacher,v7,0,20,2,0
V7E004,43,1630034,random,random,1,100,2,0
V7E004,43,1630034,random,v3,1,100,0,0
V7E004,43,1630034,random,v7,1,100,2,0
V7E004,43,1630034,teacher,random,0,43,2,0
V7E004,43,1630034,teacher,v3,0,32,0,0
V7E004,43,1630034,teacher,v7,0,43,2,0
V7E004,43,1630035,random,random,1,100,0,0
V7E004,43,1630035,random,v3,1,100,0,0
V7E004,43,1630035,random,v7,1,100,0,0
V7E004,43,1630035,teacher,random,0,15,0,0
V7E004,43,1630035,teacher,v3,0,15,0,0
V7E004,43,1630035,teacher,v7,1,100,0,0
V7E004,43,1630036,random,random,1,100,0,0
V7E004,43,1630036,random,v3,1,100,0,0
V7E004,43,1630036,random,v7,1,100,0,0
V7E004,43,1630036,teacher,random,0,20,0,0
V7E004,43,1630036,teacher,v3,0,22,0,0
V7E004,43,1630036,teacher,v7,1,100,0,0
V7E004,43,1630037,random,random,0,24,2,0
V7E004,43,1630037,random,v3,1,100,0,0
V7E004,43,1630037,random,v7,1,100,0,0
V7E004,43,1630037,teacher,random,0,38,2,0
V7E004,43,1630037,teacher,v3,1,100,0,0
V7E004,43,1630037,teacher,v7,1,100,0,0
V7E004,43,1630038,random,random,0,2,0,0
V7E004,43,1630038,random,v3,1,100,0,0
V7E004,43,1630038,random,v7,1,100,0,0
V7E004,43,1630038,teacher,random,0,1,0,0
V7E004,43,1630038,teacher,v3,0,1,0,0
V7E004,43,1630038,teacher,v7,0,1,0,0
V7E004,43,1630039,random,random,1,100,0,0
V7E004,43,1630039,random,v3,1,100,0,0
V7E004,43,1630039,random,v7,1,100,0,0
V7E004,43,1630039,teacher,random,0,8,0,0
V7E004,43,1630039,teacher,v3,0,14,0,0
V7E004,43,1630039,teacher,v7,1,100,0,0
V7E004,43,1630040,random,random,0,2,0,0
V7E004,43,1630040,random,v3,0,84,0,0
V7E004,43,1630040,random,v7,1,100,2,0
V7E004,43,1630040,teacher,random,0,1,0,0
V7E004,43,1630040,teacher,v3,0,1,0,0
V7E004,43,1630040,teacher,v7,0,1,0,0
V7E004,43,1630041,random,random,1,100,0,0
V7E004,43,1630041,random,v3,1,100,0,0
V7E004,43,1630041,random,v7,1,100,0,0
V7E004,43,1630041,teacher,random,0,20,0,0
V7E004,43,1630041,teacher,v3,0,16,0,0
V7E004,43,1630041,teacher,v7,1,100,0,0
V7E004,43,1630042,random,random,0,8,0,0
V7E004,43,1630042,random,v3,0,29,0,0
V7E004,43,1630042,random,v7,0,73,0,0
V7E004,43,1630042,teacher,random,0,2,0,0
V7E004,43,1630042,teacher,v3,0,3,0,0
V7E004,43,1630042,teacher,v7,1,100,0,0
V7E004,43,1630043,random,random,0,32,0,0
V7E004,43,1630043,random,v3,1,100,0,0
V7E004,43,1630043,random,v7,1,100,2,0
V7E004,43,1630043,teacher,random,0,23,0,0
V7E004,43,1630043,teacher,v3,0,31,0,0
V7E004,43,1630043,teacher,v7,0,42,2,0
V7E004,43,1630044,random,random,1,100,0,0
V7E004,43,1630044,random,v3,0,4,0,0
V7E004,43,1630044,random,v7,0,4,0,0
V7E004,43,1630044,teacher,random,0,10,0,0
V7E004,43,1630044,teacher,v3,0,4,0,0
V7E004,43,1630044,teacher,v7,0,4,0,0
V7E004,43,1630045,random,random,1,100,2,0
V7E004,43,1630045,random,v3,1,100,0,0
V7E004,43,1630045,random,v7,1,100,2,0
V7E004,43,1630045,teacher,random,0,31,1,0
V7E004,43,1630045,teacher,v3,0,28,0,0
V7E004,43,1630045,teacher,v7,0,36,2,0
V7E004,43,1630046,random,random,1,100,0,0
V7E004,43,1630046,random,v3,1,100,0,0
V7E004,43,1630046,random,v7,1,100,0,0
V7E004,43,1630046,teacher,random,0,15,0,0
V7E004,43,1630046,teacher,v3,0,15,0,0
V7E004,43,1630046,teacher,v7,1,100,0,0
V7E004,43,1630047,random,random,0,67,0,1
V7E004,43,1630047,random,v3,1,100,0,0
V7E004,43,1630047,random,v7,1,100,0,0
V7E004,43,1630047,teacher,random,0,49,0,0
V7E004,43,1630047,teacher,v3,0,47,0,0
V7E004,43,1630047,teacher,v7,0,46,0,0
V7E004,43,1630048,random,random,0,47,0,1
V7E004,43,1630048,random,v3,1,100,0,0
V7E004,43,1630048,random,v7,1,100,0,0
V7E004,43,1630048,teacher,random,0,26,0,1
V7E004,43,1630048,teacher,v3,0,40,0,0
V7E004,43,1630048,teacher,v7,1,100,0,0
V7E004,43,1630049,random,random,0,53,0,0
V7E004,43,1630049,random,v3,0,63,0,0
V7E004,43,1630049,random,v7,0,63,0,0
V7E004,43,1630049,teacher,random,0,11,0,0
V7E004,43,1630049,teacher,v3,0,13,0,0
V7E004,43,1630049,teacher,v7,1,100,0,0
V7E004,43,1630050,random,random,0,48,0,0
V7E004,43,1630050,random,v3,0,67,0,0
V7E004,43,1630050,random,v7,0,67,0,0
V7E004,43,1630050,teacher,random,0,8,0,0
V7E004,43,1630050,teacher,v3,0,8,0,0
V7E004,43,1630050,teacher,v7,1,100,0,0
V7E004,43,1630051,random,random,1,100,0,0
V7E004,43,1630051,random,v3,1,100,0,0
V7E004,43,1630051,random,v7,0,21,2,0
V7E004,43,1630051,teacher,random,0,4,0,0
V7E004,43,1630051,teacher,v3,0,5,0,0
V7E004,43,1630051,teacher,v7,0,4,0,0
V7E004,43,1630052,random,random,1,100,2,0
V7E004,43,1630052,random,v3,1,100,2,0
V7E004,43,1630052,random,v7,1,100,2,0
V7E004,43,1630052,teacher,random,0,34,1,0
V7E004,43,1630052,teacher,v3,0,8,2,0
V7E004,43,1630052,teacher,v7,0,8,2,0
V7E004,43,1630053,random,random,1,100,2,0
V7E004,43,1630053,random,v3,1,100,0,0
V7E004,43,1630053,random,v7,1,100,2,0
V7E004,43,1630053,teacher,random,0,33,2,0
V7E004,43,1630053,teacher,v3,0,29,0,0
V7E004,43,1630053,teacher,v7,0,40,2,0
V7E004,43,1630054,random,random,1,100,1,1
V7E004,43,1630054,random,v3,1,100,0,0
V7E004,43,1630054,random,v7,1,100,0,0
V7E004,43,1630054,teacher,random,0,44,0,1
V7E004,43,1630054,teacher,v3,0,44,0,0
V7E004,43,1630054,teacher,v7,1,100,0,0
V7E004,43,1630055,random,random,0,63,0,0
V7E004,43,1630055,random,v3,1,100,0,0
V7E004,43,1630055,random,v7,1,100,0,0
V7E004,43,1630055,teacher,random,0,4,0,0
V7E004,43,1630055,teacher,v3,0,5,0,0
V7E004,43,1630055,teacher,v7,0,4,0,0
V7E004,43,1630056,random,random,1,100,0,0
V7E004,43,1630056,random,v3,1,100,0,0
V7E004,43,1630056,random,v7,1,100,0,0
V7E004,43,1630056,teacher,random,0,11,0,0
V7E004,43,1630056,teacher,v3,0,12,0,0
V7E004,43,1630056,teacher,v7,1,100,0,0
V7E004,43,1630057,random,random,1,100,0,0
V7E004,43,1630057,random,v3,1,100,0,0
V7E004,43,1630057,random,v7,0,9,0,0
V7E004,43,1630057,teacher,random,0,12,0,0
V7E004,43,1630057,teacher,v3,0,10,0,0
V7E004,43,1630057,teacher,v7,0,6,0,0
V7E004,43,1630058,random,random,0,18,0,0
V7E004,43,1630058,random,v3,1,100,0,0
V7E004,43,1630058,random,v7,1,100,0,0
V7E004,43,1630058,teacher,random,0,53,0,0
V7E004,43,1630058,teacher,v3,0,54,0,0
V7E004,43,1630058,teacher,v7,0,50,0,0
V7E004,43,1630059,random,random,0,98,0,0
V7E004,43,1630059,random,v3,1,100,0,0
V7E004,43,1630059,random,v7,1,100,0,0
V7E004,43,1630059,teacher,random,0,17,0,0
V7E004,43,1630059,teacher,v3,0,20,0,0
V7E004,43,1630059,teacher,v7,1,100,0,0
V7E004,43,1630060,random,random,1,100,2,0
V7E004,43,1630060,random,v3,1,100,2,0
V7E004,43,1630060,random,v7,1,100,2,0
V7E004,43,1630060,teacher,random,0,39,2,0
V7E004,43,1630060,teacher,v3,0,38,2,0
V7E004,43,1630060,teacher,v7,0,37,2,0
V7E004,43,1630061,random,random,1,100,1,1
V7E004,43,1630061,random,v3,1,100,0,0
V7E004,43,1630061,random,v7,1,100,0,0
V7E004,43,1630061,teacher,random,0,44,0,0
V7E004,43,1630061,teacher,v3,0,44,0,0
V7E004,43,1630061,teacher,v7,1,100,0,0
V7E004,43,1630062,random,random,0,31,0,0
V7E004,43,1630062,random,v3,0,35,0,0
V7E004,43,1630062,random,v7,0,32,0,0
V7E004,43,1630062,teacher,random,0,6,0,0
V7E004,43,1630062,teacher,v3,0,8,0,0
V7E004,43,1630062,teacher,v7,1,100,0,0
V7E004,43,1630063,random,random,1,100,2,1
V7E004,43,1630063,random,v3,1,100,0,0
V7E004,43,1630063,random,v7,1,100,0,0
V7E004,43,1630063,teacher,random,0,40,2,0
V7E004,43,1630063,teacher,v3,0,52,0,0
V7E004,43,1630063,teacher,v7,0,48,0,0
V7E004,43,1630064,random,random,0,18,0,0
V7E004,43,1630064,random,v3,1,100,0,0
V7E004,43,1630064,random,v7,1,100,0,0
V7E004,43,1630064,teacher,random,0,2,0,0
V7E004,43,1630064,teacher,v3,0,3,0,0
V7E004,43,1630064,teacher,v7,1,100,0,0
V7E004,43,1630065,random,random,0,36,0,0
V7E004,43,1630065,random,v3,1,100,0,0
V7E004,43,1630065,random,v7,0,15,2,0
V7E004,43,1630065,teacher,random,0,5,0,0
V7E004,43,1630065,teacher,v3,0,7,0,0
V7E004,43,1630065,teacher,v7,0,12,2,0
V7E004,43,1630066,random,random,0,52,2,0
V7E004,43,1630066,random,v3,0,24,0,0
V7E004,43,1630066,random,v7,0,38,0,0
V7E004,43,1630066,teacher,random,0,6,2,0
V7E004,43,1630066,teacher,v3,0,44,0,0
V7E004,43,1630066,teacher,v7,1,100,0,0
V7E004,43,1630067,random,random,1,100,0,0
V7E004,43,1630067,random,v3,1,100,0,0
V7E004,43,1630067,random,v7,1,100,0,0
V7E004,43,1630067,teacher,random,0,15,0,0
V7E004,43,1630067,teacher,v3,0,17,0,0
V7E004,43,1630067,teacher,v7,1,100,0,0
V7E004,43,1630068,random,random,0,23,0,0
V7E004,43,1630068,random,v3,0,5,0,0
V7E004,43,1630068,random,v7,0,4,0,0
V7E004,43,1630068,teacher,random,0,8,0,0
V7E004,43,1630068,teacher,v3,0,4,0,0
V7E004,43,1630068,teacher,v7,0,4,0,0
V7E004,43,1630069,random,random,1,100,2,0
V7E004,43,1630069,random,v3,1,100,0,0
V7E004,43,1630069,random,v7,1,100,2,0
V7E004,43,1630069,teacher,random,0,36,2,0
V7E004,43,1630069,teacher,v3,0,31,0,0
V7E004,43,1630069,teacher,v7,0,39,2,0
V7E004,43,1630070,random,random,1,100,0,0
V7E004,43,1630070,random,v3,1,100,0,0
V7E004,43,1630070,random,v7,1,100,0,0
V7E004,43,1630070,teacher,random,0,19,0,0
V7E004,43,1630070,teacher,v3,0,14,0,0
V7E004,43,1630070,teacher,v7,1,100,0,0
V7E004,43,1630071,random,random,0,78,2,1
V7E004,43,1630071,random,v3,1,100,0,0
V7E004,43,1630071,random,v7,0,3,0,0
V7E004,43,1630071,teacher,random,0,3,0,0
V7E004,43,1630071,teacher,v3,0,4,0,0
V7E004,43,1630071,teacher,v7,0,3,0,0
V7E004,43,1630072,random,random,0,12,0,1
V7E004,43,1630072,random,v3,1,100,0,0
V7E004,43,1630072,random,v7,1,100,0,0
V7E004,43,1630072,teacher,random,0,24,0,1
V7E004,43,1630072,teacher,v3,0,44,0,0
V7E004,43,1630072,teacher,v7,0,42,0,0
V7E004,43,1630073,random,random,0,52,0,1
V7E004,43,1630073,random,v3,1,100,0,0
V7E004,43,1630073,random,v7,1,100,0,0
V7E004,43,1630073,teacher,random,0,46,0,1
V7E004,43,1630073,teacher,v3,0,48,0,0
V7E004,43,1630073,teacher,v7,0,47,0,0
V7E004,43,1630074,random,random,1,100,0,0
V7E004,43,1630074,random,v3,0,11,0,0
V7E004,43,1630074,random,v7,1,100,2,0
V7E004,43,1630074,teacher,random,0,2,0,0
V7E004,43,1630074,teacher,v3,0,2,0,0
V7E004,43,1630074,teacher,v7,0,2,0,0
V7E004,43,1630075,random,random,1,100,2,0
V7E004,43,1630075,random,v3,1,100,0,0
V7E004,43,1630075,random,v7,1,100,0,0
V7E004,43,1630075,teacher,random,0,48,1,0
V7E004,43,1630075,teacher,v3,0,50,0,0
V7E004,43,1630075,teacher,v7,0,47,0,0
V7E004,43,1630076,random,random,1,100,0,0
V7E004,43,1630076,random,v3,1,100,0,0
V7E004,43,1630076,random,v7,1,100,2,0
V7E004,43,1630076,teacher,random,0,8,0,0
V7E004,43,1630076,teacher,v3,0,9,0,0
V7E004,43,1630076,teacher,v7,0,14,2,0
V7E004,43,1630077,random,random,0,70,0,0
V7E004,43,1630077,random,v3,1,100,0,0
V7E004,43,1630077,random,v7,1,100,0,0
V7E004,43,1630077,teacher,random,0,16,0,0
V7E004,43,1630077,teacher,v3,0,18,0,0
V7E004,43,1630077,teacher,v7,1,100,0,0
V7E004,43,1630078,random,random,0,29,0,1
V7E004,43,1630078,random,v3,1,100,0,0
V7E004,43,1630078,random,v7,1,100,0,0
V7E004,43,1630078,teacher,random,0,26,0,1
V7E004,43,1630078,teacher,v3,0,45,0,0
V7E004,43,1630078,teacher,v7,0,42,0,0
V7E004,43,1630079,random,random,1,100,0,0
V7E004,43,1630079,random,v3,1,100,0,0
V7E004,43,1630079,random,v7,1,100,0,0
V7E004,43,1630079,teacher,random,0,24,0,0
V7E004,43,1630079,teacher,v3,0,26,0,0
V7E004,43,1630079,teacher,v7,1,100,0,0
V7E004,43,1630080,random,random,1,100,2,1
V7E004,43,1630080,random,v3,1,100,0,0
V7E004,43,1630080,random,v7,1,100,0,0
V7E004,43,1630080,teacher,random,0,30,0,1
V7E004,43,1630080,teacher,v3,0,42,0,0
V7E004,43,1630080,teacher,v7,1,100,0,0
V7E004,43,1630081,random,random,1,100,2,0
V7E004,43,1630081,random,v3,1,100,0,0
V7E004,43,1630081,random,v7,1,100,2,0
V7E004,43,1630081,teacher,random,0,38,2,0
V7E004,43,1630081,teacher,v3,0,30,0,0
V7E004,43,1630081,teacher,v7,0,36,2,0
V7E004,43,1630082,random,random,1,100,0,1
V7E004,43,1630082,random,v3,1,100,0,0
V7E004,43,1630082,random,v7,1,100,0,0
V7E004,43,1630082,teacher,random,0,26,0,1
V7E004,43,1630082,teacher,v3,0,45,0,0
V7E004,43,1630082,teacher,v7,0,42,0,0
V7E004,43,1630083,random,random,1,100,0,0
V7E004,43,1630083,random,v3,1,100,0,0
V7E004,43,1630083,random,v7,0,7,0,0
V7E004,43,1630083,teacher,random,0,15,0,0
V7E004,43,1630083,teacher,v3,0,7,0,0
V7E004,43,1630083,teacher,v7,0,5,0,0
V7E004,43,1630084,random,random,0,21,0,0
V7E004,43,1630084,random,v3,1,100,0,0
V7E004,43,1630084,random,v7,1,100,2,0
V7E004,43,1630084,teacher,random,0,3,0,0
V7E004,43,1630084,teacher,v3,0,4,0,0
V7E004,43,1630084,teacher,v7,0,12,2,0
V7E004,43,1630085,random,random,1,100,0,1
V7E004,43,1630085,random,v3,1,100,0,0
V7E004,43,1630085,random,v7,1,100,0,0
V7E004,43,1630085,teacher,random,0,10,0,1
V7E004,43,1630085,teacher,v3,0,47,0,0
V7E004,43,1630085,teacher,v7,0,45,0,0
V7E004,43,1630086,random,random,0,3,0,0
V7E004,43,1630086,random,v3,0,3,0,0
V7E004,43,1630086,random,v7,1,100,2,0
V7E004,43,1630086,teacher,random,0,5,0,0
V7E004,43,1630086,teacher,v3,0,2,0,0
V7E004,43,1630086,teacher,v7,0,9,2,0
V7E004,43,1630087,random,random,0,41,0,1
V7E004,43,1630087,random,v3,1,100,0,0
V7E004,43,1630087,random,v7,1,100,0,0
V7E004,43,1630087,teacher,random,0,23,0,1
V7E004,43,1630087,teacher,v3,0,44,0,0
V7E004,43,1630087,teacher,v7,0,42,0,0
V7E004,43,1630088,random,random,0,43,0,0
V7E004,43,1630088,random,v3,0,56,0,0
V7E004,43,1630088,random,v7,0,43,0,0
V7E004,43,1630088,teacher,random,0,5,0,0
V7E004,43,1630088,teacher,v3,0,6,0,0
V7E004,43,1630088,teacher,v7,0,4,0,0
V7E004,43,1630089,random,random,1,100,0,0
V7E004,43,1630089,random,v3,1,100,0,0
V7E004,43,1630089,random,v7,1,100,0,0
V7E004,43,1630089,teacher,random,0,24,0,0
V7E004,43,1630089,teacher,v3,0,19,0,0
V7E004,43,1630089,teacher,v7,1,100,0,0
V7E004,43,1630090,random,random,0,45,0,0
V7E004,43,1630090,random,v3,0,50,0,0
V7E004,43,1630090,random,v7,1,100,0,0
V7E004,43,1630090,teacher,random,0,4,0,0
V7E004,43,1630090,teacher,v3,0,56,0,0
V7E004,43,1630090,teacher,v7,1,100,0,0
V7E004,43,1630091,random,random,0,56,2,0
V7E004,43,1630091,random,v3,1,100,2,0
V7E004,43,1630091,random,v7,1,100,2,0
V7E004,43,1630091,teacher,random,0,32,2,0
V7E004,43,1630091,teacher,v3,0,41,2,0
V7E004,43,1630091,teacher,v7,0,40,2,0
V7E004,43,1630092,random,random,1,100,0,0
V7E004,43,1630092,random,v3,1,100,0,0
V7E004,43,1630092,random,v7,1,100,2,0
V7E004,43,1630092,teacher,random,0,9,0,0
V7E004,43,1630092,teacher,v3,0,9,0,0
V7E004,43,1630092,teacher,v7,0,5,0,0
V7E004,43,1630093,random,random,0,60,0,1
V7E004,43,1630093,random,v3,1,100,0,0
V7E004,43,1630093,random,v7,1,100,0,0
V7E004,43,1630093,teacher,random,0,23,0,1
V7E004,43,1630093,teacher,v3,0,43,0,0
V7E004,43,1630093,teacher,v7,0,40,0,0
V7E004,43,1630094,random,random,0,46,0,0
V7E004,43,1630094,random,v3,0,32,0,0
V7E004,43,1630094,random,v7,1,100,0,0
V7E004,43,1630094,teacher,random,0,39,2,0
V7E004,43,1630094,teacher,v3,0,47,0,0
V7E004,43,1630094,teacher,v7,1,100,0,0
V7E004,43,1630095,random,random,1,100,0,1
V7E004,43,1630095,random,v3,1,100,0,0
V7E004,43,1630095,random,v7,1,100,0,0
V7E004,43,1630095,teacher,random,0,35,0,1
V7E004,43,1630095,teacher,v3,0,52,0,0
V7E004,43,1630095,teacher,v7,0,48,0,0
V7E004,43,1630096,random,random,0,1,0,0
V7E004,43,1630096,random,v3,0,1,0,0
V7E004,43,1630096,random,v7,0,1,0,0
V7E004,43,1630096,teacher,random,0,1,0,0
V7E004,43,1630096,teacher,v3,0,1,0,0
V7E004,43,1630096,teacher,v7,0,1,0,0
V7E004,43,1630097,random,random,1,100,0,1
V7E004,43,1630097,random,v3,1,100,0,0
V7E004,43,1630097,random,v7,1,100,0,0
V7E004,43,1630097,teacher,random,0,46,0,0
V7E004,43,1630097,teacher,v3,0,47,0,0
V7E004,43,1630097,teacher,v7,0,45,0,0
V7E004,43,1630098,random,random,0,74,0,0
V7E004,43,1630098,random,v3,1,100,0,0
V7E004,43,1630098,random,v7,1,100,0,0
V7E004,43,1630098,teacher,random,0,11,0,0
V7E004,43,1630098,teacher,v3,0,12,0,0
V7E004,43,1630098,teacher,v7,1,100,0,0
V7E004,43,1630099,random,random,0,7,0,0
V7E004,43,1630099,random,v3,0,8,0,0
V7E004,43,1630099,random,v7,0,8,0,0
V7E004,43,1630099,teacher,random,0,2,0,0
V7E004,43,1630099,teacher,v3,0,4,0,0
V7E004,43,1630099,teacher,v7,1,100,0,0
V7E005,43,1640000,random,random,0,24,0,0
V7E005,43,1640000,random,v3,1,100,0,0
V7E005,43,1640000,random,v7,1,100,0,0
V7E005,43,1640000,teacher,random,0,28,0,0
V7E005,43,1640000,teacher,v3,0,45,0,0
V7E005,43,1640000,teacher,v7,0,43,0,0
V7E005,43,1640001,random,random,0,75,2,0
V7E005,43,1640001,random,v3,1,100,0,0
V7E005,43,1640001,random,v7,0,39,0,0
V7E005,43,1640001,teacher,random,0,13,2,0
V7E005,43,1640001,teacher,v3,0,9,0,0
V7E005,43,1640001,teacher,v7,0,6,0,0
V7E005,43,1640002,random,random,1,100,0,0
V7E005,43,1640002,random,v3,0,2,0,0
V7E005,43,1640002,random,v7,0,2,0,0
V7E005,43,1640002,teacher,random,0,2,0,0
V7E005,43,1640002,teacher,v3,0,1,0,0
V7E005,43,1640002,teacher,v7,0,1,0,0
V7E005,43,1640003,random,random,0,27,0,0
V7E005,43,1640003,random,v3,1,100,0,1
V7E005,43,1640003,random,v7,1,100,0,1
V7E005,43,1640003,teacher,random,0,34,0,0
V7E005,43,1640003,teacher,v3,0,46,0,1
V7E005,43,1640003,teacher,v7,0,45,0,1
V7E005,43,1640004,random,random,0,98,1,1
V7E005,43,1640004,random,v3,1,100,0,0
V7E005,43,1640004,random,v7,0,27,0,0
V7E005,43,1640004,teacher,random,0,10,0,0
V7E005,43,1640004,teacher,v3,0,5,0,0
V7E005,43,1640004,teacher,v7,0,3,0,0
V7E005,43,1640005,random,random,1,100,0,0
V7E005,43,1640005,random,v3,1,100,0,0
V7E005,43,1640005,random,v7,1,100,0,0
V7E005,43,1640005,teacher,random,0,41,0,0
V7E005,43,1640005,teacher,v3,0,41,0,0
V7E005,43,1640005,teacher,v7,0,41,0,0
V7E005,43,1640006,random,random,0,67,0,0
V7E005,43,1640006,random,v3,0,56,0,0
V7E005,43,1640006,random,v7,0,15,0,0
V7E005,43,1640006,teacher,random,0,12,0,0
V7E005,43,1640006,teacher,v3,0,9,0,0
V7E005,43,1640006,teacher,v7,0,8,0,0
V7E005,43,1640007,random,random,1,100,0,1
V7E005,43,1640007,random,v3,1,100,0,0
V7E005,43,1640007,random,v7,1,100,0,1
V7E005,43,1640007,teacher,random,0,9,0,0
V7E005,43,1640007,teacher,v3,0,11,0,0
V7E005,43,1640007,teacher,v7,0,10,0,1
V7E005,43,1640008,random,random,0,7,0,0
V7E005,43,1640008,random,v3,0,5,0,0
V7E005,43,1640008,random,v7,1,100,0,0
V7E005,43,1640008,teacher,random,0,2,0,0
V7E005,43,1640008,teacher,v3,0,2,0,0
V7E005,43,1640008,teacher,v7,0,2,0,0
V7E005,43,1640009,random,random,1,100,0,0
V7E005,43,1640009,random,v3,1,100,0,0
V7E005,43,1640009,random,v7,1,100,0,0
V7E005,43,1640009,teacher,random,0,41,0,0
V7E005,43,1640009,teacher,v3,0,49,0,0
V7E005,43,1640009,teacher,v7,0,47,0,0
V7E005,43,1640010,random,random,1,100,2,0
V7E005,43,1640010,random,v3,1,100,0,0
V7E005,43,1640010,random,v7,1,100,0,0
V7E005,43,1640010,teacher,random,0,4,0,0
V7E005,43,1640010,teacher,v3,0,9,0,0
V7E005,43,1640010,teacher,v7,0,17,0,0
V7E005,43,1640011,random,random,0,48,0,0
V7E005,43,1640011,random,v3,1,100,0,0
V7E005,43,1640011,random,v7,1,100,0,0
V7E005,43,1640011,teacher,random,0,53,0,0
V7E005,43,1640011,teacher,v3,0,32,0,0
V7E005,43,1640011,teacher,v7,0,31,0,0
V7E005,43,1640012,random,random,0,26,0,0
V7E005,43,1640012,random,v3,1,100,0,0
V7E005,43,1640012,random,v7,1,100,0,1
V7E005,43,1640012,teacher,random,0,5,0,0
V7E005,43,1640012,teacher,v3,0,6,0,0
V7E005,43,1640012,teacher,v7,0,5,0,1
V7E005,43,1640013,random,random,0,70,2,1
V7E005,43,1640013,random,v3,1,100,0,0
V7E005,43,1640013,random,v7,1,100,0,0
V7E005,43,1640013,teacher,random,0,20,1,0
V7E005,43,1640013,teacher,v3,0,18,0,0
V7E005,43,1640013,teacher,v7,0,21,0,0
V7E005,43,1640014,random,random,0,92,2,0
V7E005,43,1640014,random,v3,1,100,0,0
V7E005,43,1640014,random,v7,1,100,0,0
V7E005,43,1640014,teacher,random,0,20,1,0
V7E005,43,1640014,teacher,v3,0,20,0,0
V7E005,43,1640014,teacher,v7,0,24,0,0
V7E005,43,1640015,random,random,0,21,0,0
V7E005,43,1640015,random,v3,1,100,0,0
V7E005,43,1640015,random,v7,1,100,0,0
V7E005,43,1640015,teacher,random,0,24,0,0
V7E005,43,1640015,teacher,v3,0,41,0,0
V7E005,43,1640015,teacher,v7,0,41,0,0
V7E005,43,1640016,random,random,1,100,0,1
V7E005,43,1640016,random,v3,1,100,0,0
V7E005,43,1640016,random,v7,1,100,0,0
V7E005,43,1640016,teacher,random,0,25,0,0
V7E005,43,1640016,teacher,v3,0,26,0,0
V7E005,43,1640016,teacher,v7,0,24,0,0
V7E005,43,1640017,random,random,1,100,1,0
V7E005,43,1640017,random,v3,1,100,0,0
V7E005,43,1640017,random,v7,0,88,0,0
V7E005,43,1640017,teacher,random,0,4,1,0
V7E005,43,1640017,teacher,v3,0,4,0,0
V7E005,43,1640017,teacher,v7,0,2,0,0
V7E005,43,1640018,random,random,0,8,0,0
V7E005,43,1640018,random,v3,0,12,0,0
V7E005,43,1640018,random,v7,0,33,0,1
V7E005,43,1640018,teacher,random,0,7,0,0
V7E005,43,1640018,teacher,v3,0,6,0,0
V7E005,43,1640018,teacher,v7,0,5,0,1
V7E005,43,1640019,random,random,1,100,0,0
V7E005,43,1640019,random,v3,1,100,0,1
V7E005,43,1640019,random,v7,1,100,0,1
V7E005,43,1640019,teacher,random,0,11,0,0
V7E005,43,1640019,teacher,v3,0,44,0,1
V7E005,43,1640019,teacher,v7,0,43,0,1
V7E005,43,1640020,random,random,0,40,0,0
V7E005,43,1640020,random,v3,0,87,0,0
V7E005,43,1640020,random,v7,0,86,0,0
V7E005,43,1640020,teacher,random,0,37,0,0
V7E005,43,1640020,teacher,v3,0,40,0,0
V7E005,43,1640020,teacher,v7,0,39,0,0
V7E005,43,1640021,random,random,0,59,0,2
V7E005,43,1640021,random,v3,0,60,0,1
V7E005,43,1640021,random,v7,0,59,0,1
V7E005,43,1640021,teacher,random,0,42,0,2
V7E005,43,1640021,teacher,v3,0,43,0,1
V7E005,43,1640021,teacher,v7,0,42,0,1
V7E005,43,1640022,random,random,1,100,0,1
V7E005,43,1640022,random,v3,1,100,0,0
V7E005,43,1640022,random,v7,1,100,0,0
V7E005,43,1640022,teacher,random,0,17,0,0
V7E005,43,1640022,teacher,v3,0,17,0,0
V7E005,43,1640022,teacher,v7,0,36,0,0
V7E005,43,1640023,random,random,1,100,0,0
V7E005,43,1640023,random,v3,1,100,0,0
V7E005,43,1640023,random,v7,1,100,0,0
V7E005,43,1640023,teacher,random,0,31,0,0
V7E005,43,1640023,teacher,v3,0,32,0,0
V7E005,43,1640023,teacher,v7,0,30,0,0
V7E005,43,1640024,random,random,1,100,2,0
V7E005,43,1640024,random,v3,1,100,0,0
V7E005,43,1640024,random,v7,1,100,0,0
V7E005,43,1640024,teacher,random,0,10,2,0
V7E005,43,1640024,teacher,v3,0,18,0,0
V7E005,43,1640024,teacher,v7,0,22,0,0
V7E005,43,1640025,random,random,0,78,2,0
V7E005,43,1640025,random,v3,1,100,0,0
V7E005,43,1640025,random,v7,1,100,0,0
V7E005,43,1640025,teacher,random,0,23,0,0
V7E005,43,1640025,teacher,v3,0,20,0,0
V7E005,43,1640025,teacher,v7,1,100,0,0
V7E005,43,1640026,random,random,0,5,0,0
V7E005,43,1640026,random,v3,0,87,0,0
V7E005,43,1640026,random,v7,0,84,0,0
V7E005,43,1640026,teacher,random,0,48,0,0
V7E005,43,1640026,teacher,v3,0,8,0,0
V7E005,43,1640026,teacher,v7,0,6,0,0
V7E005,43,1640027,random,random,0,14,0,1
V7E005,43,1640027,random,v3,0,23,0,1
V7E005,43,1640027,random,v7,0,20,0,1
V7E005,43,1640027,teacher,random,0,11,0,1
V7E005,43,1640027,teacher,v3,0,12,0,1
V7E005,43,1640027,teacher,v7,0,11,0,1
V7E005,43,1640028,random,random,0,29,2,0
V7E005,43,1640028,random,v3,1,100,0,0
V7E005,43,1640028,random,v7,1,100,0,0
V7E005,43,1640028,teacher,random,0,11,0,0
V7E005,43,1640028,teacher,v3,0,13,0,0
V7E005,43,1640028,teacher,v7,0,15,0,0
V7E005,43,1640029,random,random,0,49,0,0
V7E005,43,1640029,random,v3,1,100,0,0
V7E005,43,1640029,random,v7,0,36,0,0
V7E005,43,1640029,teacher,random,0,19,0,0
V7E005,43,1640029,teacher,v3,0,10,0,0
V7E005,43,1640029,teacher,v7,0,9,0,0
V7E005,43,1640030,random,random,0,50,2,0
V7E005,43,1640030,random,v3,0,79,0,0
V7E005,43,1640030,random,v7,1,100,0,0
V7E005,43,1640030,teacher,random,0,7,0,0
V7E005,43,1640030,teacher,v3,0,9,0,0
V7E005,43,1640030,teacher,v7,0,20,0,0
V7E005,43,1640031,random,random,0,11,0,0
V7E005,43,1640031,random,v3,1,100,0,0
V7E005,43,1640031,random,v7,0,12,0,0
V7E005,43,1640031,teacher,random,0,2,0,0
V7E005,43,1640031,teacher,v3,0,3,0,0
V7E005,43,1640031,teacher,v7,0,2,0,0
V7E005,43,1640032,random,random,1,100,0,0
V7E005,43,1640032,random,v3,1,100,0,0
V7E005,43,1640032,random,v7,1,100,0,0
V7E005,43,1640032,teacher,random,0,7,0,0
V7E005,43,1640032,teacher,v3,0,7,0,0
V7E005,43,1640032,teacher,v7,0,18,0,0
V7E005,43,1640033,random,random,1,100,0,1
V7E005,43,1640033,random,v3,1,100,0,0
V7E005,43,1640033,random,v7,1,100,0,0
V7E005,43,1640033,teacher,random,0,48,0,0
V7E005,43,1640033,teacher,v3,0,52,0,0
V7E005,43,1640033,teacher,v7,1,100,0,0
V7E005,43,1640034,random,random,0,58,2,0
V7E005,43,1640034,random,v3,1,100,0,0
V7E005,43,1640034,random,v7,0,75,0,0
V7E005,43,1640034,teacher,random,0,12,2,0
V7E005,43,1640034,teacher,v3,0,12,0,0
V7E005,43,1640034,teacher,v7,0,7,0,0
V7E005,43,1640035,random,random,0,27,2,0
V7E005,43,1640035,random,v3,1,100,0,0
V7E005,43,1640035,random,v7,1,100,0,0
V7E005,43,1640035,teacher,random,0,3,0,0
V7E005,43,1640035,teacher,v3,0,9,0,0
V7E005,43,1640035,teacher,v7,0,23,0,0
V7E005,43,1640036,random,random,1,100,2,0
V7E005,43,1640036,random,v3,1,100,0,0
V7E005,43,1640036,random,v7,1,100,0,0
V7E005,43,1640036,teacher,random,0,16,2,0
V7E005,43,1640036,teacher,v3,0,11,0,0
V7E005,43,1640036,teacher,v7,0,6,0,0
V7E005,43,1640037,random,random,0,20,0,0
V7E005,43,1640037,random,v3,0,65,0,0
V7E005,43,1640037,random,v7,0,55,0,0
V7E005,43,1640037,teacher,random,0,4,0,0
V7E005,43,1640037,teacher,v3,0,5,0,0
V7E005,43,1640037,teacher,v7,0,4,0,0
V7E005,43,1640038,random,random,0,14,0,0
V7E005,43,1640038,random,v3,1,100,0,0
V7E005,43,1640038,random,v7,1,100,0,0
V7E005,43,1640038,teacher,random,0,28,0,0
V7E005,43,1640038,teacher,v3,0,41,0,0
V7E005,43,1640038,teacher,v7,0,40,0,0
V7E005,43,1640039,random,random,1,100,0,0
V7E005,43,1640039,random,v3,1,100,0,0
V7E005,43,1640039,random,v7,1,100,0,0
V7E005,43,1640039,teacher,random,0,15,0,0
V7E005,43,1640039,teacher,v3,0,9,0,0
V7E005,43,1640039,teacher,v7,0,26,0,0
V7E005,43,1640040,random,random,0,72,0,0
V7E005,43,1640040,random,v3,1,100,0,0
V7E005,43,1640040,random,v7,1,100,0,0
V7E005,43,1640040,teacher,random,0,2,0,0
V7E005,43,1640040,teacher,v3,0,3,0,0
V7E005,43,1640040,teacher,v7,0,2,0,0
V7E005,43,1640041,random,random,1,100,0,0
V7E005,43,1640041,random,v3,1,100,0,0
V7E005,43,1640041,random,v7,1,100,0,0
V7E005,43,1640041,teacher,random,0,9,0,0
V7E005,43,1640041,teacher,v3,0,12,0,0
V7E005,43,1640041,teacher,v7,0,6,0,0
V7E005,43,1640042,random,random,1,100,2,0
V7E005,43,1640042,random,v3,1,100,0,0
V7E005,43,1640042,random,v7,0,32,0,0
V7E005,43,1640042,teacher,random,0,38,0,0
V7E005,43,1640042,teacher,v3,0,55,0,0
V7E005,43,1640042,teacher,v7,0,52,0,0
V7E005,43,1640043,random,random,0,51,0,0
V7E005,43,1640043,random,v3,1,100,0,0
V7E005,43,1640043,random,v7,1,100,0,0
V7E005,43,1640043,teacher,random,0,19,0,0
V7E005,43,1640043,teacher,v3,0,39,0,0
V7E005,43,1640043,teacher,v7,0,36,0,0
V7E005,43,1640044,random,random,1,100,0,0
V7E005,43,1640044,random,v3,1,100,0,0
V7E005,43,1640044,random,v7,1,100,0,0
V7E005,43,1640044,teacher,random,0,30,0,0
V7E005,43,1640044,teacher,v3,0,31,0,0
V7E005,43,1640044,teacher,v7,0,30,0,0
V7E005,43,1640045,random,random,0,48,0,0
V7E005,43,1640045,random,v3,1,100,0,0
V7E005,43,1640045,random,v7,0,48,0,0
V7E005,43,1640045,teacher,random,0,37,0,0
V7E005,43,1640045,teacher,v3,0,48,0,0
V7E005,43,1640045,teacher,v7,0,43,0,0
V7E005,43,1640046,random,random,1,100,0,0
V7E005,43,1640046,random,v3,1,100,0,0
V7E005,43,1640046,random,v7,1,100,0,0
V7E005,43,1640046,teacher,random,0,43,0,0
V7E005,43,1640046,teacher,v3,0,52,0,0
V7E005,43,1640046,teacher,v7,1,100,0,0
V7E005,43,1640047,random,random,1,100,0,1
V7E005,43,1640047,random,v3,1,100,0,0
V7E005,43,1640047,random,v7,1,100,0,1
V7E005,43,1640047,teacher,random,0,11,0,0
V7E005,43,1640047,teacher,v3,0,8,0,0
V7E005,43,1640047,teacher,v7,0,47,0,1
V7E005,43,1640048,random,random,1,100,1,0
V7E005,43,1640048,random,v3,1,100,0,0
V7E005,43,1640048,random,v7,1,100,0,0
V7E005,43,1640048,teacher,random,0,25,0,0
V7E005,43,1640048,teacher,v3,0,23,0,0
V7E005,43,1640048,teacher,v7,1,100,0,0
V7E005,43,1640049,random,random,1,100,2,0
V7E005,43,1640049,random,v3,1,100,0,0
V7E005,43,1640049,random,v7,0,61,0,0
V7E005,43,1640049,teacher,random,0,2,0,0
V7E005,43,1640049,teacher,v3,0,2,0,0
V7E005,43,1640049,teacher,v7,0,7,0,0
V7E005,43,1640050,random,random,0,93,0,0
V7E005,43,1640050,random,v3,1,100,0,0
V7E005,43,1640050,random,v7,0,92,0,0
V7E005,43,1640050,teacher,random,0,13,0,0
V7E005,43,1640050,teacher,v3,0,13,0,0
V7E005,43,1640050,teacher,v7,0,7,0,0
V7E005,43,1640051,random,random,0,50,1,0
V7E005,43,1640051,random,v3,1,100,0,0
V7E005,43,1640051,random,v7,0,30,0,0
V7E005,43,1640051,teacher,random,0,7,1,0
V7E005,43,1640051,teacher,v3,0,8,0,0
V7E005,43,1640051,teacher,v7,0,11,0,0
V7E005,43,1640052,random,random,0,21,0,0
V7E005,43,1640052,random,v3,0,57,0,0
V7E005,43,1640052,random,v7,0,69,0,0
V7E005,43,1640052,teacher,random,0,59,0,0
V7E005,43,1640052,teacher,v3,0,7,0,0
V7E005,43,1640052,teacher,v7,0,67,0,0
V7E005,43,1640053,random,random,1,100,2,0
V7E005,43,1640053,random,v3,1,100,0,0
V7E005,43,1640053,random,v7,1,100,0,0
V7E005,43,1640053,teacher,random,0,14,0,0
V7E005,43,1640053,teacher,v3,0,16,0,0
V7E005,43,1640053,teacher,v7,1,100,0,0
V7E005,43,1640054,random,random,1,100,0,0
V7E005,43,1640054,random,v3,1,100,0,0
V7E005,43,1640054,random,v7,1,100,0,0
V7E005,43,1640054,teacher,random,0,43,0,0
V7E005,43,1640054,teacher,v3,0,33,0,0
V7E005,43,1640054,teacher,v7,0,31,0,0
V7E005,43,1640055,random,random,0,7,0,0
V7E005,43,1640055,random,v3,0,8,0,0
V7E005,43,1640055,random,v7,0,18,0,0
V7E005,43,1640055,teacher,random,0,1,0,0
V7E005,43,1640055,teacher,v3,0,1,0,0
V7E005,43,1640055,teacher,v7,0,1,0,0
V7E005,43,1640056,random,random,0,64,3,0
V7E005,43,1640056,random,v3,1,100,0,0
V7E005,43,1640056,random,v7,1,100,0,0
V7E005,43,1640056,teacher,random,0,17,0,0
V7E005,43,1640056,teacher,v3,0,17,0,0
V7E005,43,1640056,teacher,v7,1,100,0,0
V7E005,43,1640057,random,random,1,100,2,0
V7E005,43,1640057,random,v3,1,100,0,0
V7E005,43,1640057,random,v7,1,100,0,0
V7E005,43,1640057,teacher,random,0,15,0,0
V7E005,43,1640057,teacher,v3,0,13,0,0
V7E005,43,1640057,teacher,v7,1,100,0,0
V7E005,43,1640058,random,random,1,100,0,1
V7E005,43,1640058,random,v3,1,100,0,0
V7E005,43,1640058,random,v7,1,100,0,1
V7E005,43,1640058,teacher,random,0,42,0,1
V7E005,43,1640058,teacher,v3,0,6,0,0
V7E005,43,1640058,teacher,v7,0,11,0,1
V7E005,43,1640059,random,random,0,88,0,0
V7E005,43,1640059,random,v3,1,100,0,1
V7E005,43,1640059,random,v7,1,100,0,1
V7E005,43,1640059,teacher,random,0,21,0,0
V7E005,43,1640059,teacher,v3,0,39,0,1
V7E005,43,1640059,teacher,v7,0,38,0,1
V7E005,43,1640060,random,random,0,5,0,0
V7E005,43,1640060,random,v3,0,9,0,0
V7E005,43,1640060,random,v7,0,73,0,0
V7E005,43,1640060,teacher,random,0,1,0,0
V7E005,43,1640060,teacher,v3,0,1,0,0
V7E005,43,1640060,teacher,v7,0,1,0,0
V7E005,43,1640061,random,random,0,66,2,0
V7E005,43,1640061,random,v3,0,3,0,0
V7E005,43,1640061,random,v7,0,3,0,0
V7E005,43,1640061,teacher,random,0,7,2,0
V7E005,43,1640061,teacher,v3,0,3,0,0
V7E005,43,1640061,teacher,v7,0,3,0,0
V7E005,43,1640062,random,random,0,89,0,1
V7E005,43,1640062,random,v3,1,100,0,0
V7E005,43,1640062,random,v7,1,100,0,0
V7E005,43,1640062,teacher,random,0,28,0,0
V7E005,43,1640062,teacher,v3,0,47,0,0
V7E005,43,1640062,teacher,v7,0,44,0,0
V7E005,43,1640063,random,random,1,100,2,1
V7E005,43,1640063,random,v3,1,100,0,0
V7E005,43,1640063,random,v7,1,100,0,0
V7E005,43,1640063,teacher,random,0,16,0,0
V7E005,43,1640063,teacher,v3,0,15,0,0
V7E005,43,1640063,teacher,v7,0,19,0,0
V7E005,43,1640064,random,random,0,78,0,0
V7E005,43,1640064,random,v3,0,68,0,0
V7E005,43,1640064,random,v7,0,66,0,0
V7E005,43,1640064,teacher,random,0,47,0,0
V7E005,43,1640064,teacher,v3,0,8,0,0
V7E005,43,1640064,teacher,v7,0,6,0,0
V7E005,43,1640065,random,random,1,100,0,0
V7E005,43,1640065,random,v3,1,100,0,0
V7E005,43,1640065,random,v7,0,4,0,1
V7E005,43,1640065,teacher,random,0,5,0,0
V7E005,43,1640065,teacher,v3,0,3,0,0
V7E005,43,1640065,teacher,v7,0,2,0,0
V7E005,43,1640066,random,random,1,100,2,0
V7E005,43,1640066,random,v3,1,100,0,0
V7E005,43,1640066,random,v7,1,100,0,0
V7E005,43,1640066,teacher,random,0,11,2,0
V7E005,43,1640066,teacher,v3,0,16,0,0
V7E005,43,1640066,teacher,v7,1,100,0,0
V7E005,43,1640067,random,random,0,91,2,0
V7E005,43,1640067,random,v3,1,100,0,0
V7E005,43,1640067,random,v7,1,100,0,0
V7E005,43,1640067,teacher,random,0,13,0,0
V7E005,43,1640067,teacher,v3,0,15,0,0
V7E005,43,1640067,teacher,v7,0,16,0,0
V7E005,43,1640068,random,random,1,100,2,0
V7E005,43,1640068,random,v3,1,100,0,0
V7E005,43,1640068,random,v7,1,100,0,0
V7E005,43,1640068,teacher,random,0,14,0,0
V7E005,43,1640068,teacher,v3,0,11,0,0
V7E005,43,1640068,teacher,v7,1,100,0,0
V7E005,43,1640069,random,random,1,100,2,0
V7E005,43,1640069,random,v3,1,100,0,0
V7E005,43,1640069,random,v7,1,100,0,0
V7E005,43,1640069,teacher,random,0,2,0,0
V7E005,43,1640069,teacher,v3,0,2,0,0
V7E005,43,1640069,teacher,v7,0,2,0,0
V7E005,43,1640070,random,random,0,70,2,0
V7E005,43,1640070,random,v3,0,57,0,0
V7E005,43,1640070,random,v7,1,100,0,0
V7E005,43,1640070,teacher,random,0,9,1,0
V7E005,43,1640070,teacher,v3,0,5,0,0
V7E005,43,1640070,teacher,v7,0,5,0,0
V7E005,43,1640071,random,random,1,100,0,0
V7E005,43,1640071,random,v3,1,100,0,0
V7E005,43,1640071,random,v7,1,100,0,0
V7E005,43,1640071,teacher,random,0,34,0,0
V7E005,43,1640071,teacher,v3,0,25,0,0
V7E005,43,1640071,teacher,v7,0,24,0,0
V7E005,43,1640072,random,random,0,60,0,0
V7E005,43,1640072,random,v3,1,100,0,0
V7E005,43,1640072,random,v7,0,75,0,0
V7E005,43,1640072,teacher,random,0,11,0,0
V7E005,43,1640072,teacher,v3,0,12,0,0
V7E005,43,1640072,teacher,v7,0,6,0,0
V7E005,43,1640073,random,random,0,3,0,0
V7E005,43,1640073,random,v3,1,100,0,0
V7E005,43,1640073,random,v7,0,3,0,0
V7E005,43,1640073,teacher,random,0,2,0,0
V7E005,43,1640073,teacher,v3,0,3,0,0
V7E005,43,1640073,teacher,v7,0,2,0,0
V7E005,43,1640074,random,random,1,100,0,0
V7E005,43,1640074,random,v3,1,100,0,0
V7E005,43,1640074,random,v7,0,23,0,0
V7E005,43,1640074,teacher,random,0,10,0,0
V7E005,43,1640074,teacher,v3,0,8,0,0
V7E005,43,1640074,teacher,v7,0,4,0,0
V7E005,43,1640075,random,random,1,100,2,0
V7E005,43,1640075,random,v3,1,100,0,0
V7E005,43,1640075,random,v7,1,100,0,0
V7E005,43,1640075,teacher,random,0,17,2,0
V7E005,43,1640075,teacher,v3,0,22,0,0
V7E005,43,1640075,teacher,v7,0,25,0,0
V7E005,43,1640076,random,random,1,100,2,0
V7E005,43,1640076,random,v3,1,100,0,0
V7E005,43,1640076,random,v7,1,100,0,0
V7E005,43,1640076,teacher,random,0,15,1,0
V7E005,43,1640076,teacher,v3,0,15,0,0
V7E005,43,1640076,teacher,v7,1,100,0,0
V7E005,43,1640077,random,random,0,5,0,0
V7E005,43,1640077,random,v3,1,100,0,0
V7E005,43,1640077,random,v7,0,78,0,0
V7E005,43,1640077,teacher,random,0,2,0,0
V7E005,43,1640077,teacher,v3,0,6,0,0
V7E005,43,1640077,teacher,v7,0,11,0,0
V7E005,43,1640078,random,random,1,100,0,1
V7E005,43,1640078,random,v3,0,72,0,0
V7E005,43,1640078,random,v7,1,100,0,1
V7E005,43,1640078,teacher,random,0,13,0,0
V7E005,43,1640078,teacher,v3,0,11,0,0
V7E005,43,1640078,teacher,v7,0,22,0,1
V7E005,43,1640079,random,random,0,26,2,0
V7E005,43,1640079,random,v3,0,32,0,0
V7E005,43,1640079,random,v7,0,4,0,0
V7E005,43,1640079,teacher,random,0,4,0,0
V7E005,43,1640079,teacher,v3,0,5,0,0
V7E005,43,1640079,teacher,v7,0,3,0,0
V7E005,43,1640080,random,random,0,70,0,0
V7E005,43,1640080,random,v3,0,86,0,0
V7E005,43,1640080,random,v7,0,57,0,0
V7E005,43,1640080,teacher,random,0,1,0,0
V7E005,43,1640080,teacher,v3,0,3,0,0
V7E005,43,1640080,teacher,v7,0,2,0,0
V7E005,43,1640081,random,random,0,32,0,0
V7E005,43,1640081,random,v3,1,100,0,0
V7E005,43,1640081,random,v7,1,100,0,0
V7E005,43,1640081,teacher,random,0,29,0,0
V7E005,43,1640081,teacher,v3,0,43,0,0
V7E005,43,1640081,teacher,v7,0,43,0,0
V7E005,43,1640082,random,random,0,97,0,0
V7E005,43,1640082,random,v3,0,69,0,0
V7E005,43,1640082,random,v7,0,68,0,0
V7E005,43,1640082,teacher,random,0,41,0,0
V7E005,43,1640082,teacher,v3,0,51,0,0
V7E005,43,1640082,teacher,v7,0,43,0,0
V7E005,43,1640083,random,random,0,2,0,0
V7E005,43,1640083,random,v3,0,7,0,0
V7E005,43,1640083,random,v7,1,100,0,1
V7E005,43,1640083,teacher,random,0,1,0,0
V7E005,43,1640083,teacher,v3,0,1,0,0
V7E005,43,1640083,teacher,v7,0,1,0,0
V7E005,43,1640084,random,random,0,3,0,0
V7E005,43,1640084,random,v3,0,14,0,0
V7E005,43,1640084,random,v7,0,15,0,0
V7E005,43,1640084,teacher,random,0,2,0,0
V7E005,43,1640084,teacher,v3,0,10,0,0
V7E005,43,1640084,teacher,v7,1,100,0,0
V7E005,43,1640085,random,random,1,100,0,0
V7E005,43,1640085,random,v3,1,100,0,0
V7E005,43,1640085,random,v7,1,100,0,0
V7E005,43,1640085,teacher,random,0,2,0,0
V7E005,43,1640085,teacher,v3,0,3,0,0
V7E005,43,1640085,teacher,v7,0,2,0,0
V7E005,43,1640086,random,random,0,58,0,1
V7E005,43,1640086,random,v3,1,100,0,0
V7E005,43,1640086,random,v7,0,41,0,0
V7E005,43,1640086,teacher,random,0,6,0,0
V7E005,43,1640086,teacher,v3,0,6,0,0
V7E005,43,1640086,teacher,v7,0,4,0,0
V7E005,43,1640087,random,random,0,42,0,0
V7E005,43,1640087,random,v3,0,91,0,0
V7E005,43,1640087,random,v7,0,81,0,0
V7E005,43,1640087,teacher,random,0,4,0,0
V7E005,43,1640087,teacher,v3,0,4,0,0
V7E005,43,1640087,teacher,v7,0,2,0,0
V7E005,43,1640088,random,random,0,46,0,0
V7E005,43,1640088,random,v3,1,100,0,0
V7E005,43,1640088,random,v7,1,100,0,0
V7E005,43,1640088,teacher,random,0,29,0,0
V7E005,43,1640088,teacher,v3,0,46,0,0
V7E005,43,1640088,teacher,v7,0,44,0,0
V7E005,43,1640089,random,random,0,6,0,0
V7E005,43,1640089,random,v3,0,2,0,0
V7E005,43,1640089,random,v7,0,2,0,0
V7E005,43,1640089,teacher,random,0,1,0,0
V7E005,43,1640089,teacher,v3,0,1,0,0
V7E005,43,1640089,teacher,v7,0,1,0,0
V7E005,43,1640090,random,random,0,31,0,0
V7E005,43,1640090,random,v3,0,3,0,0
V7E005,43,1640090,random,v7,0,3,0,0
V7E005,43,1640090,teacher,random,0,2,0,0
V7E005,43,1640090,teacher,v3,0,2,0,0
V7E005,43,1640090,teacher,v7,0,2,0,0
V7E005,43,1640091,random,random,1,100,0,0
V7E005,43,1640091,random,v3,1,100,0,0
V7E005,43,1640091,random,v7,1,100,0,0
V7E005,43,1640091,teacher,random,0,30,0,0
V7E005,43,1640091,teacher,v3,0,21,0,0
V7E005,43,1640091,teacher,v7,0,20,0,0
V7E005,43,1640092,random,random,1,100,0,0
V7E005,43,1640092,random,v3,1,100,0,0
V7E005,43,1640092,random,v7,1,100,0,0
V7E005,43,1640092,teacher,random,0,13,0,0
V7E005,43,1640092,teacher,v3,0,15,0,0
V7E005,43,1640092,teacher,v7,0,15,0,0
V7E005,43,1640093,random,random,0,56,0,0
V7E005,43,1640093,random,v3,1,100,0,0
V7E005,43,1640093,random,v7,1,100,0,0
V7E005,43,1640093,teacher,random,0,11,0,0
V7E005,43,1640093,teacher,v3,0,21,0,0
V7E005,43,1640093,teacher,v7,0,15,0,0
V7E005,43,1640094,random,random,1,100,0,0
V7E005,43,1640094,random,v3,1,100,0,0
V7E005,43,1640094,random,v7,1,100,0,0
V7E005,43,1640094,teacher,random,0,24,0,0
V7E005,43,1640094,teacher,v3,0,32,0,0
V7E005,43,1640094,teacher,v7,0,30,0,0
V7E005,43,1640095,random,random,1,100,0,0
V7E005,43,1640095,random,v3,1,100,0,0
V7E005,43,1640095,random,v7,1,100,0,0
V7E005,43,1640095,teacher,random,0,14,0,0
V7E005,43,1640095,teacher,v3,0,15,0,0
V7E005,43,1640095,teacher,v7,0,15,0,0
V7E005,43,1640096,random,random,1,100,0,0
V7E005,43,1640096,random,v3,1,100,0,0
V7E005,43,1640096,random,v7,1,100,0,0
V7E005,43,1640096,teacher,random,0,21,0,0
V7E005,43,1640096,teacher,v3,0,20,0,0
V7E005,43,1640096,teacher,v7,0,23,0,0
V7E005,43,1640097,random,random,1,100,1,0
V7E005,43,1640097,random,v3,1,100,0,0
V7E005,43,1640097,random,v7,1,100,0,0
V7E005,43,1640097,teacher,random,0,13,0,0
V7E005,43,1640097,teacher,v3,0,15,0,0
V7E005,43,1640097,teacher,v7,1,100,0,0
V7E005,43,1640098,random,random,0,17,0,0
V7E005,43,1640098,random,v3,1,100,0,0
V7E005,43,1640098,random,v7,1,100,0,0
V7E005,43,1640098,teacher,random,0,1,0,0
V7E005,43,1640098,teacher,v3,0,1,0,0
V7E005,43,1640098,teacher,v7,0,1,0,0
V7E005,43,1640099,random,random,0,22,0,0
V7E005,43,1640099,random,v3,0,79,0,0
V7E005,43,1640099,random,v7,0,30,0,0
V7E005,43,1640099,teacher,random,0,3,0,0
V7E005,43,1640099,teacher,v3,0,6,0,0
V7E005,43,1640099,teacher,v7,0,4,0,0
V7E006,43,1650000,random,random,0,2,0,0
V7E006,43,1650000,random,v3,0,15,0,0
V7E006,43,1650000,random,v7,0,5,0,0
V7E006,43,1650000,teacher,random,0,1,0,0
V7E006,43,1650000,teacher,v3,0,1,0,0
V7E006,43,1650000,teacher,v7,0,1,0,0
V7E006,43,1650001,random,random,1,100,0,1
V7E006,43,1650001,random,v3,1,100,0,0
V7E006,43,1650001,random,v7,1,100,0,0
V7E006,43,1650001,teacher,random,0,26,0,0
V7E006,43,1650001,teacher,v3,0,35,0,0
V7E006,43,1650001,teacher,v7,0,32,0,0
V7E006,43,1650002,random,random,1,100,0,1
V7E006,43,1650002,random,v3,1,100,0,0
V7E006,43,1650002,random,v7,1,100,0,0
V7E006,43,1650002,teacher,random,0,37,0,0
V7E006,43,1650002,teacher,v3,0,30,0,0
V7E006,43,1650002,teacher,v7,1,100,0,1
V7E006,43,1650003,random,random,0,33,0,0
V7E006,43,1650003,random,v3,0,59,0,0
V7E006,43,1650003,random,v7,1,100,0,0
V7E006,43,1650003,teacher,random,0,51,0,0
V7E006,43,1650003,teacher,v3,0,39,0,0
V7E006,43,1650003,teacher,v7,1,100,0,0
V7E006,43,1650004,random,random,1,100,1,0
V7E006,43,1650004,random,v3,1,100,0,0
V7E006,43,1650004,random,v7,1,100,0,0
V7E006,43,1650004,teacher,random,0,22,0,0
V7E006,43,1650004,teacher,v3,0,21,0,0
V7E006,43,1650004,teacher,v7,1,100,0,0
V7E006,43,1650005,random,random,1,100,1,0
V7E006,43,1650005,random,v3,1,100,2,0
V7E006,43,1650005,random,v7,1,100,2,0
V7E006,43,1650005,teacher,random,0,15,0,0
V7E006,43,1650005,teacher,v3,0,11,2,0
V7E006,43,1650005,teacher,v7,0,12,2,0
V7E006,43,1650006,random,random,0,1,0,0
V7E006,43,1650006,random,v3,0,1,0,0
V7E006,43,1650006,random,v7,0,1,0,0
V7E006,43,1650006,teacher,random,0,1,0,0
V7E006,43,1650006,teacher,v3,0,1,0,0
V7E006,43,1650006,teacher,v7,0,1,0,0
V7E006,43,1650007,random,random,1,100,0,0
V7E006,43,1650007,random,v3,1,100,0,0
V7E006,43,1650007,random,v7,0,71,0,0
V7E006,43,1650007,teacher,random,0,12,0,0
V7E006,43,1650007,teacher,v3,0,13,0,0
V7E006,43,1650007,teacher,v7,0,7,0,0
V7E006,43,1650008,random,random,0,50,0,0
V7E006,43,1650008,random,v3,1,100,0,0
V7E006,43,1650008,random,v7,1,100,0,0
V7E006,43,1650008,teacher,random,0,17,0,0
V7E006,43,1650008,teacher,v3,0,20,0,0
V7E006,43,1650008,teacher,v7,1,100,0,0
V7E006,43,1650009,random,random,1,100,0,1
V7E006,43,1650009,random,v3,1,100,0,0
V7E006,43,1650009,random,v7,1,100,0,0
V7E006,43,1650009,teacher,random,0,28,0,0
V7E006,43,1650009,teacher,v3,0,23,0,0
V7E006,43,1650009,teacher,v7,0,29,0,0
V7E006,43,1650010,random,random,1,100,1,0
V7E006,43,1650010,random,v3,1,100,0,0
V7E006,43,1650010,random,v7,1,100,0,0
V7E006,43,1650010,teacher,random,0,15,0,0
V7E006,43,1650010,teacher,v3,0,27,0,0
V7E006,43,1650010,teacher,v7,1,100,0,0
V7E006,43,1650011,random,random,0,43,2,0
V7E006,43,1650011,random,v3,1,100,0,0
V7E006,43,1650011,random,v7,0,17,0,0
V7E006,43,1650011,teacher,random,0,22,0,0
V7E006,43,1650011,teacher,v3,1,100,0,0
V7E006,43,1650011,teacher,v7,1,100,0,0
V7E006,43,1650012,random,random,0,20,0,0
V7E006,43,1650012,random,v3,0,17,0,0
V7E006,43,1650012,random,v7,0,9,0,0
V7E006,43,1650012,teacher,random,0,33,0,0
V7E006,43,1650012,teacher,v3,0,31,0,0
V7E006,43,1650012,teacher,v7,1,100,0,0
V7E006,43,1650013,random,random,0,38,0,0
V7E006,43,1650013,random,v3,1,100,0,0
V7E006,43,1650013,random,v7,0,7,0,0
V7E006,43,1650013,teacher,random,0,2,0,0
V7E006,43,1650013,teacher,v3,0,2,0,0
V7E006,43,1650013,teacher,v7,0,2,0,0
V7E006,43,1650014,random,random,0,90,0,2
V7E006,43,1650014,random,v3,1,100,0,0
V7E006,43,1650014,random,v7,1,100,0,0
V7E006,43,1650014,teacher,random,0,10,0,0
V7E006,43,1650014,teacher,v3,0,19,0,0
V7E006,43,1650014,teacher,v7,1,100,0,0
V7E006,43,1650015,random,random,1,100,0,1
V7E006,43,1650015,random,v3,1,100,0,0
V7E006,43,1650015,random,v7,1,100,0,0
V7E006,43,1650015,teacher,random,0,22,0,0
V7E006,43,1650015,teacher,v3,0,21,0,0
V7E006,43,1650015,teacher,v7,1,100,0,0
V7E006,43,1650016,random,random,0,18,0,0
V7E006,43,1650016,random,v3,0,2,0,0
V7E006,43,1650016,random,v7,0,2,0,0
V7E006,43,1650016,teacher,random,0,2,0,0
V7E006,43,1650016,teacher,v3,0,4,0,0
V7E006,43,1650016,teacher,v7,1,100,0,0
V7E006,43,1650017,random,random,0,15,0,0
V7E006,43,1650017,random,v3,1,100,0,0
V7E006,43,1650017,random,v7,0,5,0,0
V7E006,43,1650017,teacher,random,0,3,0,0
V7E006,43,1650017,teacher,v3,0,4,0,0
V7E006,43,1650017,teacher,v7,0,3,0,0
V7E006,43,1650018,random,random,1,100,0,1
V7E006,43,1650018,random,v3,1,100,0,0
V7E006,43,1650018,random,v7,1,100,0,0
V7E006,43,1650018,teacher,random,0,24,0,1
V7E006,43,1650018,teacher,v3,0,33,0,0
V7E006,43,1650018,teacher,v7,0,30,0,0
V7E006,43,1650019,random,random,0,34,2,0
V7E006,43,1650019,random,v3,1,100,0,0
V7E006,43,1650019,random,v7,1,100,0,0
V7E006,43,1650019,teacher,random,0,9,2,0
V7E006,43,1650019,teacher,v3,1,100,0,0
V7E006,43,1650019,teacher,v7,1,100,0,0
V7E006,43,1650020,random,random,1,100,0,0
V7E006,43,1650020,random,v3,1,100,0,0
V7E006,43,1650020,random,v7,0,16,0,0
V7E006,43,1650020,teacher,random,0,19,0,0
V7E006,43,1650020,teacher,v3,0,37,0,0
V7E006,43,1650020,teacher,v7,0,9,0,0
V7E006,43,1650021,random,random,0,39,2,0
V7E006,43,1650021,random,v3,1,100,0,0
V7E006,43,1650021,random,v7,1,100,0,0
V7E006,43,1650021,teacher,random,0,15,2,0
V7E006,43,1650021,teacher,v3,0,4,0,0
V7E006,43,1650021,teacher,v7,0,4,0,0
V7E006,43,1650022,random,random,1,100,3,0
V7E006,43,1650022,random,v3,1,100,0,0
V7E006,43,1650022,random,v7,1,100,0,0
V7E006,43,1650022,teacher,random,0,11,0,0
V7E006,43,1650022,teacher,v3,0,8,0,0
V7E006,43,1650022,teacher,v7,0,11,0,0
V7E006,43,1650023,random,random,1,100,0,0
V7E006,43,1650023,random,v3,1,100,0,0
V7E006,43,1650023,random,v7,1,100,0,0
V7E006,43,1650023,teacher,random,0,24,0,0
V7E006,43,1650023,teacher,v3,0,22,0,0
V7E006,43,1650023,teacher,v7,0,22,0,0
V7E006,43,1650024,random,random,1,100,0,1
V7E006,43,1650024,random,v3,1,100,0,0
V7E006,43,1650024,random,v7,1,100,0,0
V7E006,43,1650024,teacher,random,0,5,0,0
V7E006,43,1650024,teacher,v3,0,4,0,0
V7E006,43,1650024,teacher,v7,1,100,0,0
V7E006,43,1650025,random,random,1,100,1,0
V7E006,43,1650025,random,v3,1,100,0,0
V7E006,43,1650025,random,v7,1,100,0,0
V7E006,43,1650025,teacher,random,0,10,1,0
V7E006,43,1650025,teacher,v3,0,13,0,0
V7E006,43,1650025,teacher,v7,1,100,0,0
V7E006,43,1650026,random,random,0,8,0,0
V7E006,43,1650026,random,v3,1,100,0,0
V7E006,43,1650026,random,v7,0,9,0,0
V7E006,43,1650026,teacher,random,0,3,0,0
V7E006,43,1650026,teacher,v3,0,4,0,0
V7E006,43,1650026,teacher,v7,0,3,0,0
V7E006,43,1650027,random,random,1,100,2,0
V7E006,43,1650027,random,v3,0,20,0,0
V7E006,43,1650027,random,v7,0,52,0,0
V7E006,43,1650027,teacher,random,0,21,0,0
V7E006,43,1650027,teacher,v3,0,35,0,0
V7E006,43,1650027,teacher,v7,1,100,0,0
V7E006,43,1650028,random,random,1,100,0,0
V7E006,43,1650028,random,v3,1,100,0,0
V7E006,43,1650028,random,v7,1,100,0,0
V7E006,43,1650028,teacher,random,0,25,0,0
V7E006,43,1650028,teacher,v3,0,26,0,0
V7E006,43,1650028,teacher,v7,0,20,0,0
V7E006,43,1650029,random,random,0,83,0,1
V7E006,43,1650029,random,v3,1,100,0,0
V7E006,43,1650029,random,v7,1,100,0,0
V7E006,43,1650029,teacher,random,0,19,0,0
V7E006,43,1650029,teacher,v3,0,15,0,0
V7E006,43,1650029,teacher,v7,0,21,0,0
V7E006,43,1650030,random,random,0,5,0,0
V7E006,43,1650030,random,v3,0,10,0,0
V7E006,43,1650030,random,v7,0,10,0,0
V7E006,43,1650030,teacher,random,0,5,0,0
V7E006,43,1650030,teacher,v3,0,6,0,0
V7E006,43,1650030,teacher,v7,0,6,0,0
V7E006,43,1650031,random,random,0,4,0,0
V7E006,43,1650031,random,v3,1,100,0,0
V7E006,43,1650031,random,v7,0,70,0,0
V7E006,43,1650031,teacher,random,0,5,0,0
V7E006,43,1650031,teacher,v3,0,11,0,0
V7E006,43,1650031,teacher,v7,0,12,0,0
V7E006,43,1650032,random,random,0,15,0,0
V7E006,43,1650032,random,v3,1,100,0,0
V7E006,43,1650032,random,v7,0,4,0,0
V7E006,43,1650032,teacher,random,0,26,0,0
V7E006,43,1650032,teacher,v3,0,27,0,0
V7E006,43,1650032,teacher,v7,1,100,0,0
V7E006,43,1650033,random,random,0,89,0,3
V7E006,43,1650033,random,v3,1,100,0,0
V7E006,43,1650033,random,v7,1,100,0,0
V7E006,43,1650033,teacher,random,0,7,0,0
V7E006,43,1650033,teacher,v3,0,37,0,0
V7E006,43,1650033,teacher,v7,1,100,0,0
V7E006,43,1650034,random,random,1,100,2,0
V7E006,43,1650034,random,v3,0,5,0,0
V7E006,43,1650034,random,v7,0,25,0,0
V7E006,43,1650034,teacher,random,0,33,0,0
V7E006,43,1650034,teacher,v3,0,6,0,0
V7E006,43,1650034,teacher,v7,1,100,0,0
V7E006,43,1650035,random,random,0,8,0,0
V7E006,43,1650035,random,v3,0,17,0,0
V7E006,43,1650035,random,v7,0,12,0,0
V7E006,43,1650035,teacher,random,0,17,0,0
V7E006,43,1650035,teacher,v3,0,43,0,0
V7E006,43,1650035,teacher,v7,0,43,0,0
V7E006,43,1650036,random,random,0,8,0,0
V7E006,43,1650036,random,v3,1,100,0,0
V7E006,43,1650036,random,v7,0,4,0,0
V7E006,43,1650036,teacher,random,0,5,0,0
V7E006,43,1650036,teacher,v3,0,5,0,0
V7E006,43,1650036,teacher,v7,0,3,0,0
V7E006,43,1650037,random,random,0,43,0,0
V7E006,43,1650037,random,v3,1,100,0,0
V7E006,43,1650037,random,v7,1,100,0,0
V7E006,43,1650037,teacher,random,0,24,0,0
V7E006,43,1650037,teacher,v3,0,22,0,0
V7E006,43,1650037,teacher,v7,0,21,0,0
V7E006,43,1650038,random,random,1,100,0,0
V7E006,43,1650038,random,v3,1,100,0,0
V7E006,43,1650038,random,v7,1,100,0,0
V7E006,43,1650038,teacher,random,0,28,0,0
V7E006,43,1650038,teacher,v3,0,13,0,0
V7E006,43,1650038,teacher,v7,1,100,0,0
V7E006,43,1650039,random,random,1,100,0,0
V7E006,43,1650039,random,v3,1,100,0,0
V7E006,43,1650039,random,v7,1,100,0,0
V7E006,43,1650039,teacher,random,0,38,0,0
V7E006,43,1650039,teacher,v3,0,32,0,0
V7E006,43,1650039,teacher,v7,1,100,0,0
V7E006,43,1650040,random,random,0,63,2,0
V7E006,43,1650040,random,v3,1,100,0,0
V7E006,43,1650040,random,v7,1,100,0,0
V7E006,43,1650040,teacher,random,0,23,1,0
V7E006,43,1650040,teacher,v3,0,11,0,0
V7E006,43,1650040,teacher,v7,1,100,0,0
V7E006,43,1650041,random,random,1,100,0,3
V7E006,43,1650041,random,v3,1,100,0,0
V7E006,43,1650041,random,v7,1,100,0,0
V7E006,43,1650041,teacher,random,0,37,0,2
V7E006,43,1650041,teacher,v3,0,31,0,0
V7E006,43,1650041,teacher,v7,0,37,0,0
V7E006,43,1650042,random,random,1,100,0,0
V7E006,43,1650042,random,v3,1,100,0,0
V7E006,43,1650042,random,v7,1,100,0,0
V7E006,43,1650042,teacher,random,0,24,0,0
V7E006,43,1650042,teacher,v3,0,24,0,0
V7E006,43,1650042,teacher,v7,1,100,0,0
V7E006,43,1650043,random,random,1,100,0,0
V7E006,43,1650043,random,v3,1,100,0,0
V7E006,43,1650043,random,v7,1,100,0,0
V7E006,43,1650043,teacher,random,0,23,0,0
V7E006,43,1650043,teacher,v3,1,100,0,0
V7E006,43,1650043,teacher,v7,0,15,0,0
V7E006,43,1650044,random,random,0,8,0,0
V7E006,43,1650044,random,v3,0,7,0,0
V7E006,43,1650044,random,v7,0,2,0,0
V7E006,43,1650044,teacher,random,0,2,0,0
V7E006,43,1650044,teacher,v3,0,2,0,0
V7E006,43,1650044,teacher,v7,0,1,0,0
V7E006,43,1650045,random,random,0,10,0,0
V7E006,43,1650045,random,v3,0,20,0,0
V7E006,43,1650045,random,v7,0,4,0,0
V7E006,43,1650045,teacher,random,0,5,0,0
V7E006,43,1650045,teacher,v3,0,4,0,0
V7E006,43,1650045,teacher,v7,0,3,0,0
V7E006,43,1650046,random,random,0,29,0,0
V7E006,43,1650046,random,v3,1,100,0,0
V7E006,43,1650046,random,v7,1,100,0,0
V7E006,43,1650046,teacher,random,0,7,0,0
V7E006,43,1650046,teacher,v3,0,9,0,0
V7E006,43,1650046,teacher,v7,0,9,0,0
V7E006,43,1650047,random,random,0,2,0,0
V7E006,43,1650047,random,v3,0,2,0,0
V7E006,43,1650047,random,v7,0,2,0,0
V7E006,43,1650047,teacher,random,0,1,0,0
V7E006,43,1650047,teacher,v3,0,1,0,0
V7E006,43,1650047,teacher,v7,0,1,0,0
V7E006,43,1650048,random,random,1,100,2,0
V7E006,43,1650048,random,v3,1,100,0,0
V7E006,43,1650048,random,v7,1,100,0,0
V7E006,43,1650048,teacher,random,0,20,2,0
V7E006,43,1650048,teacher,v3,0,12,0,0
V7E006,43,1650048,teacher,v7,0,12,0,0
V7E006,43,1650049,random,random,0,9,0,0
V7E006,43,1650049,random,v3,0,9,0,0
V7E006,43,1650049,random,v7,1,100,0,0
V7E006,43,1650049,teacher,random,0,3,0,0
V7E006,43,1650049,teacher,v3,0,3,0,0
V7E006,43,1650049,teacher,v7,0,2,0,0
V7E006,43,1650050,random,random,1,100,1,0
V7E006,43,1650050,random,v3,1,100,0,0
V7E006,43,1650050,random,v7,1,100,0,0
V7E006,43,1650050,teacher,random,0,31,0,0
V7E006,43,1650050,teacher,v3,0,33,0,0
V7E006,43,1650050,teacher,v7,0,32,0,0
V7E006,43,1650051,random,random,1,100,2,0
V7E006,43,1650051,random,v3,1,100,0,0
V7E006,43,1650051,random,v7,0,96,0,0
V7E006,43,1650051,teacher,random,0,14,1,0
V7E006,43,1650051,teacher,v3,0,21,0,0
V7E006,43,1650051,teacher,v7,1,100,0,0
V7E006,43,1650052,random,random,1,100,2,1
V7E006,43,1650052,random,v3,1,100,0,0
V7E006,43,1650052,random,v7,1,100,0,0
V7E006,43,1650052,teacher,random,0,12,0,1
V7E006,43,1650052,teacher,v3,0,5,0,0
V7E006,43,1650052,teacher,v7,1,100,0,0
V7E006,43,1650053,random,random,0,83,0,0
V7E006,43,1650053,random,v3,1,100,0,0
V7E006,43,1650053,random,v7,1,100,0,0
V7E006,43,1650053,teacher,random,0,5,0,0
V7E006,43,1650053,teacher,v3,0,3,0,0
V7E006,43,1650053,teacher,v7,0,3,0,0
V7E006,43,1650054,random,random,1,100,0,0
V7E006,43,1650054,random,v3,1,100,0,0
V7E006,43,1650054,random,v7,1,100,0,0
V7E006,43,1650054,teacher,random,0,24,0,0
V7E006,43,1650054,teacher,v3,0,26,0,0
V7E006,43,1650054,teacher,v7,1,100,0,0
V7E006,43,1650055,random,random,1,100,2,0
V7E006,43,1650055,random,v3,1,100,0,0
V7E006,43,1650055,random,v7,1,100,0,0
V7E006,43,1650055,teacher,random,0,6,0,0
V7E006,43,1650055,teacher,v3,0,7,0,0
V7E006,43,1650055,teacher,v7,1,100,0,0
V7E006,43,1650056,random,random,0,40,5,0
V7E006,43,1650056,random,v3,1,100,0,0
V7E006,43,1650056,random,v7,1,100,0,0
V7E006,43,1650056,teacher,random,0,18,1,0
V7E006,43,1650056,teacher,v3,0,25,0,0
V7E006,43,1650056,teacher,v7,1,100,0,0
V7E006,43,1650057,random,random,1,100,0,1
V7E006,43,1650057,random,v3,0,7,0,0
V7E006,43,1650057,random,v7,1,100,0,0
V7E006,43,1650057,teacher,random,0,9,0,0
V7E006,43,1650057,teacher,v3,0,4,0,0
V7E006,43,1650057,teacher,v7,0,4,0,0
V7E006,43,1650058,random,random,0,67,0,0
V7E006,43,1650058,random,v3,0,5,0,0
V7E006,43,1650058,random,v7,0,5,0,0
V7E006,43,1650058,teacher,random,0,8,0,0
V7E006,43,1650058,teacher,v3,0,4,0,0
V7E006,43,1650058,teacher,v7,0,4,0,0
V7E006,43,1650059,random,random,1,100,0,1
V7E006,43,1650059,random,v3,1,100,0,0
V7E006,43,1650059,random,v7,1,100,0,0
V7E006,43,1650059,teacher,random,0,20,0,0
V7E006,43,1650059,teacher,v3,0,21,0,0
V7E006,43,1650059,teacher,v7,1,100,0,0
V7E006,43,1650060,random,random,1,100,0,1
V7E006,43,1650060,random,v3,1,100,0,0
V7E006,43,1650060,random,v7,1,100,0,0
V7E006,43,1650060,teacher,random,0,29,0,1
V7E006,43,1650060,teacher,v3,0,23,0,0
V7E006,43,1650060,teacher,v7,1,100,0,0
V7E006,43,1650061,random,random,1,100,0,1
V7E006,43,1650061,random,v3,1,100,0,0
V7E006,43,1650061,random,v7,1,100,0,0
V7E006,43,1650061,teacher,random,0,38,0,1
V7E006,43,1650061,teacher,v3,0,38,0,0
V7E006,43,1650061,teacher,v7,1,100,0,0
V7E006,43,1650062,random,random,1,100,0,0
V7E006,43,1650062,random,v3,0,7,0,0
V7E006,43,1650062,random,v7,1,100,0,0
V7E006,43,1650062,teacher,random,0,11,0,0
V7E006,43,1650062,teacher,v3,0,4,0,0
V7E006,43,1650062,teacher,v7,0,4,0,0
V7E006,43,1650063,random,random,1,100,0,1
V7E006,43,1650063,random,v3,1,100,0,0
V7E006,43,1650063,random,v7,0,21,0,0
V7E006,43,1650063,teacher,random,0,11,1,0
V7E006,43,1650063,teacher,v3,0,18,0,0
V7E006,43,1650063,teacher,v7,1,100,0,0
V7E006,43,1650064,random,random,1,100,2,0
V7E006,43,1650064,random,v3,1,100,0,0
V7E006,43,1650064,random,v7,1,100,0,0
V7E006,43,1650064,teacher,random,0,14,1,0
V7E006,43,1650064,teacher,v3,1,100,0,0
V7E006,43,1650064,teacher,v7,1,100,0,0
V7E006,43,1650065,random,random,1,100,2,0
V7E006,43,1650065,random,v3,0,9,0,0
V7E006,43,1650065,random,v7,1,100,0,0
V7E006,43,1650065,teacher,random,0,4,0,0
V7E006,43,1650065,teacher,v3,0,4,0,0
V7E006,43,1650065,teacher,v7,0,4,0,0
V7E006,43,1650066,random,random,1,100,0,0
V7E006,43,1650066,random,v3,1,100,0,0
V7E006,43,1650066,random,v7,1,100,0,0
V7E006,43,1650066,teacher,random,0,35,0,0
V7E006,43,1650066,teacher,v3,0,26,0,0
V7E006,43,1650066,teacher,v7,0,25,0,0
V7E006,43,1650067,random,random,0,28,2,0
V7E006,43,1650067,random,v3,1,100,0,0
V7E006,43,1650067,random,v7,1,100,0,0
V7E006,43,1650067,teacher,random,0,20,0,0
V7E006,43,1650067,teacher,v3,0,28,0,0
V7E006,43,1650067,teacher,v7,1,100,0,0
V7E006,43,1650068,random,random,0,1,0,0
V7E006,43,1650068,random,v3,0,1,0,0
V7E006,43,1650068,random,v7,0,1,0,0
V7E006,43,1650068,teacher,random,0,1,0,0
V7E006,43,1650068,teacher,v3,0,1,0,0
V7E006,43,1650068,teacher,v7,0,1,0,0
V7E006,43,1650069,random,random,1,100,2,1
V7E006,43,1650069,random,v3,1,100,0,0
V7E006,43,1650069,random,v7,1,100,0,0
V7E006,43,1650069,teacher,random,0,17,0,1
V7E006,43,1650069,teacher,v3,0,12,0,0
V7E006,43,1650069,teacher,v7,0,30,0,0
V7E006,43,1650070,random,random,1,100,0,0
V7E006,43,1650070,random,v3,1,100,0,0
V7E006,43,1650070,random,v7,1,100,0,0
V7E006,43,1650070,teacher,random,0,20,0,0
V7E006,43,1650070,teacher,v3,0,19,0,0
V7E006,43,1650070,teacher,v7,1,100,0,0
V7E006,43,1650071,random,random,1,100,0,0
V7E006,43,1650071,random,v3,1,100,0,0
V7E006,43,1650071,random,v7,1,100,0,0
V7E006,43,1650071,teacher,random,0,34,0,0
V7E006,43,1650071,teacher,v3,0,38,0,0
V7E006,43,1650071,teacher,v7,1,100,0,0
V7E006,43,1650072,random,random,0,1,0,0
V7E006,43,1650072,random,v3,0,1,0,0
V7E006,43,1650072,random,v7,0,1,0,0
V7E006,43,1650072,teacher,random,0,1,0,0
V7E006,43,1650072,teacher,v3,0,1,0,0
V7E006,43,1650072,teacher,v7,0,1,0,0
V7E006,43,1650073,random,random,1,100,1,0
V7E006,43,1650073,random,v3,1,100,0,0
V7E006,43,1650073,random,v7,1,100,0,0
V7E006,43,1650073,teacher,random,0,37,0,0
V7E006,43,1650073,teacher,v3,0,31,0,0
V7E006,43,1650073,teacher,v7,1,100,0,0
V7E006,43,1650074,random,random,1,100,0,1
V7E006,43,1650074,random,v3,1,100,0,0
V7E006,43,1650074,random,v7,1,100,0,0
V7E006,43,1650074,teacher,random,0,20,0,0
V7E006,43,1650074,teacher,v3,0,14,0,0
V7E006,43,1650074,teacher,v7,0,20,0,0
V7E006,43,1650075,random,random,0,78,2,0
V7E006,43,1650075,random,v3,0,14,0,0
V7E006,43,1650075,random,v7,0,4,0,0
V7E006,43,1650075,teacher,random,0,9,0,0
V7E006,43,1650075,teacher,v3,0,6,0,0
V7E006,43,1650075,teacher,v7,0,4,0,0
V7E006,43,1650076,random,random,1,100,2,0
V7E006,43,1650076,random,v3,1,100,0,0
V7E006,43,1650076,random,v7,1,100,0,0
V7E006,43,1650076,teacher,random,0,23,1,0
V7E006,43,1650076,teacher,v3,1,100,0,0
V7E006,43,1650076,teacher,v7,0,19,0,0
V7E006,43,1650077,random,random,1,100,2,0
V7E006,43,1650077,random,v3,1,100,0,0
V7E006,43,1650077,random,v7,1,100,0,0
V7E006,43,1650077,teacher,random,0,5,0,0
V7E006,43,1650077,teacher,v3,0,9,0,0
V7E006,43,1650077,teacher,v7,1,100,0,0
V7E006,43,1650078,random,random,0,94,1,0
V7E006,43,1650078,random,v3,1,100,0,0
V7E006,43,1650078,random,v7,1,100,0,0
V7E006,43,1650078,teacher,random,0,23,0,0
V7E006,43,1650078,teacher,v3,0,22,0,0
V7E006,43,1650078,teacher,v7,1,100,0,0
V7E006,43,1650079,random,random,0,97,0,1
V7E006,43,1650079,random,v3,1,100,0,0
V7E006,43,1650079,random,v7,1,100,0,0
V7E006,43,1650079,teacher,random,0,20,0,0
V7E006,43,1650079,teacher,v3,0,31,0,0
V7E006,43,1650079,teacher,v7,1,100,0,0
V7E006,43,1650080,random,random,1,100,1,0
V7E006,43,1650080,random,v3,1,100,0,0
V7E006,43,1650080,random,v7,1,100,0,0
V7E006,43,1650080,teacher,random,0,26,0,0
V7E006,43,1650080,teacher,v3,0,32,0,0
V7E006,43,1650080,teacher,v7,0,33,0,0
V7E006,43,1650081,random,random,1,100,1,0
V7E006,43,1650081,random,v3,1,100,0,0
V7E006,43,1650081,random,v7,1,100,0,0
V7E006,43,1650081,teacher,random,0,31,1,0
V7E006,43,1650081,teacher,v3,0,28,0,0
V7E006,43,1650081,teacher,v7,1,100,0,0
V7E006,43,1650082,random,random,1,100,0,1
V7E006,43,1650082,random,v3,0,73,0,0
V7E006,43,1650082,random,v7,1,100,0,0
V7E006,43,1650082,teacher,random,0,29,0,0
V7E006,43,1650082,teacher,v3,0,21,0,0
V7E006,43,1650082,teacher,v7,0,21,0,0
V7E006,43,1650083,random,random,0,25,0,1
V7E006,43,1650083,random,v3,0,8,0,0
V7E006,43,1650083,random,v7,0,8,0,0
V7E006,43,1650083,teacher,random,0,6,0,1
V7E006,43,1650083,teacher,v3,0,4,0,0
V7E006,43,1650083,teacher,v7,1,100,0,0
V7E006,43,1650084,random,random,0,2,0,0
V7E006,43,1650084,random,v3,1,100,0,0
V7E006,43,1650084,random,v7,1,100,0,0
V7E006,43,1650084,teacher,random,0,1,0,0
V7E006,43,1650084,teacher,v3,0,2,0,0
V7E006,43,1650084,teacher,v7,1,100,0,0
V7E006,43,1650085,random,random,1,100,0,0
V7E006,43,1650085,random,v3,1,100,0,0
V7E006,43,1650085,random,v7,1,100,0,0
V7E006,43,1650085,teacher,random,0,13,0,0
V7E006,43,1650085,teacher,v3,0,26,0,0
V7E006,43,1650085,teacher,v7,1,100,0,0
V7E006,43,1650086,random,random,0,8,0,0
V7E006,43,1650086,random,v3,0,8,0,0
V7E006,43,1650086,random,v7,0,8,0,0
V7E006,43,1650086,teacher,random,0,4,0,0
V7E006,43,1650086,teacher,v3,0,3,0,0
V7E006,43,1650086,teacher,v7,0,3,0,0
V7E006,43,1650087,random,random,0,4,1,0
V7E006,43,1650087,random,v3,0,17,0,0
V7E006,43,1650087,random,v7,0,2,0,0
V7E006,43,1650087,teacher,random,0,2,1,0
V7E006,43,1650087,teacher,v3,0,3,0,0
V7E006,43,1650087,teacher,v7,0,2,0,0
V7E006,43,1650088,random,random,1,100,0,0
V7E006,43,1650088,random,v3,1,100,0,0
V7E006,43,1650088,random,v7,1,100,0,0
V7E006,43,1650088,teacher,random,0,32,0,0
V7E006,43,1650088,teacher,v3,0,31,0,0
V7E006,43,1650088,teacher,v7,0,37,0,0
V7E006,43,1650089,random,random,0,63,0,0
V7E006,43,1650089,random,v3,0,95,0,0
V7E006,43,1650089,random,v7,0,95,0,0
V7E006,43,1650089,teacher,random,0,1,0,0
V7E006,43,1650089,teacher,v3,0,1,0,0
V7E006,43,1650089,teacher,v7,0,1,0,0
V7E006,43,1650090,random,random,0,16,0,0
V7E006,43,1650090,random,v3,1,100,0,0
V7E006,43,1650090,random,v7,1,100,0,0
V7E006,43,1650090,teacher,random,0,6,0,0
V7E006,43,1650090,teacher,v3,0,8,0,0
V7E006,43,1650090,teacher,v7,0,8,0,0
V7E006,43,1650091,random,random,1,100,1,0
V7E006,43,1650091,random,v3,1,100,0,0
V7E006,43,1650091,random,v7,1,100,0,0
V7E006,43,1650091,teacher,random,0,31,0,0
V7E006,43,1650091,teacher,v3,0,36,0,0
V7E006,43,1650091,teacher,v7,1,100,0,0
V7E006,43,1650092,random,random,1,100,0,0
V7E006,43,1650092,random,v3,1,100,0,0
V7E006,43,1650092,random,v7,1,100,0,0
V7E006,43,1650092,teacher,random,0,16,1,0
V7E006,43,1650092,teacher,v3,0,18,0,0
V7E006,43,1650092,teacher,v7,1,100,0,0
V7E006,43,1650093,random,random,0,49,0,0
V7E006,43,1650093,random,v3,1,100,0,0
V7E006,43,1650093,random,v7,1,100,0,0
V7E006,43,1650093,teacher,random,0,5,0,0
V7E006,43,1650093,teacher,v3,0,3,0,0
V7E006,43,1650093,teacher,v7,0,3,0,0
V7E006,43,1650094,random,random,1,100,5,0
V7E006,43,1650094,random,v3,0,6,0,0
V7E006,43,1650094,random,v7,0,6,0,0
V7E006,43,1650094,teacher,random,0,5,0,0
V7E006,43,1650094,teacher,v3,0,3,0,0
V7E006,43,1650094,teacher,v7,0,3,0,0
V7E006,43,1650095,random,random,1,100,2,0
V7E006,43,1650095,random,v3,1,100,2,0
V7E006,43,1650095,random,v7,1,100,2,0
V7E006,43,1650095,teacher,random,0,28,0,0
V7E006,43,1650095,teacher,v3,0,19,2,0
V7E006,43,1650095,teacher,v7,0,20,2,0
V7E006,43,1650096,random,random,1,100,2,0
V7E006,43,1650096,random,v3,1,100,0,0
V7E006,43,1650096,random,v7,1,100,0,0
V7E006,43,1650096,teacher,random,0,9,2,0
V7E006,43,1650096,teacher,v3,1,100,0,0
V7E006,43,1650096,teacher,v7,1,100,0,0
V7E006,43,1650097,random,random,0,60,0,0
V7E006,43,1650097,random,v3,0,63,0,0
V7E006,43,1650097,random,v7,0,11,0,0
V7E006,43,1650097,teacher,random,0,4,0,0
V7E006,43,1650097,teacher,v3,0,4,0,0
V7E006,43,1650097,teacher,v7,0,4,0,0
V7E006,43,1650098,random,random,1,100,0,0
V7E006,43,1650098,random,v3,0,20,0,0
V7E006,43,1650098,random,v7,1,100,0,0
V7E006,43,1650098,teacher,random,0,24,0,0
V7E006,43,1650098,teacher,v3,0,28,0,0
V7E006,43,1650098,teacher,v7,0,23,0,0
V7E006,43,1650099,random,random,1,100,0,2
V7E006,43,1650099,random,v3,1,100,0,0
V7E006,43,1650099,random,v7,1,100,0,0
V7E006,43,1650099,teacher,random,0,1,0,0
V7E006,43,1650099,teacher,v3,0,2,0,0
V7E006,43,1650099,teacher,v7,0,1,0,0
V7E007,43,1660000,random,random,0,32,2,0
V7E007,43,1660000,random,v3,0,85,0,0
V7E007,43,1660000,random,v7,0,72,0,0
V7E007,43,1660000,teacher,random,0,15,0,0
V7E007,43,1660000,teacher,v3,0,11,0,0
V7E007,43,1660000,teacher,v7,1,100,0,0
V7E007,43,1660001,random,random,0,69,0,1
V7E007,43,1660001,random,v3,1,100,0,0
V7E007,43,1660001,random,v7,1,100,0,0
V7E007,43,1660001,teacher,random,0,44,0,0
V7E007,43,1660001,teacher,v3,0,43,0,0
V7E007,43,1660001,teacher,v7,1,100,0,0
V7E007,43,1660002,random,random,0,2,0,0
V7E007,43,1660002,random,v3,0,69,0,0
V7E007,43,1660002,random,v7,0,84,0,0
V7E007,43,1660002,teacher,random,0,2,0,0
V7E007,43,1660002,teacher,v3,0,5,0,0
V7E007,43,1660002,teacher,v7,0,5,0,0
V7E007,43,1660003,random,random,0,97,0,0
V7E007,43,1660003,random,v3,1,100,0,0
V7E007,43,1660003,random,v7,1,100,0,0
V7E007,43,1660003,teacher,random,0,47,0,0
V7E007,43,1660003,teacher,v3,0,44,0,0
V7E007,43,1660003,teacher,v7,1,100,0,0
V7E007,43,1660004,random,random,0,41,0,0
V7E007,43,1660004,random,v3,0,30,0,0
V7E007,43,1660004,random,v7,0,22,0,0
V7E007,43,1660004,teacher,random,0,10,0,0
V7E007,43,1660004,teacher,v3,0,4,0,0
V7E007,43,1660004,teacher,v7,0,3,0,0
V7E007,43,1660005,random,random,0,77,1,0
V7E007,43,1660005,random,v3,0,3,0,0
V7E007,43,1660005,random,v7,0,3,0,0
V7E007,43,1660005,teacher,random,0,1,0,0
V7E007,43,1660005,teacher,v3,0,6,0,0
V7E007,43,1660005,teacher,v7,1,100,0,0
V7E007,43,1660006,random,random,0,46,0,1
V7E007,43,1660006,random,v3,1,100,0,0
V7E007,43,1660006,random,v7,1,100,0,0
V7E007,43,1660006,teacher,random,1,100,0,1
V7E007,43,1660006,teacher,v3,0,55,0,0
V7E007,43,1660006,teacher,v7,1,100,0,0
V7E007,43,1660007,random,random,0,45,0,0
V7E007,43,1660007,random,v3,0,7,0,0
V7E007,43,1660007,random,v7,0,5,0,0
V7E007,43,1660007,teacher,random,0,14,0,0
V7E007,43,1660007,teacher,v3,0,5,0,0
V7E007,43,1660007,teacher,v7,1,100,0,0
V7E007,43,1660008,random,random,0,79,4,1
V7E007,43,1660008,random,v3,1,100,0,0
V7E007,43,1660008,random,v7,1,100,0,0
V7E007,43,1660008,teacher,random,1,100,0,1
V7E007,43,1660008,teacher,v3,0,9,0,0
V7E007,43,1660008,teacher,v7,1,100,0,0
V7E007,43,1660009,random,random,1,100,0,0
V7E007,43,1660009,random,v3,1,100,0,0
V7E007,43,1660009,random,v7,1,100,0,0
V7E007,43,1660009,teacher,random,0,13,0,0
V7E007,43,1660009,teacher,v3,0,10,0,0
V7E007,43,1660009,teacher,v7,1,100,0,0
V7E007,43,1660010,random,random,0,70,0,0
V7E007,43,1660010,random,v3,1,100,0,0
V7E007,43,1660010,random,v7,1,100,0,0
V7E007,43,1660010,teacher,random,0,42,0,0
V7E007,43,1660010,teacher,v3,0,46,0,0
V7E007,43,1660010,teacher,v7,1,100,0,0
V7E007,43,1660011,random,random,1,100,1,0
V7E007,43,1660011,random,v3,1,100,0,0
V7E007,43,1660011,random,v7,1,100,0,0
V7E007,43,1660011,teacher,random,0,11,0,0
V7E007,43,1660011,teacher,v3,0,7,0,0
V7E007,43,1660011,teacher,v7,0,13,0,0
V7E007,43,1660012,random,random,0,10,0,0
V7E007,43,1660012,random,v3,0,9,0,0
V7E007,43,1660012,random,v7,1,100,0,0
V7E007,43,1660012,teacher,random,0,4,0,0
V7E007,43,1660012,teacher,v3,0,2,0,0
V7E007,43,1660012,teacher,v7,0,2,0,0
V7E007,43,1660013,random,random,0,43,2,1
V7E007,43,1660013,random,v3,1,100,0,0
V7E007,43,1660013,random,v7,0,4,0,0
V7E007,43,1660013,teacher,random,0,18,0,1
V7E007,43,1660013,teacher,v3,0,5,0,0
V7E007,43,1660013,teacher,v7,0,3,0,0
V7E007,43,1660014,random,random,0,39,0,0
V7E007,43,1660014,random,v3,1,100,0,0
V7E007,43,1660014,random,v7,1,100,0,0
V7E007,43,1660014,teacher,random,0,29,0,0
V7E007,43,1660014,teacher,v3,0,28,0,0
V7E007,43,1660014,teacher,v7,1,100,0,0
V7E007,43,1660015,random,random,1,100,2,0
V7E007,43,1660015,random,v3,1,100,0,0
V7E007,43,1660015,random,v7,1,100,0,0
V7E007,43,1660015,teacher,random,0,17,0,0
V7E007,43,1660015,teacher,v3,0,12,0,0
V7E007,43,1660015,teacher,v7,1,100,0,0
V7E007,43,1660016,random,random,0,38,0,0
V7E007,43,1660016,random,v3,1,100,0,0
V7E007,43,1660016,random,v7,1,100,0,0
V7E007,43,1660016,teacher,random,0,12,0,0
V7E007,43,1660016,teacher,v3,0,8,0,0
V7E007,43,1660016,teacher,v7,1,100,0,0
V7E007,43,1660017,random,random,1,100,0,0
V7E007,43,1660017,random,v3,1,100,0,0
V7E007,43,1660017,random,v7,1,100,0,0
V7E007,43,1660017,teacher,random,0,55,0,0
V7E007,43,1660017,teacher,v3,0,8,0,0
V7E007,43,1660017,teacher,v7,1,100,0,0
V7E007,43,1660018,random,random,0,1,0,0
V7E007,43,1660018,random,v3,0,1,0,0
V7E007,43,1660018,random,v7,0,1,0,0
V7E007,43,1660018,teacher,random,0,1,0,0
V7E007,43,1660018,teacher,v3,0,1,0,0
V7E007,43,1660018,teacher,v7,0,1,0,0
V7E007,43,1660019,random,random,0,78,0,0
V7E007,43,1660019,random,v3,1,100,0,0
V7E007,43,1660019,random,v7,1,100,0,0
V7E007,43,1660019,teacher,random,0,32,0,0
V7E007,43,1660019,teacher,v3,0,25,0,0
V7E007,43,1660019,teacher,v7,0,20,0,0
V7E007,43,1660020,random,random,1,100,5,0
V7E007,43,1660020,random,v3,0,95,0,0
V7E007,43,1660020,random,v7,0,100,0,0
V7E007,43,1660020,teacher,random,0,8,0,0
V7E007,43,1660020,teacher,v3,0,7,0,0
V7E007,43,1660020,teacher,v7,0,8,0,0
V7E007,43,1660021,random,random,1,100,2,0
V7E007,43,1660021,random,v3,1,100,0,0
V7E007,43,1660021,random,v7,0,78,0,0
V7E007,43,1660021,teacher,random,0,12,0,0
V7E007,43,1660021,teacher,v3,0,12,0,0
V7E007,43,1660021,teacher,v7,0,16,0,0
V7E007,43,1660022,random,random,1,100,0,0
V7E007,43,1660022,random,v3,1,100,0,0
V7E007,43,1660022,random,v7,1,100,0,0
V7E007,43,1660022,teacher,random,0,1,0,0
V7E007,43,1660022,teacher,v3,0,3,0,0
V7E007,43,1660022,teacher,v7,1,100,0,0
V7E007,43,1660023,random,random,0,67,2,0
V7E007,43,1660023,random,v3,1,100,0,0
V7E007,43,1660023,random,v7,0,6,0,0
V7E007,43,1660023,teacher,random,0,6,0,0
V7E007,43,1660023,teacher,v3,0,4,0,0
V7E007,43,1660023,teacher,v7,0,3,0,0
V7E007,43,1660024,random,random,0,55,0,0
V7E007,43,1660024,random,v3,1,100,0,0
V7E007,43,1660024,random,v7,1,100,0,0
V7E007,43,1660024,teacher,random,0,20,0,0
V7E007,43,1660024,teacher,v3,0,15,0,0
V7E007,43,1660024,teacher,v7,1,100,0,0
V7E007,43,1660025,random,random,0,7,0,0
V7E007,43,1660025,random,v3,0,8,0,0
V7E007,43,1660025,random,v7,0,80,0,0
V7E007,43,1660025,teacher,random,0,5,0,0
V7E007,43,1660025,teacher,v3,0,4,0,0
V7E007,43,1660025,teacher,v7,0,3,0,0
V7E007,43,1660026,random,random,0,16,2,0
V7E007,43,1660026,random,v3,0,45,0,0
V7E007,43,1660026,random,v7,0,38,0,0
V7E007,43,1660026,teacher,random,0,2,0,0
V7E007,43,1660026,teacher,v3,0,5,0,0
V7E007,43,1660026,teacher,v7,1,100,0,0
V7E007,43,1660027,random,random,0,52,4,0
V7E007,43,1660027,random,v3,0,67,0,0
V7E007,43,1660027,random,v7,0,71,0,0
V7E007,43,1660027,teacher,random,0,10,0,0
V7E007,43,1660027,teacher,v3,0,7,0,0
V7E007,43,1660027,teacher,v7,0,8,0,0
V7E007,43,1660028,random,random,1,100,1,0
V7E007,43,1660028,random,v3,1,100,0,0
V7E007,43,1660028,random,v7,1,100,0,0
V7E007,43,1660028,teacher,random,0,19,0,0
V7E007,43,1660028,teacher,v3,0,14,0,0
V7E007,43,1660028,teacher,v7,0,21,0,0
V7E007,43,1660029,random,random,0,31,0,1
V7E007,43,1660029,random,v3,1,100,0,0
V7E007,43,1660029,random,v7,1,100,0,0
V7E007,43,1660029,teacher,random,1,100,0,1
V7E007,43,1660029,teacher,v3,0,47,0,0
V7E007,43,1660029,teacher,v7,1,100,0,0
V7E007,43,1660030,random,random,1,100,0,0
V7E007,43,1660030,random,v3,1,100,0,0
V7E007,43,1660030,random,v7,1,100,0,0
V7E007,43,1660030,teacher,random,0,21,0,0
V7E007,43,1660030,teacher,v3,0,15,0,0
V7E007,43,1660030,teacher,v7,1,100,0,0
V7E007,43,1660031,random,random,0,47,0,1
V7E007,43,1660031,random,v3,1,100,0,0
V7E007,43,1660031,random,v7,1,100,0,0
V7E007,43,1660031,teacher,random,0,38,0,0
V7E007,43,1660031,teacher,v3,0,31,0,0
V7E007,43,1660031,teacher,v7,1,100,0,0
V7E007,43,1660032,random,random,0,100,5,1
V7E007,43,1660032,random,v3,1,100,0,0
V7E007,43,1660032,random,v7,1,100,0,0
V7E007,43,1660032,teacher,random,0,81,0,1
V7E007,43,1660032,teacher,v3,0,27,0,0
V7E007,43,1660032,teacher,v7,1,100,0,0
V7E007,43,1660033,random,random,0,14,0,0
V7E007,43,1660033,random,v3,1,100,0,0
V7E007,43,1660033,random,v7,1,100,0,0
V7E007,43,1660033,teacher,random,0,5,0,0
V7E007,43,1660033,teacher,v3,0,3,0,0
V7E007,43,1660033,teacher,v7,1,100,0,0
V7E007,43,1660034,random,random,1,100,2,0
V7E007,43,1660034,random,v3,1,100,0,0
V7E007,43,1660034,random,v7,1,100,0,0
V7E007,43,1660034,teacher,random,0,21,0,0
V7E007,43,1660034,teacher,v3,0,12,0,0
V7E007,43,1660034,teacher,v7,1,100,0,0
V7E007,43,1660035,random,random,0,69,0,1
V7E007,43,1660035,random,v3,1,100,0,0
V7E007,43,1660035,random,v7,1,100,0,0
V7E007,43,1660035,teacher,random,0,28,0,0
V7E007,43,1660035,teacher,v3,0,45,0,0
V7E007,43,1660035,teacher,v7,1,100,0,0
V7E007,43,1660036,random,random,1,100,0,0
V7E007,43,1660036,random,v3,0,59,0,0
V7E007,43,1660036,random,v7,1,100,0,0
V7E007,43,1660036,teacher,random,0,8,0,0
V7E007,43,1660036,teacher,v3,0,8,0,0
V7E007,43,1660036,teacher,v7,1,100,0,0
V7E007,43,1660037,random,random,1,100,0,0
V7E007,43,1660037,random,v3,1,100,0,0
V7E007,43,1660037,random,v7,1,100,0,0
V7E007,43,1660037,teacher,random,0,5,0,0
V7E007,43,1660037,teacher,v3,0,5,0,0
V7E007,43,1660037,teacher,v7,1,100,0,0
V7E007,43,1660038,random,random,0,23,0,0
V7E007,43,1660038,random,v3,1,100,0,0
V7E007,43,1660038,random,v7,1,100,0,0
V7E007,43,1660038,teacher,random,0,8,0,0
V7E007,43,1660038,teacher,v3,0,29,0,0
V7E007,43,1660038,teacher,v7,0,11,0,0
V7E007,43,1660039,random,random,1,100,0,0
V7E007,43,1660039,random,v3,1,100,0,0
V7E007,43,1660039,random,v7,1,100,0,0
V7E007,43,1660039,teacher,random,0,29,0,0
V7E007,43,1660039,teacher,v3,0,46,0,0
V7E007,43,1660039,teacher,v7,1,100,0,0
V7E007,43,1660040,random,random,0,7,0,0
V7E007,43,1660040,random,v3,0,9,0,0
V7E007,43,1660040,random,v7,0,2,0,0
V7E007,43,1660040,teacher,random,0,3,0,0
V7E007,43,1660040,teacher,v3,0,3,0,0
V7E007,43,1660040,teacher,v7,0,2,0,0
V7E007,43,1660041,random,random,0,1,0,0
V7E007,43,1660041,random,v3,1,100,0,0
V7E007,43,1660041,random,v7,1,100,0,0
V7E007,43,1660041,teacher,random,0,1,0,0
V7E007,43,1660041,teacher,v3,0,1,0,0
V7E007,43,1660041,teacher,v7,0,1,0,0
V7E007,43,1660042,random,random,0,20,0,0
V7E007,43,1660042,random,v3,1,100,0,0
V7E007,43,1660042,random,v7,1,100,0,0
V7E007,43,1660042,teacher,random,0,17,0,0
V7E007,43,1660042,teacher,v3,0,5,0,0
V7E007,43,1660042,teacher,v7,1,100,0,0
V7E007,43,1660043,random,random,0,29,0,0
V7E007,43,1660043,random,v3,0,70,0,0
V7E007,43,1660043,random,v7,1,100,0,0
V7E007,43,1660043,teacher,random,0,27,0,0
V7E007,43,1660043,teacher,v3,0,30,0,0
V7E007,43,1660043,teacher,v7,1,100,0,0
V7E007,43,1660044,random,random,1,100,5,1
V7E007,43,1660044,random,v3,0,79,0,0
V7E007,43,1660044,random,v7,1,100,0,0
V7E007,43,1660044,teacher,random,0,5,0,0
V7E007,43,1660044,teacher,v3,0,5,0,0
V7E007,43,1660044,teacher,v7,1,100,0,0
V7E007,43,1660045,random,random,0,15,0,0
V7E007,43,1660045,random,v3,1,100,0,0
V7E007,43,1660045,random,v7,0,46,0,0
V7E007,43,1660045,teacher,random,0,33,0,0
V7E007,43,1660045,teacher,v3,0,52,0,0
V7E007,43,1660045,teacher,v7,1,100,0,0
V7E007,43,1660046,random,random,0,91,0,1
V7E007,43,1660046,random,v3,1,100,0,0
V7E007,43,1660046,random,v7,0,83,0,0
V7E007,43,1660046,teacher,random,0,31,0,0
V7E007,43,1660046,teacher,v3,0,29,0,0
V7E007,43,1660046,teacher,v7,1,100,0,0
V7E007,43,1660047,random,random,0,100,5,1
V7E007,43,1660047,random,v3,0,56,0,0
V7E007,43,1660047,random,v7,1,100,0,0
V7E007,43,1660047,teacher,random,0,9,0,1
V7E007,43,1660047,teacher,v3,0,4,0,0
V7E007,43,1660047,teacher,v7,1,100,0,0
V7E007,43,1660048,random,random,1,100,3,0
V7E007,43,1660048,random,v3,1,100,0,0
V7E007,43,1660048,random,v7,1,100,0,0
V7E007,43,1660048,teacher,random,0,11,1,0
V7E007,43,1660048,teacher,v3,0,12,0,0
V7E007,43,1660048,teacher,v7,0,12,0,0
V7E007,43,1660049,random,random,0,48,0,0
V7E007,43,1660049,random,v3,1,100,0,0
V7E007,43,1660049,random,v7,1,100,0,0
V7E007,43,1660049,teacher,random,0,22,0,0
V7E007,43,1660049,teacher,v3,0,16,0,0
V7E007,43,1660049,teacher,v7,1,100,0,0
V7E007,43,1660050,random,random,1,100,3,0
V7E007,43,1660050,random,v3,1,100,0,0
V7E007,43,1660050,random,v7,1,100,0,0
V7E007,43,1660050,teacher,random,0,8,0,0
V7E007,43,1660050,teacher,v3,0,8,0,0
V7E007,43,1660050,teacher,v7,0,8,0,0
V7E007,43,1660051,random,random,0,13,0,0
V7E007,43,1660051,random,v3,0,13,0,0
V7E007,43,1660051,random,v7,0,30,0,0
V7E007,43,1660051,teacher,random,0,2,0,0
V7E007,43,1660051,teacher,v3,0,3,0,0
V7E007,43,1660051,teacher,v7,1,100,0,0
V7E007,43,1660052,random,random,1,100,0,0
V7E007,43,1660052,random,v3,1,100,0,0
V7E007,43,1660052,random,v7,1,100,0,0
V7E007,43,1660052,teacher,random,0,51,0,0
V7E007,43,1660052,teacher,v3,0,47,0,0
V7E007,43,1660052,teacher,v7,1,100,0,0
V7E007,43,1660053,random,random,0,12,0,0
V7E007,43,1660053,random,v3,0,3,0,0
V7E007,43,1660053,random,v7,0,3,0,0
V7E007,43,1660053,teacher,random,0,4,0,0
V7E007,43,1660053,teacher,v3,0,3,0,0
V7E007,43,1660053,teacher,v7,0,3,0,0
V7E007,43,1660054,random,random,0,31,0,0
V7E007,43,1660054,random,v3,0,64,0,0
V7E007,43,1660054,random,v7,1,100,0,0
V7E007,43,1660054,teacher,random,0,28,0,0
V7E007,43,1660054,teacher,v3,0,28,0,0
V7E007,43,1660054,teacher,v7,1,100,0,0
V7E007,43,1660055,random,random,0,30,0,0
V7E007,43,1660055,random,v3,1,100,0,0
V7E007,43,1660055,random,v7,1,100,0,0
V7E007,43,1660055,teacher,random,0,11,0,0
V7E007,43,1660055,teacher,v3,0,8,0,0
V7E007,43,1660055,teacher,v7,1,100,0,0
V7E007,43,1660056,random,random,0,44,3,0
V7E007,43,1660056,random,v3,0,100,0,0
V7E007,43,1660056,random,v7,0,91,0,0
V7E007,43,1660056,teacher,random,0,8,0,0
V7E007,43,1660056,teacher,v3,0,8,0,0
V7E007,43,1660056,teacher,v7,0,9,0,0
V7E007,43,1660057,random,random,1,100,0,0
V7E007,43,1660057,random,v3,1,100,0,0
V7E007,43,1660057,random,v7,0,79,0,0
V7E007,43,1660057,teacher,random,0,35,0,0
V7E007,43,1660057,teacher,v3,0,28,0,0
V7E007,43,1660057,teacher,v7,1,100,0,0
V7E007,43,1660058,random,random,1,100,5,1
V7E007,43,1660058,random,v3,0,77,0,0
V7E007,43,1660058,random,v7,0,8,0,0
V7E007,43,1660058,teacher,random,0,6,0,0
V7E007,43,1660058,teacher,v3,0,6,0,0
V7E007,43,1660058,teacher,v7,0,5,0,0
V7E007,43,1660059,random,random,0,4,0,0
V7E007,43,1660059,random,v3,0,17,0,0
V7E007,43,1660059,random,v7,1,100,0,0
V7E007,43,1660059,teacher,random,0,1,0,0
V7E007,43,1660059,teacher,v3,0,2,0,0
V7E007,43,1660059,teacher,v7,1,100,0,0
V7E007,43,1660060,random,random,1,100,0,0
V7E007,43,1660060,random,v3,1,100,0,0
V7E007,43,1660060,random,v7,1,100,0,0
V7E007,43,1660060,teacher,random,0,46,0,0
V7E007,43,1660060,teacher,v3,0,48,0,0
V7E007,43,1660060,teacher,v7,1,100,0,0
V7E007,43,1660061,random,random,1,100,0,0
V7E007,43,1660061,random,v3,1,100,0,0
V7E007,43,1660061,random,v7,1,100,0,0
V7E007,43,1660061,teacher,random,0,50,0,0
V7E007,43,1660061,teacher,v3,0,38,0,0
V7E007,43,1660061,teacher,v7,1,100,0,0
V7E007,43,1660062,random,random,1,100,0,0
V7E007,43,1660062,random,v3,1,100,0,0
V7E007,43,1660062,random,v7,1,100,0,0
V7E007,43,1660062,teacher,random,0,5,0,0
V7E007,43,1660062,teacher,v3,0,8,0,0
V7E007,43,1660062,teacher,v7,1,100,0,0
V7E007,43,1660063,random,random,0,69,3,1
V7E007,43,1660063,random,v3,1,100,0,0
V7E007,43,1660063,random,v7,1,100,0,0
V7E007,43,1660063,teacher,random,0,5,0,0
V7E007,43,1660063,teacher,v3,0,8,0,0
V7E007,43,1660063,teacher,v7,1,100,0,0
V7E007,43,1660064,random,random,1,100,5,1
V7E007,43,1660064,random,v3,1,100,0,0
V7E007,43,1660064,random,v7,0,4,0,0
V7E007,43,1660064,teacher,random,0,10,0,1
V7E007,43,1660064,teacher,v3,0,5,0,0
V7E007,43,1660064,teacher,v7,0,3,0,0
V7E007,43,1660065,random,random,0,82,0,0
V7E007,43,1660065,random,v3,1,100,0,0
V7E007,43,1660065,random,v7,1,100,0,0
V7E007,43,1660065,teacher,random,0,31,0,0
V7E007,43,1660065,teacher,v3,0,44,0,0
V7E007,43,1660065,teacher,v7,1,100,0,0
V7E007,43,1660066,random,random,0,44,2,0
V7E007,43,1660066,random,v3,0,88,0,0
V7E007,43,1660066,random,v7,0,88,0,0
V7E007,43,1660066,teacher,random,0,7,0,0
V7E007,43,1660066,teacher,v3,0,8,0,0
V7E007,43,1660066,teacher,v7,0,7,0,0
V7E007,43,1660067,random,random,1,100,5,1
V7E007,43,1660067,random,v3,0,24,0,0
V7E007,43,1660067,random,v7,0,6,0,0
V7E007,43,1660067,teacher,random,0,1,0,0
V7E007,43,1660067,teacher,v3,0,1,0,0
V7E007,43,1660067,teacher,v7,0,1,0,0
V7E007,43,1660068,random,random,1,100,2,0
V7E007,43,1660068,random,v3,1,100,0,0
V7E007,43,1660068,random,v7,1,100,0,0
V7E007,43,1660068,teacher,random,0,4,0,0
V7E007,43,1660068,teacher,v3,0,4,0,0
V7E007,43,1660068,teacher,v7,0,3,0,0
V7E007,43,1660069,random,random,1,100,0,0
V7E007,43,1660069,random,v3,1,100,0,0
V7E007,43,1660069,random,v7,1,100,0,0
V7E007,43,1660069,teacher,random,0,43,0,0
V7E007,43,1660069,teacher,v3,0,29,0,0
V7E007,43,1660069,teacher,v7,1,100,0,0
V7E007,43,1660070,random,random,1,100,0,0
V7E007,43,1660070,random,v3,1,100,0,0
V7E007,43,1660070,random,v7,1,100,0,0
V7E007,43,1660070,teacher,random,0,15,0,0
V7E007,43,1660070,teacher,v3,0,8,0,0
V7E007,43,1660070,teacher,v7,1,100,0,0
V7E007,43,1660071,random,random,1,100,0,0
V7E007,43,1660071,random,v3,1,100,0,0
V7E007,43,1660071,random,v7,1,100,0,0
V7E007,43,1660071,teacher,random,0,5,0,0
V7E007,43,1660071,teacher,v3,0,7,0,0
V7E007,43,1660071,teacher,v7,1,100,0,0
V7E007,43,1660072,random,random,1,100,3,0
V7E007,43,1660072,random,v3,1,100,0,0
V7E007,43,1660072,random,v7,1,100,0,0
V7E007,43,1660072,teacher,random,0,3,0,0
V7E007,43,1660072,teacher,v3,0,3,0,0
V7E007,43,1660072,teacher,v7,0,4,0,0
V7E007,43,1660073,random,random,0,15,0,0
V7E007,43,1660073,random,v3,0,32,0,0
V7E007,43,1660073,random,v7,1,100,0,0
V7E007,43,1660073,teacher,random,0,15,0,0
V7E007,43,1660073,teacher,v3,0,23,0,0
V7E007,43,1660073,teacher,v7,0,17,0,0
V7E007,43,1660074,random,random,0,10,0,0
V7E007,43,1660074,random,v3,1,100,0,0
V7E007,43,1660074,random,v7,1,100,0,0
V7E007,43,1660074,teacher,random,0,8,0,0
V7E007,43,1660074,teacher,v3,0,11,0,0
V7E007,43,1660074,teacher,v7,1,100,0,0
V7E007,43,1660075,random,random,0,96,4,0
V7E007,43,1660075,random,v3,1,100,0,0
V7E007,43,1660075,random,v7,1,100,0,0
V7E007,43,1660075,teacher,random,0,10,0,0
V7E007,43,1660075,teacher,v3,0,11,0,0
V7E007,43,1660075,teacher,v7,0,10,0,0
V7E007,43,1660076,random,random,0,7,0,0
V7E007,43,1660076,random,v3,1,100,0,0
V7E007,43,1660076,random,v7,1,100,0,0
V7E007,43,1660076,teacher,random,0,3,0,0
V7E007,43,1660076,teacher,v3,0,7,0,0
V7E007,43,1660076,teacher,v7,1,100,0,0
V7E007,43,1660077,random,random,0,6,0,0
V7E007,43,1660077,random,v3,0,4,0,0
V7E007,43,1660077,random,v7,0,58,0,0
V7E007,43,1660077,teacher,random,0,4,0,0
V7E007,43,1660077,teacher,v3,0,4,0,0
V7E007,43,1660077,teacher,v7,1,100,0,0
V7E007,43,1660078,random,random,1,100,5,0
V7E007,43,1660078,random,v3,1,100,0,0
V7E007,43,1660078,random,v7,1,100,0,0
V7E007,43,1660078,teacher,random,0,13,1,0
V7E007,43,1660078,teacher,v3,0,12,0,0
V7E007,43,1660078,teacher,v7,1,100,0,0
V7E007,43,1660079,random,random,1,100,0,0
V7E007,43,1660079,random,v3,1,100,0,0
V7E007,43,1660079,random,v7,1,100,0,0
V7E007,43,1660079,teacher,random,0,53,0,0
V7E007,43,1660079,teacher,v3,0,54,0,0
V7E007,43,1660079,teacher,v7,1,100,0,0
V7E007,43,1660080,random,random,0,17,0,0
V7E007,43,1660080,random,v3,0,30,0,0
V7E007,43,1660080,random,v7,0,20,0,0
V7E007,43,1660080,teacher,random,0,3,0,0
V7E007,43,1660080,teacher,v3,0,22,0,0
V7E007,43,1660080,teacher,v7,0,19,0,0
V7E007,43,1660081,random,random,0,33,0,0
V7E007,43,1660081,random,v3,1,100,0,0
V7E007,43,1660081,random,v7,0,8,0,0
V7E007,43,1660081,teacher,random,0,7,0,0
V7E007,43,1660081,teacher,v3,0,6,0,0
V7E007,43,1660081,teacher,v7,0,3,0,0
V7E007,43,1660082,random,random,1,100,0,0
V7E007,43,1660082,random,v3,1,100,0,0
V7E007,43,1660082,random,v7,1,100,0,0
V7E007,43,1660082,teacher,random,0,46,0,0
V7E007,43,1660082,teacher,v3,0,26,0,0
V7E007,43,1660082,teacher,v7,1,100,0,0
V7E007,43,1660083,random,random,0,25,1,0
V7E007,43,1660083,random,v3,0,23,0,0
V7E007,43,1660083,random,v7,0,6,0,0
V7E007,43,1660083,teacher,random,0,4,0,0
V7E007,43,1660083,teacher,v3,0,3,0,0
V7E007,43,1660083,teacher,v7,0,2,0,0
V7E007,43,1660084,random,random,0,54,1,1
V7E007,43,1660084,random,v3,0,14,0,0
V7E007,43,1660084,random,v7,1,100,0,0
V7E007,43,1660084,teacher,random,0,5,0,0
V7E007,43,1660084,teacher,v3,0,2,0,0
V7E007,43,1660084,teacher,v7,0,2,0,0
V7E007,43,1660085,random,random,1,100,4,1
V7E007,43,1660085,random,v3,1,100,0,0
V7E007,43,1660085,random,v7,1,100,0,0
V7E007,43,1660085,teacher,random,0,12,0,0
V7E007,43,1660085,teacher,v3,0,11,0,0
V7E007,43,1660085,teacher,v7,1,100,0,0
V7E007,43,1660086,random,random,0,41,0,1
V7E007,43,1660086,random,v3,1,100,0,0
V7E007,43,1660086,random,v7,1,100,0,0
V7E007,43,1660086,teacher,random,0,29,0,0
V7E007,43,1660086,teacher,v3,0,47,0,0
V7E007,43,1660086,teacher,v7,1,100,0,0
V7E007,43,1660087,random,random,0,36,0,0
V7E007,43,1660087,random,v3,1,100,0,0
V7E007,43,1660087,random,v7,1,100,0,0
V7E007,43,1660087,teacher,random,0,9,0,0
V7E007,43,1660087,teacher,v3,0,7,0,0
V7E007,43,1660087,teacher,v7,1,100,0,0
V7E007,43,1660088,random,random,1,100,0,0
V7E007,43,1660088,random,v3,1,100,0,0
V7E007,43,1660088,random,v7,1,100,0,0
V7E007,43,1660088,teacher,random,0,52,0,0
V7E007,43,1660088,teacher,v3,0,46,0,0
V7E007,43,1660088,teacher,v7,1,100,0,0
V7E007,43,1660089,random,random,1,100,0,0
V7E007,43,1660089,random,v3,1,100,0,0
V7E007,43,1660089,random,v7,1,100,0,0
V7E007,43,1660089,teacher,random,0,60,0,0
V7E007,43,1660089,teacher,v3,0,56,0,0
V7E007,43,1660089,teacher,v7,1,100,0,0
V7E007,43,1660090,random,random,0,13,0,0
V7E007,43,1660090,random,v3,0,19,0,0
V7E007,43,1660090,random,v7,0,4,0,0
V7E007,43,1660090,teacher,random,0,10,0,0
V7E007,43,1660090,teacher,v3,0,5,0,0
V7E007,43,1660090,teacher,v7,0,3,0,0
V7E007,43,1660091,random,random,0,11,0,0
V7E007,43,1660091,random,v3,0,11,0,0
V7E007,43,1660091,random,v7,0,3,0,0
V7E007,43,1660091,teacher,random,0,10,0,0
V7E007,43,1660091,teacher,v3,0,3,0,0
V7E007,43,1660091,teacher,v7,0,2,0,0
V7E007,43,1660092,random,random,1,100,0,0
V7E007,43,1660092,random,v3,1,100,0,0
V7E007,43,1660092,random,v7,0,8,0,0
V7E007,43,1660092,teacher,random,0,6,0,0
V7E007,43,1660092,teacher,v3,0,8,0,0
V7E007,43,1660092,teacher,v7,0,5,0,0
V7E007,43,1660093,random,random,0,13,0,0
V7E007,43,1660093,random,v3,1,100,0,0
V7E007,43,1660093,random,v7,1,100,0,0
V7E007,43,1660093,teacher,random,0,16,0,0
V7E007,43,1660093,teacher,v3,0,30,0,0
V7E007,43,1660093,teacher,v7,1,100,0,0
V7E007,43,1660094,random,random,0,2,0,0
V7E007,43,1660094,random,v3,0,16,0,0
V7E007,43,1660094,random,v7,1,100,0,0
V7E007,43,1660094,teacher,random,0,1,0,0
V7E007,43,1660094,teacher,v3,0,1,0,0
V7E007,43,1660094,teacher,v7,0,1,0,0
V7E007,43,1660095,random,random,0,54,3,1
V7E007,43,1660095,random,v3,1,100,0,0
V7E007,43,1660095,random,v7,1,100,0,0
V7E007,43,1660095,teacher,random,1,100,0,1
V7E007,43,1660095,teacher,v3,0,52,0,0
V7E007,43,1660095,teacher,v7,0,11,0,0
V7E007,43,1660096,random,random,1,100,0,0
V7E007,43,1660096,random,v3,1,100,0,0
V7E007,43,1660096,random,v7,1,100,0,0
V7E007,43,1660096,teacher,random,0,12,0,0
V7E007,43,1660096,teacher,v3,0,28,0,0
V7E007,43,1660096,teacher,v7,1,100,0,0
V7E007,43,1660097,random,random,0,69,0,0
V7E007,43,1660097,random,v3,1,100,0,0
V7E007,43,1660097,random,v7,1,100,0,0
V7E007,43,1660097,teacher,random,0,3,0,0
V7E007,43,1660097,teacher,v3,0,2,0,0
V7E007,43,1660097,teacher,v7,0,2,0,0
V7E007,43,1660098,random,random,1,100,0,0
V7E007,43,1660098,random,v3,0,89,0,0
V7E007,43,1660098,random,v7,1,100,0,0
V7E007,43,1660098,teacher,random,0,10,0,0
V7E007,43,1660098,teacher,v3,0,11,0,0
V7E007,43,1660098,teacher,v7,1,100,0,0
V7E007,43,1660099,random,random,1,100,0,0
V7E007,43,1660099,random,v3,1,100,0,0
V7E007,43,1660099,random,v7,1,100,0,0
V7E007,43,1660099,teacher,random,0,50,0,0
V7E007,43,1660099,teacher,v3,0,29,0,0
V7E007,43,1660099,teacher,v7,1,100,0,0
V7E008,43,1670000,random,random,1,100,0,0
V7E008,43,1670000,random,v3,1,100,0,0
V7E008,43,1670000,random,v7,1,100,0,0
V7E008,43,1670000,teacher,random,0,50,0,0
V7E008,43,1670000,teacher,v3,0,53,0,0
V7E008,43,1670000,teacher,v7,0,51,0,0
V7E008,43,1670001,random,random,1,100,2,0
V7E008,43,1670001,random,v3,1,100,0,0
V7E008,43,1670001,random,v7,1,100,0,0
V7E008,43,1670001,teacher,random,0,38,2,0
V7E008,43,1670001,teacher,v3,1,100,0,0
V7E008,43,1670001,teacher,v7,1,100,0,0
V7E008,43,1670002,random,random,1,100,0,0
V7E008,43,1670002,random,v3,1,100,0,0
V7E008,43,1670002,random,v7,1,100,3,0
V7E008,43,1670002,teacher,random,1,100,0,0
V7E008,43,1670002,teacher,v3,1,100,0,0
V7E008,43,1670002,teacher,v7,0,7,2,0
V7E008,43,1670003,random,random,0,18,0,0
V7E008,43,1670003,random,v3,0,7,0,0
V7E008,43,1670003,random,v7,0,4,0,0
V7E008,43,1670003,teacher,random,0,4,0,0
V7E008,43,1670003,teacher,v3,0,4,0,0
V7E008,43,1670003,teacher,v7,0,3,0,0
V7E008,43,1670004,random,random,1,100,1,0
V7E008,43,1670004,random,v3,1,100,0,0
V7E008,43,1670004,random,v7,1,100,0,0
V7E008,43,1670004,teacher,random,0,45,1,0
V7E008,43,1670004,teacher,v3,0,43,0,0
V7E008,43,1670004,teacher,v7,0,48,0,0
V7E008,43,1670005,random,random,0,21,0,0
V7E008,43,1670005,random,v3,0,81,0,0
V7E008,43,1670005,random,v7,0,5,0,0
V7E008,43,1670005,teacher,random,0,6,0,0
V7E008,43,1670005,teacher,v3,0,10,0,0
V7E008,43,1670005,teacher,v7,1,100,3,0
V7E008,43,1670006,random,random,1,100,0,0
V7E008,43,1670006,random,v3,1,100,0,0
V7E008,43,1670006,random,v7,0,9,2,0
V7E008,43,1670006,teacher,random,1,100,0,0
V7E008,43,1670006,teacher,v3,1,100,0,0
V7E008,43,1670006,teacher,v7,1,100,0,0
V7E008,43,1670007,random,random,1,100,1,0
V7E008,43,1670007,random,v3,1,100,0,0
V7E008,43,1670007,random,v7,1,100,3,0
V7E008,43,1670007,teacher,random,0,3,0,0
V7E008,43,1670007,teacher,v3,0,5,0,0
V7E008,43,1670007,teacher,v7,1,100,3,0
V7E008,43,1670008,random,random,1,100,0,0
V7E008,43,1670008,random,v3,1,100,0,0
V7E008,43,1670008,random,v7,1,100,0,0
V7E008,43,1670008,teacher,random,0,48,0,0
V7E008,43,1670008,teacher,v3,0,50,0,0
V7E008,43,1670008,teacher,v7,0,50,0,0
V7E008,43,1670009,random,random,1,100,0,1
V7E008,43,1670009,random,v3,1,100,0,0
V7E008,43,1670009,random,v7,1,100,0,0
V7E008,43,1670009,teacher,random,0,68,2,1
V7E008,43,1670009,teacher,v3,1,100,0,0
V7E008,43,1670009,teacher,v7,1,100,0,0
V7E008,43,1670010,random,random,1,100,0,0
V7E008,43,1670010,random,v3,1,100,0,0
V7E008,43,1670010,random,v7,1,100,0,0
V7E008,43,1670010,teacher,random,0,17,0,0
V7E008,43,1670010,teacher,v3,0,17,0,0
V7E008,43,1670010,teacher,v7,1,100,0,0
V7E008,43,1670011,random,random,0,92,0,0
V7E008,43,1670011,random,v3,1,100,0,0
V7E008,43,1670011,random,v7,1,100,0,0
V7E008,43,1670011,teacher,random,0,8,0,0
V7E008,43,1670011,teacher,v3,0,9,0,0
V7E008,43,1670011,teacher,v7,0,9,0,0
V7E008,43,1670012,random,random,1,100,0,0
V7E008,43,1670012,random,v3,1,100,0,0
V7E008,43,1670012,random,v7,1,100,0,0
V7E008,43,1670012,teacher,random,0,45,3,0
V7E008,43,1670012,teacher,v3,1,100,0,0
V7E008,43,1670012,teacher,v7,1,100,0,0
V7E008,43,1670013,random,random,0,7,0,0
V7E008,43,1670013,random,v3,0,38,0,0
V7E008,43,1670013,random,v7,0,7,0,0
V7E008,43,1670013,teacher,random,0,2,0,0
V7E008,43,1670013,teacher,v3,0,3,0,0
V7E008,43,1670013,teacher,v7,0,2,0,0
V7E008,43,1670014,random,random,0,24,0,0
V7E008,43,1670014,random,v3,0,21,0,0
V7E008,43,1670014,random,v7,1,100,3,0
V7E008,43,1670014,teacher,random,0,4,0,0
V7E008,43,1670014,teacher,v3,0,4,0,0
V7E008,43,1670014,teacher,v7,1,100,3,0
V7E008,43,1670015,random,random,0,3,0,0
V7E008,43,1670015,random,v3,1,100,0,0
V7E008,43,1670015,random,v7,0,11,0,0
V7E008,43,1670015,teacher,random,0,1,0,0
V7E008,43,1670015,teacher,v3,0,1,0,0
V7E008,43,1670015,teacher,v7,0,1,0,0
V7E008,43,1670016,random,random,0,19,0,0
V7E008,43,1670016,random,v3,0,36,0,0
V7E008,43,1670016,random,v7,0,31,0,0
V7E008,43,1670016,teacher,random,0,2,0,0
V7E008,43,1670016,teacher,v3,0,20,0,0
V7E008,43,1670016,teacher,v7,0,11,0,0
V7E008,43,1670017,random,random,1,100,0,0
V7E008,43,1670017,random,v3,1,100,0,0
V7E008,43,1670017,random,v7,1,100,0,0
V7E008,43,1670017,teacher,random,1,100,0,0
V7E008,43,1670017,teacher,v3,1,100,0,0
V7E008,43,1670017,teacher,v7,1,100,0,0
V7E008,43,1670018,random,random,0,60,1,1
V7E008,43,1670018,random,v3,1,100,0,0
V7E008,43,1670018,random,v7,1,100,0,0
V7E008,43,1670018,teacher,random,0,65,2,1
V7E008,43,1670018,teacher,v3,1,100,0,0
V7E008,43,1670018,teacher,v7,1,100,0,0
V7E008,43,1670019,random,random,0,5,0,0
V7E008,43,1670019,random,v3,0,26,0,0
V7E008,43,1670019,random,v7,0,14,0,0
V7E008,43,1670019,teacher,random,0,2,0,0
V7E008,43,1670019,teacher,v3,0,4,0,0
V7E008,43,1670019,teacher,v7,0,2,0,0
V7E008,43,1670020,random,random,1,100,1,0
V7E008,43,1670020,random,v3,0,62,0,0
V7E008,43,1670020,random,v7,1,100,0,0
V7E008,43,1670020,teacher,random,0,35,1,0
V7E008,43,1670020,teacher,v3,0,37,0,0
V7E008,43,1670020,teacher,v7,0,47,0,0
V7E008,43,1670021,random,random,0,1,0,0
V7E008,43,1670021,random,v3,0,1,0,0
V7E008,43,1670021,random,v7,0,1,0,0
V7E008,43,1670021,teacher,random,0,1,0,0
V7E008,43,1670021,teacher,v3,0,1,0,0
V7E008,43,1670021,teacher,v7,0,1,0,0
V7E008,43,1670022,random,random,1,100,3,0
V7E008,43,1670022,random,v3,1,100,0,0
V7E008,43,1670022,random,v7,1,100,0,0
V7E008,43,1670022,teacher,random,0,37,1,0
V7E008,43,1670022,teacher,v3,1,100,0,0
V7E008,43,1670022,teacher,v7,1,100,0,0
V7E008,43,1670023,random,random,1,100,3,0
V7E008,43,1670023,random,v3,0,78,0,0
V7E008,43,1670023,random,v7,1,100,0,0
V7E008,43,1670023,teacher,random,0,35,2,0
V7E008,43,1670023,teacher,v3,0,12,0,0
V7E008,43,1670023,teacher,v7,1,100,0,0
V7E008,43,1670024,random,random,0,2,0,0
V7E008,43,1670024,random,v3,0,3,0,0
V7E008,43,1670024,random,v7,0,58,0,0
V7E008,43,1670024,teacher,random,0,4,0,0
V7E008,43,1670024,teacher,v3,0,20,0,0
V7E008,43,1670024,teacher,v7,0,13,0,0
V7E008,43,1670025,random,random,1,100,0,0
V7E008,43,1670025,random,v3,1,100,0,0
V7E008,43,1670025,random,v7,1,100,3,0
V7E008,43,1670025,teacher,random,0,55,1,0
V7E008,43,1670025,teacher,v3,1,100,0,0
V7E008,43,1670025,teacher,v7,1,100,3,0
V7E008,43,1670026,random,random,1,100,0,0
V7E008,43,1670026,random,v3,0,5,0,0
V7E008,43,1670026,random,v7,1,100,3,0
V7E008,43,1670026,teacher,random,0,2,0,0
V7E008,43,1670026,teacher,v3,0,2,0,0
V7E008,43,1670026,teacher,v7,0,2,0,0
V7E008,43,1670027,random,random,1,100,0,1
V7E008,43,1670027,random,v3,1,100,0,0
V7E008,43,1670027,random,v7,1,100,0,0
V7E008,43,1670027,teacher,random,1,100,0,1
V7E008,43,1670027,teacher,v3,1,100,0,0
V7E008,43,1670027,teacher,v7,1,100,0,0
V7E008,43,1670028,random,random,0,2,0,0
V7E008,43,1670028,random,v3,1,100,0,0
V7E008,43,1670028,random,v7,0,36,0,0
V7E008,43,1670028,teacher,random,0,2,0,0
V7E008,43,1670028,teacher,v3,0,3,0,0
V7E008,43,1670028,teacher,v7,0,4,0,0
V7E008,43,1670029,random,random,0,13,0,0
V7E008,43,1670029,random,v3,0,16,0,0
V7E008,43,1670029,random,v7,0,5,0,0
V7E008,43,1670029,teacher,random,0,2,0,0
V7E008,43,1670029,teacher,v3,0,4,0,0
V7E008,43,1670029,teacher,v7,0,3,0,0
V7E008,43,1670030,random,random,0,76,1,0
V7E008,43,1670030,random,v3,0,84,0,0
V7E008,43,1670030,random,v7,1,100,0,0
V7E008,43,1670030,teacher,random,0,38,1,0
V7E008,43,1670030,teacher,v3,0,36,0,0
V7E008,43,1670030,teacher,v7,0,46,0,0
V7E008,43,1670031,random,random,0,1,0,0
V7E008,43,1670031,random,v3,0,1,0,0
V7E008,43,1670031,random,v7,0,1,0,0
V7E008,43,1670031,teacher,random,0,1,0,0
V7E008,43,1670031,teacher,v3,0,1,0,0
V7E008,43,1670031,teacher,v7,0,1,0,0
V7E008,43,1670032,random,random,1,100,5,1
V7E008,43,1670032,random,v3,1,100,0,0
V7E008,43,1670032,random,v7,1,100,0,0
V7E008,43,1670032,teacher,random,0,29,2,1
V7E008,43,1670032,teacher,v3,1,100,0,0
V7E008,43,1670032,teacher,v7,1,100,0,0
V7E008,43,1670033,random,random,0,93,0,1
V7E008,43,1670033,random,v3,1,100,0,0
V7E008,43,1670033,random,v7,1,100,0,0
V7E008,43,1670033,teacher,random,0,17,0,0
V7E008,43,1670033,teacher,v3,0,14,0,0
V7E008,43,1670033,teacher,v7,1,100,0,0
V7E008,43,1670034,random,random,1,100,2,1
V7E008,43,1670034,random,v3,1,100,0,0
V7E008,43,1670034,random,v7,1,100,0,0
V7E008,43,1670034,teacher,random,0,36,1,0
V7E008,43,1670034,teacher,v3,1,100,0,0
V7E008,43,1670034,teacher,v7,1,100,0,0
V7E008,43,1670035,random,random,1,100,1,0
V7E008,43,1670035,random,v3,1,100,0,0
V7E008,43,1670035,random,v7,1,100,0,0
V7E008,43,1670035,teacher,random,0,37,0,0
V7E008,43,1670035,teacher,v3,0,39,0,0
V7E008,43,1670035,teacher,v7,1,100,1,0
V7E008,43,1670036,random,random,0,48,3,0
V7E008,43,1670036,random,v3,1,100,0,0
V7E008,43,1670036,random,v7,0,36,3,0
V7E008,43,1670036,teacher,random,0,41,2,0
V7E008,43,1670036,teacher,v3,1,100,0,0
V7E008,43,1670036,teacher,v7,0,9,2,0
V7E008,43,1670037,random,random,0,37,0,0
V7E008,43,1670037,random,v3,1,100,0,0
V7E008,43,1670037,random,v7,0,5,0,0
V7E008,43,1670037,teacher,random,0,4,0,0
V7E008,43,1670037,teacher,v3,0,5,0,0
V7E008,43,1670037,teacher,v7,1,100,0,0
V7E008,43,1670038,random,random,1,100,0,1
V7E008,43,1670038,random,v3,1,100,0,0
V7E008,43,1670038,random,v7,1,100,0,0
V7E008,43,1670038,teacher,random,0,2,0,0
V7E008,43,1670038,teacher,v3,0,2,0,0
V7E008,43,1670038,teacher,v7,0,2,0,0
V7E008,43,1670039,random,random,0,41,0,0
V7E008,43,1670039,random,v3,0,96,0,0
V7E008,43,1670039,random,v7,1,100,3,0
V7E008,43,1670039,teacher,random,0,4,0,0
V7E008,43,1670039,teacher,v3,0,6,0,0
V7E008,43,1670039,teacher,v7,0,4,0,0
V7E008,43,1670040,random,random,1,100,0,0
V7E008,43,1670040,random,v3,1,100,0,0
V7E008,43,1670040,random,v7,1,100,0,0
V7E008,43,1670040,teacher,random,0,47,0,0
V7E008,43,1670040,teacher,v3,0,39,0,0
V7E008,43,1670040,teacher,v7,1,100,1,0
V7E008,43,1670041,random,random,0,8,0,0
V7E008,43,1670041,random,v3,1,100,0,0
V7E008,43,1670041,random,v7,1,100,0,0
V7E008,43,1670041,teacher,random,0,1,0,0
V7E008,43,1670041,teacher,v3,0,1,0,0
V7E008,43,1670041,teacher,v7,0,1,0,0
V7E008,43,1670042,random,random,1,100,1,0
V7E008,43,1670042,random,v3,1,100,0,0
V7E008,43,1670042,random,v7,1,100,0,0
V7E008,43,1670042,teacher,random,0,40,1,0
V7E008,43,1670042,teacher,v3,1,100,0,0
V7E008,43,1670042,teacher,v7,0,48,0,0
V7E008,43,1670043,random,random,1,100,0,1
V7E008,43,1670043,random,v3,1,100,0,0
V7E008,43,1670043,random,v7,1,100,0,0
V7E008,43,1670043,teacher,random,1,100,0,1
V7E008,43,1670043,teacher,v3,1,100,0,0
V7E008,43,1670043,teacher,v7,1,100,0,0
V7E008,43,1670044,random,random,0,16,0,0
V7E008,43,1670044,random,v3,1,100,0,0
V7E008,43,1670044,random,v7,0,3,0,0
V7E008,43,1670044,teacher,random,0,2,0,0
V7E008,43,1670044,teacher,v3,0,2,0,0
V7E008,43,1670044,teacher,v7,0,2,0,0
V7E008,43,1670045,random,random,1,100,0,0
V7E008,43,1670045,random,v3,1,100,0,0
V7E008,43,1670045,random,v7,1,100,0,0
V7E008,43,1670045,teacher,random,0,50,2,0
V7E008,43,1670045,teacher,v3,0,52,0,0
V7E008,43,1670045,teacher,v7,0,51,0,0
V7E008,43,1670046,random,random,0,52,1,0
V7E008,43,1670046,random,v3,1,100,0,0
V7E008,43,1670046,random,v7,0,60,0,0
V7E008,43,1670046,teacher,random,0,4,0,0
V7E008,43,1670046,teacher,v3,0,8,0,0
V7E008,43,1670046,teacher,v7,0,6,0,0
V7E008,43,1670047,random,random,1,100,1,0
V7E008,43,1670047,random,v3,1,100,0,0
V7E008,43,1670047,random,v7,1,100,0,0
V7E008,43,1670047,teacher,random,0,46,0,0
V7E008,43,1670047,teacher,v3,0,50,0,0
V7E008,43,1670047,teacher,v7,0,49,0,0
V7E008,43,1670048,random,random,0,86,1,0
V7E008,43,1670048,random,v3,1,100,0,0
V7E008,43,1670048,random,v7,1,100,0,0
V7E008,43,1670048,teacher,random,0,9,0,0
V7E008,43,1670048,teacher,v3,0,9,0,0
V7E008,43,1670048,teacher,v7,0,5,0,0
V7E008,43,1670049,random,random,1,100,0,0
V7E008,43,1670049,random,v3,1,100,0,0
V7E008,43,1670049,random,v7,1,100,0,0
V7E008,43,1670049,teacher,random,0,35,1,0
V7E008,43,1670049,teacher,v3,0,36,0,0
V7E008,43,1670049,teacher,v7,0,47,0,0
V7E008,43,1670050,random,random,0,2,0,0
V7E008,43,1670050,random,v3,0,90,0,0
V7E008,43,1670050,random,v7,1,100,3,0
V7E008,43,1670050,teacher,random,0,1,0,0
V7E008,43,1670050,teacher,v3,0,1,0,0
V7E008,43,1670050,teacher,v7,0,1,0,0
V7E008,43,1670051,random,random,0,2,0,0
V7E008,43,1670051,random,v3,0,43,0,0
V7E008,43,1670051,random,v7,1,100,3,0
V7E008,43,1670051,teacher,random,0,2,0,0
V7E008,43,1670051,teacher,v3,0,5,0,0
V7E008,43,1670051,teacher,v7,1,100,3,0
V7E008,43,1670052,random,random,0,69,0,0
V7E008,43,1670052,random,v3,0,68,0,0
V7E008,43,1670052,random,v7,1,100,3,0
V7E008,43,1670052,teacher,random,0,5,0,0
V7E008,43,1670052,teacher,v3,0,8,0,0
V7E008,43,1670052,teacher,v7,1,100,0,0
V7E008,43,1670053,random,random,0,22,3,0
V7E008,43,1670053,random,v3,1,100,0,0
V7E008,43,1670053,random,v7,1,100,0,0
V7E008,43,1670053,teacher,random,0,18,1,0
V7E008,43,1670053,teacher,v3,1,100,0,0
V7E008,43,1670053,teacher,v7,1,100,0,0
V7E008,43,1670054,random,random,1,100,1,0
V7E008,43,1670054,random,v3,1,100,0,0
V7E008,43,1670054,random,v7,1,100,0,0
V7E008,43,1670054,teacher,random,0,43,0,0
V7E008,43,1670054,teacher,v3,0,43,0,0
V7E008,43,1670054,teacher,v7,0,47,0,0
V7E008,43,1670055,random,random,0,2,0,0
V7E008,43,1670055,random,v3,0,7,0,0
V7E008,43,1670055,random,v7,1,100,3,0
V7E008,43,1670055,teacher,random,0,1,0,0
V7E008,43,1670055,teacher,v3,0,5,0,0
V7E008,43,1670055,teacher,v7,0,4,0,0
V7E008,43,1670056,random,random,0,35,0,1
V7E008,43,1670056,random,v3,1,100,0,0
V7E008,43,1670056,random,v7,0,3,0,0
V7E008,43,1670056,teacher,random,0,2,0,0
V7E008,43,1670056,teacher,v3,0,2,0,0
V7E008,43,1670056,teacher,v7,0,2,0,0
V7E008,43,1670057,random,random,1,100,0,0
V7E008,43,1670057,random,v3,1,100,0,0
V7E008,43,1670057,random,v7,1,100,0,0
V7E008,43,1670057,teacher,random,0,35,0,0
V7E008,43,1670057,teacher,v3,0,47,0,0
V7E008,43,1670057,teacher,v7,0,46,0,0
V7E008,43,1670058,random,random,0,3,0,0
V7E008,43,1670058,random,v3,0,57,0,0
V7E008,43,1670058,random,v7,1,100,0,0
V7E008,43,1670058,teacher,random,0,1,0,0
V7E008,43,1670058,teacher,v3,0,1,0,0
V7E008,43,1670058,teacher,v7,0,1,0,0
V7E008,43,1670059,random,random,0,1,0,0
V7E008,43,1670059,random,v3,0,25,0,0
V7E008,43,1670059,random,v7,0,37,0,0
V7E008,43,1670059,teacher,random,0,1,0,0
V7E008,43,1670059,teacher,v3,0,1,0,0
V7E008,43,1670059,teacher,v7,0,1,0,0
V7E008,43,1670060,random,random,0,53,1,0
V7E008,43,1670060,random,v3,1,100,0,0
V7E008,43,1670060,random,v7,1,100,0,0
V7E008,43,1670060,teacher,random,0,49,1,0
V7E008,43,1670060,teacher,v3,0,48,0,0
V7E008,43,1670060,teacher,v7,0,52,0,0
V7E008,43,1670061,random,random,0,4,0,0
V7E008,43,1670061,random,v3,0,31,0,0
V7E008,43,1670061,random,v7,0,5,0,0
V7E008,43,1670061,teacher,random,0,3,0,0
V7E008,43,1670061,teacher,v3,0,3,0,0
V7E008,43,1670061,teacher,v7,0,2,0,0
V7E008,43,1670062,random,random,0,2,0,0
V7E008,43,1670062,random,v3,0,49,0,0
V7E008,43,1670062,random,v7,0,79,0,0
V7E008,43,1670062,teacher,random,0,1,0,0
V7E008,43,1670062,teacher,v3,0,2,0,0
V7E008,43,1670062,teacher,v7,0,5,0,0
V7E008,43,1670063,random,random,0,2,0,0
V7E008,43,1670063,random,v3,0,56,0,0
V7E008,43,1670063,random,v7,1,100,3,0
V7E008,43,1670063,teacher,random,0,1,0,0
V7E008,43,1670063,teacher,v3,0,4,0,0
V7E008,43,1670063,teacher,v7,1,100,3,0
V7E008,43,1670064,random,random,0,76,1,0
V7E008,43,1670064,random,v3,1,100,0,0
V7E008,43,1670064,random,v7,0,33,3,0
V7E008,43,1670064,teacher,random,0,77,1,0
V7E008,43,1670064,teacher,v3,1,100,0,0
V7E008,43,1670064,teacher,v7,0,4,1,0
V7E008,43,1670065,random,random,1,100,1,0
V7E008,43,1670065,random,v3,1,100,0,0
V7E008,43,1670065,random,v7,1,100,0,0
V7E008,43,1670065,teacher,random,0,40,1,0
V7E008,43,1670065,teacher,v3,0,37,0,0
V7E008,43,1670065,teacher,v7,0,47,0,0
V7E008,43,1670066,random,random,0,29,1,0
V7E008,43,1670066,random,v3,1,100,0,0
V7E008,43,1670066,random,v7,1,100,0,0
V7E008,43,1670066,teacher,random,0,10,0,0
V7E008,43,1670066,teacher,v3,0,8,0,0
V7E008,43,1670066,teacher,v7,0,6,0,0
V7E008,43,1670067,random,random,1,100,3,0
V7E008,43,1670067,random,v3,1,100,0,0
V7E008,43,1670067,random,v7,1,100,0,0
V7E008,43,1670067,teacher,random,0,63,1,0
V7E008,43,1670067,teacher,v3,1,100,0,0
V7E008,43,1670067,teacher,v7,1,100,0,0
V7E008,43,1670068,random,random,1,100,0,0
V7E008,43,1670068,random,v3,1,100,0,0
V7E008,43,1670068,random,v7,1,100,0,0
V7E008,43,1670068,teacher,random,0,35,0,0
V7E008,43,1670068,teacher,v3,0,37,0,0
V7E008,43,1670068,teacher,v7,0,47,0,0
V7E008,43,1670069,random,random,1,100,1,0
V7E008,43,1670069,random,v3,1,100,0,0
V7E008,43,1670069,random,v7,1,100,0,0
V7E008,43,1670069,teacher,random,0,35,1,0
V7E008,43,1670069,teacher,v3,0,46,0,0
V7E008,43,1670069,teacher,v7,0,50,0,0
V7E008,43,1670070,random,random,0,39,0,0
V7E008,43,1670070,random,v3,1,100,0,0
V7E008,43,1670070,random,v7,0,4,0,0
V7E008,43,1670070,teacher,random,0,3,0,0
V7E008,43,1670070,teacher,v3,0,3,0,0
V7E008,43,1670070,teacher,v7,1,100,0,0
V7E008,43,1670071,random,random,0,13,0,0
V7E008,43,1670071,random,v3,0,4,0,0
V7E008,43,1670071,random,v7,0,4,0,0
V7E008,43,1670071,teacher,random,0,1,0,0
V7E008,43,1670071,teacher,v3,0,1,0,0
V7E008,43,1670071,teacher,v7,0,1,0,0
V7E008,43,1670072,random,random,1,100,0,0
V7E008,43,1670072,random,v3,0,51,0,0
V7E008,43,1670072,random,v7,1,100,3,0
V7E008,43,1670072,teacher,random,0,9,0,0
V7E008,43,1670072,teacher,v3,0,6,0,0
V7E008,43,1670072,teacher,v7,1,100,3,0
V7E008,43,1670073,random,random,0,1,0,0
V7E008,43,1670073,random,v3,0,1,0,0
V7E008,43,1670073,random,v7,0,1,0,0
V7E008,43,1670073,teacher,random,0,1,0,0
V7E008,43,1670073,teacher,v3,0,1,0,0
V7E008,43,1670073,teacher,v7,0,1,0,0
V7E008,43,1670074,random,random,1,100,0,0
V7E008,43,1670074,random,v3,1,100,0,0
V7E008,43,1670074,random,v7,1,100,0,0
V7E008,43,1670074,teacher,random,0,43,3,0
V7E008,43,1670074,teacher,v3,0,43,0,0
V7E008,43,1670074,teacher,v7,0,48,0,0
V7E008,43,1670075,random,random,1,100,1,0
V7E008,43,1670075,random,v3,1,100,0,0
V7E008,43,1670075,random,v7,1,100,0,0
V7E008,43,1670075,teacher,random,0,38,0,0
V7E008,43,1670075,teacher,v3,0,47,0,0
V7E008,43,1670075,teacher,v7,0,50,0,0
V7E008,43,1670076,random,random,1,100,3,0
V7E008,43,1670076,random,v3,0,95,0,0
V7E008,43,1670076,random,v7,1,100,0,0
V7E008,43,1670076,teacher,random,0,1,0,0
V7E008,43,1670076,teacher,v3,0,1,0,0
V7E008,43,1670076,teacher,v7,0,1,0,0
V7E008,43,1670077,random,random,0,84,3,0
V7E008,43,1670077,random,v3,1,100,0,0
V7E008,43,1670077,random,v7,1,100,0,0
V7E008,43,1670077,teacher,random,0,80,1,0
V7E008,43,1670077,teacher,v3,1,100,0,0
V7E008,43,1670077,teacher,v7,0,3,1,0
V7E008,43,1670078,random,random,1,100,1,0
V7E008,43,1670078,random,v3,1,100,0,0
V7E008,43,1670078,random,v7,1,100,0,0
V7E008,43,1670078,teacher,random,0,38,1,0
V7E008,43,1670078,teacher,v3,0,41,0,0
V7E008,43,1670078,teacher,v7,0,47,0,0
V7E008,43,1670079,random,random,0,21,0,0
V7E008,43,1670079,random,v3,0,27,0,0
V7E008,43,1670079,random,v7,0,23,0,0
V7E008,43,1670079,teacher,random,0,4,0,0
V7E008,43,1670079,teacher,v3,0,7,0,0
V7E008,43,1670079,teacher,v7,0,5,0,0
V7E008,43,1670080,random,random,0,27,0,1
V7E008,43,1670080,random,v3,1,100,0,0
V7E008,43,1670080,random,v7,1,100,0,0
V7E008,43,1670080,teacher,random,0,2,0,0
V7E008,43,1670080,teacher,v3,0,4,0,0
V7E008,43,1670080,teacher,v7,1,100,0,0
V7E008,43,1670081,random,random,0,56,1,0
V7E008,43,1670081,random,v3,1,100,3,0
V7E008,43,1670081,random,v7,1,100,3,0
V7E008,43,1670081,teacher,random,0,18,0,0
V7E008,43,1670081,teacher,v3,0,9,3,0
V7E008,43,1670081,teacher,v7,1,100,3,0
V7E008,43,1670082,random,random,0,10,0,0
V7E008,43,1670082,random,v3,0,30,0,0
V7E008,43,1670082,random,v7,0,30,0,0
V7E008,43,1670082,teacher,random,0,2,0,0
V7E008,43,1670082,teacher,v3,0,2,0,0
V7E008,43,1670082,teacher,v7,0,2,0,0
V7E008,43,1670083,random,random,0,9,0,0
V7E008,43,1670083,random,v3,1,100,0,0
V7E008,43,1670083,random,v7,0,4,0,0
V7E008,43,1670083,teacher,random,0,8,0,0
V7E008,43,1670083,teacher,v3,0,5,0,0
V7E008,43,1670083,teacher,v7,0,4,0,0
V7E008,43,1670084,random,random,0,17,1,0
V7E008,43,1670084,random,v3,0,91,0,0
V7E008,43,1670084,random,v7,1,100,0,0
V7E008,43,1670084,teacher,random,0,16,1,0
V7E008,43,1670084,teacher,v3,0,41,0,0
V7E008,43,1670084,teacher,v7,0,46,0,0
V7E008,43,1670085,random,random,0,24,0,0
V7E008,43,1670085,random,v3,0,7,0,0
V7E008,43,1670085,random,v7,0,9,0,0
V7E008,43,1670085,teacher,random,0,6,0,0
V7E008,43,1670085,teacher,v3,0,4,0,0
V7E008,43,1670085,teacher,v7,1,100,0,0
V7E008,43,1670086,random,random,1,100,1,0
V7E008,43,1670086,random,v3,1,100,0,0
V7E008,43,1670086,random,v7,1,100,0,0
V7E008,43,1670086,teacher,random,0,44,1,0
V7E008,43,1670086,teacher,v3,1,100,0,0
V7E008,43,1670086,teacher,v7,0,48,0,0
V7E008,43,1670087,random,random,0,15,0,0
V7E008,43,1670087,random,v3,0,24,0,0
V7E008,43,1670087,random,v7,1,100,3,0
V7E008,43,1670087,teacher,random,0,4,0,0
V7E008,43,1670087,teacher,v3,0,6,0,0
V7E008,43,1670087,teacher,v7,0,4,0,0
V7E008,43,1670088,random,random,0,46,0,0
V7E008,43,1670088,random,v3,0,47,0,0
V7E008,43,1670088,random,v7,0,47,0,0
V7E008,43,1670088,teacher,random,0,18,0,0
V7E008,43,1670088,teacher,v3,0,8,0,0
V7E008,43,1670088,teacher,v7,0,8,0,0
V7E008,43,1670089,random,random,0,4,0,0
V7E008,43,1670089,random,v3,0,22,0,0
V7E008,43,1670089,random,v7,0,5,0,0
V7E008,43,1670089,teacher,random,0,2,0,0
V7E008,43,1670089,teacher,v3,0,4,0,0
V7E008,43,1670089,teacher,v7,0,2,0,0
V7E008,43,1670090,random,random,0,13,0,0
V7E008,43,1670090,random,v3,0,39,0,0
V7E008,43,1670090,random,v7,1,100,3,0
V7E008,43,1670090,teacher,random,0,2,0,0
V7E008,43,1670090,teacher,v3,0,3,0,0
V7E008,43,1670090,teacher,v7,1,100,3,0
V7E008,43,1670091,random,random,0,19,0,0
V7E008,43,1670091,random,v3,1,100,0,0
V7E008,43,1670091,random,v7,1,100,0,0
V7E008,43,1670091,teacher,random,0,12,0,0
V7E008,43,1670091,teacher,v3,0,11,0,0
V7E008,43,1670091,teacher,v7,0,4,0,0
V7E008,43,1670092,random,random,1,100,0,0
V7E008,43,1670092,random,v3,1,100,0,0
V7E008,43,1670092,random,v7,1,100,0,0
V7E008,43,1670092,teacher,random,0,98,2,0
V7E008,43,1670092,teacher,v3,1,100,0,0
V7E008,43,1670092,teacher,v7,1,100,0,0
V7E008,43,1670093,random,random,0,9,0,0
V7E008,43,1670093,random,v3,0,82,0,0
V7E008,43,1670093,random,v7,0,54,0,0
V7E008,43,1670093,teacher,random,0,3,0,0
V7E008,43,1670093,teacher,v3,0,7,0,0
V7E008,43,1670093,teacher,v7,1,100,0,0
V7E008,43,1670094,random,random,0,10,0,0
V7E008,43,1670094,random,v3,0,47,0,0
V7E008,43,1670094,random,v7,1,100,3,0
V7E008,43,1670094,teacher,random,0,2,0,0
V7E008,43,1670094,teacher,v3,0,3,0,0
V7E008,43,1670094,teacher,v7,1,100,3,0
V7E008,43,1670095,random,random,1,100,0,1
V7E008,43,1670095,random,v3,1,100,0,0
V7E008,43,1670095,random,v7,1,100,0,0
V7E008,43,1670095,teacher,random,1,100,0,1
V7E008,43,1670095,teacher,v3,1,100,0,0
V7E008,43,1670095,teacher,v7,1,100,0,0
V7E008,43,1670096,random,random,1,100,0,1
V7E008,43,1670096,random,v3,1,100,0,0
V7E008,43,1670096,random,v7,1,100,3,0
V7E008,43,1670096,teacher,random,0,61,2,0
V7E008,43,1670096,teacher,v3,1,100,0,0
V7E008,43,1670096,teacher,v7,1,100,3,0
V7E008,43,1670097,random,random,0,41,0,0
V7E008,43,1670097,random,v3,1,100,0,0
V7E008,43,1670097,random,v7,1,100,0,0
V7E008,43,1670097,teacher,random,0,13,0,0
V7E008,43,1670097,teacher,v3,0,18,0,0
V7E008,43,1670097,teacher,v7,0,11,0,0
V7E008,43,1670098,random,random,1,100,0,0
V7E008,43,1670098,random,v3,1,100,0,0
V7E008,43,1670098,random,v7,1,100,0,0
V7E008,43,1670098,teacher,random,0,36,0,0
V7E008,43,1670098,teacher,v3,0,36,0,0
V7E008,43,1670098,teacher,v7,1,100,1,0
V7E008,43,1670099,random,random,1,100,1,0
V7E008,43,1670099,random,v3,1,100,0,0
V7E008,43,1670099,random,v7,1,100,0,0
V7E008,43,1670099,teacher,random,0,40,0,0
V7E008,43,1670099,teacher,v3,0,39,0,0
V7E008,43,1670099,teacher,v7,1,100,1,0
V7E009,43,1680000,random,random,0,24,1,0
V7E009,43,1680000,random,v3,0,23,0,0
V7E009,43,1680000,random,v7,0,23,0,0
V7E009,43,1680000,teacher,random,0,8,0,0
V7E009,43,1680000,teacher,v3,0,2,0,0
V7E009,43,1680000,teacher,v7,1,100,0,0
V7E009,43,1680001,random,random,1,100,4,1
V7E009,43,1680001,random,v3,1,100,0,1
V7E009,43,1680001,random,v7,1,100,0,1
V7E009,43,1680001,teacher,random,0,14,0,0
V7E009,43,1680001,teacher,v3,0,16,0,1
V7E009,43,1680001,teacher,v7,0,12,0,1
V7E009,43,1680002,random,random,1,100,0,0
V7E009,43,1680002,random,v3,1,100,0,0
V7E009,43,1680002,random,v7,1,100,0,0
V7E009,43,1680002,teacher,random,0,25,0,0
V7E009,43,1680002,teacher,v3,0,26,0,0
V7E009,43,1680002,teacher,v7,1,100,0,0
V7E009,43,1680003,random,random,1,100,0,0
V7E009,43,1680003,random,v3,1,100,0,0
V7E009,43,1680003,random,v7,1,100,4,0
V7E009,43,1680003,teacher,random,0,29,2,0
V7E009,43,1680003,teacher,v3,0,24,0,0
V7E009,43,1680003,teacher,v7,0,22,4,0
V7E009,43,1680004,random,random,1,100,0,0
V7E009,43,1680004,random,v3,0,83,0,0
V7E009,43,1680004,random,v7,0,57,0,0
V7E009,43,1680004,teacher,random,0,38,0,0
V7E009,43,1680004,teacher,v3,0,12,0,0
V7E009,43,1680004,teacher,v7,1,100,0,0
V7E009,43,1680005,random,random,1,100,0,0
V7E009,43,1680005,random,v3,1,100,0,0
V7E009,43,1680005,random,v7,1,100,0,0
V7E009,43,1680005,teacher,random,0,76,1,0
V7E009,43,1680005,teacher,v3,1,100,0,0
V7E009,43,1680005,teacher,v7,1,100,0,0
V7E009,43,1680006,random,random,0,27,0,0
V7E009,43,1680006,random,v3,0,63,0,0
V7E009,43,1680006,random,v7,0,63,0,0
V7E009,43,1680006,teacher,random,0,8,0,0
V7E009,43,1680006,teacher,v3,0,18,0,0
V7E009,43,1680006,teacher,v7,0,17,0,0
V7E009,43,1680007,random,random,1,100,3,1
V7E009,43,1680007,random,v3,1,100,0,0
V7E009,43,1680007,random,v7,1,100,4,0
V7E009,43,1680007,teacher,random,0,25,0,0
V7E009,43,1680007,teacher,v3,0,22,0,0
V7E009,43,1680007,teacher,v7,0,20,4,0
V7E009,43,1680008,random,random,1,100,0,0
V7E009,43,1680008,random,v3,1,100,0,0
V7E009,43,1680008,random,v7,1,100,0,0
V7E009,43,1680008,teacher,random,0,33,0,0
V7E009,43,1680008,teacher,v3,0,34,0,0
V7E009,43,1680008,teacher,v7,1,100,0,0
V7E009,43,1680009,random,random,0,51,2,0
V7E009,43,1680009,random,v3,0,16,0,1
V7E009,43,1680009,random,v7,0,10,0,1
V7E009,43,1680009,teacher,random,0,9,1,0
V7E009,43,1680009,teacher,v3,0,4,0,1
V7E009,43,1680009,teacher,v7,0,4,0,1
V7E009,43,1680010,random,random,1,100,5,0
V7E009,43,1680010,random,v3,1,100,0,0
V7E009,43,1680010,random,v7,0,87,0,0
V7E009,43,1680010,teacher,random,0,16,1,0
V7E009,43,1680010,teacher,v3,0,19,0,0
V7E009,43,1680010,teacher,v7,0,17,0,0
V7E009,43,1680011,random,random,1,100,0,1
V7E009,43,1680011,random,v3,1,100,0,1
V7E009,43,1680011,random,v7,1,100,0,1
V7E009,43,1680011,teacher,random,0,20,1,0
V7E009,43,1680011,teacher,v3,0,20,0,1
V7E009,43,1680011,teacher,v7,0,16,0,1
V7E009,43,1680012,random,random,1,100,0,0
V7E009,43,1680012,random,v3,0,66,0,0
V7E009,43,1680012,random,v7,1,100,0,0
V7E009,43,1680012,teacher,random,0,22,0,0
V7E009,43,1680012,teacher,v3,0,16,0,0
V7E009,43,1680012,teacher,v7,1,100,0,0
V7E009,43,1680013,random,random,1,100,2,0
V7E009,43,1680013,random,v3,0,3,0,1
V7E009,43,1680013,random,v7,0,3,0,1
V7E009,43,1680013,teacher,random,0,7,0,0
V7E009,43,1680013,teacher,v3,0,7,0,1
V7E009,43,1680013,teacher,v7,0,6,0,1
V7E009,43,1680014,random,random,0,5,0,0
V7E009,43,1680014,random,v3,0,12,0,0
V7E009,43,1680014,random,v7,0,13,0,0
V7E009,43,1680014,teacher,random,0,3,0,0
V7E009,43,1680014,teacher,v3,0,3,0,0
V7E009,43,1680014,teacher,v7,0,3,0,0
V7E009,43,1680015,random,random,1,100,0,1
V7E009,43,1680015,random,v3,1,100,0,0
V7E009,43,1680015,random,v7,1,100,0,0
V7E009,43,1680015,teacher,random,0,21,1,0
V7E009,43,1680015,teacher,v3,0,20,0,0
V7E009,43,1680015,teacher,v7,0,20,0,0
V7E009,43,1680016,random,random,1,100,0,0
V7E009,43,1680016,random,v3,1,100,0,0
V7E009,43,1680016,random,v7,0,98,0,0
V7E009,43,1680016,teacher,random,0,23,0,0
V7E009,43,1680016,teacher,v3,0,22,0,0
V7E009,43,1680016,teacher,v7,0,20,0,0
V7E009,43,1680017,random,random,1,100,4,1
V7E009,43,1680017,random,v3,1,100,0,0
V7E009,43,1680017,random,v7,1,100,0,0
V7E009,43,1680017,teacher,random,0,20,0,0
V7E009,43,1680017,teacher,v3,0,25,0,0
V7E009,43,1680017,teacher,v7,0,23,0,0
V7E009,43,1680018,random,random,0,48,0,0
V7E009,43,1680018,random,v3,1,100,0,0
V7E009,43,1680018,random,v7,1,100,0,0
V7E009,43,1680018,teacher,random,0,7,0,0
V7E009,43,1680018,teacher,v3,0,9,0,0
V7E009,43,1680018,teacher,v7,0,8,0,0
V7E009,43,1680019,random,random,1,100,0,0
V7E009,43,1680019,random,v3,1,100,0,0
V7E009,43,1680019,random,v7,1,100,0,0
V7E009,43,1680019,teacher,random,0,16,0,0
V7E009,43,1680019,teacher,v3,0,12,0,0
V7E009,43,1680019,teacher,v7,1,100,0,0
V7E009,43,1680020,random,random,0,19,0,0
V7E009,43,1680020,random,v3,0,14,0,0
V7E009,43,1680020,random,v7,0,11,0,0
V7E009,43,1680020,teacher,random,0,1,0,0
V7E009,43,1680020,teacher,v3,0,1,0,0
V7E009,43,1680020,teacher,v7,0,1,0,0
V7E009,43,1680021,random,random,0,15,0,0
V7E009,43,1680021,random,v3,0,29,0,0
V7E009,43,1680021,random,v7,0,33,0,0
V7E009,43,1680021,teacher,random,0,7,0,0
V7E009,43,1680021,teacher,v3,0,5,0,0
V7E009,43,1680021,teacher,v7,1,100,0,0
V7E009,43,1680022,random,random,1,100,0,0
V7E009,43,1680022,random,v3,1,100,0,0
V7E009,43,1680022,random,v7,1,100,0,0
V7E009,43,1680022,teacher,random,0,39,1,0
V7E009,43,1680022,teacher,v3,1,100,0,0
V7E009,43,1680022,teacher,v7,1,100,0,0
V7E009,43,1680023,random,random,0,7,0,0
V7E009,43,1680023,random,v3,1,100,0,0
V7E009,43,1680023,random,v7,0,14,0,0
V7E009,43,1680023,teacher,random,0,1,0,0
V7E009,43,1680023,teacher,v3,0,1,0,0
V7E009,43,1680023,teacher,v7,0,1,0,0
V7E009,43,1680024,random,random,0,10,0,0
V7E009,43,1680024,random,v3,0,6,0,0
V7E009,43,1680024,random,v7,0,8,0,0
V7E009,43,1680024,teacher,random,0,7,0,0
V7E009,43,1680024,teacher,v3,0,3,0,0
V7E009,43,1680024,teacher,v7,1,100,0,0
V7E009,43,1680025,random,random,1,100,0,0
V7E009,43,1680025,random,v3,1,100,0,0
V7E009,43,1680025,random,v7,1,100,0,0
V7E009,43,1680025,teacher,random,1,100,0,0
V7E009,43,1680025,teacher,v3,1,100,0,0
V7E009,43,1680025,teacher,v7,1,100,0,0
V7E009,43,1680026,random,random,0,3,0,0
V7E009,43,1680026,random,v3,0,1,0,0
V7E009,43,1680026,random,v7,0,1,0,0
V7E009,43,1680026,teacher,random,0,3,0,0
V7E009,43,1680026,teacher,v3,0,4,0,0
V7E009,43,1680026,teacher,v7,0,3,0,0
V7E009,43,1680027,random,random,1,100,0,0
V7E009,43,1680027,random,v3,1,100,0,0
V7E009,43,1680027,random,v7,1,100,0,0
V7E009,43,1680027,teacher,random,0,4,0,0
V7E009,43,1680027,teacher,v3,0,3,0,0
V7E009,43,1680027,teacher,v7,0,3,0,0
V7E009,43,1680028,random,random,0,4,0,0
V7E009,43,1680028,random,v3,0,33,4,0
V7E009,43,1680028,random,v7,1,100,4,0
V7E009,43,1680028,teacher,random,0,1,0,0
V7E009,43,1680028,teacher,v3,0,1,0,0
V7E009,43,1680028,teacher,v7,0,1,0,0
V7E009,43,1680029,random,random,0,62,0,0
V7E009,43,1680029,random,v3,0,75,0,0
V7E009,43,1680029,random,v7,0,62,0,0
V7E009,43,1680029,teacher,random,0,22,0,0
V7E009,43,1680029,teacher,v3,0,26,0,0
V7E009,43,1680029,teacher,v7,0,22,0,0
V7E009,43,1680030,random,random,1,100,0,0
V7E009,43,1680030,random,v3,1,100,0,0
V7E009,43,1680030,random,v7,1,100,0,0
V7E009,43,1680030,teacher,random,0,27,0,0
V7E009,43,1680030,teacher,v3,0,31,0,0
V7E009,43,1680030,teacher,v7,1,100,0,0
V7E009,43,1680031,random,random,0,3,0,0
V7E009,43,1680031,random,v3,0,5,0,0
V7E009,43,1680031,random,v7,0,3,0,0
V7E009,43,1680031,teacher,random,0,2,0,0
V7E009,43,1680031,teacher,v3,0,3,0,0
V7E009,43,1680031,teacher,v7,0,2,0,0
V7E009,43,1680032,random,random,0,42,0,0
V7E009,43,1680032,random,v3,0,78,0,0
V7E009,43,1680032,random,v7,0,37,0,0
V7E009,43,1680032,teacher,random,0,14,0,0
V7E009,43,1680032,teacher,v3,0,15,0,0
V7E009,43,1680032,teacher,v7,1,100,0,0
V7E009,43,1680033,random,random,0,4,0,0
V7E009,43,1680033,random,v3,0,13,0,0
V7E009,43,1680033,random,v7,0,10,0,0
V7E009,43,1680033,teacher,random,0,4,0,0
V7E009,43,1680033,teacher,v3,0,4,0,0
V7E009,43,1680033,teacher,v7,1,100,0,0
V7E009,43,1680034,random,random,0,1,0,0
V7E009,43,1680034,random,v3,0,61,0,1
V7E009,43,1680034,random,v7,0,71,0,1
V7E009,43,1680034,teacher,random,0,1,0,0
V7E009,43,1680034,teacher,v3,0,1,0,0
V7E009,43,1680034,teacher,v7,0,1,0,0
V7E009,43,1680035,random,random,1,100,0,1
V7E009,43,1680035,random,v3,1,100,0,0
V7E009,43,1680035,random,v7,1,100,0,0
V7E009,43,1680035,teacher,random,0,25,0,0
V7E009,43,1680035,teacher,v3,0,22,0,0
V7E009,43,1680035,teacher,v7,1,100,0,0
V7E009,43,1680036,random,random,0,40,0,1
V7E009,43,1680036,random,v3,0,8,4,0
V7E009,43,1680036,random,v7,0,33,4,0
V7E009,43,1680036,teacher,random,0,3,0,0
V7E009,43,1680036,teacher,v3,1,100,0,0
V7E009,43,1680036,teacher,v7,1,100,0,0
V7E009,43,1680037,random,random,0,6,1,0
V7E009,43,1680037,random,v3,0,3,0,0
V7E009,43,1680037,random,v7,0,3,0,0
V7E009,43,1680037,teacher,random,0,4,0,0
V7E009,43,1680037,teacher,v3,0,6,0,0
V7E009,43,1680037,teacher,v7,1,100,0,0
V7E009,43,1680038,random,random,1,100,5,1
V7E009,43,1680038,random,v3,1,100,0,0
V7E009,43,1680038,random,v7,1,100,0,0
V7E009,43,1680038,teacher,random,0,16,2,0
V7E009,43,1680038,teacher,v3,0,20,0,0
V7E009,43,1680038,teacher,v7,1,100,0,0
V7E009,43,1680039,random,random,1,100,0,0
V7E009,43,1680039,random,v3,1,100,0,0
V7E009,43,1680039,random,v7,1,100,0,0
V7E009,43,1680039,teacher,random,0,40,0,0
V7E009,43,1680039,teacher,v3,0,42,0,0
V7E009,43,1680039,teacher,v7,1,100,0,0
V7E009,43,1680040,random,random,0,31,2,0
V7E009,43,1680040,random,v3,1,100,0,0
V7E009,43,1680040,random,v7,1,100,0,0
V7E009,43,1680040,teacher,random,0,21,0,0
V7E009,43,1680040,teacher,v3,0,16,0,0
V7E009,43,1680040,teacher,v7,1,100,0,0
V7E009,43,1680041,random,random,0,18,0,0
V7E009,43,1680041,random,v3,0,87,0,0
V7E009,43,1680041,random,v7,0,43,0,0
V7E009,43,1680041,teacher,random,0,2,0,0
V7E009,43,1680041,teacher,v3,0,3,0,0
V7E009,43,1680041,teacher,v7,0,2,0,0
V7E009,43,1680042,random,random,1,100,1,1
V7E009,43,1680042,random,v3,0,64,0,0
V7E009,43,1680042,random,v7,0,64,0,0
V7E009,43,1680042,teacher,random,0,16,0,1
V7E009,43,1680042,teacher,v3,0,18,0,0
V7E009,43,1680042,teacher,v7,1,100,0,0
V7E009,43,1680043,random,random,0,39,0,1
V7E009,43,1680043,random,v3,1,100,0,0
V7E009,43,1680043,random,v7,0,8,4,0
V7E009,43,1680043,teacher,random,0,25,0,1
V7E009,43,1680043,teacher,v3,0,7,0,0
V7E009,43,1680043,teacher,v7,1,100,0,0
V7E009,43,1680044,random,random,0,31,2,1
V7E009,43,1680044,random,v3,0,61,0,0
V7E009,43,1680044,random,v7,0,61,0,0
V7E009,43,1680044,teacher,random,0,6,1,0
V7E009,43,1680044,teacher,v3,0,7,0,0
V7E009,43,1680044,teacher,v7,1,100,0,0
V7E009,43,1680045,random,random,0,28,0,0
V7E009,43,1680045,random,v3,1,100,0,0
V7E009,43,1680045,random,v7,1,100,0,0
V7E009,43,1680045,teacher,random,0,24,0,0
V7E009,43,1680045,teacher,v3,0,29,0,0
V7E009,43,1680045,teacher,v7,1,100,0,0
V7E009,43,1680046,random,random,0,62,0,0
V7E009,43,1680046,random,v3,0,61,0,0
V7E009,43,1680046,random,v7,0,67,0,0
V7E009,43,1680046,teacher,random,0,17,0,0
V7E009,43,1680046,teacher,v3,0,18,0,0
V7E009,43,1680046,teacher,v7,0,16,0,0
V7E009,43,1680047,random,random,1,100,0,1
V7E009,43,1680047,random,v3,0,94,0,0
V7E009,43,1680047,random,v7,1,100,4,0
V7E009,43,1680047,teacher,random,0,22,0,1
V7E009,43,1680047,teacher,v3,0,23,0,0
V7E009,43,1680047,teacher,v7,0,21,4,0
V7E009,43,1680048,random,random,0,36,4,0
V7E009,43,1680048,random,v3,0,14,4,0
V7E009,43,1680048,random,v7,0,50,4,0
V7E009,43,1680048,teacher,random,0,17,0,0
V7E009,43,1680048,teacher,v3,0,6,4,0
V7E009,43,1680048,teacher,v7,0,7,4,0
V7E009,43,1680049,random,random,1,100,2,0
V7E009,43,1680049,random,v3,0,57,0,0
V7E009,43,1680049,random,v7,0,33,0,0
V7E009,43,1680049,teacher,random,0,14,0,0
V7E009,43,1680049,teacher,v3,0,9,0,0
V7E009,43,1680049,teacher,v7,1,100,0,0
V7E009,43,1680050,random,random,0,12,1,0
V7E009,43,1680050,random,v3,0,79,0,0
V7E009,43,1680050,random,v7,0,76,0,0
V7E009,43,1680050,teacher,random,0,5,1,0
V7E009,43,1680050,teacher,v3,0,5,0,0
V7E009,43,1680050,teacher,v7,1,100,0,0
V7E009,43,1680051,random,random,0,3,0,0
V7E009,43,1680051,random,v3,0,52,0,0
V7E009,43,1680051,random,v7,0,16,0,0
V7E009,43,1680051,teacher,random,0,2,0,0
V7E009,43,1680051,teacher,v3,0,4,0,0
V7E009,43,1680051,teacher,v7,1,100,0,0
V7E009,43,1680052,random,random,1,100,5,0
V7E009,43,1680052,random,v3,1,100,0,0
V7E009,43,1680052,random,v7,1,100,0,0
V7E009,43,1680052,teacher,random,0,24,4,0
V7E009,43,1680052,teacher,v3,0,23,0,0
V7E009,43,1680052,teacher,v7,0,23,0,0
V7E009,43,1680053,random,random,0,1,0,0
V7E009,43,1680053,random,v3,0,1,0,0
V7E009,43,1680053,random,v7,0,1,0,0
V7E009,43,1680053,teacher,random,0,1,0,0
V7E009,43,1680053,teacher,v3,0,1,0,0
V7E009,43,1680053,teacher,v7,0,1,0,0
V7E009,43,1680054,random,random,0,44,2,0
V7E009,43,1680054,random,v3,0,45,0,0
V7E009,43,1680054,random,v7,0,45,0,0
V7E009,43,1680054,teacher,random,0,6,0,0
V7E009,43,1680054,teacher,v3,0,5,0,0
V7E009,43,1680054,teacher,v7,0,5,0,0
V7E009,43,1680055,random,random,1,100,0,0
V7E009,43,1680055,random,v3,1,100,0,0
V7E009,43,1680055,random,v7,1,100,0,0
V7E009,43,1680055,teacher,random,0,34,0,0
V7E009,43,1680055,teacher,v3,0,29,0,0
V7E009,43,1680055,teacher,v7,1,100,0,0
V7E009,43,1680056,random,random,0,42,0,0
V7E009,43,1680056,random,v3,1,100,0,0
V7E009,43,1680056,random,v7,1,100,0,0
V7E009,43,1680056,teacher,random,0,21,0,0
V7E009,43,1680056,teacher,v3,0,20,0,0
V7E009,43,1680056,teacher,v7,0,19,0,0
V7E009,43,1680057,random,random,0,55,1,0
V7E009,43,1680057,random,v3,0,56,0,0
V7E009,43,1680057,random,v7,0,56,0,0
V7E009,43,1680057,teacher,random,0,24,0,0
V7E009,43,1680057,teacher,v3,0,16,0,0
V7E009,43,1680057,teacher,v7,1,100,0,0
V7E009,43,1680058,random,random,0,7,1,0
V7E009,43,1680058,random,v3,0,43,0,0
V7E009,43,1680058,random,v7,0,69,0,0
V7E009,43,1680058,teacher,random,0,4,1,0
V7E009,43,1680058,teacher,v3,0,5,0,0
V7E009,43,1680058,teacher,v7,1,100,0,0
V7E009,43,1680059,random,random,0,88,0,1
V7E009,43,1680059,random,v3,1,100,4,0
V7E009,43,1680059,random,v7,1,100,4,0
V7E009,43,1680059,teacher,random,0,25,0,0
V7E009,43,1680059,teacher,v3,0,21,4,0
V7E009,43,1680059,teacher,v7,0,20,4,0
V7E009,43,1680060,random,random,1,100,0,0
V7E009,43,1680060,random,v3,1,100,0,0
V7E009,43,1680060,random,v7,1,100,0,0
V7E009,43,1680060,teacher,random,0,25,0,0
V7E009,43,1680060,teacher,v3,0,26,0,0
V7E009,43,1680060,teacher,v7,1,100,0,0
V7E009,43,1680061,random,random,0,3,0,0
V7E009,43,1680061,random,v3,1,100,0,0
V7E009,43,1680061,random,v7,0,8,0,0
V7E009,43,1680061,teacher,random,0,2,0,0
V7E009,43,1680061,teacher,v3,0,3,0,0
V7E009,43,1680061,teacher,v7,1,100,0,0
V7E009,43,1680062,random,random,0,96,0,0
V7E009,43,1680062,random,v3,1,100,0,0
V7E009,43,1680062,random,v7,1,100,0,0
V7E009,43,1680062,teacher,random,0,13,0,0
V7E009,43,1680062,teacher,v3,0,14,0,0
V7E009,43,1680062,teacher,v7,1,100,0,0
V7E009,43,1680063,random,random,1,100,0,1
V7E009,43,1680063,random,v3,1,100,0,0
V7E009,43,1680063,random,v7,1,100,4,0
V7E009,43,1680063,teacher,random,0,19,0,0
V7E009,43,1680063,teacher,v3,0,18,0,0
V7E009,43,1680063,teacher,v7,0,16,4,0
V7E009,43,1680064,random,random,0,17,0,1
V7E009,43,1680064,random,v3,0,21,0,1
V7E009,43,1680064,random,v7,0,34,0,1
V7E009,43,1680064,teacher,random,0,15,0,0
V7E009,43,1680064,teacher,v3,0,7,0,1
V7E009,43,1680064,teacher,v7,0,6,0,1
V7E009,43,1680065,random,random,0,65,0,1
V7E009,43,1680065,random,v3,1,100,0,0
V7E009,43,1680065,random,v7,1,100,0,0
V7E009,43,1680065,teacher,random,0,38,0,1
V7E009,43,1680065,teacher,v3,0,21,0,0
V7E009,43,1680065,teacher,v7,1,100,0,0
V7E009,43,1680066,random,random,1,100,0,0
V7E009,43,1680066,random,v3,1,100,0,0
V7E009,43,1680066,random,v7,1,100,0,0
V7E009,43,1680066,teacher,random,0,32,0,0
V7E009,43,1680066,teacher,v3,0,37,0,0
V7E009,43,1680066,teacher,v7,1,100,0,0
V7E009,43,1680067,random,random,1,100,1,0
V7E009,43,1680067,random,v3,0,3,0,0
V7E009,43,1680067,random,v7,0,3,0,0
V7E009,43,1680067,teacher,random,0,2,0,0
V7E009,43,1680067,teacher,v3,0,2,0,0
V7E009,43,1680067,teacher,v7,0,2,0,0
V7E009,43,1680068,random,random,1,100,3,1
V7E009,43,1680068,random,v3,1,100,0,0
V7E009,43,1680068,random,v7,1,100,0,0
V7E009,43,1680068,teacher,random,0,9,1,0
V7E009,43,1680068,teacher,v3,0,7,0,0
V7E009,43,1680068,teacher,v7,1,100,0,0
V7E009,43,1680069,random,random,0,67,0,0
V7E009,43,1680069,random,v3,1,100,0,0
V7E009,43,1680069,random,v7,0,93,0,0
V7E009,43,1680069,teacher,random,0,14,0,0
V7E009,43,1680069,teacher,v3,0,15,0,0
V7E009,43,1680069,teacher,v7,1,100,0,0
V7E009,43,1680070,random,random,0,14,0,1
V7E009,43,1680070,random,v3,0,19,0,1
V7E009,43,1680070,random,v7,0,11,0,1
V7E009,43,1680070,teacher,random,0,4,0,0
V7E009,43,1680070,teacher,v3,0,21,0,1
V7E009,43,1680070,teacher,v7,0,16,0,1
V7E009,43,1680071,random,random,0,58,3,0
V7E009,43,1680071,random,v3,0,63,0,0
V7E009,43,1680071,random,v7,0,39,0,0
V7E009,43,1680071,teacher,random,0,21,0,0
V7E009,43,1680071,teacher,v3,0,22,0,0
V7E009,43,1680071,teacher,v7,0,18,0,0
V7E009,43,1680072,random,random,0,22,0,0
V7E009,43,1680072,random,v3,0,26,0,0
V7E009,43,1680072,random,v7,0,51,0,0
V7E009,43,1680072,teacher,random,0,16,0,0
V7E009,43,1680072,teacher,v3,0,19,0,0
V7E009,43,1680072,teacher,v7,1,100,0,0
V7E009,43,1680073,random,random,1,100,0,0
V7E009,43,1680073,random,v3,1,100,0,0
V7E009,43,1680073,random,v7,1,100,0,0
V7E009,43,1680073,teacher,random,0,25,0,0
V7E009,43,1680073,teacher,v3,0,25,0,0
V7E009,43,1680073,teacher,v7,1,100,0,0
V7E009,43,1680074,random,random,1,100,1,0
V7E009,43,1680074,random,v3,1,100,0,0
V7E009,43,1680074,random,v7,1,100,0,0
V7E009,43,1680074,teacher,random,0,19,0,0
V7E009,43,1680074,teacher,v3,0,21,0,0
V7E009,43,1680074,teacher,v7,0,19,0,0
V7E009,43,1680075,random,random,0,42,0,0
V7E009,43,1680075,random,v3,1,100,0,0
V7E009,43,1680075,random,v7,1,100,0,0
V7E009,43,1680075,teacher,random,0,7,0,0
V7E009,43,1680075,teacher,v3,0,19,0,0
V7E009,43,1680075,teacher,v7,0,18,0,0
V7E009,43,1680076,random,random,0,97,1,0
V7E009,43,1680076,random,v3,1,100,0,0
V7E009,43,1680076,random,v7,1,100,0,0
V7E009,43,1680076,teacher,random,0,24,0,0
V7E009,43,1680076,teacher,v3,0,26,0,0
V7E009,43,1680076,teacher,v7,0,22,0,0
V7E009,43,1680077,random,random,1,100,0,0
V7E009,43,1680077,random,v3,1,100,0,0
V7E009,43,1680077,random,v7,1,100,0,0
V7E009,43,1680077,teacher,random,0,8,0,0
V7E009,43,1680077,teacher,v3,0,4,0,0
V7E009,43,1680077,teacher,v7,1,100,0,0
V7E009,43,1680078,random,random,1,100,0,0
V7E009,43,1680078,random,v3,1,100,0,0
V7E009,43,1680078,random,v7,1,100,0,0
V7E009,43,1680078,teacher,random,0,25,0,0
V7E009,43,1680078,teacher,v3,0,22,0,0
V7E009,43,1680078,teacher,v7,1,100,0,0
V7E009,43,1680079,random,random,1,100,2,0
V7E009,43,1680079,random,v3,0,47,0,0
V7E009,43,1680079,random,v7,1,100,0,0
V7E009,43,1680079,teacher,random,0,10,2,0
V7E009,43,1680079,teacher,v3,0,19,0,0
V7E009,43,1680079,teacher,v7,1,100,0,0
V7E009,43,1680080,random,random,1,100,1,0
V7E009,43,1680080,random,v3,1,100,0,0
V7E009,43,1680080,random,v7,1,100,0,0
V7E009,43,1680080,teacher,random,0,18,1,0
V7E009,43,1680080,teacher,v3,0,22,0,0
V7E009,43,1680080,teacher,v7,0,19,0,0
V7E009,43,1680081,random,random,0,90,0,0
V7E009,43,1680081,random,v3,1,100,0,0
V7E009,43,1680081,random,v7,1,100,0,0
V7E009,43,1680081,teacher,random,0,10,0,0
V7E009,43,1680081,teacher,v3,0,11,0,0
V7E009,43,1680081,teacher,v7,1,100,0,0
V7E009,43,1680082,random,random,1,100,1,1
V7E009,43,1680082,random,v3,0,16,0,0
V7E009,43,1680082,random,v7,1,100,4,0
V7E009,43,1680082,teacher,random,0,1,0,0
V7E009,43,1680082,teacher,v3,0,1,0,0
V7E009,43,1680082,teacher,v7,0,1,0,0
V7E009,43,1680083,random,random,1,100,0,0
V7E009,43,1680083,random,v3,1,100,0,0
V7E009,43,1680083,random,v7,1,100,0,0
V7E009,43,1680083,teacher,random,0,25,0,0
V7E009,43,1680083,teacher,v3,0,26,0,0
V7E009,43,1680083,teacher,v7,0,25,0,0
V7E009,43,1680084,random,random,1,100,0,0
V7E009,43,1680084,random,v3,1,100,0,0
V7E009,43,1680084,random,v7,1,100,0,0
V7E009,43,1680084,teacher,random,0,8,0,0
V7E009,43,1680084,teacher,v3,0,15,0,0
V7E009,43,1680084,teacher,v7,1,100,0,0
V7E009,43,1680085,random,random,0,94,0,0
V7E009,43,1680085,random,v3,1,100,0,0
V7E009,43,1680085,random,v7,1,100,0,0
V7E009,43,1680085,teacher,random,0,57,2,0
V7E009,43,1680085,teacher,v3,1,100,0,0
V7E009,43,1680085,teacher,v7,1,100,0,0
V7E009,43,1680086,random,random,0,89,0,1
V7E009,43,1680086,random,v3,1,100,0,0
V7E009,43,1680086,random,v7,1,100,0,0
V7E009,43,1680086,teacher,random,0,24,0,0
V7E009,43,1680086,teacher,v3,0,23,0,0
V7E009,43,1680086,teacher,v7,0,23,0,0
V7E009,43,1680087,random,random,1,100,0,0
V7E009,43,1680087,random,v3,1,100,0,0
V7E009,43,1680087,random,v7,1,100,0,0
V7E009,43,1680087,teacher,random,0,38,0,0
V7E009,43,1680087,teacher,v3,0,7,0,0
V7E009,43,1680087,teacher,v7,1,100,0,0
V7E009,43,1680088,random,random,0,34,0,0
V7E009,43,1680088,random,v3,1,100,0,0
V7E009,43,1680088,random,v7,1,100,0,0
V7E009,43,1680088,teacher,random,0,14,0,0
V7E009,43,1680088,teacher,v3,0,20,0,0
V7E009,43,1680088,teacher,v7,0,17,0,0
V7E009,43,1680089,random,random,0,27,0,0
V7E009,43,1680089,random,v3,0,29,0,0
V7E009,43,1680089,random,v7,0,29,0,0
V7E009,43,1680089,teacher,random,0,8,0,0
V7E009,43,1680089,teacher,v3,0,6,0,0
V7E009,43,1680089,teacher,v7,1,100,0,0
V7E009,43,1680090,random,random,0,82,0,0
V7E009,43,1680090,random,v3,0,88,0,0
V7E009,43,1680090,random,v7,0,88,0,0
V7E009,43,1680090,teacher,random,0,2,0,0
V7E009,43,1680090,teacher,v3,0,4,0,0
V7E009,43,1680090,teacher,v7,1,100,0,0
V7E009,43,1680091,random,random,0,51,0,1
V7E009,43,1680091,random,v3,1,100,0,0
V7E009,43,1680091,random,v7,1,100,4,0
V7E009,43,1680091,teacher,random,0,6,0,0
V7E009,43,1680091,teacher,v3,0,6,0,0
V7E009,43,1680091,teacher,v7,0,3,1,0
V7E009,43,1680092,random,random,0,47,0,0
V7E009,43,1680092,random,v3,1,100,0,0
V7E009,43,1680092,random,v7,1,100,0,0
V7E009,43,1680092,teacher,random,0,16,0,0
V7E009,43,1680092,teacher,v3,0,17,0,0
V7E009,43,1680092,teacher,v7,1,100,0,0
V7E009,43,1680093,random,random,0,23,0,0
V7E009,43,1680093,random,v3,0,20,0,0
V7E009,43,1680093,random,v7,0,23,0,0
V7E009,43,1680093,teacher,random,0,10,0,0
V7E009,43,1680093,teacher,v3,0,3,0,0
V7E009,43,1680093,teacher,v7,1,100,0,0
V7E009,43,1680094,random,random,0,81,2,0
V7E009,43,1680094,random,v3,1,100,0,0
V7E009,43,1680094,random,v7,1,100,0,0
V7E009,43,1680094,teacher,random,0,44,0,0
V7E009,43,1680094,teacher,v3,0,23,0,0
V7E009,43,1680094,teacher,v7,1,100,0,0
V7E009,43,1680095,random,random,0,32,0,0
V7E009,43,1680095,random,v3,1,100,0,0
V7E009,43,1680095,random,v7,1,100,0,0
V7E009,43,1680095,teacher,random,0,32,0,0
V7E009,43,1680095,teacher,v3,0,37,0,0
V7E009,43,1680095,teacher,v7,1,100,0,0
V7E009,43,1680096,random,random,0,2,0,0
V7E009,43,1680096,random,v3,0,25,0,0
V7E009,43,1680096,random,v7,0,26,0,0
V7E009,43,1680096,teacher,random,0,17,0,0
V7E009,43,1680096,teacher,v3,0,21,0,0
V7E009,43,1680096,teacher,v7,1,100,0,0
V7E009,43,1680097,random,random,1,100,3,0
V7E009,43,1680097,random,v3,1,100,0,0
V7E009,43,1680097,random,v7,1,100,0,0
V7E009,43,1680097,teacher,random,0,27,0,0
V7E009,43,1680097,teacher,v3,0,22,0,0
V7E009,43,1680097,teacher,v7,1,100,0,0
V7E009,43,1680098,random,random,0,2,0,0
V7E009,43,1680098,random,v3,0,19,0,0
V7E009,43,1680098,random,v7,0,8,0,0
V7E009,43,1680098,teacher,random,0,11,0,0
V7E009,43,1680098,teacher,v3,0,3,0,0
V7E009,43,1680098,teacher,v7,0,2,0,0
V7E009,43,1680099,random,random,0,2,0,0
V7E009,43,1680099,random,v3,1,100,0,0
V7E009,43,1680099,random,v7,0,4,0,0
V7E009,43,1680099,teacher,random,0,2,0,0
V7E009,43,1680099,teacher,v3,0,4,0,0
V7E009,43,1680099,teacher,v7,1,100,0,0
V7E010,43,1690000,random,random,0,81,0,0
V7E010,43,1690000,random,v3,0,53,0,0
V7E010,43,1690000,random,v7,0,58,4,0
V7E010,43,1690000,teacher,random,0,15,0,0
V7E010,43,1690000,teacher,v3,0,11,0,0
V7E010,43,1690000,teacher,v7,0,31,4,0
V7E010,43,1690001,random,random,1,100,0,0
V7E010,43,1690001,random,v3,1,100,0,0
V7E010,43,1690001,random,v7,1,100,4,0
V7E010,43,1690001,teacher,random,0,34,0,0
V7E010,43,1690001,teacher,v3,1,100,0,0
V7E010,43,1690001,teacher,v7,0,19,4,0
V7E010,43,1690002,random,random,0,7,0,0
V7E010,43,1690002,random,v3,0,28,0,0
V7E010,43,1690002,random,v7,0,28,0,0
V7E010,43,1690002,teacher,random,0,3,0,0
V7E010,43,1690002,teacher,v3,0,4,0,0
V7E010,43,1690002,teacher,v7,1,100,0,0
V7E010,43,1690003,random,random,1,100,0,1
V7E010,43,1690003,random,v3,1,100,0,0
V7E010,43,1690003,random,v7,0,81,0,0
V7E010,43,1690003,teacher,random,0,41,0,1
V7E010,43,1690003,teacher,v3,0,32,0,0
V7E010,43,1690003,teacher,v7,1,100,0,0
V7E010,43,1690004,random,random,0,6,0,0
V7E010,43,1690004,random,v3,0,11,0,0
V7E010,43,1690004,random,v7,0,81,0,0
V7E010,43,1690004,teacher,random,0,12,0,0
V7E010,43,1690004,teacher,v3,0,14,0,0
V7E010,43,1690004,teacher,v7,0,8,0,0
V7E010,43,1690005,random,random,1,100,1,0
V7E010,43,1690005,random,v3,1,100,0,0
V7E010,43,1690005,random,v7,0,27,4,0
V7E010,43,1690005,teacher,random,0,32,1,0
V7E010,43,1690005,teacher,v3,1,100,0,0
V7E010,43,1690005,teacher,v7,0,14,4,0
V7E010,43,1690006,random,random,0,6,0,0
V7E010,43,1690006,random,v3,0,10,0,0
V7E010,43,1690006,random,v7,0,3,0,0
V7E010,43,1690006,teacher,random,0,4,0,0
V7E010,43,1690006,teacher,v3,0,4,0,0
V7E010,43,1690006,teacher,v7,0,3,0,0
V7E010,43,1690007,random,random,1,100,2,0
V7E010,43,1690007,random,v3,1,100,0,0
V7E010,43,1690007,random,v7,1,100,0,0
V7E010,43,1690007,teacher,random,0,34,0,0
V7E010,43,1690007,teacher,v3,0,28,0,0
V7E010,43,1690007,teacher,v7,0,26,0,0
V7E010,43,1690008,random,random,0,32,0,0
V7E010,43,1690008,random,v3,1,100,0,0
V7E010,43,1690008,random,v7,1,100,0,0
V7E010,43,1690008,teacher,random,0,6,0,0
V7E010,43,1690008,teacher,v3,0,8,0,0
V7E010,43,1690008,teacher,v7,0,7,0,0
V7E010,43,1690009,random,random,0,77,0,0
V7E010,43,1690009,random,v3,1,100,0,0
V7E010,43,1690009,random,v7,1,100,0,0
V7E010,43,1690009,teacher,random,0,42,0,0
V7E010,43,1690009,teacher,v3,0,45,0,0
V7E010,43,1690009,teacher,v7,0,32,0,0
V7E010,43,1690010,random,random,1,100,0,0
V7E010,43,1690010,random,v3,1,100,0,0
V7E010,43,1690010,random,v7,0,94,0,0
V7E010,43,1690010,teacher,random,0,32,0,0
V7E010,43,1690010,teacher,v3,0,30,0,0
V7E010,43,1690010,teacher,v7,0,30,0,0
V7E010,43,1690011,random,random,0,80,3,1
V7E010,43,1690011,random,v3,1,100,0,0
V7E010,43,1690011,random,v7,1,100,0,0
V7E010,43,1690011,teacher,random,0,30,0,0
V7E010,43,1690011,teacher,v3,0,35,0,0
V7E010,43,1690011,teacher,v7,0,31,0,0
V7E010,43,1690012,random,random,0,46,0,0
V7E010,43,1690012,random,v3,1,100,0,0
V7E010,43,1690012,random,v7,0,6,4,0
V7E010,43,1690012,teacher,random,0,37,2,0
V7E010,43,1690012,teacher,v3,1,100,0,0
V7E010,43,1690012,teacher,v7,0,26,4,0
V7E010,43,1690013,random,random,0,4,0,0
V7E010,43,1690013,random,v3,0,40,0,0
V7E010,43,1690013,random,v7,1,100,4,0
V7E010,43,1690013,teacher,random,0,4,0,0
V7E010,43,1690013,teacher,v3,0,3,0,0
V7E010,43,1690013,teacher,v7,0,2,0,0
V7E010,43,1690014,random,random,1,100,4,0
V7E010,43,1690014,random,v3,1,100,0,0
V7E010,43,1690014,random,v7,0,5,4,0
V7E010,43,1690014,teacher,random,0,32,0,0
V7E010,43,1690014,teacher,v3,1,100,0,0
V7E010,43,1690014,teacher,v7,0,16,4,0
V7E010,43,1690015,random,random,1,100,0,0
V7E010,43,1690015,random,v3,1,100,0,0
V7E010,43,1690015,random,v7,1,100,0,0
V7E010,43,1690015,teacher,random,0,44,0,0
V7E010,43,1690015,teacher,v3,0,34,0,0
V7E010,43,1690015,teacher,v7,1,100,0,0
V7E010,43,1690016,random,random,0,2,0,1
V7E010,43,1690016,random,v3,1,100,0,0
V7E010,43,1690016,random,v7,0,86,0,0
V7E010,43,1690016,teacher,random,0,4,0,1
V7E010,43,1690016,teacher,v3,0,25,0,0
V7E010,43,1690016,teacher,v7,0,8,0,0
V7E010,43,1690017,random,random,0,1,0,0
V7E010,43,1690017,random,v3,1,100,0,0
V7E010,43,1690017,random,v7,0,1,0,0
V7E010,43,1690017,teacher,random,0,1,0,0
V7E010,43,1690017,teacher,v3,0,4,0,0
V7E010,43,1690017,teacher,v7,0,1,0,0
V7E010,43,1690018,random,random,1,100,0,2
V7E010,43,1690018,random,v3,1,100,0,0
V7E010,43,1690018,random,v7,1,100,0,0
V7E010,43,1690018,teacher,random,0,33,0,2
V7E010,43,1690018,teacher,v3,0,31,0,0
V7E010,43,1690018,teacher,v7,0,31,0,0
V7E010,43,1690019,random,random,1,100,0,3
V7E010,43,1690019,random,v3,1,100,0,0
V7E010,43,1690019,random,v7,1,100,0,0
V7E010,43,1690019,teacher,random,0,34,0,2
V7E010,43,1690019,teacher,v3,1,100,0,0
V7E010,43,1690019,teacher,v7,0,32,0,0
V7E010,43,1690020,random,random,1,100,0,1
V7E010,43,1690020,random,v3,1,100,0,0
V7E010,43,1690020,random,v7,1,100,0,0
V7E010,43,1690020,teacher,random,0,36,0,1
V7E010,43,1690020,teacher,v3,0,30,0,0
V7E010,43,1690020,teacher,v7,1,100,0,0
V7E010,43,1690021,random,random,1,100,3,0
V7E010,43,1690021,random,v3,1,100,0,0
V7E010,43,1690021,random,v7,0,20,4,0
V7E010,43,1690021,teacher,random,0,37,0,0
V7E010,43,1690021,teacher,v3,0,37,0,0
V7E010,43,1690021,teacher,v7,0,25,4,0
V7E010,43,1690022,random,random,0,36,0,0
V7E010,43,1690022,random,v3,1,100,0,0
V7E010,43,1690022,random,v7,0,40,0,0
V7E010,43,1690022,teacher,random,0,11,0,0
V7E010,43,1690022,teacher,v3,0,7,0,0
V7E010,43,1690022,teacher,v7,0,5,0,0
V7E010,43,1690023,random,random,1,100,0,1
V7E010,43,1690023,random,v3,1,100,0,0
V7E010,43,1690023,random,v7,1,100,0,0
V7E010,43,1690023,teacher,random,0,32,0,1
V7E010,43,1690023,teacher,v3,0,33,0,0
V7E010,43,1690023,teacher,v7,0,32,0,0
V7E010,43,1690024,random,random,1,100,0,0
V7E010,43,1690024,random,v3,1,100,0,0
V7E010,43,1690024,random,v7,0,7,4,0
V7E010,43,1690024,teacher,random,0,32,0,0
V7E010,43,1690024,teacher,v3,1,100,0,0
V7E010,43,1690024,teacher,v7,0,17,4,0
V7E010,43,1690025,random,random,1,100,0,0
V7E010,43,1690025,random,v3,1,100,0,0
V7E010,43,1690025,random,v7,1,100,0,0
V7E010,43,1690025,teacher,random,0,7,0,0
V7E010,43,1690025,teacher,v3,0,8,0,0
V7E010,43,1690025,teacher,v7,0,7,0,0
V7E010,43,1690026,random,random,1,100,0,0
V7E010,43,1690026,random,v3,1,100,0,0
V7E010,43,1690026,random,v7,0,13,4,0
V7E010,43,1690026,teacher,random,0,35,0,0
V7E010,43,1690026,teacher,v3,1,100,0,0
V7E010,43,1690026,teacher,v7,0,26,4,0
V7E010,43,1690027,random,random,0,28,0,1
V7E010,43,1690027,random,v3,1,100,0,0
V7E010,43,1690027,random,v7,1,100,0,0
V7E010,43,1690027,teacher,random,0,15,0,1
V7E010,43,1690027,teacher,v3,0,10,0,0
V7E010,43,1690027,teacher,v7,0,9,0,0
V7E010,43,1690028,random,random,1,100,1,0
V7E010,43,1690028,random,v3,1,100,0,0
V7E010,43,1690028,random,v7,1,100,0,0
V7E010,43,1690028,teacher,random,0,31,0,0
V7E010,43,1690028,teacher,v3,0,30,0,0
V7E010,43,1690028,teacher,v7,0,28,0,0
V7E010,43,1690029,random,random,1,100,0,1
V7E010,43,1690029,random,v3,1,100,0,0
V7E010,43,1690029,random,v7,1,100,0,0
V7E010,43,1690029,teacher,random,0,33,0,1
V7E010,43,1690029,teacher,v3,0,32,0,0
V7E010,43,1690029,teacher,v7,1,100,0,0
V7E010,43,1690030,random,random,0,3,0,0
V7E010,43,1690030,random,v3,0,11,0,0
V7E010,43,1690030,random,v7,0,31,0,0
V7E010,43,1690030,teacher,random,0,1,0,0
V7E010,43,1690030,teacher,v3,0,1,0,0
V7E010,43,1690030,teacher,v7,0,1,0,0
V7E010,43,1690031,random,random,1,100,0,0
V7E010,43,1690031,random,v3,1,100,0,0
V7E010,43,1690031,random,v7,1,100,4,0
V7E010,43,1690031,teacher,random,0,37,0,0
V7E010,43,1690031,teacher,v3,0,38,0,0
V7E010,43,1690031,teacher,v7,0,26,4,0
V7E010,43,1690032,random,random,1,100,0,0
V7E010,43,1690032,random,v3,1,100,0,0
V7E010,43,1690032,random,v7,1,100,4,0
V7E010,43,1690032,teacher,random,0,34,0,0
V7E010,43,1690032,teacher,v3,0,36,0,0
V7E010,43,1690032,teacher,v7,0,24,4,0
V7E010,43,1690033,random,random,1,100,2,0
V7E010,43,1690033,random,v3,1,100,0,0
V7E010,43,1690033,random,v7,1,100,0,0
V7E010,43,1690033,teacher,random,0,7,2,0
V7E010,43,1690033,teacher,v3,0,2,0,0
V7E010,43,1690033,teacher,v7,0,1,0,0
V7E010,43,1690034,random,random,1,100,1,0
V7E010,43,1690034,random,v3,1,100,0,0
V7E010,43,1690034,random,v7,1,100,4,0
V7E010,43,1690034,teacher,random,0,32,1,0
V7E010,43,1690034,teacher,v3,1,100,0,0
V7E010,43,1690034,teacher,v7,0,10,4,0
V7E010,43,1690035,random,random,1,100,0,0
V7E010,43,1690035,random,v3,1,100,0,0
V7E010,43,1690035,random,v7,0,55,2,0
V7E010,43,1690035,teacher,random,0,31,0,0
V7E010,43,1690035,teacher,v3,1,100,0,0
V7E010,43,1690035,teacher,v7,0,31,0,0
V7E010,43,1690036,random,random,0,5,0,0
V7E010,43,1690036,random,v3,0,1,0,0
V7E010,43,1690036,random,v7,0,3,0,0
V7E010,43,1690036,teacher,random,0,2,0,0
V7E010,43,1690036,teacher,v3,0,3,0,0
V7E010,43,1690036,teacher,v7,0,7,0,0
V7E010,43,1690037,random,random,0,18,3,0
V7E010,43,1690037,random,v3,1,100,0,0
V7E010,43,1690037,random,v7,1,100,0,0
V7E010,43,1690037,teacher,random,0,16,3,0
V7E010,43,1690037,teacher,v3,1,100,0,0
V7E010,43,1690037,teacher,v7,1,100,0,0
V7E010,43,1690038,random,random,0,20,0,0
V7E010,43,1690038,random,v3,0,33,0,0
V7E010,43,1690038,random,v7,0,30,0,0
V7E010,43,1690038,teacher,random,0,4,0,0
V7E010,43,1690038,teacher,v3,0,3,0,0
V7E010,43,1690038,teacher,v7,0,2,0,0
V7E010,43,1690039,random,random,1,100,0,0
V7E010,43,1690039,random,v3,1,100,0,0
V7E010,43,1690039,random,v7,0,14,0,0
V7E010,43,1690039,teacher,random,0,16,0,0
V7E010,43,1690039,teacher,v3,0,15,0,0
V7E010,43,1690039,teacher,v7,0,13,0,0
V7E010,43,1690040,random,random,0,79,0,0
V7E010,43,1690040,random,v3,1,100,0,0
V7E010,43,1690040,random,v7,0,15,0,0
V7E010,43,1690040,teacher,random,0,7,0,0
V7E010,43,1690040,teacher,v3,0,8,0,0
V7E010,43,1690040,teacher,v7,0,4,0,0
V7E010,43,1690041,random,random,1,100,0,0
V7E010,43,1690041,random,v3,1,100,0,0
V7E010,43,1690041,random,v7,1,100,0,0
V7E010,43,1690041,teacher,random,0,42,0,0
V7E010,43,1690041,teacher,v3,0,33,0,0
V7E010,43,1690041,teacher,v7,1,100,0,0
V7E010,43,1690042,random,random,1,100,1,0
V7E010,43,1690042,random,v3,1,100,0,0
V7E010,43,1690042,random,v7,1,100,4,0
V7E010,43,1690042,teacher,random,0,27,0,0
V7E010,43,1690042,teacher,v3,1,100,0,0
V7E010,43,1690042,teacher,v7,0,20,4,0
V7E010,43,1690043,random,random,0,3,0,0
V7E010,43,1690043,random,v3,0,69,0,0
V7E010,43,1690043,random,v7,1,100,4,0
V7E010,43,1690043,teacher,random,0,1,0,0
V7E010,43,1690043,teacher,v3,0,1,0,0
V7E010,43,1690043,teacher,v7,0,1,0,0
V7E010,43,1690044,random,random,1,100,2,0
V7E010,43,1690044,random,v3,1,100,0,0
V7E010,43,1690044,random,v7,1,100,0,0
V7E010,43,1690044,teacher,random,0,29,2,0
V7E010,43,1690044,teacher,v3,1,100,0,0
V7E010,43,1690044,teacher,v7,0,28,0,0
V7E010,43,1690045,random,random,0,19,0,0
V7E010,43,1690045,random,v3,0,45,0,0
V7E010,43,1690045,random,v7,0,10,0,0
V7E010,43,1690045,teacher,random,0,16,0,0
V7E010,43,1690045,teacher,v3,0,15,0,0
V7E010,43,1690045,teacher,v7,0,4,0,0
V7E010,43,1690046,random,random,1,100,0,0
V7E010,43,1690046,random,v3,1,100,0,0
V7E010,43,1690046,random,v7,1,100,0,0
V7E010,43,1690046,teacher,random,0,42,0,0
V7E010,43,1690046,teacher,v3,0,43,0,0
V7E010,43,1690046,teacher,v7,0,41,0,0
V7E010,43,1690047,random,random,1,100,1,1
V7E010,43,1690047,random,v3,1,100,0,0
V7E010,43,1690047,random,v7,1,100,0,0
V7E010,43,1690047,teacher,random,0,32,1,0
V7E010,43,1690047,teacher,v3,1,100,0,0
V7E010,43,1690047,teacher,v7,1,100,0,0
V7E010,43,1690048,random,random,0,40,0,0
V7E010,43,1690048,random,v3,1,100,0,0
V7E010,43,1690048,random,v7,1,100,0,0
V7E010,43,1690048,teacher,random,0,12,0,0
V7E010,43,1690048,teacher,v3,0,14,0,0
V7E010,43,1690048,teacher,v7,0,13,0,0
V7E010,43,1690049,random,random,1,100,3,1
V7E010,43,1690049,random,v3,1,100,0,0
V7E010,43,1690049,random,v7,1,100,0,0
V7E010,43,1690049,teacher,random,0,57,1,1
V7E010,43,1690049,teacher,v3,0,33,0,0
V7E010,43,1690049,teacher,v7,0,32,0,0
V7E010,43,1690050,random,random,1,100,0,0
V7E010,43,1690050,random,v3,1,100,0,0
V7E010,43,1690050,random,v7,1,100,0,0
V7E010,43,1690050,teacher,random,0,34,0,0
V7E010,43,1690050,teacher,v3,1,100,0,0
V7E010,43,1690050,teacher,v7,0,27,0,0
V7E010,43,1690051,random,random,1,100,0,0
V7E010,43,1690051,random,v3,1,100,0,0
V7E010,43,1690051,random,v7,1,100,0,0
V7E010,43,1690051,teacher,random,0,44,0,0
V7E010,43,1690051,teacher,v3,0,33,0,0
V7E010,43,1690051,teacher,v7,0,32,0,0
V7E010,43,1690052,random,random,1,100,0,0
V7E010,43,1690052,random,v3,1,100,0,0
V7E010,43,1690052,random,v7,1,100,4,0
V7E010,43,1690052,teacher,random,0,31,0,0
V7E010,43,1690052,teacher,v3,0,32,0,0
V7E010,43,1690052,teacher,v7,0,20,4,0
V7E010,43,1690053,random,random,1,100,4,1
V7E010,43,1690053,random,v3,0,34,0,0
V7E010,43,1690053,random,v7,1,100,4,0
V7E010,43,1690053,teacher,random,0,32,2,1
V7E010,43,1690053,teacher,v3,0,17,0,0
V7E010,43,1690053,teacher,v7,1,100,4,0
V7E010,43,1690054,random,random,1,100,1,0
V7E010,43,1690054,random,v3,1,100,0,0
V7E010,43,1690054,random,v7,1,100,0,0
V7E010,43,1690054,teacher,random,0,31,0,0
V7E010,43,1690054,teacher,v3,1,100,0,0
V7E010,43,1690054,teacher,v7,0,31,0,0
V7E010,43,1690055,random,random,0,44,0,0
V7E010,43,1690055,random,v3,0,46,0,0
V7E010,43,1690055,random,v7,1,100,0,0
V7E010,43,1690055,teacher,random,0,12,0,0
V7E010,43,1690055,teacher,v3,0,15,0,0
V7E010,43,1690055,teacher,v7,0,12,0,0
V7E010,43,1690056,random,random,1,100,0,0
V7E010,43,1690056,random,v3,1,100,0,0
V7E010,43,1690056,random,v7,1,100,0,0
V7E010,43,1690056,teacher,random,0,41,0,0
V7E010,43,1690056,teacher,v3,1,100,0,0
V7E010,43,1690056,teacher,v7,0,34,0,0
V7E010,43,1690057,random,random,1,100,0,0
V7E010,43,1690057,random,v3,0,60,0,0
V7E010,43,1690057,random,v7,0,6,0,0
V7E010,43,1690057,teacher,random,0,6,0,0
V7E010,43,1690057,teacher,v3,0,4,0,0
V7E010,43,1690057,teacher,v7,0,2,0,0
V7E010,43,1690058,random,random,1,100,0,0
V7E010,43,1690058,random,v3,1,100,0,0
V7E010,43,1690058,random,v7,1,100,0,0
V7E010,43,1690058,teacher,random,0,32,0,0
V7E010,43,1690058,teacher,v3,0,30,0,0
V7E010,43,1690058,teacher,v7,0,29,0,0
V7E010,43,1690059,random,random,1,100,0,0
V7E010,43,1690059,random,v3,1,100,0,0
V7E010,43,1690059,random,v7,0,44,4,0
V7E010,43,1690059,teacher,random,0,14,0,0
V7E010,43,1690059,teacher,v3,0,17,0,0
V7E010,43,1690059,teacher,v7,1,100,4,0
V7E010,43,1690060,random,random,1,100,1,0
V7E010,43,1690060,random,v3,1,100,0,0
V7E010,43,1690060,random,v7,1,100,0,0
V7E010,43,1690060,teacher,random,0,26,0,0
V7E010,43,1690060,teacher,v3,0,31,0,0
V7E010,43,1690060,teacher,v7,0,26,0,0
V7E010,43,1690061,random,random,1,100,0,0
V7E010,43,1690061,random,v3,1,100,0,0
V7E010,43,1690061,random,v7,1,100,0,0
V7E010,43,1690061,teacher,random,0,32,0,0
V7E010,43,1690061,teacher,v3,1,100,0,0
V7E010,43,1690061,teacher,v7,0,30,0,0
V7E010,43,1690062,random,random,0,32,0,0
V7E010,43,1690062,random,v3,1,100,0,0
V7E010,43,1690062,random,v7,0,70,0,0
V7E010,43,1690062,teacher,random,0,16,0,0
V7E010,43,1690062,teacher,v3,0,15,0,0
V7E010,43,1690062,teacher,v7,0,5,0,0
V7E010,43,1690063,random,random,1,100,0,0
V7E010,43,1690063,random,v3,1,100,0,0
V7E010,43,1690063,random,v7,1,100,0,0
V7E010,43,1690063,teacher,random,0,32,0,0
V7E010,43,1690063,teacher,v3,0,32,0,0
V7E010,43,1690063,teacher,v7,0,31,0,0
V7E010,43,1690064,random,random,1,100,0,0
V7E010,43,1690064,random,v3,0,3,0,0
V7E010,43,1690064,random,v7,0,11,0,0
V7E010,43,1690064,teacher,random,0,7,0,0
V7E010,43,1690064,teacher,v3,0,7,0,0
V7E010,43,1690064,teacher,v7,0,5,0,0
V7E010,43,1690065,random,random,1,100,1,0
V7E010,43,1690065,random,v3,1,100,0,0
V7E010,43,1690065,random,v7,1,100,0,0
V7E010,43,1690065,teacher,random,0,25,0,0
V7E010,43,1690065,teacher,v3,1,100,0,0
V7E010,43,1690065,teacher,v7,0,25,0,0
V7E010,43,1690066,random,random,1,100,0,2
V7E010,43,1690066,random,v3,1,100,0,0
V7E010,43,1690066,random,v7,1,100,0,0
V7E010,43,1690066,teacher,random,0,41,0,1
V7E010,43,1690066,teacher,v3,1,100,0,0
V7E010,43,1690066,teacher,v7,0,32,0,0
V7E010,43,1690067,random,random,0,13,2,0
V7E010,43,1690067,random,v3,0,47,0,0
V7E010,43,1690067,random,v7,0,70,4,0
V7E010,43,1690067,teacher,random,0,4,2,0
V7E010,43,1690067,teacher,v3,0,3,0,0
V7E010,43,1690067,teacher,v7,1,100,4,0
V7E010,43,1690068,random,random,0,1,0,0
V7E010,43,1690068,random,v3,0,50,0,0
V7E010,43,1690068,random,v7,1,100,4,0
V7E010,43,1690068,teacher,random,0,1,0,0
V7E010,43,1690068,teacher,v3,0,3,0,0
V7E010,43,1690068,teacher,v7,0,2,0,0
V7E010,43,1690069,random,random,0,78,3,0
V7E010,43,1690069,random,v3,1,100,0,0
V7E010,43,1690069,random,v7,1,100,0,0
V7E010,43,1690069,teacher,random,0,21,3,0
V7E010,43,1690069,teacher,v3,0,12,0,0
V7E010,43,1690069,teacher,v7,0,11,0,0
V7E010,43,1690070,random,random,1,100,0,0
V7E010,43,1690070,random,v3,0,17,0,0
V7E010,43,1690070,random,v7,0,16,0,0
V7E010,43,1690070,teacher,random,0,6,0,0
V7E010,43,1690070,teacher,v3,0,4,0,0
V7E010,43,1690070,teacher,v7,0,4,0,0
V7E010,43,1690071,random,random,1,100,0,0
V7E010,43,1690071,random,v3,1,100,0,0
V7E010,43,1690071,random,v7,1,100,0,0
V7E010,43,1690071,teacher,random,0,34,0,0
V7E010,43,1690071,teacher,v3,1,100,0,0
V7E010,43,1690071,teacher,v7,0,32,0,0
V7E010,43,1690072,random,random,1,100,0,0
V7E010,43,1690072,random,v3,1,100,0,0
V7E010,43,1690072,random,v7,1,100,0,0
V7E010,43,1690072,teacher,random,0,43,0,0
V7E010,43,1690072,teacher,v3,0,43,0,0
V7E010,43,1690072,teacher,v7,1,100,0,0
V7E010,43,1690073,random,random,0,97,2,1
V7E010,43,1690073,random,v3,1,100,0,0
V7E010,43,1690073,random,v7,1,100,0,0
V7E010,43,1690073,teacher,random,0,27,0,0
V7E010,43,1690073,teacher,v3,0,30,0,0
V7E010,43,1690073,teacher,v7,0,26,0,0
V7E010,43,1690074,random,random,1,100,0,0
V7E010,43,1690074,random,v3,1,100,0,0
V7E010,43,1690074,random,v7,1,100,0,0
V7E010,43,1690074,teacher,random,0,37,0,0
V7E010,43,1690074,teacher,v3,0,36,0,0
V7E010,43,1690074,teacher,v7,1,100,0,0
V7E010,43,1690075,random,random,1,100,0,0
V7E010,43,1690075,random,v3,1,100,0,0
V7E010,43,1690075,random,v7,1,100,0,0
V7E010,43,1690075,teacher,random,0,34,0,0
V7E010,43,1690075,teacher,v3,0,34,0,0
V7E010,43,1690075,teacher,v7,0,32,0,0
V7E010,43,1690076,random,random,0,18,2,0
V7E010,43,1690076,random,v3,1,100,0,0
V7E010,43,1690076,random,v7,1,100,0,0
V7E010,43,1690076,teacher,random,0,18,2,0
V7E010,43,1690076,teacher,v3,1,100,0,0
V7E010,43,1690076,teacher,v7,0,36,0,0
V7E010,43,1690077,random,random,0,93,0,0
V7E010,43,1690077,random,v3,0,56,0,0
V7E010,43,1690077,random,v7,0,49,0,0
V7E010,43,1690077,teacher,random,0,43,0,0
V7E010,43,1690077,teacher,v3,0,33,0,0
V7E010,43,1690077,teacher,v7,1,100,0,0
V7E010,43,1690078,random,random,0,40,2,0
V7E010,43,1690078,random,v3,1,100,0,0
V7E010,43,1690078,random,v7,1,100,0,0
V7E010,43,1690078,teacher,random,0,29,0,1
V7E010,43,1690078,teacher,v3,0,30,0,0
V7E010,43,1690078,teacher,v7,1,100,0,0
V7E010,43,1690079,random,random,1,100,0,2
V7E010,43,1690079,random,v3,1,100,0,0
V7E010,43,1690079,random,v7,1,100,0,0
V7E010,43,1690079,teacher,random,0,42,0,1
V7E010,43,1690079,teacher,v3,0,35,0,0
V7E010,43,1690079,teacher,v7,1,100,0,0
V7E010,43,1690080,random,random,0,10,0,0
V7E010,43,1690080,random,v3,1,100,0,0
V7E010,43,1690080,random,v7,0,24,0,0
V7E010,43,1690080,teacher,random,0,44,0,0
V7E010,43,1690080,teacher,v3,0,46,0,0
V7E010,43,1690080,teacher,v7,0,48,0,0
V7E010,43,1690081,random,random,0,51,3,1
V7E010,43,1690081,random,v3,1,100,0,0
V7E010,43,1690081,random,v7,1,100,0,0
V7E010,43,1690081,teacher,random,0,23,3,0
V7E010,43,1690081,teacher,v3,0,29,0,0
V7E010,43,1690081,teacher,v7,0,28,0,0
V7E010,43,1690082,random,random,1,100,0,0
V7E010,43,1690082,random,v3,1,100,0,0
V7E010,43,1690082,random,v7,0,16,0,0
V7E010,43,1690082,teacher,random,0,6,0,0
V7E010,43,1690082,teacher,v3,0,7,0,0
V7E010,43,1690082,teacher,v7,0,4,0,0
V7E010,43,1690083,random,random,1,100,3,0
V7E010,43,1690083,random,v3,1,100,0,0
V7E010,43,1690083,random,v7,0,24,0,0
V7E010,43,1690083,teacher,random,0,28,3,0
V7E010,43,1690083,teacher,v3,0,24,0,0
V7E010,43,1690083,teacher,v7,0,12,0,0
V7E010,43,1690084,random,random,1,100,4,2
V7E010,43,1690084,random,v3,1,100,0,0
V7E010,43,1690084,random,v7,1,100,4,0
V7E010,43,1690084,teacher,random,0,3,0,0
V7E010,43,1690084,teacher,v3,0,5,0,0
V7E010,43,1690084,teacher,v7,1,100,4,0
V7E010,43,1690085,random,random,1,100,3,1
V7E010,43,1690085,random,v3,1,100,0,0
V7E010,43,1690085,random,v7,1,100,0,0
V7E010,43,1690085,teacher,random,0,29,2,0
V7E010,43,1690085,teacher,v3,0,22,0,0
V7E010,43,1690085,teacher,v7,0,12,0,0
V7E010,43,1690086,random,random,0,36,0,0
V7E010,43,1690086,random,v3,0,23,0,0
V7E010,43,1690086,random,v7,1,100,0,0
V7E010,43,1690086,teacher,random,0,34,0,0
V7E010,43,1690086,teacher,v3,0,36,0,0
V7E010,43,1690086,teacher,v7,0,34,0,0
V7E010,43,1690087,random,random,0,4,0,0
V7E010,43,1690087,random,v3,0,7,0,0
V7E010,43,1690087,random,v7,1,100,4,0
V7E010,43,1690087,teacher,random,0,3,0,0
V7E010,43,1690087,teacher,v3,0,5,0,0
V7E010,43,1690087,teacher,v7,1,100,4,0
V7E010,43,1690088,random,random,1,100,0,0
V7E010,43,1690088,random,v3,1,100,0,0
V7E010,43,1690088,random,v7,1,100,0,0
V7E010,43,1690088,teacher,random,0,16,0,0
V7E010,43,1690088,teacher,v3,0,14,0,0
V7E010,43,1690088,teacher,v7,0,9,0,0
V7E010,43,1690089,random,random,1,100,0,0
V7E010,43,1690089,random,v3,1,100,0,0
V7E010,43,1690089,random,v7,1,100,0,0
V7E010,43,1690089,teacher,random,0,41,0,0
V7E010,43,1690089,teacher,v3,0,34,0,0
V7E010,43,1690089,teacher,v7,0,32,0,0
V7E010,43,1690090,random,random,1,100,0,2
V7E010,43,1690090,random,v3,1,100,0,0
V7E010,43,1690090,random,v7,1,100,0,0
V7E010,43,1690090,teacher,random,0,26,0,0
V7E010,43,1690090,teacher,v3,0,29,0,0
V7E010,43,1690090,teacher,v7,0,29,0,0
V7E010,43,1690091,random,random,1,100,0,0
V7E010,43,1690091,random,v3,0,2,0,0
V7E010,43,1690091,random,v7,0,18,0,0
V7E010,43,1690091,teacher,random,0,2,0,0
V7E010,43,1690091,teacher,v3,0,2,0,0
V7E010,43,1690091,teacher,v7,0,2,0,0
V7E010,43,1690092,random,random,1,100,1,1
V7E010,43,1690092,random,v3,1,100,0,0
V7E010,43,1690092,random,v7,1,100,0,0
V7E010,43,1690092,teacher,random,0,34,1,1
V7E010,43,1690092,teacher,v3,1,100,0,0
V7E010,43,1690092,teacher,v7,0,34,0,0
V7E010,43,1690093,random,random,1,100,0,0
V7E010,43,1690093,random,v3,1,100,0,0
V7E010,43,1690093,random,v7,1,100,0,0
V7E010,43,1690093,teacher,random,0,43,0,0
V7E010,43,1690093,teacher,v3,0,43,0,0
V7E010,43,1690093,teacher,v7,0,41,0,0
V7E010,43,1690094,random,random,0,86,0,0
V7E010,43,1690094,random,v3,1,100,0,0
V7E010,43,1690094,random,v7,0,13,0,0
V7E010,43,1690094,teacher,random,0,13,0,0
V7E010,43,1690094,teacher,v3,0,14,0,0
V7E010,43,1690094,teacher,v7,0,8,0,0
V7E010,43,1690095,random,random,1,100,0,0
V7E010,43,1690095,random,v3,1,100,0,0
V7E010,43,1690095,random,v7,1,100,0,0
V7E010,43,1690095,teacher,random,0,44,0,0
V7E010,43,1690095,teacher,v3,0,36,0,0
V7E010,43,1690095,teacher,v7,0,34,0,0
V7E010,43,1690096,random,random,1,100,0,1
V7E010,43,1690096,random,v3,1,100,0,0
V7E010,43,1690096,random,v7,1,100,0,0
V7E010,43,1690096,teacher,random,0,12,0,0
V7E010,43,1690096,teacher,v3,0,11,0,0
V7E010,43,1690096,teacher,v7,0,12,0,0
V7E010,43,1690097,random,random,0,1,0,0
V7E010,43,1690097,random,v3,0,38,0,0
V7E010,43,1690097,random,v7,0,44,4,0
V7E010,43,1690097,teacher,random,0,1,0,0
V7E010,43,1690097,teacher,v3,0,1,0,0
V7E010,43,1690097,teacher,v7,0,1,0,0
V7E010,43,1690098,random,random,0,57,0,0
V7E010,43,1690098,random,v3,1,100,0,0
V7E010,43,1690098,random,v7,1,100,4,0
V7E010,43,1690098,teacher,random,0,1,0,0
V7E010,43,1690098,teacher,v3,0,1,0,0
V7E010,43,1690098,teacher,v7,0,1,0,0
V7E010,43,1690099,random,random,0,29,2,0
V7E010,43,1690099,random,v3,1,100,0,0
V7E010,43,1690099,random,v7,1,100,0,0
V7E010,43,1690099,teacher,random,0,16,2,0
V7E010,43,1690099,teacher,v3,1,100,0,0
V7E010,43,1690099,teacher,v7,0,29,0,0
