map,eval_seed,training_seed,role,mode,success,steps,pushes,crosses
V7E001,1800000,42,seeker,full,1,2,0,0
V7E001,1800000,42,hider,full,0,9,0,1
V7E001,1800000,42,seeker,no_block,1,2,0,0
V7E001,1800000,42,hider,no_block,0,10,0,1
V7E001,1800000,42,seeker,no_ramp,1,2,0,0
V7E001,1800000,42,hider,no_ramp,0,1,0,0
V7E001,1800000,42,seeker,no_objects,1,2,0,0
V7E001,1800000,42,hider,no_objects,0,1,0,0
V7E001,1800001,42,seeker,full,1,7,0,0
V7E001,1800001,42,hider,full,0,12,0,1
V7E001,1800001,42,seeker,no_block,1,7,0,0
V7E001,1800001,42,hider,no_block,0,7,0,0
V7E001,1800001,42,seeker,no_ramp,1,7,0,0
V7E001,1800001,42,hider,no_ramp,0,8,0,0
V7E001,1800001,42,seeker,no_objects,1,7,0,0
V7E001,1800001,42,hider,no_objects,0,8,0,0
V7E001,1800002,42,seeker,full,1,11,2,0
V7E001,1800002,42,hider,full,0,6,0,0
V7E001,1800002,42,seeker,no_block,1,11,0,0
V7E001,1800002,42,hider,no_block,0,10,0,0
V7E001,1800002,42,seeker,no_ramp,1,11,2,0
V7E001,1800002,42,hider,no_ramp,0,6,0,0
V7E001,1800002,42,seeker,no_objects,1,11,0,0
V7E001,1800002,42,hider,no_objects,0,6,0,0
V7E001,1800003,42,seeker,full,1,6,0,0
V7E001,1800003,42,hider,full,0,27,0,0
V7E001,1800003,42,seeker,no_block,1,7,0,0
V7E001,1800003,42,hider,no_block,0,9,0,0
V7E001,1800003,42,seeker,no_ramp,1,6,0,0
V7E001,1800003,42,hider,no_ramp,0,27,0,0
V7E001,1800003,42,seeker,no_objects,1,7,0,0
V7E001,1800003,42,hider,no_objects,0,27,0,0
V7E001,1800004,42,seeker,full,1,14,0,0
V7E001,1800004,42,hider,full,0,9,0,0
V7E001,1800004,42,seeker,no_block,1,14,0,0
V7E001,1800004,42,hider,no_block,0,13,0,0
V7E001,1800004,42,seeker,no_ramp,1,14,0,0
V7E001,1800004,42,hider,no_ramp,0,9,0,0
V7E001,1800004,42,seeker,no_objects,1,14,0,0
V7E001,1800004,42,hider,no_objects,0,9,0,0
V7E001,1800005,42,seeker,full,1,21,3,0
V7E001,1800005,42,hider,full,0,10,0,0
V7E001,1800005,42,seeker,no_block,1,21,0,0
V7E001,1800005,42,hider,no_block,0,20,0,0
V7E001,1800005,42,seeker,no_ramp,1,21,3,0
V7E001,1800005,42,hider,no_ramp,0,10,0,0
V7E001,1800005,42,seeker,no_objects,1,21,0,0
V7E001,1800005,42,hider,no_objects,0,20,0,0
V7E001,1800006,42,seeker,full,1,3,0,0
V7E001,1800006,42,hider,full,0,10,0,1
V7E001,1800006,42,seeker,no_block,1,3,0,0
V7E001,1800006,42,hider,no_block,0,5,0,0
V7E001,1800006,42,seeker,no_ramp,1,3,0,0
V7E001,1800006,42,hider,no_ramp,0,4,0,0
V7E001,1800006,42,seeker,no_objects,1,3,0,0
V7E001,1800006,42,hider,no_objects,0,6,0,0
V7E001,1800007,42,seeker,full,1,11,0,0
V7E001,1800007,42,hider,full,0,23,0,1
V7E001,1800007,42,seeker,no_block,1,11,0,0
V7E001,1800007,42,hider,no_block,0,13,0,1
V7E001,1800007,42,seeker,no_ramp,1,11,0,0
V7E001,1800007,42,hider,no_ramp,0,35,0,0
V7E001,1800007,42,seeker,no_objects,1,11,0,0
V7E001,1800007,42,hider,no_objects,0,35,0,0
V7E001,1800008,42,seeker,full,1,3,0,0
V7E001,1800008,42,hider,full,0,12,0,1
V7E001,1800008,42,seeker,no_block,1,3,0,0
V7E001,1800008,42,hider,no_block,0,4,0,0
V7E001,1800008,42,seeker,no_ramp,1,3,0,0
V7E001,1800008,42,hider,no_ramp,0,6,0,0
V7E001,1800008,42,seeker,no_objects,1,3,0,0
V7E001,1800008,42,hider,no_objects,0,8,0,0
V7E001,1800009,42,seeker,full,1,8,0,1
V7E001,1800009,42,hider,full,0,6,0,0
V7E001,1800009,42,seeker,no_block,1,9,0,1
V7E001,1800009,42,hider,no_block,0,5,0,0
V7E001,1800009,42,seeker,no_ramp,1,15,0,0
V7E001,1800009,42,hider,no_ramp,0,36,0,0
V7E001,1800009,42,seeker,no_objects,1,16,0,0
V7E001,1800009,42,hider,no_objects,0,36,0,0
V7E001,1800010,42,seeker,full,1,42,3,0
V7E001,1800010,42,hider,full,0,41,0,0
V7E001,1800010,42,seeker,no_block,1,42,0,0
V7E001,1800010,42,hider,no_block,0,41,0,0
V7E001,1800010,42,seeker,no_ramp,1,42,3,0
V7E001,1800010,42,hider,no_ramp,0,40,0,0
V7E001,1800010,42,seeker,no_objects,1,42,0,0
V7E001,1800010,42,hider,no_objects,0,44,0,0
V7E001,1800011,42,seeker,full,1,11,0,0
V7E001,1800011,42,hider,full,0,7,0,0
V7E001,1800011,42,seeker,no_block,1,11,0,0
V7E001,1800011,42,hider,no_block,0,7,0,0
V7E001,1800011,42,seeker,no_ramp,1,11,0,0
V7E001,1800011,42,hider,no_ramp,0,7,0,0
V7E001,1800011,42,seeker,no_objects,1,11,0,0
V7E001,1800011,42,hider,no_objects,0,7,0,0
V7E001,1800012,42,seeker,full,1,7,0,0
V7E001,1800012,42,hider,full,0,12,0,1
V7E001,1800012,42,seeker,no_block,1,7,0,0
V7E001,1800012,42,hider,no_block,0,10,0,1
V7E001,1800012,42,seeker,no_ramp,1,7,0,0
V7E001,1800012,42,hider,no_ramp,0,8,0,0
V7E001,1800012,42,seeker,no_objects,1,7,0,0
V7E001,1800012,42,hider,no_objects,0,8,0,0
V7E001,1800013,42,seeker,full,1,7,0,0
V7E001,1800013,42,hider,full,0,28,0,0
V7E001,1800013,42,seeker,no_block,1,8,0,0
V7E001,1800013,42,hider,no_block,0,10,0,0
V7E001,1800013,42,seeker,no_ramp,1,7,0,0
V7E001,1800013,42,hider,no_ramp,0,28,0,0
V7E001,1800013,42,seeker,no_objects,1,8,0,0
V7E001,1800013,42,hider,no_objects,0,28,0,0
V7E001,1800014,42,seeker,full,1,49,3,1
V7E001,1800014,42,hider,full,0,47,0,0
V7E001,1800014,42,seeker,no_block,1,51,0,1
V7E001,1800014,42,hider,no_block,0,46,0,0
V7E001,1800014,42,seeker,no_ramp,1,46,3,0
V7E001,1800014,42,hider,no_ramp,0,6,0,0
V7E001,1800014,42,seeker,no_objects,1,46,0,0
V7E001,1800014,42,hider,no_objects,0,44,0,0
V7E001,1800015,42,seeker,full,1,11,0,0
V7E001,1800015,42,hider,full,0,8,1,1
V7E001,1800015,42,seeker,no_block,1,11,0,0
V7E001,1800015,42,hider,no_block,0,7,0,1
V7E001,1800015,42,seeker,no_ramp,1,11,0,0
V7E001,1800015,42,hider,no_ramp,0,19,0,0
V7E001,1800015,42,seeker,no_objects,1,11,0,0
V7E001,1800015,42,hider,no_objects,0,19,0,0
V7E001,1800016,42,seeker,full,1,2,0,0
V7E001,1800016,42,hider,full,0,9,0,1
V7E001,1800016,42,seeker,no_block,1,2,0,0
V7E001,1800016,42,hider,no_block,0,9,0,1
V7E001,1800016,42,seeker,no_ramp,1,2,0,0
V7E001,1800016,42,hider,no_ramp,0,5,0,0
V7E001,1800016,42,seeker,no_objects,1,2,0,0
V7E001,1800016,42,hider,no_objects,0,5,0,0
V7E001,1800017,42,seeker,full,1,6,0,0
V7E001,1800017,42,hider,full,0,12,0,1
V7E001,1800017,42,seeker,no_block,1,6,0,0
V7E001,1800017,42,hider,no_block,0,12,0,1
V7E001,1800017,42,seeker,no_ramp,1,6,0,0
V7E001,1800017,42,hider,no_ramp,0,8,0,0
V7E001,1800017,42,seeker,no_objects,1,6,0,0
V7E001,1800017,42,hider,no_objects,0,8,0,0
V7E001,1800018,42,seeker,full,1,6,0,0
V7E001,1800018,42,hider,full,0,27,0,0
V7E001,1800018,42,seeker,no_block,1,7,0,0
V7E001,1800018,42,hider,no_block,0,9,0,0
V7E001,1800018,42,seeker,no_ramp,1,6,0,0
V7E001,1800018,42,hider,no_ramp,0,27,0,0
V7E001,1800018,42,seeker,no_objects,1,7,0,0
V7E001,1800018,42,hider,no_objects,0,27,0,0
V7E001,1800019,42,seeker,full,1,1,0,1
V7E001,1800019,42,hider,full,0,1,0,0
V7E001,1800019,42,seeker,no_block,1,1,0,1
V7E001,1800019,42,hider,no_block,0,1,0,0
V7E001,1800019,42,seeker,no_ramp,1,27,2,0
V7E001,1800019,42,hider,no_ramp,0,28,0,0
V7E001,1800019,42,seeker,no_objects,1,27,0,0
V7E001,1800019,42,hider,no_objects,0,19,0,0
V7E001,1800020,42,seeker,full,1,5,0,0
V7E001,1800020,42,hider,full,0,12,0,1
V7E001,1800020,42,seeker,no_block,1,5,0,0
V7E001,1800020,42,hider,no_block,0,12,0,1
V7E001,1800020,42,seeker,no_ramp,1,5,0,0
V7E001,1800020,42,hider,no_ramp,0,6,0,0
V7E001,1800020,42,seeker,no_objects,1,5,0,0
V7E001,1800020,42,hider,no_objects,0,8,0,0
V7E001,1800021,42,seeker,full,1,36,3,0
V7E001,1800021,42,hider,full,0,10,1,1
V7E001,1800021,42,seeker,no_block,0,100,0,0
V7E001,1800021,42,hider,no_block,0,10,0,1
V7E001,1800021,42,seeker,no_ramp,0,100,3,0
V7E001,1800021,42,hider,no_ramp,0,24,0,0
V7E001,1800021,42,seeker,no_objects,1,26,0,0
V7E001,1800021,42,hider,no_objects,0,24,0,0
V7E001,1800022,42,seeker,full,1,1,0,0
V7E001,1800022,42,hider,full,0,1,0,0
V7E001,1800022,42,seeker,no_block,1,1,0,0
V7E001,1800022,42,hider,no_block,0,1,0,0
V7E001,1800022,42,seeker,no_ramp,1,1,0,0
V7E001,1800022,42,hider,no_ramp,0,1,0,0
V7E001,1800022,42,seeker,no_objects,1,1,0,0
V7E001,1800022,42,hider,no_objects,0,1,0,0
V7E001,1800023,42,seeker,full,1,27,2,0
V7E001,1800023,42,hider,full,0,29,1,0
V7E001,1800023,42,seeker,no_block,1,27,0,0
V7E001,1800023,42,hider,no_block,0,13,0,0
V7E001,1800023,42,seeker,no_ramp,1,27,2,0
V7E001,1800023,42,hider,no_ramp,0,28,0,0
V7E001,1800023,42,seeker,no_objects,1,27,0,0
V7E001,1800023,42,hider,no_objects,0,19,0,0
V7E001,1800024,42,seeker,full,1,4,0,0
V7E001,1800024,42,hider,full,0,2,0,0
V7E001,1800024,42,seeker,no_block,1,4,0,0
V7E001,1800024,42,hider,no_block,0,2,0,0
V7E001,1800024,42,seeker,no_ramp,1,4,0,0
V7E001,1800024,42,hider,no_ramp,0,2,0,0
V7E001,1800024,42,seeker,no_objects,1,4,0,0
V7E001,1800024,42,hider,no_objects,0,2,0,0
V7E001,1800025,42,seeker,full,1,15,2,1
V7E001,1800025,42,hider,full,0,14,0,0
V7E001,1800025,42,seeker,no_block,1,15,0,1
V7E001,1800025,42,hider,no_block,0,13,0,0
V7E001,1800025,42,seeker,no_ramp,1,16,0,0
V7E001,1800025,42,hider,no_ramp,0,10,0,0
V7E001,1800025,42,seeker,no_objects,1,16,0,0
V7E001,1800025,42,hider,no_objects,0,15,0,0
V7E001,1800026,42,seeker,full,1,9,0,0
V7E001,1800026,42,hider,full,0,23,0,0
V7E001,1800026,42,seeker,no_block,1,9,0,0
V7E001,1800026,42,hider,no_block,1,100,0,1
V7E001,1800026,42,seeker,no_ramp,1,9,0,0
V7E001,1800026,42,hider,no_ramp,0,23,0,0
V7E001,1800026,42,seeker,no_objects,1,9,0,0
V7E001,1800026,42,hider,no_objects,0,23,0,0
V7E001,1800027,42,seeker,full,1,34,3,0
V7E001,1800027,42,hider,full,0,9,1,1
V7E001,1800027,42,seeker,no_block,1,24,0,0
V7E001,1800027,42,hider,no_block,0,8,0,1
V7E001,1800027,42,seeker,no_ramp,1,24,3,0
V7E001,1800027,42,hider,no_ramp,0,22,0,0
V7E001,1800027,42,seeker,no_objects,1,24,0,0
V7E001,1800027,42,hider,no_objects,0,22,0,0
V7E001,1800028,42,seeker,full,1,7,0,0
V7E001,1800028,42,hider,full,0,2,0,0
V7E001,1800028,42,seeker,no_block,1,7,0,0
V7E001,1800028,42,hider,no_block,0,2,0,0
V7E001,1800028,42,seeker,no_ramp,1,7,0,0
V7E001,1800028,42,hider,no_ramp,0,7,0,0
V7E001,1800028,42,seeker,no_objects,1,7,0,0
V7E001,1800028,42,hider,no_objects,0,2,0,0
V7E001,1800029,42,seeker,full,1,27,2,0
V7E001,1800029,42,hider,full,0,29,1,0
V7E001,1800029,42,seeker,no_block,1,27,0,0
V7E001,1800029,42,hider,no_block,0,13,0,0
V7E001,1800029,42,seeker,no_ramp,1,27,2,0
V7E001,1800029,42,hider,no_ramp,0,28,0,0
V7E001,1800029,42,seeker,no_objects,1,27,0,0
V7E001,1800029,42,hider,no_objects,0,19,0,0
V7E001,1800030,42,seeker,full,1,10,2,1
V7E001,1800030,42,hider,full,0,5,2,0
V7E001,1800030,42,seeker,no_block,1,10,0,1
V7E001,1800030,42,hider,no_block,0,4,0,0
V7E001,1800030,42,seeker,no_ramp,1,7,0,0
V7E001,1800030,42,hider,no_ramp,0,12,3,0
V7E001,1800030,42,seeker,no_objects,1,7,0,0
V7E001,1800030,42,hider,no_objects,0,12,0,0
V7E001,1800031,42,seeker,full,1,6,0,0
V7E001,1800031,42,hider,full,0,3,0,0
V7E001,1800031,42,seeker,no_block,1,6,0,0
V7E001,1800031,42,hider,no_block,0,5,0,0
V7E001,1800031,42,seeker,no_ramp,1,6,0,0
V7E001,1800031,42,hider,no_ramp,0,3,0,0
V7E001,1800031,42,seeker,no_objects,1,6,0,0
V7E001,1800031,42,hider,no_objects,0,5,0,0
V7E001,1800032,42,seeker,full,1,4,0,0
V7E001,1800032,42,hider,full,0,29,0,1
V7E001,1800032,42,seeker,no_block,1,4,0,0
V7E001,1800032,42,hider,no_block,0,9,0,1
V7E001,1800032,42,seeker,no_ramp,1,4,0,0
V7E001,1800032,42,hider,no_ramp,0,6,0,0
V7E001,1800032,42,seeker,no_objects,1,4,0,0
V7E001,1800032,42,hider,no_objects,0,6,0,0
V7E001,1800033,42,seeker,full,1,5,0,0
V7E001,1800033,42,hider,full,0,2,0,0
V7E001,1800033,42,seeker,no_block,1,5,0,0
V7E001,1800033,42,hider,no_block,0,4,0,0
V7E001,1800033,42,seeker,no_ramp,1,5,0,0
V7E001,1800033,42,hider,no_ramp,0,4,0,0
V7E001,1800033,42,seeker,no_objects,1,5,0,0
V7E001,1800033,42,hider,no_objects,0,2,0,0
V7E001,1800034,42,seeker,full,1,5,2,0
V7E001,1800034,42,hider,full,0,5,0,0
V7E001,1800034,42,seeker,no_block,1,5,0,0
V7E001,1800034,42,hider,no_block,0,5,0,0
V7E001,1800034,42,seeker,no_ramp,1,5,2,0
V7E001,1800034,42,hider,no_ramp,0,5,0,0
V7E001,1800034,42,seeker,no_objects,1,5,0,0
V7E001,1800034,42,hider,no_objects,0,5,0,0
V7E001,1800035,42,seeker,full,1,7,0,0
V7E001,1800035,42,hider,full,0,4,0,0
V7E001,1800035,42,seeker,no_block,1,7,0,0
V7E001,1800035,42,hider,no_block,0,6,0,0
V7E001,1800035,42,seeker,no_ramp,1,7,0,0
V7E001,1800035,42,hider,no_ramp,0,4,0,0
V7E001,1800035,42,seeker,no_objects,1,7,0,0
V7E001,1800035,42,hider,no_objects,0,6,0,0
V7E001,1800036,42,seeker,full,1,3,0,0
V7E001,1800036,42,hider,full,0,2,0,0
V7E001,1800036,42,seeker,no_block,1,3,0,0
V7E001,1800036,42,hider,no_block,0,2,0,0
V7E001,1800036,42,seeker,no_ramp,1,3,0,0
V7E001,1800036,42,hider,no_ramp,0,2,0,0
V7E001,1800036,42,seeker,no_objects,1,3,0,0
V7E001,1800036,42,hider,no_objects,0,2,0,0
V7E001,1800037,42,seeker,full,1,33,3,1
V7E001,1800037,42,hider,full,0,47,0,0
V7E001,1800037,42,seeker,no_block,1,35,0,1
V7E001,1800037,42,hider,no_block,0,48,0,0
V7E001,1800037,42,seeker,no_ramp,1,14,0,0
V7E001,1800037,42,hider,no_ramp,0,48,0,0
V7E001,1800037,42,seeker,no_objects,1,14,0,0
V7E001,1800037,42,hider,no_objects,0,48,0,0
V7E001,1800038,42,seeker,full,0,100,2,1
V7E001,1800038,42,hider,full,0,5,2,0
V7E001,1800038,42,seeker,no_block,1,10,0,1
V7E001,1800038,42,hider,no_block,0,4,0,0
V7E001,1800038,42,seeker,no_ramp,1,9,0,0
V7E001,1800038,42,hider,no_ramp,1,100,3,0
V7E001,1800038,42,seeker,no_objects,1,9,0,0
V7E001,1800038,42,hider,no_objects,0,22,0,0
V7E001,1800039,42,seeker,full,1,6,0,0
V7E001,1800039,42,hider,full,0,3,0,0
V7E001,1800039,42,seeker,no_block,1,6,0,0
V7E001,1800039,42,hider,no_block,0,5,0,0
V7E001,1800039,42,seeker,no_ramp,1,6,0,0
V7E001,1800039,42,hider,no_ramp,0,3,0,0
V7E001,1800039,42,seeker,no_objects,1,6,0,0
V7E001,1800039,42,hider,no_objects,0,5,0,0
V7E001,1800040,42,seeker,full,1,4,0,0
V7E001,1800040,42,hider,full,0,9,0,1
V7E001,1800040,42,seeker,no_block,1,4,0,0
V7E001,1800040,42,hider,no_block,0,2,0,0
V7E001,1800040,42,seeker,no_ramp,1,4,0,0
V7E001,1800040,42,hider,no_ramp,0,1,0,0
V7E001,1800040,42,seeker,no_objects,1,4,0,0
V7E001,1800040,42,hider,no_objects,0,5,0,0
V7E001,1800041,42,seeker,full,1,24,3,0
V7E001,1800041,42,hider,full,0,8,1,1
V7E001,1800041,42,seeker,no_block,1,24,0,0
V7E001,1800041,42,hider,no_block,0,8,0,1
V7E001,1800041,42,seeker,no_ramp,1,24,3,0
V7E001,1800041,42,hider,no_ramp,0,22,0,0
V7E001,1800041,42,seeker,no_objects,1,24,0,0
V7E001,1800041,42,hider,no_objects,0,22,0,0
V7E001,1800042,42,seeker,full,0,100,1,1
V7E001,1800042,42,hider,full,0,6,2,0
V7E001,1800042,42,seeker,no_block,1,9,0,1
V7E001,1800042,42,hider,no_block,0,5,0,0
V7E001,1800042,42,seeker,no_ramp,1,16,0,0
V7E001,1800042,42,hider,no_ramp,0,28,3,0
V7E001,1800042,42,seeker,no_objects,1,16,0,0
V7E001,1800042,42,hider,no_objects,0,28,0,0
V7E001,1800043,42,seeker,full,1,8,0,0
V7E001,1800043,42,hider,full,0,6,0,0
V7E001,1800043,42,seeker,no_block,1,8,0,0
V7E001,1800043,42,hider,no_block,0,7,0,0
V7E001,1800043,42,seeker,no_ramp,1,8,0,0
V7E001,1800043,42,hider,no_ramp,0,7,0,0
V7E001,1800043,42,seeker,no_objects,1,8,0,0
V7E001,1800043,42,hider,no_objects,0,7,0,0
V7E001,1800044,42,seeker,full,1,16,2,1
V7E001,1800044,42,hider,full,0,12,0,0
V7E001,1800044,42,seeker,no_block,1,14,0,1
V7E001,1800044,42,hider,no_block,0,10,0,0
V7E001,1800044,42,seeker,no_ramp,1,21,0,0
V7E001,1800044,42,hider,no_ramp,0,19,3,0
V7E001,1800044,42,seeker,no_objects,1,21,0,0
V7E001,1800044,42,hider,no_objects,0,17,0,0
V7E001,1800045,42,seeker,full,0,100,2,1
V7E001,1800045,42,hider,full,0,6,2,0
V7E001,1800045,42,seeker,no_block,1,11,0,1
V7E001,1800045,42,hider,no_block,0,5,0,0
V7E001,1800045,42,seeker,no_ramp,1,10,0,0
V7E001,1800045,42,hider,no_ramp,1,100,3,0
V7E001,1800045,42,seeker,no_objects,1,10,0,0
V7E001,1800045,42,hider,no_objects,0,23,0,0
V7E001,1800046,42,seeker,full,1,7,0,0
V7E001,1800046,42,hider,full,0,27,0,1
V7E001,1800046,42,seeker,no_block,1,7,0,0
V7E001,1800046,42,hider,no_block,0,29,0,1
V7E001,1800046,42,seeker,no_ramp,1,7,0,0
V7E001,1800046,42,hider,no_ramp,0,23,0,0
V7E001,1800046,42,seeker,no_objects,1,7,0,0
V7E001,1800046,42,hider,no_objects,0,23,0,0
V7E001,1800047,42,seeker,full,1,6,0,0
V7E001,1800047,42,hider,full,0,6,0,0
V7E001,1800047,42,seeker,no_block,1,6,0,0
V7E001,1800047,42,hider,no_block,0,10,0,0
V7E001,1800047,42,seeker,no_ramp,1,6,0,0
V7E001,1800047,42,hider,no_ramp,0,6,0,0
V7E001,1800047,42,seeker,no_objects,1,6,0,0
V7E001,1800047,42,hider,no_objects,0,6,0,0
V7E001,1800048,42,seeker,full,1,58,3,2
V7E001,1800048,42,hider,full,0,56,0,0
V7E001,1800048,42,seeker,no_block,0,100,0,2
V7E001,1800048,42,hider,no_block,0,57,0,0
V7E001,1800048,42,seeker,no_ramp,1,54,3,0
V7E001,1800048,42,hider,no_ramp,0,51,0,0
V7E001,1800048,42,seeker,no_objects,1,54,0,0
V7E001,1800048,42,hider,no_objects,0,51,0,0
V7E001,1800049,42,seeker,full,1,32,3,0
V7E001,1800049,42,hider,full,0,28,0,0
V7E001,1800049,42,seeker,no_block,0,100,0,0
V7E001,1800049,42,hider,no_block,0,31,0,0
V7E001,1800049,42,seeker,no_ramp,1,32,3,0
V7E001,1800049,42,hider,no_ramp,0,28,0,0
V7E001,1800049,42,seeker,no_objects,0,100,0,0
V7E001,1800049,42,hider,no_objects,0,31,0,0
V7E001,1800050,42,seeker,full,1,1,0,0
V7E001,1800050,42,hider,full,0,1,0,0
V7E001,1800050,42,seeker,no_block,1,1,0,0
V7E001,1800050,42,hider,no_block,0,1,0,0
V7E001,1800050,42,seeker,no_ramp,1,1,0,0
V7E001,1800050,42,hider,no_ramp,0,1,0,0
V7E001,1800050,42,seeker,no_objects,1,1,0,0
V7E001,1800050,42,hider,no_objects,0,1,0,0
V7E001,1800051,42,seeker,full,1,1,0,0
V7E001,1800051,42,hider,full,0,8,0,1
V7E001,1800051,42,seeker,no_block,1,1,0,0
V7E001,1800051,42,hider,no_block,0,8,0,1
V7E001,1800051,42,seeker,no_ramp,1,1,0,0
V7E001,1800051,42,hider,no_ramp,0,4,0,0
V7E001,1800051,42,seeker,no_objects,1,1,0,0
V7E001,1800051,42,hider,no_objects,0,4,0,0
V7E001,1800052,42,seeker,full,1,6,0,0
V7E001,1800052,42,hider,full,0,11,0,1
V7E001,1800052,42,seeker,no_block,1,6,0,0
V7E001,1800052,42,hider,no_block,0,11,0,1
V7E001,1800052,42,seeker,no_ramp,1,6,0,0
V7E001,1800052,42,hider,no_ramp,0,7,0,0
V7E001,1800052,42,seeker,no_objects,1,6,0,0
V7E001,1800052,42,hider,no_objects,0,7,0,0
V7E001,1800053,42,seeker,full,1,1,0,0
V7E001,1800053,42,hider,full,0,1,0,0
V7E001,1800053,42,seeker,no_block,1,1,0,0
V7E001,1800053,42,hider,no_block,0,1,0,0
V7E001,1800053,42,seeker,no_ramp,1,1,0,0
V7E001,1800053,42,hider,no_ramp,0,1,0,0
V7E001,1800053,42,seeker,no_objects,1,1,0,0
V7E001,1800053,42,hider,no_objects,0,1,0,0
V7E001,1800054,42,seeker,full,1,6,0,0
V7E001,1800054,42,hider,full,0,3,0,0
V7E001,1800054,42,seeker,no_block,1,6,0,0
V7E001,1800054,42,hider,no_block,0,5,0,0
V7E001,1800054,42,seeker,no_ramp,1,6,0,0
V7E001,1800054,42,hider,no_ramp,0,3,0,0
V7E001,1800054,42,seeker,no_objects,1,6,0,0
V7E001,1800054,42,hider,no_objects,0,5,0,0
V7E001,1800055,42,seeker,full,1,5,2,0
V7E001,1800055,42,hider,full,0,7,1,0
V7E001,1800055,42,seeker,no_block,1,5,0,0
V7E001,1800055,42,hider,no_block,0,5,0,0
V7E001,1800055,42,seeker,no_ramp,1,5,2,0
V7E001,1800055,42,hider,no_ramp,0,7,1,0
V7E001,1800055,42,seeker,no_objects,1,5,0,0
V7E001,1800055,42,hider,no_objects,0,5,0,0
V7E001,1800056,42,seeker,full,1,25,3,0
V7E001,1800056,42,hider,full,0,41,0,0
V7E001,1800056,42,seeker,no_block,1,25,0,0
V7E001,1800056,42,hider,no_block,0,43,0,0
V7E001,1800056,42,seeker,no_ramp,1,25,3,0
V7E001,1800056,42,hider,no_ramp,0,43,0,0
V7E001,1800056,42,seeker,no_objects,1,25,0,0
V7E001,1800056,42,hider,no_objects,0,43,0,0
V7E001,1800057,42,seeker,full,1,5,0,0
V7E001,1800057,42,hider,full,0,1,0,0
V7E001,1800057,42,seeker,no_block,1,5,0,0
V7E001,1800057,42,hider,no_block,0,1,0,0
V7E001,1800057,42,seeker,no_ramp,1,5,0,0
V7E001,1800057,42,hider,no_ramp,0,1,0,0
V7E001,1800057,42,seeker,no_objects,1,5,0,0
V7E001,1800057,42,hider,no_objects,0,1,0,0
V7E001,1800058,42,seeker,full,1,7,0,0
V7E001,1800058,42,hider,full,0,9,3,0
V7E001,1800058,42,seeker,no_block,1,7,0,0
V7E001,1800058,42,hider,no_block,0,17,0,0
V7E001,1800058,42,seeker,no_ramp,1,7,0,0
V7E001,1800058,42,hider,no_ramp,0,9,3,0
V7E001,1800058,42,seeker,no_objects,1,7,0,0
V7E001,1800058,42,hider,no_objects,0,17,0,0
V7E001,1800059,42,seeker,full,1,7,0,0
V7E001,1800059,42,hider,full,0,14,0,1
V7E001,1800059,42,seeker,no_block,1,7,0,0
V7E001,1800059,42,hider,no_block,0,14,0,1
V7E001,1800059,42,seeker,no_ramp,1,7,0,0
V7E001,1800059,42,hider,no_ramp,0,8,0,0
V7E001,1800059,42,seeker,no_objects,1,7,0,0
V7E001,1800059,42,hider,no_objects,0,10,0,0
V7E001,1800060,42,seeker,full,1,37,3,1
V7E001,1800060,42,hider,full,0,35,0,0
V7E001,1800060,42,seeker,no_block,0,100,0,1
V7E001,1800060,42,hider,no_block,0,36,0,0
V7E001,1800060,42,seeker,no_ramp,0,100,3,0
V7E001,1800060,42,hider,no_ramp,0,53,0,0
V7E001,1800060,42,seeker,no_objects,1,56,0,0
V7E001,1800060,42,hider,no_objects,0,53,0,0
V7E001,1800061,42,seeker,full,1,1,0,0
V7E001,1800061,42,hider,full,0,1,0,0
V7E001,1800061,42,seeker,no_block,1,1,0,0
V7E001,1800061,42,hider,no_block,0,1,0,0
V7E001,1800061,42,seeker,no_ramp,1,1,0,0
V7E001,1800061,42,hider,no_ramp,0,1,0,0
V7E001,1800061,42,seeker,no_objects,1,1,0,0
V7E001,1800061,42,hider,no_objects,0,1,0,0
V7E001,1800062,42,seeker,full,1,2,0,0
V7E001,1800062,42,hider,full,0,4,0,0
V7E001,1800062,42,seeker,no_block,1,2,0,0
V7E001,1800062,42,hider,no_block,0,3,0,0
V7E001,1800062,42,seeker,no_ramp,1,2,0,0
V7E001,1800062,42,hider,no_ramp,0,4,0,0
V7E001,1800062,42,seeker,no_objects,1,2,0,0
V7E001,1800062,42,hider,no_objects,0,4,0,0
V7E001,1800063,42,seeker,full,1,5,0,0
V7E001,1800063,42,hider,full,0,8,0,1
V7E001,1800063,42,seeker,no_block,1,5,0,0
V7E001,1800063,42,hider,no_block,0,4,0,0
V7E001,1800063,42,seeker,no_ramp,1,5,0,0
V7E001,1800063,42,hider,no_ramp,0,4,0,0
V7E001,1800063,42,seeker,no_objects,1,5,0,0
V7E001,1800063,42,hider,no_objects,0,4,0,0
V7E001,1800064,42,seeker,full,1,10,0,0
V7E001,1800064,42,hider,full,1,100,3,0
V7E001,1800064,42,seeker,no_block,1,10,0,0
V7E001,1800064,42,hider,no_block,0,23,0,0
V7E001,1800064,42,seeker,no_ramp,1,10,0,0
V7E001,1800064,42,hider,no_ramp,1,100,3,0
V7E001,1800064,42,seeker,no_objects,1,10,0,0
V7E001,1800064,42,hider,no_objects,0,23,0,0
V7E001,1800065,42,seeker,full,1,8,0,0
V7E001,1800065,42,hider,full,0,20,3,0
V7E001,1800065,42,seeker,no_block,1,8,0,0
V7E001,1800065,42,hider,no_block,0,20,0,0
V7E001,1800065,42,seeker,no_ramp,1,8,0,0
V7E001,1800065,42,hider,no_ramp,0,20,3,0
V7E001,1800065,42,seeker,no_objects,1,8,0,0
V7E001,1800065,42,hider,no_objects,0,20,0,0
V7E001,1800066,42,seeker,full,1,5,0,0
V7E001,1800066,42,hider,full,0,10,0,1
V7E001,1800066,42,seeker,no_block,1,5,0,0
V7E001,1800066,42,hider,no_block,0,11,0,1
V7E001,1800066,42,seeker,no_ramp,1,5,0,0
V7E001,1800066,42,hider,no_ramp,0,4,0,0
V7E001,1800066,42,seeker,no_objects,1,5,0,0
V7E001,1800066,42,hider,no_objects,0,7,0,0
V7E001,1800067,42,seeker,full,1,3,0,0
V7E001,1800067,42,hider,full,0,3,0,0
V7E001,1800067,42,seeker,no_block,1,3,0,0
V7E001,1800067,42,hider,no_block,0,1,0,0
V7E001,1800067,42,seeker,no_ramp,1,3,0,0
V7E001,1800067,42,hider,no_ramp,0,3,0,0
V7E001,1800067,42,seeker,no_objects,1,3,0,0
V7E001,1800067,42,hider,no_objects,0,3,0,0
V7E001,1800068,42,seeker,full,1,6,0,0
V7E001,1800068,42,hider,full,0,2,0,0
V7E001,1800068,42,seeker,no_block,1,6,0,0
V7E001,1800068,42,hider,no_block,0,2,0,0
V7E001,1800068,42,seeker,no_ramp,1,6,0,0
V7E001,1800068,42,hider,no_ramp,0,2,0,0
V7E001,1800068,42,seeker,no_objects,1,6,0,0
V7E001,1800068,42,hider,no_objects,0,2,0,0
V7E001,1800069,42,seeker,full,1,4,0,0
V7E001,1800069,42,hider,full,0,3,0,0
V7E001,1800069,42,seeker,no_block,1,4,0,0
V7E001,1800069,42,hider,no_block,0,2,0,0
V7E001,1800069,42,seeker,no_ramp,1,4,0,0
V7E001,1800069,42,hider,no_ramp,0,3,0,0
V7E001,1800069,42,seeker,no_objects,1,4,0,0
V7E001,1800069,42,hider,no_objects,0,3,0,0
V7E001,1800070,42,seeker,full,1,2,0,0
V7E001,1800070,42,hider,full,0,7,0,0
V7E001,1800070,42,seeker,no_block,1,2,0,0
V7E001,1800070,42,hider,no_block,0,9,0,1
V7E001,1800070,42,seeker,no_ramp,1,2,0,0
V7E001,1800070,42,hider,no_ramp,0,7,0,0
V7E001,1800070,42,seeker,no_objects,1,2,0,0
V7E001,1800070,42,hider,no_objects,0,7,0,0
V7E001,1800071,42,seeker,full,1,6,0,0
V7E001,1800071,42,hider,full,0,21,0,0
V7E001,1800071,42,seeker,no_block,1,6,0,0
V7E001,1800071,42,hider,no_block,1,100,0,1
V7E001,1800071,42,seeker,no_ramp,1,6,0,0
V7E001,1800071,42,hider,no_ramp,0,21,0,0
V7E001,1800071,42,seeker,no_objects,1,6,0,0
V7E001,1800071,42,hider,no_objects,0,21,0,0
V7E001,1800072,42,seeker,full,1,10,0,0
V7E001,1800072,42,hider,full,0,19,1,1
V7E001,1800072,42,seeker,no_block,1,10,0,0
V7E001,1800072,42,hider,no_block,0,12,0,1
V7E001,1800072,42,seeker,no_ramp,1,10,0,0
V7E001,1800072,42,hider,no_ramp,0,32,0,0
V7E001,1800072,42,seeker,no_objects,1,10,0,0
V7E001,1800072,42,hider,no_objects,0,32,0,0
V7E001,1800073,42,seeker,full,1,7,0,0
V7E001,1800073,42,hider,full,0,6,0,0
V7E001,1800073,42,seeker,no_block,1,7,0,0
V7E001,1800073,42,hider,no_block,0,6,0,0
V7E001,1800073,42,seeker,no_ramp,1,7,0,0
V7E001,1800073,42,hider,no_ramp,0,6,0,0
V7E001,1800073,42,seeker,no_objects,1,7,0,0
V7E001,1800073,42,hider,no_objects,0,6,0,0
V7E001,1800074,42,seeker,full,1,46,3,0
V7E001,1800074,42,hider,full,0,44,0,0
V7E001,1800074,42,seeker,no_block,1,46,0,0
V7E001,1800074,42,hider,no_block,0,45,0,0
V7E001,1800074,42,seeker,no_ramp,1,46,3,0
V7E001,1800074,42,hider,no_ramp,0,43,0,0
V7E001,1800074,42,seeker,no_objects,1,46,0,0
V7E001,1800074,42,hider,no_objects,0,43,0,0
V7E001,1800075,42,seeker,full,1,2,0,0
V7E001,1800075,42,hider,full,0,3,0,0
V7E001,1800075,42,seeker,no_block,1,2,0,0
V7E001,1800075,42,hider,no_block,0,3,0,0
V7E001,1800075,42,seeker,no_ramp,1,2,0,0
V7E001,1800075,42,hider,no_ramp,0,3,0,0
V7E001,1800075,42,seeker,no_objects,1,2,0,0
V7E001,1800075,42,hider,no_objects,0,3,0,0
V7E001,1800076,42,seeker,full,1,5,0,0
V7E001,1800076,42,hider,full,0,3,0,0
V7E001,1800076,42,seeker,no_block,1,5,0,0
V7E001,1800076,42,hider,no_block,0,2,0,0
V7E001,1800076,42,seeker,no_ramp,1,5,0,0
V7E001,1800076,42,hider,no_ramp,0,3,0,0
V7E001,1800076,42,seeker,no_objects,1,5,0,0
V7E001,1800076,42,hider,no_objects,0,3,0,0
V7E001,1800077,42,seeker,full,1,1,0,0
V7E001,1800077,42,hider,full,0,1,0,0
V7E001,1800077,42,seeker,no_block,1,1,0,0
V7E001,1800077,42,hider,no_block,0,1,0,0
V7E001,1800077,42,seeker,no_ramp,1,1,0,0
V7E001,1800077,42,hider,no_ramp,0,1,0,0
V7E001,1800077,42,seeker,no_objects,1,1,0,0
V7E001,1800077,42,hider,no_objects,0,1,0,0
V7E001,1800078,42,seeker,full,1,18,2,1
V7E001,1800078,42,hider,full,0,17,0,0
V7E001,1800078,42,seeker,no_block,1,18,0,1
V7E001,1800078,42,hider,no_block,0,16,0,0
V7E001,1800078,42,seeker,no_ramp,1,25,0,0
V7E001,1800078,42,hider,no_ramp,0,19,0,0
V7E001,1800078,42,seeker,no_objects,1,25,0,0
V7E001,1800078,42,hider,no_objects,0,24,0,0
V7E001,1800079,42,seeker,full,1,8,0,0
V7E001,1800079,42,hider,full,0,7,0,0
V7E001,1800079,42,seeker,no_block,1,8,0,0
V7E001,1800079,42,hider,no_block,0,7,0,0
V7E001,1800079,42,seeker,no_ramp,1,8,0,0
V7E001,1800079,42,hider,no_ramp,0,7,0,0
V7E001,1800079,42,seeker,no_objects,1,8,0,0
V7E001,1800079,42,hider,no_objects,0,7,0,0
V7E001,1800080,42,seeker,full,1,2,0,0
V7E001,1800080,42,hider,full,0,8,0,1
V7E001,1800080,42,seeker,no_block,1,2,0,0
V7E001,1800080,42,hider,no_block,0,8,0,1
V7E001,1800080,42,seeker,no_ramp,1,2,0,0
V7E001,1800080,42,hider,no_ramp,0,4,0,0
V7E001,1800080,42,seeker,no_objects,1,2,0,0
V7E001,1800080,42,hider,no_objects,0,4,0,0
V7E001,1800081,42,seeker,full,1,10,2,0
V7E001,1800081,42,hider,full,0,10,0,0
V7E001,1800081,42,seeker,no_block,1,10,0,0
V7E001,1800081,42,hider,no_block,0,10,0,0
V7E001,1800081,42,seeker,no_ramp,1,10,2,0
V7E001,1800081,42,hider,no_ramp,0,10,0,0
V7E001,1800081,42,seeker,no_objects,1,10,0,0
V7E001,1800081,42,hider,no_objects,0,10,0,0
V7E001,1800082,42,seeker,full,1,25,0,1
V7E001,1800082,42,hider,full,0,26,0,0
V7E001,1800082,42,seeker,no_block,1,25,0,1
V7E001,1800082,42,hider,no_block,0,10,0,0
V7E001,1800082,42,seeker,no_ramp,0,100,0,0
V7E001,1800082,42,hider,no_ramp,0,62,0,0
V7E001,1800082,42,seeker,no_objects,0,100,0,0
V7E001,1800082,42,hider,no_objects,0,4,0,0
V7E001,1800083,42,seeker,full,1,8,0,1
V7E001,1800083,42,hider,full,0,7,0,0
V7E001,1800083,42,seeker,no_block,1,8,0,1
V7E001,1800083,42,hider,no_block,0,7,0,0
V7E001,1800083,42,seeker,no_ramp,1,37,2,0
V7E001,1800083,42,hider,no_ramp,0,37,0,0
V7E001,1800083,42,seeker,no_objects,1,37,0,0
V7E001,1800083,42,hider,no_objects,0,37,0,0
V7E001,1800084,42,seeker,full,0,100,3,0
V7E001,1800084,42,hider,full,0,56,0,0
V7E001,1800084,42,seeker,no_block,1,58,0,0
V7E001,1800084,42,hider,no_block,0,57,0,0
V7E001,1800084,42,seeker,no_ramp,1,58,3,0
V7E001,1800084,42,hider,no_ramp,0,55,0,0
V7E001,1800084,42,seeker,no_objects,1,58,0,0
V7E001,1800084,42,hider,no_objects,0,55,0,0
V7E001,1800085,42,seeker,full,1,5,0,1
V7E001,1800085,42,hider,full,0,6,0,0
V7E001,1800085,42,seeker,no_block,1,5,0,1
V7E001,1800085,42,hider,no_block,0,4,0,0
V7E001,1800085,42,seeker,no_ramp,1,36,2,0
V7E001,1800085,42,hider,no_ramp,0,37,0,0
V7E001,1800085,42,seeker,no_objects,1,36,0,0
V7E001,1800085,42,hider,no_objects,0,36,0,0
V7E001,1800086,42,seeker,full,1,31,0,0
V7E001,1800086,42,hider,full,0,41,0,0
V7E001,1800086,42,seeker,no_block,1,31,0,0
V7E001,1800086,42,hider,no_block,0,42,0,0
V7E001,1800086,42,seeker,no_ramp,1,31,0,0
V7E001,1800086,42,hider,no_ramp,0,41,0,0
V7E001,1800086,42,seeker,no_objects,1,31,0,0
V7E001,1800086,42,hider,no_objects,0,41,0,0
V7E001,1800087,42,seeker,full,1,7,0,0
V7E001,1800087,42,hider,full,1,100,3,0
V7E001,1800087,42,seeker,no_block,1,7,0,0
V7E001,1800087,42,hider,no_block,0,20,0,0
V7E001,1800087,42,seeker,no_ramp,1,7,0,0
V7E001,1800087,42,hider,no_ramp,1,100,3,0
V7E001,1800087,42,seeker,no_objects,1,7,0,0
V7E001,1800087,42,hider,no_objects,0,20,0,0
V7E001,1800088,42,seeker,full,1,7,0,0
V7E001,1800088,42,hider,full,1,100,0,1
V7E001,1800088,42,seeker,no_block,1,7,0,0
V7E001,1800088,42,hider,no_block,0,15,0,1
V7E001,1800088,42,seeker,no_ramp,1,7,0,0
V7E001,1800088,42,hider,no_ramp,0,7,0,0
V7E001,1800088,42,seeker,no_objects,1,7,0,0
V7E001,1800088,42,hider,no_objects,0,9,0,0
V7E001,1800089,42,seeker,full,0,100,3,0
V7E001,1800089,42,hider,full,0,58,0,0
V7E001,1800089,42,seeker,no_block,1,60,0,0
V7E001,1800089,42,hider,no_block,0,59,0,0
V7E001,1800089,42,seeker,no_ramp,1,60,3,0
V7E001,1800089,42,hider,no_ramp,0,57,0,0
V7E001,1800089,42,seeker,no_objects,1,60,0,0
V7E001,1800089,42,hider,no_objects,0,57,0,0
V7E001,1800090,42,seeker,full,1,13,2,0
V7E001,1800090,42,hider,full,0,9,0,0
V7E001,1800090,42,seeker,no_block,1,7,0,0
V7E001,1800090,42,hider,no_block,0,3,0,0
V7E001,1800090,42,seeker,no_ramp,1,13,2,0
V7E001,1800090,42,hider,no_ramp,0,9,0,0
V7E001,1800090,42,seeker,no_objects,1,7,0,0
V7E001,1800090,42,hider,no_objects,0,3,0,0
V7E001,1800091,42,seeker,full,1,2,0,0
V7E001,1800091,42,hider,full,0,9,0,1
V7E001,1800091,42,seeker,no_block,1,2,0,0
V7E001,1800091,42,hider,no_block,0,9,0,1
V7E001,1800091,42,seeker,no_ramp,1,2,0,0
V7E001,1800091,42,hider,no_ramp,0,3,0,0
V7E001,1800091,42,seeker,no_objects,1,2,0,0
V7E001,1800091,42,hider,no_objects,0,5,0,0
V7E001,1800092,42,seeker,full,1,25,2,0
V7E001,1800092,42,hider,full,0,25,0,0
V7E001,1800092,42,seeker,no_block,1,25,0,0
V7E001,1800092,42,hider,no_block,0,25,0,0
V7E001,1800092,42,seeker,no_ramp,1,25,2,0
V7E001,1800092,42,hider,no_ramp,0,25,0,0
V7E001,1800092,42,seeker,no_objects,1,25,0,0
V7E001,1800092,42,hider,no_objects,0,25,0,0
V7E001,1800093,42,seeker,full,1,9,0,0
V7E001,1800093,42,hider,full,0,16,0,1
V7E001,1800093,42,seeker,no_block,1,9,0,0
V7E001,1800093,42,hider,no_block,0,9,0,0
V7E001,1800093,42,seeker,no_ramp,1,9,0,0
V7E001,1800093,42,hider,no_ramp,0,12,0,0
V7E001,1800093,42,seeker,no_objects,1,9,0,0
V7E001,1800093,42,hider,no_objects,0,12,0,0
V7E001,1800094,42,seeker,full,1,53,3,0
V7E001,1800094,42,hider,full,0,43,0,0
V7E001,1800094,42,seeker,no_block,1,45,0,0
V7E001,1800094,42,hider,no_block,0,43,0,0
V7E001,1800094,42,seeker,no_ramp,1,45,3,0
V7E001,1800094,42,hider,no_ramp,0,9,0,0
V7E001,1800094,42,seeker,no_objects,1,45,0,0
V7E001,1800094,42,hider,no_objects,0,43,0,0
V7E001,1800095,42,seeker,full,1,15,2,1
V7E001,1800095,42,hider,full,0,8,0,0
V7E001,1800095,42,seeker,no_block,1,15,0,1
V7E001,1800095,42,hider,no_block,0,8,0,0
V7E001,1800095,42,seeker,no_ramp,1,16,0,0
V7E001,1800095,42,hider,no_ramp,0,8,0,0
V7E001,1800095,42,seeker,no_objects,1,16,0,0
V7E001,1800095,42,hider,no_objects,0,8,0,0
V7E001,1800096,42,seeker,full,1,15,0,0
V7E001,1800096,42,hider,full,0,10,0,0
V7E001,1800096,42,seeker,no_block,1,15,0,0
V7E001,1800096,42,hider,no_block,0,14,0,0
V7E001,1800096,42,seeker,no_ramp,1,15,0,0
V7E001,1800096,42,hider,no_ramp,0,10,0,0
V7E001,1800096,42,seeker,no_objects,1,15,0,0
V7E001,1800096,42,hider,no_objects,0,10,0,0
V7E001,1800097,42,seeker,full,1,17,2,1
V7E001,1800097,42,hider,full,0,8,0,0
V7E001,1800097,42,seeker,no_block,1,15,0,1
V7E001,1800097,42,hider,no_block,0,8,0,0
V7E001,1800097,42,seeker,no_ramp,1,24,0,0
V7E001,1800097,42,hider,no_ramp,0,8,0,0
V7E001,1800097,42,seeker,no_objects,1,24,0,0
V7E001,1800097,42,hider,no_objects,0,8,0,0
V7E001,1800098,42,seeker,full,1,11,0,0
V7E001,1800098,42,hider,full,0,25,0,0
V7E001,1800098,42,seeker,no_block,1,11,0,0
V7E001,1800098,42,hider,no_block,0,23,0,0
V7E001,1800098,42,seeker,no_ramp,1,11,0,0
V7E001,1800098,42,hider,no_ramp,0,24,0,0
V7E001,1800098,42,seeker,no_objects,1,11,0,0
V7E001,1800098,42,hider,no_objects,0,24,0,0
V7E001,1800099,42,seeker,full,1,1,0,0
V7E001,1800099,42,hider,full,0,1,0,0
V7E001,1800099,42,seeker,no_block,1,1,0,0
V7E001,1800099,42,hider,no_block,0,1,0,0
V7E001,1800099,42,seeker,no_ramp,1,1,0,0
V7E001,1800099,42,hider,no_ramp,0,1,0,0
V7E001,1800099,42,seeker,no_objects,1,1,0,0
V7E001,1800099,42,hider,no_objects,0,1,0,0
V7E002,1810000,42,seeker,full,1,21,2,0
V7E002,1810000,42,hider,full,0,24,0,0
V7E002,1810000,42,seeker,no_block,1,21,0,0
V7E002,1810000,42,hider,no_block,0,24,0,0
V7E002,1810000,42,seeker,no_ramp,1,21,2,0
V7E002,1810000,42,hider,no_ramp,0,24,0,0
V7E002,1810000,42,seeker,no_objects,1,21,0,0
V7E002,1810000,42,hider,no_objects,0,24,0,0
V7E002,1810001,42,seeker,full,1,1,0,0
V7E002,1810001,42,hider,full,0,1,0,0
V7E002,1810001,42,seeker,no_block,1,1,0,0
V7E002,1810001,42,hider,no_block,0,1,0,0
V7E002,1810001,42,seeker,no_ramp,1,1,0,0
V7E002,1810001,42,hider,no_ramp,0,1,0,0
V7E002,1810001,42,seeker,no_objects,1,1,0,0
V7E002,1810001,42,hider,no_objects,0,1,0,0
V7E002,1810002,42,seeker,full,1,21,2,0
V7E002,1810002,42,hider,full,0,22,0,0
V7E002,1810002,42,seeker,no_block,1,21,0,0
V7E002,1810002,42,hider,no_block,0,22,0,0
V7E002,1810002,42,seeker,no_ramp,1,21,2,0
V7E002,1810002,42,hider,no_ramp,0,22,0,0
V7E002,1810002,42,seeker,no_objects,1,21,0,0
V7E002,1810002,42,hider,no_objects,0,22,0,0
V7E002,1810003,42,seeker,full,1,17,1,1
V7E002,1810003,42,hider,full,0,38,0,0
V7E002,1810003,42,seeker,no_block,1,17,0,1
V7E002,1810003,42,hider,no_block,0,38,0,0
V7E002,1810003,42,seeker,no_ramp,1,27,0,0
V7E002,1810003,42,hider,no_ramp,0,43,0,0
V7E002,1810003,42,seeker,no_objects,1,26,0,0
V7E002,1810003,42,hider,no_objects,0,43,0,0
V7E002,1810004,42,seeker,full,1,25,2,0
V7E002,1810004,42,hider,full,0,22,0,0
V7E002,1810004,42,seeker,no_block,1,25,0,0
V7E002,1810004,42,hider,no_block,0,23,0,0
V7E002,1810004,42,seeker,no_ramp,1,25,2,0
V7E002,1810004,42,hider,no_ramp,0,22,0,0
V7E002,1810004,42,seeker,no_objects,1,25,0,0
V7E002,1810004,42,hider,no_objects,0,23,0,0
V7E002,1810005,42,seeker,full,1,1,0,0
V7E002,1810005,42,hider,full,0,1,0,0
V7E002,1810005,42,seeker,no_block,1,1,0,0
V7E002,1810005,42,hider,no_block,0,1,0,0
V7E002,1810005,42,seeker,no_ramp,1,1,0,0
V7E002,1810005,42,hider,no_ramp,0,1,0,0
V7E002,1810005,42,seeker,no_objects,1,1,0,0
V7E002,1810005,42,hider,no_objects,0,1,0,0
V7E002,1810006,42,seeker,full,1,4,0,0
V7E002,1810006,42,hider,full,0,3,0,0
V7E002,1810006,42,seeker,no_block,1,4,0,0
V7E002,1810006,42,hider,no_block,0,3,0,0
V7E002,1810006,42,seeker,no_ramp,1,4,0,0
V7E002,1810006,42,hider,no_ramp,0,3,0,0
V7E002,1810006,42,seeker,no_objects,1,4,0,0
V7E002,1810006,42,hider,no_objects,0,3,0,0
V7E002,1810007,42,seeker,full,1,5,0,0
V7E002,1810007,42,hider,full,0,44,0,0
V7E002,1810007,42,seeker,no_block,1,2,0,0
V7E002,1810007,42,hider,no_block,0,44,0,0
V7E002,1810007,42,seeker,no_ramp,1,5,0,0
V7E002,1810007,42,hider,no_ramp,0,49,0,0
V7E002,1810007,42,seeker,no_objects,1,2,0,0
V7E002,1810007,42,hider,no_objects,0,49,0,0
V7E002,1810008,42,seeker,full,1,2,0,0
V7E002,1810008,42,hider,full,0,1,0,0
V7E002,1810008,42,seeker,no_block,1,2,0,0
V7E002,1810008,42,hider,no_block,0,1,0,0
V7E002,1810008,42,seeker,no_ramp,1,2,0,0
V7E002,1810008,42,hider,no_ramp,0,1,0,0
V7E002,1810008,42,seeker,no_objects,1,2,0,0
V7E002,1810008,42,hider,no_objects,0,1,0,0
V7E002,1810009,42,seeker,full,1,7,0,0
V7E002,1810009,42,hider,full,0,4,0,0
V7E002,1810009,42,seeker,no_block,1,7,0,0
V7E002,1810009,42,hider,no_block,0,4,0,0
V7E002,1810009,42,seeker,no_ramp,1,7,0,0
V7E002,1810009,42,hider,no_ramp,0,4,0,0
V7E002,1810009,42,seeker,no_objects,1,7,0,0
V7E002,1810009,42,hider,no_objects,0,4,0,0
V7E002,1810010,42,seeker,full,1,23,0,1
V7E002,1810010,42,hider,full,0,14,0,0
V7E002,1810010,42,seeker,no_block,1,23,0,1
V7E002,1810010,42,hider,no_block,0,14,0,0
V7E002,1810010,42,seeker,no_ramp,1,24,0,0
V7E002,1810010,42,hider,no_ramp,0,14,0,0
V7E002,1810010,42,seeker,no_objects,1,24,0,0
V7E002,1810010,42,hider,no_objects,0,14,0,0
V7E002,1810011,42,seeker,full,1,19,0,1
V7E002,1810011,42,hider,full,1,100,0,0
V7E002,1810011,42,seeker,no_block,1,19,0,1
V7E002,1810011,42,hider,no_block,1,100,0,0
V7E002,1810011,42,seeker,no_ramp,1,24,0,0
V7E002,1810011,42,hider,no_ramp,1,100,0,0
V7E002,1810011,42,seeker,no_objects,1,24,0,0
V7E002,1810011,42,hider,no_objects,1,100,0,0
V7E002,1810012,42,seeker,full,1,12,0,0
V7E002,1810012,42,hider,full,1,100,0,0
V7E002,1810012,42,seeker,no_block,1,12,0,0
V7E002,1810012,42,hider,no_block,1,100,0,0
V7E002,1810012,42,seeker,no_ramp,1,12,0,0
V7E002,1810012,42,hider,no_ramp,1,100,0,0
V7E002,1810012,42,seeker,no_objects,1,12,0,0
V7E002,1810012,42,hider,no_objects,1,100,0,0
V7E002,1810013,42,seeker,full,1,1,0,0
V7E002,1810013,42,hider,full,0,1,0,0
V7E002,1810013,42,seeker,no_block,1,1,0,0
V7E002,1810013,42,hider,no_block,0,1,0,0
V7E002,1810013,42,seeker,no_ramp,1,1,0,0
V7E002,1810013,42,hider,no_ramp,0,1,0,0
V7E002,1810013,42,seeker,no_objects,1,1,0,0
V7E002,1810013,42,hider,no_objects,0,1,0,0
V7E002,1810014,42,seeker,full,1,12,0,0
V7E002,1810014,42,hider,full,0,45,0,0
V7E002,1810014,42,seeker,no_block,1,12,0,0
V7E002,1810014,42,hider,no_block,0,45,0,0
V7E002,1810014,42,seeker,no_ramp,1,12,0,0
V7E002,1810014,42,hider,no_ramp,0,45,0,0
V7E002,1810014,42,seeker,no_objects,1,12,0,0
V7E002,1810014,42,hider,no_objects,0,45,0,0
V7E002,1810015,42,seeker,full,1,3,0,0
V7E002,1810015,42,hider,full,0,3,0,0
V7E002,1810015,42,seeker,no_block,1,3,0,0
V7E002,1810015,42,hider,no_block,0,3,0,0
V7E002,1810015,42,seeker,no_ramp,1,3,0,0
V7E002,1810015,42,hider,no_ramp,0,3,0,0
V7E002,1810015,42,seeker,no_objects,1,3,0,0
V7E002,1810015,42,hider,no_objects,0,3,0,0
V7E002,1810016,42,seeker,full,1,1,0,0
V7E002,1810016,42,hider,full,0,1,0,0
V7E002,1810016,42,seeker,no_block,1,1,0,0
V7E002,1810016,42,hider,no_block,0,1,0,0
V7E002,1810016,42,seeker,no_ramp,1,1,0,0
V7E002,1810016,42,hider,no_ramp,0,1,0,0
V7E002,1810016,42,seeker,no_objects,1,1,0,0
V7E002,1810016,42,hider,no_objects,0,1,0,0
V7E002,1810017,42,seeker,full,1,2,0,0
V7E002,1810017,42,hider,full,0,8,0,0
V7E002,1810017,42,seeker,no_block,1,2,0,0
V7E002,1810017,42,hider,no_block,0,8,0,0
V7E002,1810017,42,seeker,no_ramp,1,2,0,0
V7E002,1810017,42,hider,no_ramp,0,8,0,0
V7E002,1810017,42,seeker,no_objects,1,2,0,0
V7E002,1810017,42,hider,no_objects,0,8,0,0
V7E002,1810018,42,seeker,full,1,1,0,0
V7E002,1810018,42,hider,full,0,1,0,0
V7E002,1810018,42,seeker,no_block,1,1,0,0
V7E002,1810018,42,hider,no_block,0,1,0,0
V7E002,1810018,42,seeker,no_ramp,1,1,0,0
V7E002,1810018,42,hider,no_ramp,0,1,0,0
V7E002,1810018,42,seeker,no_objects,1,1,0,0
V7E002,1810018,42,hider,no_objects,0,1,0,0
V7E002,1810019,42,seeker,full,1,16,2,0
V7E002,1810019,42,hider,full,0,20,0,0
V7E002,1810019,42,seeker,no_block,1,16,0,0
V7E002,1810019,42,hider,no_block,0,20,0,0
V7E002,1810019,42,seeker,no_ramp,1,16,2,0
V7E002,1810019,42,hider,no_ramp,0,20,0,0
V7E002,1810019,42,seeker,no_objects,1,16,0,0
V7E002,1810019,42,hider,no_objects,0,20,0,0
V7E002,1810020,42,seeker,full,1,1,0,0
V7E002,1810020,42,hider,full,0,1,0,0
V7E002,1810020,42,seeker,no_block,1,1,0,0
V7E002,1810020,42,hider,no_block,0,1,0,0
V7E002,1810020,42,seeker,no_ramp,1,1,0,0
V7E002,1810020,42,hider,no_ramp,0,1,0,0
V7E002,1810020,42,seeker,no_objects,1,1,0,0
V7E002,1810020,42,hider,no_objects,0,1,0,0
V7E002,1810021,42,seeker,full,1,29,2,0
V7E002,1810021,42,hider,full,0,30,0,0
V7E002,1810021,42,seeker,no_block,1,29,0,0
V7E002,1810021,42,hider,no_block,0,30,0,0
V7E002,1810021,42,seeker,no_ramp,1,29,2,0
V7E002,1810021,42,hider,no_ramp,0,30,0,0
V7E002,1810021,42,seeker,no_objects,1,29,0,0
V7E002,1810021,42,hider,no_objects,0,30,0,0
V7E002,1810022,42,seeker,full,1,34,2,1
V7E002,1810022,42,hider,full,0,38,0,0
V7E002,1810022,42,seeker,no_block,1,34,0,1
V7E002,1810022,42,hider,no_block,0,38,0,0
V7E002,1810022,42,seeker,no_ramp,1,39,2,0
V7E002,1810022,42,hider,no_ramp,0,43,0,0
V7E002,1810022,42,seeker,no_objects,1,39,0,0
V7E002,1810022,42,hider,no_objects,0,43,0,0
V7E002,1810023,42,seeker,full,1,1,0,0
V7E002,1810023,42,hider,full,0,1,0,0
V7E002,1810023,42,seeker,no_block,1,1,0,0
V7E002,1810023,42,hider,no_block,0,1,0,0
V7E002,1810023,42,seeker,no_ramp,1,1,0,0
V7E002,1810023,42,hider,no_ramp,0,1,0,0
V7E002,1810023,42,seeker,no_objects,1,1,0,0
V7E002,1810023,42,hider,no_objects,0,1,0,0
V7E002,1810024,42,seeker,full,1,24,2,0
V7E002,1810024,42,hider,full,0,27,0,0
V7E002,1810024,42,seeker,no_block,1,24,0,0
V7E002,1810024,42,hider,no_block,0,27,0,0
V7E002,1810024,42,seeker,no_ramp,1,24,2,0
V7E002,1810024,42,hider,no_ramp,0,27,0,0
V7E002,1810024,42,seeker,no_objects,1,24,0,0
V7E002,1810024,42,hider,no_objects,0,27,0,0
V7E002,1810025,42,seeker,full,1,25,2,0
V7E002,1810025,42,hider,full,0,23,0,0
V7E002,1810025,42,seeker,no_block,1,25,0,0
V7E002,1810025,42,hider,no_block,0,23,0,0
V7E002,1810025,42,seeker,no_ramp,1,25,2,0
V7E002,1810025,42,hider,no_ramp,0,23,0,0
V7E002,1810025,42,seeker,no_objects,1,25,0,0
V7E002,1810025,42,hider,no_objects,0,23,0,0
V7E002,1810026,42,seeker,full,1,5,0,0
V7E002,1810026,42,hider,full,0,14,0,0
V7E002,1810026,42,seeker,no_block,1,5,0,0
V7E002,1810026,42,hider,no_block,0,14,0,0
V7E002,1810026,42,seeker,no_ramp,1,5,0,0
V7E002,1810026,42,hider,no_ramp,0,14,0,0
V7E002,1810026,42,seeker,no_objects,1,5,0,0
V7E002,1810026,42,hider,no_objects,0,14,0,0
V7E002,1810027,42,seeker,full,1,5,0,0
V7E002,1810027,42,hider,full,0,4,0,0
V7E002,1810027,42,seeker,no_block,1,5,0,0
V7E002,1810027,42,hider,no_block,0,4,0,0
V7E002,1810027,42,seeker,no_ramp,1,5,0,0
V7E002,1810027,42,hider,no_ramp,0,4,0,0
V7E002,1810027,42,seeker,no_objects,1,5,0,0
V7E002,1810027,42,hider,no_objects,0,4,0,0
V7E002,1810028,42,seeker,full,0,100,3,0
V7E002,1810028,42,hider,full,0,37,0,1
V7E002,1810028,42,seeker,no_block,0,100,0,0
V7E002,1810028,42,hider,no_block,0,53,0,0
V7E002,1810028,42,seeker,no_ramp,0,100,3,0
V7E002,1810028,42,hider,no_ramp,0,53,0,0
V7E002,1810028,42,seeker,no_objects,0,100,0,0
V7E002,1810028,42,hider,no_objects,0,53,0,0
V7E002,1810029,42,seeker,full,1,5,0,0
V7E002,1810029,42,hider,full,0,4,0,0
V7E002,1810029,42,seeker,no_block,1,5,0,0
V7E002,1810029,42,hider,no_block,0,4,0,0
V7E002,1810029,42,seeker,no_ramp,1,5,0,0
V7E002,1810029,42,hider,no_ramp,0,4,0,0
V7E002,1810029,42,seeker,no_objects,1,5,0,0
V7E002,1810029,42,hider,no_objects,0,4,0,0
V7E002,1810030,42,seeker,full,1,2,0,0
V7E002,1810030,42,hider,full,0,3,0,0
V7E002,1810030,42,seeker,no_block,1,2,0,0
V7E002,1810030,42,hider,no_block,0,3,0,0
V7E002,1810030,42,seeker,no_ramp,1,2,0,0
V7E002,1810030,42,hider,no_ramp,0,3,0,0
V7E002,1810030,42,seeker,no_objects,1,2,0,0
V7E002,1810030,42,hider,no_objects,0,3,0,0
V7E002,1810031,42,seeker,full,1,21,2,0
V7E002,1810031,42,hider,full,0,23,0,0
V7E002,1810031,42,seeker,no_block,1,21,0,0
V7E002,1810031,42,hider,no_block,0,23,0,0
V7E002,1810031,42,seeker,no_ramp,1,21,2,0
V7E002,1810031,42,hider,no_ramp,0,23,0,0
V7E002,1810031,42,seeker,no_objects,1,21,0,0
V7E002,1810031,42,hider,no_objects,0,23,0,0
V7E002,1810032,42,seeker,full,1,5,0,0
V7E002,1810032,42,hider,full,0,7,0,0
V7E002,1810032,42,seeker,no_block,1,5,0,0
V7E002,1810032,42,hider,no_block,0,7,0,0
V7E002,1810032,42,seeker,no_ramp,1,5,0,0
V7E002,1810032,42,hider,no_ramp,0,7,0,0
V7E002,1810032,42,seeker,no_objects,1,5,0,0
V7E002,1810032,42,hider,no_objects,0,7,0,0
V7E002,1810033,42,seeker,full,1,8,0,0
V7E002,1810033,42,hider,full,0,2,0,0
V7E002,1810033,42,seeker,no_block,1,8,0,0
V7E002,1810033,42,hider,no_block,0,2,0,0
V7E002,1810033,42,seeker,no_ramp,1,8,0,0
V7E002,1810033,42,hider,no_ramp,0,2,0,0
V7E002,1810033,42,seeker,no_objects,1,8,0,0
V7E002,1810033,42,hider,no_objects,0,2,0,0
V7E002,1810034,42,seeker,full,1,15,0,0
V7E002,1810034,42,hider,full,0,46,0,0
V7E002,1810034,42,seeker,no_block,1,15,0,0
V7E002,1810034,42,hider,no_block,0,46,0,0
V7E002,1810034,42,seeker,no_ramp,1,15,0,0
V7E002,1810034,42,hider,no_ramp,0,46,0,0
V7E002,1810034,42,seeker,no_objects,1,15,0,0
V7E002,1810034,42,hider,no_objects,0,46,0,0
V7E002,1810035,42,seeker,full,1,34,2,0
V7E002,1810035,42,hider,full,0,19,0,1
V7E002,1810035,42,seeker,no_block,1,34,0,0
V7E002,1810035,42,hider,no_block,0,31,0,0
V7E002,1810035,42,seeker,no_ramp,1,34,2,0
V7E002,1810035,42,hider,no_ramp,0,31,0,0
V7E002,1810035,42,seeker,no_objects,1,34,0,0
V7E002,1810035,42,hider,no_objects,0,31,0,0
V7E002,1810036,42,seeker,full,1,40,2,1
V7E002,1810036,42,hider,full,0,40,0,0
V7E002,1810036,42,seeker,no_block,1,40,0,1
V7E002,1810036,42,hider,no_block,0,40,0,0
V7E002,1810036,42,seeker,no_ramp,1,45,2,0
V7E002,1810036,42,hider,no_ramp,0,45,0,0
V7E002,1810036,42,seeker,no_objects,1,45,0,0
V7E002,1810036,42,hider,no_objects,0,45,0,0
V7E002,1810037,42,seeker,full,1,19,2,0
V7E002,1810037,42,hider,full,0,22,0,0
V7E002,1810037,42,seeker,no_block,1,19,0,0
V7E002,1810037,42,hider,no_block,0,22,0,0
V7E002,1810037,42,seeker,no_ramp,1,19,2,0
V7E002,1810037,42,hider,no_ramp,0,22,0,0
V7E002,1810037,42,seeker,no_objects,1,19,0,0
V7E002,1810037,42,hider,no_objects,0,22,0,0
V7E002,1810038,42,seeker,full,1,21,2,0
V7E002,1810038,42,hider,full,0,22,0,0
V7E002,1810038,42,seeker,no_block,1,21,0,0
V7E002,1810038,42,hider,no_block,0,22,0,0
V7E002,1810038,42,seeker,no_ramp,1,21,2,0
V7E002,1810038,42,hider,no_ramp,0,22,0,0
V7E002,1810038,42,seeker,no_objects,1,21,0,0
V7E002,1810038,42,hider,no_objects,0,22,0,0
V7E002,1810039,42,seeker,full,1,8,0,0
V7E002,1810039,42,hider,full,0,8,0,0
V7E002,1810039,42,seeker,no_block,1,8,0,0
V7E002,1810039,42,hider,no_block,0,8,0,0
V7E002,1810039,42,seeker,no_ramp,1,8,0,0
V7E002,1810039,42,hider,no_ramp,0,8,0,0
V7E002,1810039,42,seeker,no_objects,1,8,0,0
V7E002,1810039,42,hider,no_objects,0,8,0,0
V7E002,1810040,42,seeker,full,1,5,0,0
V7E002,1810040,42,hider,full,0,4,0,0
V7E002,1810040,42,seeker,no_block,1,5,0,0
V7E002,1810040,42,hider,no_block,0,4,0,0
V7E002,1810040,42,seeker,no_ramp,1,5,0,0
V7E002,1810040,42,hider,no_ramp,0,4,0,0
V7E002,1810040,42,seeker,no_objects,1,5,0,0
V7E002,1810040,42,hider,no_objects,0,4,0,0
V7E002,1810041,42,seeker,full,1,5,0,0
V7E002,1810041,42,hider,full,0,9,1,0
V7E002,1810041,42,seeker,no_block,1,5,0,0
V7E002,1810041,42,hider,no_block,0,22,0,0
V7E002,1810041,42,seeker,no_ramp,1,5,0,0
V7E002,1810041,42,hider,no_ramp,0,9,1,0
V7E002,1810041,42,seeker,no_objects,1,5,0,0
V7E002,1810041,42,hider,no_objects,0,22,0,0
V7E002,1810042,42,seeker,full,1,33,2,1
V7E002,1810042,42,hider,full,0,33,0,0
V7E002,1810042,42,seeker,no_block,1,33,0,1
V7E002,1810042,42,hider,no_block,0,33,0,0
V7E002,1810042,42,seeker,no_ramp,1,38,2,0
V7E002,1810042,42,hider,no_ramp,0,37,0,0
V7E002,1810042,42,seeker,no_objects,1,38,0,0
V7E002,1810042,42,hider,no_objects,0,43,0,0
V7E002,1810043,42,seeker,full,1,1,0,0
V7E002,1810043,42,hider,full,0,2,0,0
V7E002,1810043,42,seeker,no_block,1,1,0,0
V7E002,1810043,42,hider,no_block,0,2,0,0
V7E002,1810043,42,seeker,no_ramp,1,1,0,0
V7E002,1810043,42,hider,no_ramp,0,2,0,0
V7E002,1810043,42,seeker,no_objects,1,1,0,0
V7E002,1810043,42,hider,no_objects,0,2,0,0
V7E002,1810044,42,seeker,full,1,38,2,1
V7E002,1810044,42,hider,full,0,40,0,0
V7E002,1810044,42,seeker,no_block,1,38,0,1
V7E002,1810044,42,hider,no_block,0,40,0,0
V7E002,1810044,42,seeker,no_ramp,1,43,2,0
V7E002,1810044,42,hider,no_ramp,0,45,0,0
V7E002,1810044,42,seeker,no_objects,1,43,0,0
V7E002,1810044,42,hider,no_objects,0,45,0,0
V7E002,1810045,42,seeker,full,1,4,0,0
V7E002,1810045,42,hider,full,0,6,0,0
V7E002,1810045,42,seeker,no_block,1,4,0,0
V7E002,1810045,42,hider,no_block,0,6,0,0
V7E002,1810045,42,seeker,no_ramp,1,4,0,0
V7E002,1810045,42,hider,no_ramp,0,6,0,0
V7E002,1810045,42,seeker,no_objects,1,4,0,0
V7E002,1810045,42,hider,no_objects,0,6,0,0
V7E002,1810046,42,seeker,full,1,3,0,0
V7E002,1810046,42,hider,full,0,2,0,0
V7E002,1810046,42,seeker,no_block,1,3,0,0
V7E002,1810046,42,hider,no_block,0,2,0,0
V7E002,1810046,42,seeker,no_ramp,1,3,0,0
V7E002,1810046,42,hider,no_ramp,0,2,0,0
V7E002,1810046,42,seeker,no_objects,1,3,0,0
V7E002,1810046,42,hider,no_objects,0,2,0,0
V7E002,1810047,42,seeker,full,1,3,0,0
V7E002,1810047,42,hider,full,1,100,0,0
V7E002,1810047,42,seeker,no_block,1,3,0,0
V7E002,1810047,42,hider,no_block,1,100,0,0
V7E002,1810047,42,seeker,no_ramp,1,3,0,0
V7E002,1810047,42,hider,no_ramp,1,100,0,0
V7E002,1810047,42,seeker,no_objects,1,3,0,0
V7E002,1810047,42,hider,no_objects,1,100,0,0
V7E002,1810048,42,seeker,full,1,14,0,0
V7E002,1810048,42,hider,full,0,12,0,0
V7E002,1810048,42,seeker,no_block,1,14,0,0
V7E002,1810048,42,hider,no_block,0,11,0,0
V7E002,1810048,42,seeker,no_ramp,1,14,0,0
V7E002,1810048,42,hider,no_ramp,0,12,0,0
V7E002,1810048,42,seeker,no_objects,1,14,0,0
V7E002,1810048,42,hider,no_objects,0,11,0,0
V7E002,1810049,42,seeker,full,1,8,0,0
V7E002,1810049,42,hider,full,0,3,0,0
V7E002,1810049,42,seeker,no_block,1,9,0,0
V7E002,1810049,42,hider,no_block,0,3,0,0
V7E002,1810049,42,seeker,no_ramp,1,8,0,0
V7E002,1810049,42,hider,no_ramp,0,3,0,0
V7E002,1810049,42,seeker,no_objects,1,9,0,0
V7E002,1810049,42,hider,no_objects,0,3,0,0
V7E002,1810050,42,seeker,full,1,15,0,1
V7E002,1810050,42,hider,full,0,22,1,0
V7E002,1810050,42,seeker,no_block,1,15,0,1
V7E002,1810050,42,hider,no_block,0,37,0,0
V7E002,1810050,42,seeker,no_ramp,1,28,0,0
V7E002,1810050,42,hider,no_ramp,0,26,1,0
V7E002,1810050,42,seeker,no_objects,1,28,0,0
V7E002,1810050,42,hider,no_objects,0,44,0,0
V7E002,1810051,42,seeker,full,1,12,0,0
V7E002,1810051,42,hider,full,0,12,0,0
V7E002,1810051,42,seeker,no_block,1,12,0,0
V7E002,1810051,42,hider,no_block,0,12,0,0
V7E002,1810051,42,seeker,no_ramp,1,12,0,0
V7E002,1810051,42,hider,no_ramp,0,12,0,0
V7E002,1810051,42,seeker,no_objects,1,12,0,0
V7E002,1810051,42,hider,no_objects,0,12,0,0
V7E002,1810052,42,seeker,full,1,23,2,0
V7E002,1810052,42,hider,full,0,27,0,0
V7E002,1810052,42,seeker,no_block,1,23,0,0
V7E002,1810052,42,hider,no_block,0,27,0,0
V7E002,1810052,42,seeker,no_ramp,1,23,2,0
V7E002,1810052,42,hider,no_ramp,0,27,0,0
V7E002,1810052,42,seeker,no_objects,1,23,0,0
V7E002,1810052,42,hider,no_objects,0,27,0,0
V7E002,1810053,42,seeker,full,1,19,0,1
V7E002,1810053,42,hider,full,1,100,0,0
V7E002,1810053,42,seeker,no_block,1,19,0,1
V7E002,1810053,42,hider,no_block,1,100,0,0
V7E002,1810053,42,seeker,no_ramp,1,24,0,0
V7E002,1810053,42,hider,no_ramp,1,100,0,0
V7E002,1810053,42,seeker,no_objects,1,24,0,0
V7E002,1810053,42,hider,no_objects,1,100,0,0
V7E002,1810054,42,seeker,full,0,100,3,0
V7E002,1810054,42,hider,full,0,44,0,1
V7E002,1810054,42,seeker,no_block,0,100,0,0
V7E002,1810054,42,hider,no_block,0,48,0,0
V7E002,1810054,42,seeker,no_ramp,0,100,3,0
V7E002,1810054,42,hider,no_ramp,0,48,0,0
V7E002,1810054,42,seeker,no_objects,0,100,0,0
V7E002,1810054,42,hider,no_objects,0,48,0,0
V7E002,1810055,42,seeker,full,1,9,0,0
V7E002,1810055,42,hider,full,1,100,0,0
V7E002,1810055,42,seeker,no_block,1,9,0,0
V7E002,1810055,42,hider,no_block,1,100,0,0
V7E002,1810055,42,seeker,no_ramp,1,9,0,0
V7E002,1810055,42,hider,no_ramp,1,100,0,0
V7E002,1810055,42,seeker,no_objects,1,9,0,0
V7E002,1810055,42,hider,no_objects,1,100,0,0
V7E002,1810056,42,seeker,full,1,1,0,0
V7E002,1810056,42,hider,full,0,4,0,0
V7E002,1810056,42,seeker,no_block,1,1,0,0
V7E002,1810056,42,hider,no_block,0,4,0,0
V7E002,1810056,42,seeker,no_ramp,1,1,0,0
V7E002,1810056,42,hider,no_ramp,0,4,0,0
V7E002,1810056,42,seeker,no_objects,1,1,0,0
V7E002,1810056,42,hider,no_objects,0,4,0,0
V7E002,1810057,42,seeker,full,1,8,0,0
V7E002,1810057,42,hider,full,0,3,0,0
V7E002,1810057,42,seeker,no_block,1,8,0,0
V7E002,1810057,42,hider,no_block,0,3,0,0
V7E002,1810057,42,seeker,no_ramp,1,8,0,0
V7E002,1810057,42,hider,no_ramp,0,3,0,0
V7E002,1810057,42,seeker,no_objects,1,8,0,0
V7E002,1810057,42,hider,no_objects,0,3,0,0
V7E002,1810058,42,seeker,full,1,23,2,0
V7E002,1810058,42,hider,full,0,22,0,0
V7E002,1810058,42,seeker,no_block,1,23,0,0
V7E002,1810058,42,hider,no_block,0,28,0,0
V7E002,1810058,42,seeker,no_ramp,1,23,2,0
V7E002,1810058,42,hider,no_ramp,0,22,0,0
V7E002,1810058,42,seeker,no_objects,1,23,0,0
V7E002,1810058,42,hider,no_objects,0,28,0,0
V7E002,1810059,42,seeker,full,1,2,0,0
V7E002,1810059,42,hider,full,0,1,0,0
V7E002,1810059,42,seeker,no_block,1,2,0,0
V7E002,1810059,42,hider,no_block,0,1,0,0
V7E002,1810059,42,seeker,no_ramp,1,2,0,0
V7E002,1810059,42,hider,no_ramp,0,1,0,0
V7E002,1810059,42,seeker,no_objects,1,2,0,0
V7E002,1810059,42,hider,no_objects,0,1,0,0
V7E002,1810060,42,seeker,full,1,9,0,0
V7E002,1810060,42,hider,full,0,9,0,0
V7E002,1810060,42,seeker,no_block,1,9,0,0
V7E002,1810060,42,hider,no_block,0,9,0,0
V7E002,1810060,42,seeker,no_ramp,1,9,0,0
V7E002,1810060,42,hider,no_ramp,0,9,0,0
V7E002,1810060,42,seeker,no_objects,1,9,0,0
V7E002,1810060,42,hider,no_objects,0,9,0,0
V7E002,1810061,42,seeker,full,1,25,2,0
V7E002,1810061,42,hider,full,0,26,0,0
V7E002,1810061,42,seeker,no_block,1,25,0,0
V7E002,1810061,42,hider,no_block,0,26,0,0
V7E002,1810061,42,seeker,no_ramp,1,25,2,0
V7E002,1810061,42,hider,no_ramp,0,26,0,0
V7E002,1810061,42,seeker,no_objects,1,25,0,0
V7E002,1810061,42,hider,no_objects,0,26,0,0
V7E002,1810062,42,seeker,full,1,15,0,0
V7E002,1810062,42,hider,full,1,100,0,0
V7E002,1810062,42,seeker,no_block,1,15,0,0
V7E002,1810062,42,hider,no_block,1,100,0,0
V7E002,1810062,42,seeker,no_ramp,1,15,0,0
V7E002,1810062,42,hider,no_ramp,1,100,0,0
V7E002,1810062,42,seeker,no_objects,1,15,0,0
V7E002,1810062,42,hider,no_objects,1,100,0,0
V7E002,1810063,42,seeker,full,1,25,2,0
V7E002,1810063,42,hider,full,0,23,0,0
V7E002,1810063,42,seeker,no_block,1,25,0,0
V7E002,1810063,42,hider,no_block,0,23,0,0
V7E002,1810063,42,seeker,no_ramp,1,25,2,0
V7E002,1810063,42,hider,no_ramp,0,23,0,0
V7E002,1810063,42,seeker,no_objects,1,25,0,0
V7E002,1810063,42,hider,no_objects,0,23,0,0
V7E002,1810064,42,seeker,full,0,100,1,0
V7E002,1810064,42,hider,full,0,23,1,0
V7E002,1810064,42,seeker,no_block,1,14,0,0
V7E002,1810064,42,hider,no_block,0,6,0,0
V7E002,1810064,42,seeker,no_ramp,0,100,1,0
V7E002,1810064,42,hider,no_ramp,0,23,1,0
V7E002,1810064,42,seeker,no_objects,1,14,0,0
V7E002,1810064,42,hider,no_objects,0,6,0,0
V7E002,1810065,42,seeker,full,1,5,0,0
V7E002,1810065,42,hider,full,1,100,0,0
V7E002,1810065,42,seeker,no_block,1,5,0,0
V7E002,1810065,42,hider,no_block,1,100,0,0
V7E002,1810065,42,seeker,no_ramp,1,5,0,0
V7E002,1810065,42,hider,no_ramp,1,100,0,0
V7E002,1810065,42,seeker,no_objects,1,5,0,0
V7E002,1810065,42,hider,no_objects,1,100,0,0
V7E002,1810066,42,seeker,full,1,7,0,0
V7E002,1810066,42,hider,full,0,4,0,0
V7E002,1810066,42,seeker,no_block,1,7,0,0
V7E002,1810066,42,hider,no_block,0,4,0,0
V7E002,1810066,42,seeker,no_ramp,1,7,0,0
V7E002,1810066,42,hider,no_ramp,0,4,0,0
V7E002,1810066,42,seeker,no_objects,1,7,0,0
V7E002,1810066,42,hider,no_objects,0,4,0,0
V7E002,1810067,42,seeker,full,1,40,2,1
V7E002,1810067,42,hider,full,0,43,0,0
V7E002,1810067,42,seeker,no_block,1,42,0,1
V7E002,1810067,42,hider,no_block,0,43,0,0
V7E002,1810067,42,seeker,no_ramp,1,45,2,0
V7E002,1810067,42,hider,no_ramp,0,48,0,0
V7E002,1810067,42,seeker,no_objects,1,47,0,0
V7E002,1810067,42,hider,no_objects,0,48,0,0
V7E002,1810068,42,seeker,full,1,2,0,0
V7E002,1810068,42,hider,full,0,5,0,0
V7E002,1810068,42,seeker,no_block,1,2,0,0
V7E002,1810068,42,hider,no_block,0,5,0,0
V7E002,1810068,42,seeker,no_ramp,1,2,0,0
V7E002,1810068,42,hider,no_ramp,0,5,0,0
V7E002,1810068,42,seeker,no_objects,1,2,0,0
V7E002,1810068,42,hider,no_objects,0,5,0,0
V7E002,1810069,42,seeker,full,1,5,0,0
V7E002,1810069,42,hider,full,0,2,0,0
V7E002,1810069,42,seeker,no_block,1,5,0,0
V7E002,1810069,42,hider,no_block,0,2,0,0
V7E002,1810069,42,seeker,no_ramp,1,5,0,0
V7E002,1810069,42,hider,no_ramp,0,2,0,0
V7E002,1810069,42,seeker,no_objects,1,5,0,0
V7E002,1810069,42,hider,no_objects,0,2,0,0
V7E002,1810070,42,seeker,full,1,1,0,0
V7E002,1810070,42,hider,full,0,1,0,0
V7E002,1810070,42,seeker,no_block,1,1,0,0
V7E002,1810070,42,hider,no_block,0,1,0,0
V7E002,1810070,42,seeker,no_ramp,1,1,0,0
V7E002,1810070,42,hider,no_ramp,0,1,0,0
V7E002,1810070,42,seeker,no_objects,1,1,0,0
V7E002,1810070,42,hider,no_objects,0,1,0,0
V7E002,1810071,42,seeker,full,1,23,2,0
V7E002,1810071,42,hider,full,0,26,0,0
V7E002,1810071,42,seeker,no_block,1,23,0,0
V7E002,1810071,42,hider,no_block,0,26,0,0
V7E002,1810071,42,seeker,no_ramp,1,23,2,0
V7E002,1810071,42,hider,no_ramp,0,26,0,0
V7E002,1810071,42,seeker,no_objects,1,23,0,0
V7E002,1810071,42,hider,no_objects,0,26,0,0
V7E002,1810072,42,seeker,full,1,1,0,0
V7E002,1810072,42,hider,full,0,1,0,0
V7E002,1810072,42,seeker,no_block,1,1,0,0
V7E002,1810072,42,hider,no_block,0,1,0,0
V7E002,1810072,42,seeker,no_ramp,1,1,0,0
V7E002,1810072,42,hider,no_ramp,0,1,0,0
V7E002,1810072,42,seeker,no_objects,1,1,0,0
V7E002,1810072,42,hider,no_objects,0,1,0,0
V7E002,1810073,42,seeker,full,1,8,0,0
V7E002,1810073,42,hider,full,0,8,0,0
V7E002,1810073,42,seeker,no_block,1,8,0,0
V7E002,1810073,42,hider,no_block,0,8,0,0
V7E002,1810073,42,seeker,no_ramp,1,8,0,0
V7E002,1810073,42,hider,no_ramp,0,8,0,0
V7E002,1810073,42,seeker,no_objects,1,8,0,0
V7E002,1810073,42,hider,no_objects,0,8,0,0
V7E002,1810074,42,seeker,full,1,39,2,1
V7E002,1810074,42,hider,full,0,43,0,0
V7E002,1810074,42,seeker,no_block,1,41,0,1
V7E002,1810074,42,hider,no_block,0,43,0,0
V7E002,1810074,42,seeker,no_ramp,1,44,2,0
V7E002,1810074,42,hider,no_ramp,0,48,0,0
V7E002,1810074,42,seeker,no_objects,1,46,0,0
V7E002,1810074,42,hider,no_objects,0,48,0,0
V7E002,1810075,42,seeker,full,1,13,0,0
V7E002,1810075,42,hider,full,0,11,0,0
V7E002,1810075,42,seeker,no_block,1,13,0,0
V7E002,1810075,42,hider,no_block,0,10,0,0
V7E002,1810075,42,seeker,no_ramp,1,13,0,0
V7E002,1810075,42,hider,no_ramp,0,11,0,0
V7E002,1810075,42,seeker,no_objects,1,13,0,0
V7E002,1810075,42,hider,no_objects,0,10,0,0
V7E002,1810076,42,seeker,full,1,1,0,0
V7E002,1810076,42,hider,full,0,1,0,0
V7E002,1810076,42,seeker,no_block,1,1,0,0
V7E002,1810076,42,hider,no_block,0,1,0,0
V7E002,1810076,42,seeker,no_ramp,1,1,0,0
V7E002,1810076,42,hider,no_ramp,0,1,0,0
V7E002,1810076,42,seeker,no_objects,1,1,0,0
V7E002,1810076,42,hider,no_objects,0,1,0,0
V7E002,1810077,42,seeker,full,1,35,2,1
V7E002,1810077,42,hider,full,0,39,0,0
V7E002,1810077,42,seeker,no_block,1,35,0,1
V7E002,1810077,42,hider,no_block,0,39,0,0
V7E002,1810077,42,seeker,no_ramp,1,40,2,0
V7E002,1810077,42,hider,no_ramp,0,44,0,0
V7E002,1810077,42,seeker,no_objects,1,40,0,0
V7E002,1810077,42,hider,no_objects,0,44,0,0
V7E002,1810078,42,seeker,full,1,31,2,0
V7E002,1810078,42,hider,full,0,30,0,0
V7E002,1810078,42,seeker,no_block,1,31,0,0
V7E002,1810078,42,hider,no_block,0,30,0,0
V7E002,1810078,42,seeker,no_ramp,1,31,2,0
V7E002,1810078,42,hider,no_ramp,0,30,0,0
V7E002,1810078,42,seeker,no_objects,1,31,0,0
V7E002,1810078,42,hider,no_objects,0,30,0,0
V7E002,1810079,42,seeker,full,1,9,0,0
V7E002,1810079,42,hider,full,0,8,1,0
V7E002,1810079,42,seeker,no_block,1,9,0,0
V7E002,1810079,42,hider,no_block,0,4,0,0
V7E002,1810079,42,seeker,no_ramp,1,9,0,0
V7E002,1810079,42,hider,no_ramp,0,8,1,0
V7E002,1810079,42,seeker,no_objects,1,9,0,0
V7E002,1810079,42,hider,no_objects,0,4,0,0
V7E002,1810080,42,seeker,full,1,7,0,0
V7E002,1810080,42,hider,full,0,7,0,0
V7E002,1810080,42,seeker,no_block,1,7,0,0
V7E002,1810080,42,hider,no_block,0,7,0,0
V7E002,1810080,42,seeker,no_ramp,1,7,0,0
V7E002,1810080,42,hider,no_ramp,0,7,0,0
V7E002,1810080,42,seeker,no_objects,1,7,0,0
V7E002,1810080,42,hider,no_objects,0,7,0,0
V7E002,1810081,42,seeker,full,1,22,2,0
V7E002,1810081,42,hider,full,0,24,0,0
V7E002,1810081,42,seeker,no_block,1,22,0,0
V7E002,1810081,42,hider,no_block,0,24,0,0
V7E002,1810081,42,seeker,no_ramp,1,22,2,0
V7E002,1810081,42,hider,no_ramp,0,24,0,0
V7E002,1810081,42,seeker,no_objects,1,22,0,0
V7E002,1810081,42,hider,no_objects,0,24,0,0
V7E002,1810082,42,seeker,full,1,1,0,0
V7E002,1810082,42,hider,full,0,1,0,0
V7E002,1810082,42,seeker,no_block,1,1,0,0
V7E002,1810082,42,hider,no_block,0,1,0,0
V7E002,1810082,42,seeker,no_ramp,1,1,0,0
V7E002,1810082,42,hider,no_ramp,0,1,0,0
V7E002,1810082,42,seeker,no_objects,1,1,0,0
V7E002,1810082,42,hider,no_objects,0,1,0,0
V7E002,1810083,42,seeker,full,1,24,2,0
V7E002,1810083,42,hider,full,0,23,0,0
V7E002,1810083,42,seeker,no_block,1,24,0,0
V7E002,1810083,42,hider,no_block,0,24,0,0
V7E002,1810083,42,seeker,no_ramp,1,24,2,0
V7E002,1810083,42,hider,no_ramp,0,23,0,0
V7E002,1810083,42,seeker,no_objects,1,24,0,0
V7E002,1810083,42,hider,no_objects,0,24,0,0
V7E002,1810084,42,seeker,full,0,100,1,0
V7E002,1810084,42,hider,full,0,26,1,0
V7E002,1810084,42,seeker,no_block,1,17,0,0
V7E002,1810084,42,hider,no_block,0,6,0,0
V7E002,1810084,42,seeker,no_ramp,0,100,1,0
V7E002,1810084,42,hider,no_ramp,0,26,1,0
V7E002,1810084,42,seeker,no_objects,1,17,0,0
V7E002,1810084,42,hider,no_objects,0,6,0,0
V7E002,1810085,42,seeker,full,1,5,0,0
V7E002,1810085,42,hider,full,0,2,0,0
V7E002,1810085,42,seeker,no_block,1,5,0,0
V7E002,1810085,42,hider,no_block,0,2,0,0
V7E002,1810085,42,seeker,no_ramp,1,5,0,0
V7E002,1810085,42,hider,no_ramp,0,2,0,0
V7E002,1810085,42,seeker,no_objects,1,5,0,0
V7E002,1810085,42,hider,no_objects,0,2,0,0
V7E002,1810086,42,seeker,full,1,20,2,0
V7E002,1810086,42,hider,full,0,22,0,0
V7E002,1810086,42,seeker,no_block,1,20,0,0
V7E002,1810086,42,hider,no_block,0,22,0,0
V7E002,1810086,42,seeker,no_ramp,1,20,2,0
V7E002,1810086,42,hider,no_ramp,0,22,0,0
V7E002,1810086,42,seeker,no_objects,1,20,0,0
V7E002,1810086,42,hider,no_objects,0,22,0,0
V7E002,1810087,42,seeker,full,1,34,2,1
V7E002,1810087,42,hider,full,0,38,0,0
V7E002,1810087,42,seeker,no_block,1,34,0,1
V7E002,1810087,42,hider,no_block,0,38,0,0
V7E002,1810087,42,seeker,no_ramp,1,39,2,0
V7E002,1810087,42,hider,no_ramp,0,43,0,0
V7E002,1810087,42,seeker,no_objects,1,39,0,0
V7E002,1810087,42,hider,no_objects,0,43,0,0
V7E002,1810088,42,seeker,full,1,1,0,0
V7E002,1810088,42,hider,full,0,1,0,0
V7E002,1810088,42,seeker,no_block,1,1,0,0
V7E002,1810088,42,hider,no_block,0,1,0,0
V7E002,1810088,42,seeker,no_ramp,1,1,0,0
V7E002,1810088,42,hider,no_ramp,0,1,0,0
V7E002,1810088,42,seeker,no_objects,1,1,0,0
V7E002,1810088,42,hider,no_objects,0,1,0,0
V7E002,1810089,42,seeker,full,0,100,3,0
V7E002,1810089,42,hider,full,0,42,0,1
V7E002,1810089,42,seeker,no_block,0,100,0,0
V7E002,1810089,42,hider,no_block,0,48,0,0
V7E002,1810089,42,seeker,no_ramp,0,100,3,0
V7E002,1810089,42,hider,no_ramp,0,48,0,0
V7E002,1810089,42,seeker,no_objects,0,100,0,0
V7E002,1810089,42,hider,no_objects,0,48,0,0
V7E002,1810090,42,seeker,full,1,34,2,1
V7E002,1810090,42,hider,full,0,34,0,0
V7E002,1810090,42,seeker,no_block,1,34,0,1
V7E002,1810090,42,hider,no_block,0,39,0,0
V7E002,1810090,42,seeker,no_ramp,1,39,2,0
V7E002,1810090,42,hider,no_ramp,0,38,0,0
V7E002,1810090,42,seeker,no_objects,1,39,0,0
V7E002,1810090,42,hider,no_objects,0,44,0,0
V7E002,1810091,42,seeker,full,1,3,0,0
V7E002,1810091,42,hider,full,0,7,0,0
V7E002,1810091,42,seeker,no_block,1,3,0,0
V7E002,1810091,42,hider,no_block,0,7,0,0
V7E002,1810091,42,seeker,no_ramp,1,3,0,0
V7E002,1810091,42,hider,no_ramp,0,7,0,0
V7E002,1810091,42,seeker,no_objects,1,3,0,0
V7E002,1810091,42,hider,no_objects,0,7,0,0
V7E002,1810092,42,seeker,full,1,35,2,0
V7E002,1810092,42,hider,full,0,32,0,0
V7E002,1810092,42,seeker,no_block,1,35,0,0
V7E002,1810092,42,hider,no_block,0,32,0,0
V7E002,1810092,42,seeker,no_ramp,1,35,2,0
V7E002,1810092,42,hider,no_ramp,0,32,0,0
V7E002,1810092,42,seeker,no_objects,1,35,0,0
V7E002,1810092,42,hider,no_objects,0,32,0,0
V7E002,1810093,42,seeker,full,1,31,2,0
V7E002,1810093,42,hider,full,0,31,0,0
V7E002,1810093,42,seeker,no_block,1,31,0,0
V7E002,1810093,42,hider,no_block,0,31,0,0
V7E002,1810093,42,seeker,no_ramp,1,31,2,0
V7E002,1810093,42,hider,no_ramp,0,31,0,0
V7E002,1810093,42,seeker,no_objects,1,31,0,0
V7E002,1810093,42,hider,no_objects,0,31,0,0
V7E002,1810094,42,seeker,full,1,1,0,0
V7E002,1810094,42,hider,full,0,1,0,0
V7E002,1810094,42,seeker,no_block,1,1,0,0
V7E002,1810094,42,hider,no_block,0,1,0,0
V7E002,1810094,42,seeker,no_ramp,1,1,0,0
V7E002,1810094,42,hider,no_ramp,0,1,0,0
V7E002,1810094,42,seeker,no_objects,1,1,0,0
V7E002,1810094,42,hider,no_objects,0,1,0,0
V7E002,1810095,42,seeker,full,1,8,0,0
V7E002,1810095,42,hider,full,0,7,0,0
V7E002,1810095,42,seeker,no_block,1,8,0,0
V7E002,1810095,42,hider,no_block,0,7,0,0
V7E002,1810095,42,seeker,no_ramp,1,8,0,0
V7E002,1810095,42,hider,no_ramp,0,7,0,0
V7E002,1810095,42,seeker,no_objects,1,8,0,0
V7E002,1810095,42,hider,no_objects,0,7,0,0
V7E002,1810096,42,seeker,full,1,2,0,0
V7E002,1810096,42,hider,full,0,5,0,0
V7E002,1810096,42,seeker,no_block,1,2,0,0
V7E002,1810096,42,hider,no_block,0,5,0,0
V7E002,1810096,42,seeker,no_ramp,1,2,0,0
V7E002,1810096,42,hider,no_ramp,0,5,0,0
V7E002,1810096,42,seeker,no_objects,1,2,0,0
V7E002,1810096,42,hider,no_objects,0,5,0,0
V7E002,1810097,42,seeker,full,1,4,0,0
V7E002,1810097,42,hider,full,0,7,0,0
V7E002,1810097,42,seeker,no_block,1,4,0,0
V7E002,1810097,42,hider,no_block,0,7,0,0
V7E002,1810097,42,seeker,no_ramp,1,4,0,0
V7E002,1810097,42,hider,no_ramp,0,7,0,0
V7E002,1810097,42,seeker,no_objects,1,4,0,0
V7E002,1810097,42,hider,no_objects,0,7,0,0
V7E002,1810098,42,seeker,full,0,100,3,0
V7E002,1810098,42,hider,full,0,47,0,0
V7E002,1810098,42,seeker,no_block,0,100,0,0
V7E002,1810098,42,hider,no_block,0,47,0,0
V7E002,1810098,42,seeker,no_ramp,0,100,3,0
V7E002,1810098,42,hider,no_ramp,0,47,0,0
V7E002,1810098,42,seeker,no_objects,0,100,0,0
V7E002,1810098,42,hider,no_objects,0,47,0,0
V7E002,1810099,42,seeker,full,1,31,2,0
V7E002,1810099,42,hider,full,0,30,0,0
V7E002,1810099,42,seeker,no_block,1,31,0,0
V7E002,1810099,42,hider,no_block,0,30,0,0
V7E002,1810099,42,seeker,no_ramp,1,31,2,0
V7E002,1810099,42,hider,no_ramp,0,30,0,0
V7E002,1810099,42,seeker,no_objects,1,31,0,0
V7E002,1810099,42,hider,no_objects,0,30,0,0
V7E003,1820000,42,seeker,full,1,2,0,0
V7E003,1820000,42,hider,full,0,2,0,0
V7E003,1820000,42,seeker,no_block,1,2,0,0
V7E003,1820000,42,hider,no_block,0,2,0,0
V7E003,1820000,42,seeker,no_ramp,1,2,0,0
V7E003,1820000,42,hider,no_ramp,0,2,0,0
V7E003,1820000,42,seeker,no_objects,1,2,0,0
V7E003,1820000,42,hider,no_objects,0,2,0,0
V7E003,1820001,42,seeker,full,1,27,2,0
V7E003,1820001,42,hider,full,0,26,0,0
V7E003,1820001,42,seeker,no_block,1,27,0,0
V7E003,1820001,42,hider,no_block,0,26,0,0
V7E003,1820001,42,seeker,no_ramp,1,27,2,0
V7E003,1820001,42,hider,no_ramp,0,26,0,0
V7E003,1820001,42,seeker,no_objects,1,27,0,0
V7E003,1820001,42,hider,no_objects,0,26,0,0
V7E003,1820002,42,seeker,full,1,26,2,0
V7E003,1820002,42,hider,full,0,23,0,0
V7E003,1820002,42,seeker,no_block,1,26,0,0
V7E003,1820002,42,hider,no_block,0,23,0,0
V7E003,1820002,42,seeker,no_ramp,1,26,2,0
V7E003,1820002,42,hider,no_ramp,0,23,0,0
V7E003,1820002,42,seeker,no_objects,1,26,0,0
V7E003,1820002,42,hider,no_objects,0,23,0,0
V7E003,1820003,42,seeker,full,1,26,4,0
V7E003,1820003,42,hider,full,0,36,0,0
V7E003,1820003,42,seeker,no_block,1,26,0,0
V7E003,1820003,42,hider,no_block,0,36,0,0
V7E003,1820003,42,seeker,no_ramp,1,26,4,0
V7E003,1820003,42,hider,no_ramp,0,36,0,0
V7E003,1820003,42,seeker,no_objects,1,26,0,0
V7E003,1820003,42,hider,no_objects,0,36,0,0
V7E003,1820004,42,seeker,full,1,11,2,0
V7E003,1820004,42,hider,full,0,9,0,0
V7E003,1820004,42,seeker,no_block,1,11,0,0
V7E003,1820004,42,hider,no_block,0,9,0,0
V7E003,1820004,42,seeker,no_ramp,1,11,2,0
V7E003,1820004,42,hider,no_ramp,0,9,0,0
V7E003,1820004,42,seeker,no_objects,1,11,0,0
V7E003,1820004,42,hider,no_objects,0,9,0,0
V7E003,1820005,42,seeker,full,1,1,0,0
V7E003,1820005,42,hider,full,0,1,0,0
V7E003,1820005,42,seeker,no_block,1,1,0,0
V7E003,1820005,42,hider,no_block,0,1,0,0
V7E003,1820005,42,seeker,no_ramp,1,1,0,0
V7E003,1820005,42,hider,no_ramp,0,1,0,0
V7E003,1820005,42,seeker,no_objects,1,1,0,0
V7E003,1820005,42,hider,no_objects,0,1,0,0
V7E003,1820006,42,seeker,full,1,3,0,0
V7E003,1820006,42,hider,full,0,3,0,0
V7E003,1820006,42,seeker,no_block,1,3,0,0
V7E003,1820006,42,hider,no_block,0,3,0,0
V7E003,1820006,42,seeker,no_ramp,1,3,0,0
V7E003,1820006,42,hider,no_ramp,0,3,0,0
V7E003,1820006,42,seeker,no_objects,1,3,0,0
V7E003,1820006,42,hider,no_objects,0,3,0,0
V7E003,1820007,42,seeker,full,1,22,2,0
V7E003,1820007,42,hider,full,0,19,0,0
V7E003,1820007,42,seeker,no_block,1,22,0,0
V7E003,1820007,42,hider,no_block,0,21,0,0
V7E003,1820007,42,seeker,no_ramp,1,22,2,0
V7E003,1820007,42,hider,no_ramp,0,19,0,0
V7E003,1820007,42,seeker,no_objects,1,22,0,0
V7E003,1820007,42,hider,no_objects,0,21,0,0
V7E003,1820008,42,seeker,full,1,7,0,0
V7E003,1820008,42,hider,full,0,6,0,0
V7E003,1820008,42,seeker,no_block,1,7,0,0
V7E003,1820008,42,hider,no_block,0,6,0,0
V7E003,1820008,42,seeker,no_ramp,1,7,0,0
V7E003,1820008,42,hider,no_ramp,0,6,0,0
V7E003,1820008,42,seeker,no_objects,1,7,0,0
V7E003,1820008,42,hider,no_objects,0,6,0,0
V7E003,1820009,42,seeker,full,0,100,4,0
V7E003,1820009,42,hider,full,0,43,0,0
V7E003,1820009,42,seeker,no_block,1,34,0,0
V7E003,1820009,42,hider,no_block,0,23,0,0
V7E003,1820009,42,seeker,no_ramp,1,42,5,0
V7E003,1820009,42,hider,no_ramp,0,43,0,0
V7E003,1820009,42,seeker,no_objects,1,42,0,0
V7E003,1820009,42,hider,no_objects,0,43,0,0
V7E003,1820010,42,seeker,full,1,11,2,0
V7E003,1820010,42,hider,full,0,9,0,0
V7E003,1820010,42,seeker,no_block,1,11,0,0
V7E003,1820010,42,hider,no_block,0,9,0,0
V7E003,1820010,42,seeker,no_ramp,1,11,2,0
V7E003,1820010,42,hider,no_ramp,0,9,0,0
V7E003,1820010,42,seeker,no_objects,1,11,0,0
V7E003,1820010,42,hider,no_objects,0,9,0,0
V7E003,1820011,42,seeker,full,1,9,2,0
V7E003,1820011,42,hider,full,0,7,0,0
V7E003,1820011,42,seeker,no_block,1,9,0,0
V7E003,1820011,42,hider,no_block,0,8,0,0
V7E003,1820011,42,seeker,no_ramp,1,9,2,0
V7E003,1820011,42,hider,no_ramp,0,7,0,0
V7E003,1820011,42,seeker,no_objects,1,9,0,0
V7E003,1820011,42,hider,no_objects,0,8,0,0
V7E003,1820012,42,seeker,full,1,19,2,1
V7E003,1820012,42,hider,full,0,17,0,0
V7E003,1820012,42,seeker,no_block,1,19,0,1
V7E003,1820012,42,hider,no_block,0,17,0,0
V7E003,1820012,42,seeker,no_ramp,1,24,2,0
V7E003,1820012,42,hider,no_ramp,0,22,0,0
V7E003,1820012,42,seeker,no_objects,1,24,0,0
V7E003,1820012,42,hider,no_objects,0,22,0,0
V7E003,1820013,42,seeker,full,1,23,2,0
V7E003,1820013,42,hider,full,0,20,0,0
V7E003,1820013,42,seeker,no_block,1,23,0,0
V7E003,1820013,42,hider,no_block,0,20,0,0
V7E003,1820013,42,seeker,no_ramp,1,23,2,0
V7E003,1820013,42,hider,no_ramp,0,20,0,0
V7E003,1820013,42,seeker,no_objects,1,23,0,0
V7E003,1820013,42,hider,no_objects,0,20,0,0
V7E003,1820014,42,seeker,full,1,1,0,0
V7E003,1820014,42,hider,full,0,1,0,0
V7E003,1820014,42,seeker,no_block,1,1,0,0
V7E003,1820014,42,hider,no_block,0,1,0,0
V7E003,1820014,42,seeker,no_ramp,1,1,0,0
V7E003,1820014,42,hider,no_ramp,0,1,0,0
V7E003,1820014,42,seeker,no_objects,1,1,0,0
V7E003,1820014,42,hider,no_objects,0,1,0,0
V7E003,1820015,42,seeker,full,1,13,0,1
V7E003,1820015,42,hider,full,0,16,0,0
V7E003,1820015,42,seeker,no_block,1,13,0,1
V7E003,1820015,42,hider,no_block,0,16,0,0
V7E003,1820015,42,seeker,no_ramp,1,14,0,0
V7E003,1820015,42,hider,no_ramp,0,21,0,0
V7E003,1820015,42,seeker,no_objects,1,14,0,0
V7E003,1820015,42,hider,no_objects,0,21,0,0
V7E003,1820016,42,seeker,full,1,7,0,0
V7E003,1820016,42,hider,full,0,1,0,0
V7E003,1820016,42,seeker,no_block,1,7,0,0
V7E003,1820016,42,hider,no_block,0,1,0,0
V7E003,1820016,42,seeker,no_ramp,1,7,0,0
V7E003,1820016,42,hider,no_ramp,0,1,0,0
V7E003,1820016,42,seeker,no_objects,1,7,0,0
V7E003,1820016,42,hider,no_objects,0,1,0,0
V7E003,1820017,42,seeker,full,0,100,6,1
V7E003,1820017,42,hider,full,0,51,0,0
V7E003,1820017,42,seeker,no_block,1,48,0,1
V7E003,1820017,42,hider,no_block,0,2,0,0
V7E003,1820017,42,seeker,no_ramp,1,17,0,0
V7E003,1820017,42,hider,no_ramp,0,3,0,0
V7E003,1820017,42,seeker,no_objects,1,17,0,0
V7E003,1820017,42,hider,no_objects,0,3,0,0
V7E003,1820018,42,seeker,full,0,100,4,0
V7E003,1820018,42,hider,full,0,45,0,0
V7E003,1820018,42,seeker,no_block,1,38,0,0
V7E003,1820018,42,hider,no_block,0,48,0,0
V7E003,1820018,42,seeker,no_ramp,1,46,4,0
V7E003,1820018,42,hider,no_ramp,0,45,0,0
V7E003,1820018,42,seeker,no_objects,1,46,0,0
V7E003,1820018,42,hider,no_objects,0,48,0,0
V7E003,1820019,42,seeker,full,0,100,6,0
V7E003,1820019,42,hider,full,0,53,0,0
V7E003,1820019,42,seeker,no_block,1,35,0,0
V7E003,1820019,42,hider,no_block,0,49,0,0
V7E003,1820019,42,seeker,no_ramp,1,39,6,0
V7E003,1820019,42,hider,no_ramp,0,53,0,0
V7E003,1820019,42,seeker,no_objects,1,35,0,0
V7E003,1820019,42,hider,no_objects,0,49,0,0
V7E003,1820020,42,seeker,full,1,6,0,0
V7E003,1820020,42,hider,full,0,3,0,0
V7E003,1820020,42,seeker,no_block,1,6,0,0
V7E003,1820020,42,hider,no_block,0,3,0,0
V7E003,1820020,42,seeker,no_ramp,1,6,0,0
V7E003,1820020,42,hider,no_ramp,0,3,0,0
V7E003,1820020,42,seeker,no_objects,1,6,0,0
V7E003,1820020,42,hider,no_objects,0,3,0,0
V7E003,1820021,42,seeker,full,0,100,6,0
V7E003,1820021,42,hider,full,0,49,0,0
V7E003,1820021,42,seeker,no_block,0,100,0,0
V7E003,1820021,42,hider,no_block,0,45,0,0
V7E003,1820021,42,seeker,no_ramp,0,100,6,0
V7E003,1820021,42,hider,no_ramp,0,49,0,0
V7E003,1820021,42,seeker,no_objects,1,39,0,0
V7E003,1820021,42,hider,no_objects,0,45,0,0
V7E003,1820022,42,seeker,full,1,9,0,1
V7E003,1820022,42,hider,full,0,11,0,0
V7E003,1820022,42,seeker,no_block,1,9,0,1
V7E003,1820022,42,hider,no_block,0,11,0,0
V7E003,1820022,42,seeker,no_ramp,1,10,0,0
V7E003,1820022,42,hider,no_ramp,0,16,0,0
V7E003,1820022,42,seeker,no_objects,1,10,0,0
V7E003,1820022,42,hider,no_objects,0,16,0,0
V7E003,1820023,42,seeker,full,0,100,4,0
V7E003,1820023,42,hider,full,0,37,0,0
V7E003,1820023,42,seeker,no_block,1,37,0,0
V7E003,1820023,42,hider,no_block,0,37,0,0
V7E003,1820023,42,seeker,no_ramp,1,45,4,0
V7E003,1820023,42,hider,no_ramp,0,37,0,0
V7E003,1820023,42,seeker,no_objects,1,45,0,0
V7E003,1820023,42,hider,no_objects,0,37,0,0
V7E003,1820024,42,seeker,full,1,2,0,0
V7E003,1820024,42,hider,full,0,8,0,0
V7E003,1820024,42,seeker,no_block,1,2,0,0
V7E003,1820024,42,hider,no_block,0,8,0,0
V7E003,1820024,42,seeker,no_ramp,1,2,0,0
V7E003,1820024,42,hider,no_ramp,0,8,0,0
V7E003,1820024,42,seeker,no_objects,1,2,0,0
V7E003,1820024,42,hider,no_objects,0,8,0,0
V7E003,1820025,42,seeker,full,1,1,0,0
V7E003,1820025,42,hider,full,0,1,0,0
V7E003,1820025,42,seeker,no_block,1,1,0,0
V7E003,1820025,42,hider,no_block,0,1,0,0
V7E003,1820025,42,seeker,no_ramp,1,1,0,0
V7E003,1820025,42,hider,no_ramp,0,1,0,0
V7E003,1820025,42,seeker,no_objects,1,1,0,0
V7E003,1820025,42,hider,no_objects,0,1,0,0
V7E003,1820026,42,seeker,full,1,37,6,0
V7E003,1820026,42,hider,full,0,55,0,0
V7E003,1820026,42,seeker,no_block,1,33,0,0
V7E003,1820026,42,hider,no_block,0,51,0,0
V7E003,1820026,42,seeker,no_ramp,1,37,6,0
V7E003,1820026,42,hider,no_ramp,0,55,0,0
V7E003,1820026,42,seeker,no_objects,1,33,0,0
V7E003,1820026,42,hider,no_objects,0,51,0,0
V7E003,1820027,42,seeker,full,0,100,6,0
V7E003,1820027,42,hider,full,0,51,0,0
V7E003,1820027,42,seeker,no_block,0,100,0,0
V7E003,1820027,42,hider,no_block,0,47,0,0
V7E003,1820027,42,seeker,no_ramp,1,69,6,0
V7E003,1820027,42,hider,no_ramp,0,51,0,0
V7E003,1820027,42,seeker,no_objects,1,65,0,0
V7E003,1820027,42,hider,no_objects,0,47,0,0
V7E003,1820028,42,seeker,full,1,27,2,0
V7E003,1820028,42,hider,full,0,26,0,0
V7E003,1820028,42,seeker,no_block,1,27,0,0
V7E003,1820028,42,hider,no_block,0,26,0,0
V7E003,1820028,42,seeker,no_ramp,1,27,2,0
V7E003,1820028,42,hider,no_ramp,0,26,0,0
V7E003,1820028,42,seeker,no_objects,1,27,0,0
V7E003,1820028,42,hider,no_objects,0,26,0,0
V7E003,1820029,42,seeker,full,0,100,4,0
V7E003,1820029,42,hider,full,0,42,0,0
V7E003,1820029,42,seeker,no_block,1,32,0,0
V7E003,1820029,42,hider,no_block,0,42,0,0
V7E003,1820029,42,seeker,no_ramp,1,40,4,0
V7E003,1820029,42,hider,no_ramp,0,42,0,0
V7E003,1820029,42,seeker,no_objects,1,40,0,0
V7E003,1820029,42,hider,no_objects,0,43,0,0
V7E003,1820030,42,seeker,full,1,13,2,0
V7E003,1820030,42,hider,full,0,12,0,0
V7E003,1820030,42,seeker,no_block,1,13,0,0
V7E003,1820030,42,hider,no_block,0,12,0,0
V7E003,1820030,42,seeker,no_ramp,1,13,2,0
V7E003,1820030,42,hider,no_ramp,0,12,0,0
V7E003,1820030,42,seeker,no_objects,1,13,0,0
V7E003,1820030,42,hider,no_objects,0,12,0,0
V7E003,1820031,42,seeker,full,1,3,0,0
V7E003,1820031,42,hider,full,0,6,0,0
V7E003,1820031,42,seeker,no_block,1,3,0,0
V7E003,1820031,42,hider,no_block,0,6,0,0
V7E003,1820031,42,seeker,no_ramp,1,3,0,0
V7E003,1820031,42,hider,no_ramp,0,6,0,0
V7E003,1820031,42,seeker,no_objects,1,3,0,0
V7E003,1820031,42,hider,no_objects,0,6,0,0
V7E003,1820032,42,seeker,full,1,1,0,0
V7E003,1820032,42,hider,full,0,1,0,0
V7E003,1820032,42,seeker,no_block,1,1,0,0
V7E003,1820032,42,hider,no_block,0,1,0,0
V7E003,1820032,42,seeker,no_ramp,1,1,0,0
V7E003,1820032,42,hider,no_ramp,0,1,0,0
V7E003,1820032,42,seeker,no_objects,1,1,0,0
V7E003,1820032,42,hider,no_objects,0,1,0,0
V7E003,1820033,42,seeker,full,0,100,6,0
V7E003,1820033,42,hider,full,0,49,0,0
V7E003,1820033,42,seeker,no_block,0,100,0,0
V7E003,1820033,42,hider,no_block,0,45,0,0
V7E003,1820033,42,seeker,no_ramp,0,100,6,0
V7E003,1820033,42,hider,no_ramp,0,49,0,0
V7E003,1820033,42,seeker,no_objects,1,39,0,0
V7E003,1820033,42,hider,no_objects,0,45,0,0
V7E003,1820034,42,seeker,full,1,9,2,0
V7E003,1820034,42,hider,full,0,7,0,0
V7E003,1820034,42,seeker,no_block,1,9,0,0
V7E003,1820034,42,hider,no_block,0,7,0,0
V7E003,1820034,42,seeker,no_ramp,1,9,2,0
V7E003,1820034,42,hider,no_ramp,0,7,0,0
V7E003,1820034,42,seeker,no_objects,1,9,0,0
V7E003,1820034,42,hider,no_objects,0,7,0,0
V7E003,1820035,42,seeker,full,0,100,4,0
V7E003,1820035,42,hider,full,0,39,0,0
V7E003,1820035,42,seeker,no_block,1,32,0,0
V7E003,1820035,42,hider,no_block,0,42,0,0
V7E003,1820035,42,seeker,no_ramp,1,40,4,0
V7E003,1820035,42,hider,no_ramp,0,39,0,0
V7E003,1820035,42,seeker,no_objects,1,40,0,0
V7E003,1820035,42,hider,no_objects,0,42,0,0
V7E003,1820036,42,seeker,full,1,9,2,0
V7E003,1820036,42,hider,full,0,5,1,0
V7E003,1820036,42,seeker,no_block,1,9,0,0
V7E003,1820036,42,hider,no_block,0,5,0,0
V7E003,1820036,42,seeker,no_ramp,1,9,2,0
V7E003,1820036,42,hider,no_ramp,0,5,1,0
V7E003,1820036,42,seeker,no_objects,1,9,0,0
V7E003,1820036,42,hider,no_objects,0,5,0,0
V7E003,1820037,42,seeker,full,1,18,2,1
V7E003,1820037,42,hider,full,0,16,0,0
V7E003,1820037,42,seeker,no_block,1,18,0,1
V7E003,1820037,42,hider,no_block,0,17,0,0
V7E003,1820037,42,seeker,no_ramp,1,23,2,0
V7E003,1820037,42,hider,no_ramp,0,21,0,0
V7E003,1820037,42,seeker,no_objects,1,23,0,0
V7E003,1820037,42,hider,no_objects,0,22,0,0
V7E003,1820038,42,seeker,full,1,7,0,0
V7E003,1820038,42,hider,full,0,1,0,0
V7E003,1820038,42,seeker,no_block,1,7,0,0
V7E003,1820038,42,hider,no_block,0,1,0,0
V7E003,1820038,42,seeker,no_ramp,1,7,0,0
V7E003,1820038,42,hider,no_ramp,0,1,0,0
V7E003,1820038,42,seeker,no_objects,1,7,0,0
V7E003,1820038,42,hider,no_objects,0,1,0,0
V7E003,1820039,42,seeker,full,1,22,2,0
V7E003,1820039,42,hider,full,0,20,0,0
V7E003,1820039,42,seeker,no_block,1,22,0,0
V7E003,1820039,42,hider,no_block,0,22,0,0
V7E003,1820039,42,seeker,no_ramp,1,22,2,0
V7E003,1820039,42,hider,no_ramp,0,20,0,0
V7E003,1820039,42,seeker,no_objects,1,22,0,0
V7E003,1820039,42,hider,no_objects,0,22,0,0
V7E003,1820040,42,seeker,full,1,3,0,0
V7E003,1820040,42,hider,full,0,5,0,0
V7E003,1820040,42,seeker,no_block,1,3,0,0
V7E003,1820040,42,hider,no_block,0,5,0,0
V7E003,1820040,42,seeker,no_ramp,1,3,0,0
V7E003,1820040,42,hider,no_ramp,0,4,0,0
V7E003,1820040,42,seeker,no_objects,1,3,0,0
V7E003,1820040,42,hider,no_objects,0,5,0,0
V7E003,1820041,42,seeker,full,0,100,4,0
V7E003,1820041,42,hider,full,0,35,0,0
V7E003,1820041,42,seeker,no_block,1,35,0,0
V7E003,1820041,42,hider,no_block,0,35,0,0
V7E003,1820041,42,seeker,no_ramp,1,43,4,0
V7E003,1820041,42,hider,no_ramp,0,35,0,0
V7E003,1820041,42,seeker,no_objects,1,43,0,0
V7E003,1820041,42,hider,no_objects,0,35,0,0
V7E003,1820042,42,seeker,full,1,3,0,0
V7E003,1820042,42,hider,full,0,3,0,0
V7E003,1820042,42,seeker,no_block,1,3,0,0
V7E003,1820042,42,hider,no_block,0,3,0,0
V7E003,1820042,42,seeker,no_ramp,1,3,0,0
V7E003,1820042,42,hider,no_ramp,0,3,0,0
V7E003,1820042,42,seeker,no_objects,1,3,0,0
V7E003,1820042,42,hider,no_objects,0,3,0,0
V7E003,1820043,42,seeker,full,0,100,4,0
V7E003,1820043,42,hider,full,0,42,0,0
V7E003,1820043,42,seeker,no_block,1,34,0,0
V7E003,1820043,42,hider,no_block,0,44,0,0
V7E003,1820043,42,seeker,no_ramp,1,42,4,0
V7E003,1820043,42,hider,no_ramp,0,44,0,0
V7E003,1820043,42,seeker,no_objects,1,42,0,0
V7E003,1820043,42,hider,no_objects,0,44,0,0
V7E003,1820044,42,seeker,full,1,10,2,0
V7E003,1820044,42,hider,full,0,8,0,0
V7E003,1820044,42,seeker,no_block,1,10,0,0
V7E003,1820044,42,hider,no_block,0,8,0,0
V7E003,1820044,42,seeker,no_ramp,1,10,2,0
V7E003,1820044,42,hider,no_ramp,0,8,0,0
V7E003,1820044,42,seeker,no_objects,1,10,0,0
V7E003,1820044,42,hider,no_objects,0,8,0,0
V7E003,1820045,42,seeker,full,1,13,0,1
V7E003,1820045,42,hider,full,0,12,0,0
V7E003,1820045,42,seeker,no_block,1,13,0,1
V7E003,1820045,42,hider,no_block,0,12,0,0
V7E003,1820045,42,seeker,no_ramp,1,14,0,0
V7E003,1820045,42,hider,no_ramp,0,14,0,0
V7E003,1820045,42,seeker,no_objects,1,14,0,0
V7E003,1820045,42,hider,no_objects,0,14,0,0
V7E003,1820046,42,seeker,full,1,37,6,0
V7E003,1820046,42,hider,full,0,55,0,0
V7E003,1820046,42,seeker,no_block,1,33,0,0
V7E003,1820046,42,hider,no_block,0,51,0,0
V7E003,1820046,42,seeker,no_ramp,1,37,6,0
V7E003,1820046,42,hider,no_ramp,0,55,0,0
V7E003,1820046,42,seeker,no_objects,1,33,0,0
V7E003,1820046,42,hider,no_objects,0,51,0,0
V7E003,1820047,42,seeker,full,1,1,0,0
V7E003,1820047,42,hider,full,0,4,0,0
V7E003,1820047,42,seeker,no_block,1,1,0,0
V7E003,1820047,42,hider,no_block,0,4,0,0
V7E003,1820047,42,seeker,no_ramp,1,1,0,0
V7E003,1820047,42,hider,no_ramp,0,4,0,0
V7E003,1820047,42,seeker,no_objects,1,1,0,0
V7E003,1820047,42,hider,no_objects,0,4,0,0
V7E003,1820048,42,seeker,full,1,6,0,0
V7E003,1820048,42,hider,full,0,5,0,0
V7E003,1820048,42,seeker,no_block,1,6,0,0
V7E003,1820048,42,hider,no_block,0,5,0,0
V7E003,1820048,42,seeker,no_ramp,1,6,0,0
V7E003,1820048,42,hider,no_ramp,0,5,0,0
V7E003,1820048,42,seeker,no_objects,1,6,0,0
V7E003,1820048,42,hider,no_objects,0,5,0,0
V7E003,1820049,42,seeker,full,1,44,6,0
V7E003,1820049,42,hider,full,0,44,0,0
V7E003,1820049,42,seeker,no_block,1,40,0,0
V7E003,1820049,42,hider,no_block,0,43,0,0
V7E003,1820049,42,seeker,no_ramp,1,44,6,0
V7E003,1820049,42,hider,no_ramp,0,44,0,0
V7E003,1820049,42,seeker,no_objects,1,40,0,0
V7E003,1820049,42,hider,no_objects,0,43,0,0
V7E003,1820050,42,seeker,full,1,1,0,0
V7E003,1820050,42,hider,full,0,1,0,0
V7E003,1820050,42,seeker,no_block,1,1,0,0
V7E003,1820050,42,hider,no_block,0,1,0,0
V7E003,1820050,42,seeker,no_ramp,1,1,0,0
V7E003,1820050,42,hider,no_ramp,0,1,0,0
V7E003,1820050,42,seeker,no_objects,1,1,0,0
V7E003,1820050,42,hider,no_objects,0,1,0,0
V7E003,1820051,42,seeker,full,0,100,4,0
V7E003,1820051,42,hider,full,0,46,0,0
V7E003,1820051,42,seeker,no_block,1,36,0,0
V7E003,1820051,42,hider,no_block,0,46,0,0
V7E003,1820051,42,seeker,no_ramp,1,44,4,0
V7E003,1820051,42,hider,no_ramp,0,46,0,0
V7E003,1820051,42,seeker,no_objects,1,44,0,0
V7E003,1820051,42,hider,no_objects,0,46,0,0
V7E003,1820052,42,seeker,full,1,21,2,0
V7E003,1820052,42,hider,full,0,19,0,0
V7E003,1820052,42,seeker,no_block,1,21,0,0
V7E003,1820052,42,hider,no_block,0,19,0,0
V7E003,1820052,42,seeker,no_ramp,1,21,2,0
V7E003,1820052,42,hider,no_ramp,0,19,0,0
V7E003,1820052,42,seeker,no_objects,1,21,0,0
V7E003,1820052,42,hider,no_objects,0,19,0,0
V7E003,1820053,42,seeker,full,1,9,2,0
V7E003,1820053,42,hider,full,0,7,0,0
V7E003,1820053,42,seeker,no_block,1,9,0,0
V7E003,1820053,42,hider,no_block,0,7,0,0
V7E003,1820053,42,seeker,no_ramp,1,9,2,0
V7E003,1820053,42,hider,no_ramp,0,7,0,0
V7E003,1820053,42,seeker,no_objects,1,9,0,0
V7E003,1820053,42,hider,no_objects,0,7,0,0
V7E003,1820054,42,seeker,full,1,8,0,0
V7E003,1820054,42,hider,full,0,7,0,0
V7E003,1820054,42,seeker,no_block,1,8,0,0
V7E003,1820054,42,hider,no_block,0,7,0,0
V7E003,1820054,42,seeker,no_ramp,1,8,0,0
V7E003,1820054,42,hider,no_ramp,0,7,0,0
V7E003,1820054,42,seeker,no_objects,1,8,0,0
V7E003,1820054,42,hider,no_objects,0,7,0,0
V7E003,1820055,42,seeker,full,1,2,0,0
V7E003,1820055,42,hider,full,0,3,0,0
V7E003,1820055,42,seeker,no_block,1,2,0,0
V7E003,1820055,42,hider,no_block,0,3,0,0
V7E003,1820055,42,seeker,no_ramp,1,2,0,0
V7E003,1820055,42,hider,no_ramp,0,3,0,0
V7E003,1820055,42,seeker,no_objects,1,2,0,0
V7E003,1820055,42,hider,no_objects,0,3,0,0
V7E003,1820056,42,seeker,full,1,4,0,0
V7E003,1820056,42,hider,full,0,51,0,0
V7E003,1820056,42,seeker,no_block,1,4,0,0
V7E003,1820056,42,hider,no_block,0,2,0,0
V7E003,1820056,42,seeker,no_ramp,1,4,0,0
V7E003,1820056,42,hider,no_ramp,0,51,0,0
V7E003,1820056,42,seeker,no_objects,1,4,0,0
V7E003,1820056,42,hider,no_objects,0,47,0,0
V7E003,1820057,42,seeker,full,1,7,0,0
V7E003,1820057,42,hider,full,0,6,0,0
V7E003,1820057,42,seeker,no_block,1,7,0,0
V7E003,1820057,42,hider,no_block,0,10,0,0
V7E003,1820057,42,seeker,no_ramp,1,7,0,0
V7E003,1820057,42,hider,no_ramp,0,3,0,0
V7E003,1820057,42,seeker,no_objects,1,7,0,0
V7E003,1820057,42,hider,no_objects,0,3,0,0
V7E003,1820058,42,seeker,full,0,100,4,0
V7E003,1820058,42,hider,full,0,45,0,0
V7E003,1820058,42,seeker,no_block,1,36,0,0
V7E003,1820058,42,hider,no_block,0,25,0,0
V7E003,1820058,42,seeker,no_ramp,1,44,5,0
V7E003,1820058,42,hider,no_ramp,0,45,0,0
V7E003,1820058,42,seeker,no_objects,1,44,0,0
V7E003,1820058,42,hider,no_objects,0,45,0,0
V7E003,1820059,42,seeker,full,1,7,2,0
V7E003,1820059,42,hider,full,0,6,3,0
V7E003,1820059,42,seeker,no_block,1,7,0,0
V7E003,1820059,42,hider,no_block,0,3,0,0
V7E003,1820059,42,seeker,no_ramp,1,7,2,0
V7E003,1820059,42,hider,no_ramp,0,6,3,0
V7E003,1820059,42,seeker,no_objects,1,7,0,0
V7E003,1820059,42,hider,no_objects,0,3,0,0
V7E003,1820060,42,seeker,full,1,1,0,0
V7E003,1820060,42,hider,full,0,1,0,0
V7E003,1820060,42,seeker,no_block,1,1,0,0
V7E003,1820060,42,hider,no_block,0,1,0,0
V7E003,1820060,42,seeker,no_ramp,1,1,0,0
V7E003,1820060,42,hider,no_ramp,0,1,0,0
V7E003,1820060,42,seeker,no_objects,1,1,0,0
V7E003,1820060,42,hider,no_objects,0,1,0,0
V7E003,1820061,42,seeker,full,1,2,0,0
V7E003,1820061,42,hider,full,0,6,0,0
V7E003,1820061,42,seeker,no_block,1,2,0,0
V7E003,1820061,42,hider,no_block,0,6,0,0
V7E003,1820061,42,seeker,no_ramp,1,2,0,0
V7E003,1820061,42,hider,no_ramp,0,6,0,0
V7E003,1820061,42,seeker,no_objects,1,2,0,0
V7E003,1820061,42,hider,no_objects,0,6,0,0
V7E003,1820062,42,seeker,full,1,1,0,0
V7E003,1820062,42,hider,full,0,8,0,0
V7E003,1820062,42,seeker,no_block,1,1,0,0
V7E003,1820062,42,hider,no_block,0,8,0,0
V7E003,1820062,42,seeker,no_ramp,1,1,0,0
V7E003,1820062,42,hider,no_ramp,0,8,0,0
V7E003,1820062,42,seeker,no_objects,1,1,0,0
V7E003,1820062,42,hider,no_objects,0,8,0,0
V7E003,1820063,42,seeker,full,1,3,0,0
V7E003,1820063,42,hider,full,0,3,0,0
V7E003,1820063,42,seeker,no_block,1,3,0,0
V7E003,1820063,42,hider,no_block,0,3,0,0
V7E003,1820063,42,seeker,no_ramp,1,3,0,0
V7E003,1820063,42,hider,no_ramp,0,3,0,0
V7E003,1820063,42,seeker,no_objects,1,3,0,0
V7E003,1820063,42,hider,no_objects,0,3,0,0
V7E003,1820064,42,seeker,full,0,100,6,0
V7E003,1820064,42,hider,full,0,52,0,0
V7E003,1820064,42,seeker,no_block,1,40,0,0
V7E003,1820064,42,hider,no_block,0,48,0,0
V7E003,1820064,42,seeker,no_ramp,1,40,6,0
V7E003,1820064,42,hider,no_ramp,0,52,0,0
V7E003,1820064,42,seeker,no_objects,1,36,0,0
V7E003,1820064,42,hider,no_objects,0,48,0,0
V7E003,1820065,42,seeker,full,1,2,0,0
V7E003,1820065,42,hider,full,0,2,0,0
V7E003,1820065,42,seeker,no_block,1,2,0,0
V7E003,1820065,42,hider,no_block,0,2,0,0
V7E003,1820065,42,seeker,no_ramp,1,2,0,0
V7E003,1820065,42,hider,no_ramp,0,2,0,0
V7E003,1820065,42,seeker,no_objects,1,2,0,0
V7E003,1820065,42,hider,no_objects,0,2,0,0
V7E003,1820066,42,seeker,full,1,14,0,1
V7E003,1820066,42,hider,full,0,13,0,0
V7E003,1820066,42,seeker,no_block,1,14,0,1
V7E003,1820066,42,hider,no_block,0,13,0,0
V7E003,1820066,42,seeker,no_ramp,1,15,0,0
V7E003,1820066,42,hider,no_ramp,0,15,0,0
V7E003,1820066,42,seeker,no_objects,1,15,0,0
V7E003,1820066,42,hider,no_objects,0,15,0,0
V7E003,1820067,42,seeker,full,1,2,0,0
V7E003,1820067,42,hider,full,0,2,0,0
V7E003,1820067,42,seeker,no_block,1,2,0,0
V7E003,1820067,42,hider,no_block,0,2,0,0
V7E003,1820067,42,seeker,no_ramp,1,2,0,0
V7E003,1820067,42,hider,no_ramp,0,2,0,0
V7E003,1820067,42,seeker,no_objects,1,2,0,0
V7E003,1820067,42,hider,no_objects,0,2,0,0
V7E003,1820068,42,seeker,full,0,100,4,0
V7E003,1820068,42,hider,full,0,44,0,0
V7E003,1820068,42,seeker,no_block,1,34,0,0
V7E003,1820068,42,hider,no_block,0,44,0,0
V7E003,1820068,42,seeker,no_ramp,1,42,4,0
V7E003,1820068,42,hider,no_ramp,0,44,0,0
V7E003,1820068,42,seeker,no_objects,1,42,0,0
V7E003,1820068,42,hider,no_objects,0,44,0,0
V7E003,1820069,42,seeker,full,1,19,2,1
V7E003,1820069,42,hider,full,0,17,0,0
V7E003,1820069,42,seeker,no_block,1,19,0,1
V7E003,1820069,42,hider,no_block,0,17,0,0
V7E003,1820069,42,seeker,no_ramp,1,24,2,0
V7E003,1820069,42,hider,no_ramp,0,22,0,0
V7E003,1820069,42,seeker,no_objects,1,24,0,0
V7E003,1820069,42,hider,no_objects,0,22,0,0
V7E003,1820070,42,seeker,full,1,1,0,0
V7E003,1820070,42,hider,full,0,1,0,0
V7E003,1820070,42,seeker,no_block,1,1,0,0
V7E003,1820070,42,hider,no_block,0,1,0,0
V7E003,1820070,42,seeker,no_ramp,1,1,0,0
V7E003,1820070,42,hider,no_ramp,0,1,0,0
V7E003,1820070,42,seeker,no_objects,1,1,0,0
V7E003,1820070,42,hider,no_objects,0,1,0,0
V7E003,1820071,42,seeker,full,0,100,4,0
V7E003,1820071,42,hider,full,0,45,0,0
V7E003,1820071,42,seeker,no_block,1,38,0,0
V7E003,1820071,42,hider,no_block,0,48,0,0
V7E003,1820071,42,seeker,no_ramp,1,46,4,0
V7E003,1820071,42,hider,no_ramp,0,48,0,0
V7E003,1820071,42,seeker,no_objects,1,46,0,0
V7E003,1820071,42,hider,no_objects,0,49,0,0
V7E003,1820072,42,seeker,full,0,100,6,0
V7E003,1820072,42,hider,full,0,53,0,0
V7E003,1820072,42,seeker,no_block,0,100,0,0
V7E003,1820072,42,hider,no_block,0,49,0,0
V7E003,1820072,42,seeker,no_ramp,0,100,6,0
V7E003,1820072,42,hider,no_ramp,0,53,0,0
V7E003,1820072,42,seeker,no_objects,1,53,0,0
V7E003,1820072,42,hider,no_objects,0,49,0,0
V7E003,1820073,42,seeker,full,0,100,6,0
V7E003,1820073,42,hider,full,0,49,0,0
V7E003,1820073,42,seeker,no_block,0,100,0,0
V7E003,1820073,42,hider,no_block,0,45,0,0
V7E003,1820073,42,seeker,no_ramp,1,65,6,0
V7E003,1820073,42,hider,no_ramp,0,49,0,0
V7E003,1820073,42,seeker,no_objects,1,61,0,0
V7E003,1820073,42,hider,no_objects,0,45,0,0
V7E003,1820074,42,seeker,full,1,9,2,0
V7E003,1820074,42,hider,full,0,5,1,0
V7E003,1820074,42,seeker,no_block,1,9,0,0
V7E003,1820074,42,hider,no_block,0,5,0,0
V7E003,1820074,42,seeker,no_ramp,1,9,2,0
V7E003,1820074,42,hider,no_ramp,0,5,1,0
V7E003,1820074,42,seeker,no_objects,1,9,0,0
V7E003,1820074,42,hider,no_objects,0,5,0,0
V7E003,1820075,42,seeker,full,1,15,0,1
V7E003,1820075,42,hider,full,0,17,0,0
V7E003,1820075,42,seeker,no_block,1,15,0,1
V7E003,1820075,42,hider,no_block,0,17,0,0
V7E003,1820075,42,seeker,no_ramp,1,16,0,0
V7E003,1820075,42,hider,no_ramp,0,22,0,0
V7E003,1820075,42,seeker,no_objects,1,16,0,0
V7E003,1820075,42,hider,no_objects,0,22,0,0
V7E003,1820076,42,seeker,full,1,7,0,0
V7E003,1820076,42,hider,full,0,12,0,0
V7E003,1820076,42,seeker,no_block,1,7,0,0
V7E003,1820076,42,hider,no_block,0,12,0,0
V7E003,1820076,42,seeker,no_ramp,1,7,0,0
V7E003,1820076,42,hider,no_ramp,0,12,0,0
V7E003,1820076,42,seeker,no_objects,1,7,0,0
V7E003,1820076,42,hider,no_objects,0,12,0,0
V7E003,1820077,42,seeker,full,1,13,2,0
V7E003,1820077,42,hider,full,0,11,0,0
V7E003,1820077,42,seeker,no_block,1,13,0,0
V7E003,1820077,42,hider,no_block,0,11,0,0
V7E003,1820077,42,seeker,no_ramp,1,13,2,0
V7E003,1820077,42,hider,no_ramp,0,11,0,0
V7E003,1820077,42,seeker,no_objects,1,13,0,0
V7E003,1820077,42,hider,no_objects,0,11,0,0
V7E003,1820078,42,seeker,full,0,100,4,0
V7E003,1820078,42,hider,full,0,46,0,0
V7E003,1820078,42,seeker,no_block,0,100,0,0
V7E003,1820078,42,hider,no_block,0,46,0,0
V7E003,1820078,42,seeker,no_ramp,1,54,5,0
V7E003,1820078,42,hider,no_ramp,0,46,0,0
V7E003,1820078,42,seeker,no_objects,1,58,0,0
V7E003,1820078,42,hider,no_objects,0,46,0,0
V7E003,1820079,42,seeker,full,1,27,2,0
V7E003,1820079,42,hider,full,0,25,0,0
V7E003,1820079,42,seeker,no_block,1,27,0,0
V7E003,1820079,42,hider,no_block,0,25,0,0
V7E003,1820079,42,seeker,no_ramp,1,27,2,0
V7E003,1820079,42,hider,no_ramp,0,25,0,0
V7E003,1820079,42,seeker,no_objects,1,27,0,0
V7E003,1820079,42,hider,no_objects,0,25,0,0
V7E003,1820080,42,seeker,full,0,100,4,0
V7E003,1820080,42,hider,full,0,41,0,0
V7E003,1820080,42,seeker,no_block,1,37,0,0
V7E003,1820080,42,hider,no_block,0,42,0,0
V7E003,1820080,42,seeker,no_ramp,1,45,4,0
V7E003,1820080,42,hider,no_ramp,0,42,0,0
V7E003,1820080,42,seeker,no_objects,1,45,0,0
V7E003,1820080,42,hider,no_objects,0,42,0,0
V7E003,1820081,42,seeker,full,1,25,2,0
V7E003,1820081,42,hider,full,0,23,0,0
V7E003,1820081,42,seeker,no_block,1,25,0,0
V7E003,1820081,42,hider,no_block,0,23,0,0
V7E003,1820081,42,seeker,no_ramp,1,25,2,0
V7E003,1820081,42,hider,no_ramp,0,23,0,0
V7E003,1820081,42,seeker,no_objects,1,25,0,0
V7E003,1820081,42,hider,no_objects,0,23,0,0
V7E003,1820082,42,seeker,full,1,10,2,0
V7E003,1820082,42,hider,full,0,9,0,0
V7E003,1820082,42,seeker,no_block,1,10,0,0
V7E003,1820082,42,hider,no_block,0,9,0,0
V7E003,1820082,42,seeker,no_ramp,1,10,2,0
V7E003,1820082,42,hider,no_ramp,0,9,0,0
V7E003,1820082,42,seeker,no_objects,1,10,0,0
V7E003,1820082,42,hider,no_objects,0,9,0,0
V7E003,1820083,42,seeker,full,1,8,0,0
V7E003,1820083,42,hider,full,0,3,0,0
V7E003,1820083,42,seeker,no_block,1,8,0,0
V7E003,1820083,42,hider,no_block,0,3,0,0
V7E003,1820083,42,seeker,no_ramp,1,8,0,0
V7E003,1820083,42,hider,no_ramp,0,3,0,0
V7E003,1820083,42,seeker,no_objects,1,8,0,0
V7E003,1820083,42,hider,no_objects,0,3,0,0
V7E003,1820084,42,seeker,full,1,4,0,0
V7E003,1820084,42,hider,full,0,4,0,0
V7E003,1820084,42,seeker,no_block,1,4,0,0
V7E003,1820084,42,hider,no_block,0,4,0,0
V7E003,1820084,42,seeker,no_ramp,1,4,0,0
V7E003,1820084,42,hider,no_ramp,0,4,0,0
V7E003,1820084,42,seeker,no_objects,1,4,0,0
V7E003,1820084,42,hider,no_objects,0,4,0,0
V7E003,1820085,42,seeker,full,0,100,6,0
V7E003,1820085,42,hider,full,0,48,0,0
V7E003,1820085,42,seeker,no_block,1,41,0,0
V7E003,1820085,42,hider,no_block,0,44,0,0
V7E003,1820085,42,seeker,no_ramp,1,41,6,0
V7E003,1820085,42,hider,no_ramp,0,48,0,0
V7E003,1820085,42,seeker,no_objects,1,37,0,0
V7E003,1820085,42,hider,no_objects,0,44,0,0
V7E003,1820086,42,seeker,full,0,100,4,0
V7E003,1820086,42,hider,full,0,46,0,0
V7E003,1820086,42,seeker,no_block,0,100,0,0
V7E003,1820086,42,hider,no_block,0,46,0,0
V7E003,1820086,42,seeker,no_ramp,1,54,5,0
V7E003,1820086,42,hider,no_ramp,0,46,0,0
V7E003,1820086,42,seeker,no_objects,1,58,0,0
V7E003,1820086,42,hider,no_objects,0,46,0,0
V7E003,1820087,42,seeker,full,1,24,2,0
V7E003,1820087,42,hider,full,0,22,0,0
V7E003,1820087,42,seeker,no_block,1,24,0,0
V7E003,1820087,42,hider,no_block,0,22,0,0
V7E003,1820087,42,seeker,no_ramp,1,24,2,0
V7E003,1820087,42,hider,no_ramp,0,22,0,0
V7E003,1820087,42,seeker,no_objects,1,24,0,0
V7E003,1820087,42,hider,no_objects,0,22,0,0
V7E003,1820088,42,seeker,full,1,16,0,1
V7E003,1820088,42,hider,full,0,18,0,0
V7E003,1820088,42,seeker,no_block,1,16,0,1
V7E003,1820088,42,hider,no_block,0,18,0,0
V7E003,1820088,42,seeker,no_ramp,1,17,0,0
V7E003,1820088,42,hider,no_ramp,0,23,0,0
V7E003,1820088,42,seeker,no_objects,1,17,0,0
V7E003,1820088,42,hider,no_objects,0,23,0,0
V7E003,1820089,42,seeker,full,1,10,2,0
V7E003,1820089,42,hider,full,0,10,0,0
V7E003,1820089,42,seeker,no_block,1,10,0,0
V7E003,1820089,42,hider,no_block,0,9,0,0
V7E003,1820089,42,seeker,no_ramp,1,10,2,0
V7E003,1820089,42,hider,no_ramp,0,10,0,0
V7E003,1820089,42,seeker,no_objects,1,10,0,0
V7E003,1820089,42,hider,no_objects,0,9,0,0
V7E003,1820090,42,seeker,full,0,100,4,0
V7E003,1820090,42,hider,full,0,47,0,0
V7E003,1820090,42,seeker,no_block,0,100,0,0
V7E003,1820090,42,hider,no_block,0,47,0,0
V7E003,1820090,42,seeker,no_ramp,1,55,5,0
V7E003,1820090,42,hider,no_ramp,0,47,0,0
V7E003,1820090,42,seeker,no_objects,1,59,0,0
V7E003,1820090,42,hider,no_objects,0,47,0,0
V7E003,1820091,42,seeker,full,1,6,0,0
V7E003,1820091,42,hider,full,0,5,0,0
V7E003,1820091,42,seeker,no_block,1,6,0,0
V7E003,1820091,42,hider,no_block,0,5,0,0
V7E003,1820091,42,seeker,no_ramp,1,6,0,0
V7E003,1820091,42,hider,no_ramp,0,5,0,0
V7E003,1820091,42,seeker,no_objects,1,6,0,0
V7E003,1820091,42,hider,no_objects,0,5,0,0
V7E003,1820092,42,seeker,full,1,4,0,0
V7E003,1820092,42,hider,full,0,6,0,0
V7E003,1820092,42,seeker,no_block,1,4,0,0
V7E003,1820092,42,hider,no_block,0,6,0,0
V7E003,1820092,42,seeker,no_ramp,1,4,0,0
V7E003,1820092,42,hider,no_ramp,0,6,0,0
V7E003,1820092,42,seeker,no_objects,1,4,0,0
V7E003,1820092,42,hider,no_objects,0,6,0,0
V7E003,1820093,42,seeker,full,1,25,2,0
V7E003,1820093,42,hider,full,0,24,0,0
V7E003,1820093,42,seeker,no_block,1,25,0,0
V7E003,1820093,42,hider,no_block,0,24,0,0
V7E003,1820093,42,seeker,no_ramp,1,25,2,0
V7E003,1820093,42,hider,no_ramp,0,24,0,0
V7E003,1820093,42,seeker,no_objects,1,25,0,0
V7E003,1820093,42,hider,no_objects,0,24,0,0
V7E003,1820094,42,seeker,full,1,27,2,0
V7E003,1820094,42,hider,full,0,26,0,0
V7E003,1820094,42,seeker,no_block,1,27,0,0
V7E003,1820094,42,hider,no_block,0,26,0,0
V7E003,1820094,42,seeker,no_ramp,1,27,2,0
V7E003,1820094,42,hider,no_ramp,0,26,0,0
V7E003,1820094,42,seeker,no_objects,1,27,0,0
V7E003,1820094,42,hider,no_objects,0,26,0,0
V7E003,1820095,42,seeker,full,1,43,6,0
V7E003,1820095,42,hider,full,0,51,0,0
V7E003,1820095,42,seeker,no_block,1,39,0,0
V7E003,1820095,42,hider,no_block,0,47,0,0
V7E003,1820095,42,seeker,no_ramp,1,43,6,0
V7E003,1820095,42,hider,no_ramp,0,51,0,0
V7E003,1820095,42,seeker,no_objects,1,39,0,0
V7E003,1820095,42,hider,no_objects,0,47,0,0
V7E003,1820096,42,seeker,full,1,9,2,0
V7E003,1820096,42,hider,full,0,7,0,0
V7E003,1820096,42,seeker,no_block,1,9,0,0
V7E003,1820096,42,hider,no_block,0,7,0,0
V7E003,1820096,42,seeker,no_ramp,1,9,2,0
V7E003,1820096,42,hider,no_ramp,0,7,0,0
V7E003,1820096,42,seeker,no_objects,1,9,0,0
V7E003,1820096,42,hider,no_objects,0,7,0,0
V7E003,1820097,42,seeker,full,1,62,6,1
V7E003,1820097,42,hider,full,0,5,0,0
V7E003,1820097,42,seeker,no_block,1,56,0,1
V7E003,1820097,42,hider,no_block,0,13,0,0
V7E003,1820097,42,seeker,no_ramp,1,13,0,0
V7E003,1820097,42,hider,no_ramp,0,5,0,0
V7E003,1820097,42,seeker,no_objects,1,13,0,0
V7E003,1820097,42,hider,no_objects,0,5,0,0
V7E003,1820098,42,seeker,full,1,11,2,1
V7E003,1820098,42,hider,full,0,9,0,0
V7E003,1820098,42,seeker,no_block,1,11,0,1
V7E003,1820098,42,hider,no_block,0,10,0,0
V7E003,1820098,42,seeker,no_ramp,1,30,2,0
V7E003,1820098,42,hider,no_ramp,0,28,0,0
V7E003,1820098,42,seeker,no_objects,1,30,0,0
V7E003,1820098,42,hider,no_objects,0,29,0,0
V7E003,1820099,42,seeker,full,1,20,2,1
V7E003,1820099,42,hider,full,0,18,0,0
V7E003,1820099,42,seeker,no_block,1,20,0,1
V7E003,1820099,42,hider,no_block,0,19,0,0
V7E003,1820099,42,seeker,no_ramp,1,25,2,0
V7E003,1820099,42,hider,no_ramp,0,23,0,0
V7E003,1820099,42,seeker,no_objects,1,25,0,0
V7E003,1820099,42,hider,no_objects,0,24,0,0
V7E004,1830000,42,seeker,full,1,38,0,0
V7E004,1830000,42,hider,full,0,37,0,0
V7E004,1830000,42,seeker,no_block,1,38,0,0
V7E004,1830000,42,hider,no_block,0,37,0,0
V7E004,1830000,42,seeker,no_ramp,1,38,0,0
V7E004,1830000,42,hider,no_ramp,0,37,0,0
V7E004,1830000,42,seeker,no_objects,1,38,0,0
V7E004,1830000,42,hider,no_objects,0,37,0,0
V7E004,1830001,42,seeker,full,1,24,2,0
V7E004,1830001,42,hider,full,0,17,0,0
V7E004,1830001,42,seeker,no_block,1,24,0,0
V7E004,1830001,42,hider,no_block,0,17,0,0
V7E004,1830001,42,seeker,no_ramp,1,24,2,0
V7E004,1830001,42,hider,no_ramp,0,17,0,0
V7E004,1830001,42,seeker,no_objects,1,24,0,0
V7E004,1830001,42,hider,no_objects,0,17,0,0
V7E004,1830002,42,seeker,full,0,100,0,0
V7E004,1830002,42,hider,full,0,47,0,0
V7E004,1830002,42,seeker,no_block,0,100,0,0
V7E004,1830002,42,hider,no_block,0,47,0,0
V7E004,1830002,42,seeker,no_ramp,0,100,0,0
V7E004,1830002,42,hider,no_ramp,0,47,0,0
V7E004,1830002,42,seeker,no_objects,0,100,0,0
V7E004,1830002,42,hider,no_objects,0,47,0,0
V7E004,1830003,42,seeker,full,1,32,0,1
V7E004,1830003,42,hider,full,0,3,0,0
V7E004,1830003,42,seeker,no_block,1,32,0,1
V7E004,1830003,42,hider,no_block,0,3,0,0
V7E004,1830003,42,seeker,no_ramp,1,19,2,0
V7E004,1830003,42,hider,no_ramp,0,27,0,0
V7E004,1830003,42,seeker,no_objects,1,19,0,0
V7E004,1830003,42,hider,no_objects,0,27,0,0
V7E004,1830004,42,seeker,full,1,7,0,0
V7E004,1830004,42,hider,full,0,1,0,0
V7E004,1830004,42,seeker,no_block,1,7,0,0
V7E004,1830004,42,hider,no_block,0,1,0,0
V7E004,1830004,42,seeker,no_ramp,1,7,0,0
V7E004,1830004,42,hider,no_ramp,0,1,0,0
V7E004,1830004,42,seeker,no_objects,1,7,0,0
V7E004,1830004,42,hider,no_objects,0,1,0,0
V7E004,1830005,42,seeker,full,0,100,0,0
V7E004,1830005,42,hider,full,0,41,0,0
V7E004,1830005,42,seeker,no_block,1,40,0,0
V7E004,1830005,42,hider,no_block,0,40,0,0
V7E004,1830005,42,seeker,no_ramp,0,100,0,0
V7E004,1830005,42,hider,no_ramp,0,41,0,0
V7E004,1830005,42,seeker,no_objects,1,40,0,0
V7E004,1830005,42,hider,no_objects,0,40,0,0
V7E004,1830006,42,seeker,full,1,4,0,0
V7E004,1830006,42,hider,full,0,13,0,0
V7E004,1830006,42,seeker,no_block,1,4,0,0
V7E004,1830006,42,hider,no_block,0,13,0,0
V7E004,1830006,42,seeker,no_ramp,1,4,0,0
V7E004,1830006,42,hider,no_ramp,0,13,0,0
V7E004,1830006,42,seeker,no_objects,1,4,0,0
V7E004,1830006,42,hider,no_objects,0,13,0,0
V7E004,1830007,42,seeker,full,0,100,0,0
V7E004,1830007,42,hider,full,0,45,0,0
V7E004,1830007,42,seeker,no_block,0,100,0,0
V7E004,1830007,42,hider,no_block,0,45,0,0
V7E004,1830007,42,seeker,no_ramp,0,100,0,0
V7E004,1830007,42,hider,no_ramp,0,45,0,0
V7E004,1830007,42,seeker,no_objects,0,100,0,0
V7E004,1830007,42,hider,no_objects,0,45,0,0
V7E004,1830008,42,seeker,full,1,2,0,0
V7E004,1830008,42,hider,full,0,5,0,0
V7E004,1830008,42,seeker,no_block,1,2,0,0
V7E004,1830008,42,hider,no_block,0,5,0,0
V7E004,1830008,42,seeker,no_ramp,1,2,0,0
V7E004,1830008,42,hider,no_ramp,0,5,0,0
V7E004,1830008,42,seeker,no_objects,1,2,0,0
V7E004,1830008,42,hider,no_objects,0,5,0,0
V7E004,1830009,42,seeker,full,1,10,0,1
V7E004,1830009,42,hider,full,0,4,0,0
V7E004,1830009,42,seeker,no_block,1,10,0,1
V7E004,1830009,42,hider,no_block,0,4,0,0
V7E004,1830009,42,seeker,no_ramp,0,100,0,0
V7E004,1830009,42,hider,no_ramp,0,29,0,0
V7E004,1830009,42,seeker,no_objects,1,15,0,0
V7E004,1830009,42,hider,no_objects,0,29,0,0
V7E004,1830010,42,seeker,full,0,100,0,0
V7E004,1830010,42,hider,full,0,42,0,0
V7E004,1830010,42,seeker,no_block,0,100,0,0
V7E004,1830010,42,hider,no_block,0,42,0,0
V7E004,1830010,42,seeker,no_ramp,0,100,0,0
V7E004,1830010,42,hider,no_ramp,0,42,0,0
V7E004,1830010,42,seeker,no_objects,0,100,0,0
V7E004,1830010,42,hider,no_objects,0,42,0,0
V7E004,1830011,42,seeker,full,1,32,0,0
V7E004,1830011,42,hider,full,0,31,0,0
V7E004,1830011,42,seeker,no_block,1,32,0,0
V7E004,1830011,42,hider,no_block,0,31,0,0
V7E004,1830011,42,seeker,no_ramp,1,32,0,0
V7E004,1830011,42,hider,no_ramp,0,31,0,0
V7E004,1830011,42,seeker,no_objects,1,32,0,0
V7E004,1830011,42,hider,no_objects,0,31,0,0
V7E004,1830012,42,seeker,full,0,100,0,0
V7E004,1830012,42,hider,full,0,17,0,0
V7E004,1830012,42,seeker,no_block,1,10,0,0
V7E004,1830012,42,hider,no_block,0,16,0,0
V7E004,1830012,42,seeker,no_ramp,0,100,0,0
V7E004,1830012,42,hider,no_ramp,0,16,0,0
V7E004,1830012,42,seeker,no_objects,1,10,0,0
V7E004,1830012,42,hider,no_objects,0,17,0,0
V7E004,1830013,42,seeker,full,0,100,0,0
V7E004,1830013,42,hider,full,0,41,0,0
V7E004,1830013,42,seeker,no_block,1,35,0,0
V7E004,1830013,42,hider,no_block,0,41,0,0
V7E004,1830013,42,seeker,no_ramp,0,100,0,0
V7E004,1830013,42,hider,no_ramp,0,42,0,0
V7E004,1830013,42,seeker,no_objects,1,35,0,0
V7E004,1830013,42,hider,no_objects,0,42,0,0
V7E004,1830014,42,seeker,full,1,14,0,1
V7E004,1830014,42,hider,full,0,7,0,0
V7E004,1830014,42,seeker,no_block,1,14,0,1
V7E004,1830014,42,hider,no_block,0,7,0,0
V7E004,1830014,42,seeker,no_ramp,1,35,2,0
V7E004,1830014,42,hider,no_ramp,0,28,0,0
V7E004,1830014,42,seeker,no_objects,1,35,0,0
V7E004,1830014,42,hider,no_objects,0,28,0,0
V7E004,1830015,42,seeker,full,1,27,0,0
V7E004,1830015,42,hider,full,1,100,0,0
V7E004,1830015,42,seeker,no_block,1,27,0,0
V7E004,1830015,42,hider,no_block,1,100,0,0
V7E004,1830015,42,seeker,no_ramp,1,27,0,0
V7E004,1830015,42,hider,no_ramp,1,100,0,0
V7E004,1830015,42,seeker,no_objects,1,27,0,0
V7E004,1830015,42,hider,no_objects,1,100,0,0
V7E004,1830016,42,seeker,full,1,2,0,0
V7E004,1830016,42,hider,full,0,5,0,0
V7E004,1830016,42,seeker,no_block,1,2,0,0
V7E004,1830016,42,hider,no_block,0,5,0,0
V7E004,1830016,42,seeker,no_ramp,1,2,0,0
V7E004,1830016,42,hider,no_ramp,0,5,0,0
V7E004,1830016,42,seeker,no_objects,1,2,0,0
V7E004,1830016,42,hider,no_objects,0,5,0,0
V7E004,1830017,42,seeker,full,1,7,0,0
V7E004,1830017,42,hider,full,0,2,0,0
V7E004,1830017,42,seeker,no_block,1,7,0,0
V7E004,1830017,42,hider,no_block,0,2,0,0
V7E004,1830017,42,seeker,no_ramp,1,7,0,0
V7E004,1830017,42,hider,no_ramp,0,2,0,0
V7E004,1830017,42,seeker,no_objects,1,7,0,0
V7E004,1830017,42,hider,no_objects,0,2,0,0
V7E004,1830018,42,seeker,full,1,19,0,1
V7E004,1830018,42,hider,full,0,11,0,0
V7E004,1830018,42,seeker,no_block,1,19,0,1
V7E004,1830018,42,hider,no_block,0,11,0,0
V7E004,1830018,42,seeker,no_ramp,0,100,2,0
V7E004,1830018,42,hider,no_ramp,0,31,0,0
V7E004,1830018,42,seeker,no_objects,0,100,0,0
V7E004,1830018,42,hider,no_objects,0,31,0,0
V7E004,1830019,42,seeker,full,0,100,0,0
V7E004,1830019,42,hider,full,0,50,0,0
V7E004,1830019,42,seeker,no_block,1,2,0,0
V7E004,1830019,42,hider,no_block,0,8,0,0
V7E004,1830019,42,seeker,no_ramp,0,100,0,0
V7E004,1830019,42,hider,no_ramp,0,50,0,0
V7E004,1830019,42,seeker,no_objects,1,2,0,0
V7E004,1830019,42,hider,no_objects,0,8,0,0
V7E004,1830020,42,seeker,full,1,6,0,0
V7E004,1830020,42,hider,full,0,3,0,0
V7E004,1830020,42,seeker,no_block,1,6,0,0
V7E004,1830020,42,hider,no_block,0,3,0,0
V7E004,1830020,42,seeker,no_ramp,1,6,0,0
V7E004,1830020,42,hider,no_ramp,0,3,0,0
V7E004,1830020,42,seeker,no_objects,1,6,0,0
V7E004,1830020,42,hider,no_objects,0,3,0,0
V7E004,1830021,42,seeker,full,1,8,0,0
V7E004,1830021,42,hider,full,0,4,0,0
V7E004,1830021,42,seeker,no_block,1,8,0,0
V7E004,1830021,42,hider,no_block,0,4,0,0
V7E004,1830021,42,seeker,no_ramp,1,8,0,0
V7E004,1830021,42,hider,no_ramp,0,4,0,0
V7E004,1830021,42,seeker,no_objects,1,8,0,0
V7E004,1830021,42,hider,no_objects,0,4,0,0
V7E004,1830022,42,seeker,full,1,38,0,0
V7E004,1830022,42,hider,full,0,37,0,0
V7E004,1830022,42,seeker,no_block,1,38,0,0
V7E004,1830022,42,hider,no_block,0,37,0,0
V7E004,1830022,42,seeker,no_ramp,1,38,0,0
V7E004,1830022,42,hider,no_ramp,0,37,0,0
V7E004,1830022,42,seeker,no_objects,1,38,0,0
V7E004,1830022,42,hider,no_objects,0,37,0,0
V7E004,1830023,42,seeker,full,0,100,0,0
V7E004,1830023,42,hider,full,0,49,0,0
V7E004,1830023,42,seeker,no_block,1,42,0,0
V7E004,1830023,42,hider,no_block,0,49,0,0
V7E004,1830023,42,seeker,no_ramp,0,100,0,0
V7E004,1830023,42,hider,no_ramp,0,47,0,0
V7E004,1830023,42,seeker,no_objects,1,42,0,0
V7E004,1830023,42,hider,no_objects,0,47,0,0
V7E004,1830024,42,seeker,full,1,11,0,0
V7E004,1830024,42,hider,full,0,4,0,0
V7E004,1830024,42,seeker,no_block,1,11,0,0
V7E004,1830024,42,hider,no_block,0,4,0,0
V7E004,1830024,42,seeker,no_ramp,1,11,0,0
V7E004,1830024,42,hider,no_ramp,0,4,0,0
V7E004,1830024,42,seeker,no_objects,1,11,0,0
V7E004,1830024,42,hider,no_objects,0,4,0,0
V7E004,1830025,42,seeker,full,1,14,0,1
V7E004,1830025,42,hider,full,0,12,0,0
V7E004,1830025,42,seeker,no_block,1,14,0,1
V7E004,1830025,42,hider,no_block,0,12,0,0
V7E004,1830025,42,seeker,no_ramp,1,37,2,0
V7E004,1830025,42,hider,no_ramp,0,35,0,0
V7E004,1830025,42,seeker,no_objects,1,37,0,0
V7E004,1830025,42,hider,no_objects,0,35,0,0
V7E004,1830026,42,seeker,full,1,1,0,0
V7E004,1830026,42,hider,full,0,1,0,0
V7E004,1830026,42,seeker,no_block,1,1,0,0
V7E004,1830026,42,hider,no_block,0,1,0,0
V7E004,1830026,42,seeker,no_ramp,1,1,0,0
V7E004,1830026,42,hider,no_ramp,0,1,0,0
V7E004,1830026,42,seeker,no_objects,1,1,0,0
V7E004,1830026,42,hider,no_objects,0,1,0,0
V7E004,1830027,42,seeker,full,1,1,0,0
V7E004,1830027,42,hider,full,0,1,0,0
V7E004,1830027,42,seeker,no_block,1,1,0,0
V7E004,1830027,42,hider,no_block,0,1,0,0
V7E004,1830027,42,seeker,no_ramp,1,1,0,0
V7E004,1830027,42,hider,no_ramp,0,1,0,0
V7E004,1830027,42,seeker,no_objects,1,1,0,0
V7E004,1830027,42,hider,no_objects,0,1,0,0
V7E004,1830028,42,seeker,full,0,100,0,0
V7E004,1830028,42,hider,full,0,45,0,0
V7E004,1830028,42,seeker,no_block,0,100,0,0
V7E004,1830028,42,hider,no_block,0,45,0,0
V7E004,1830028,42,seeker,no_ramp,0,100,0,0
V7E004,1830028,42,hider,no_ramp,0,45,0,0
V7E004,1830028,42,seeker,no_objects,0,100,0,0
V7E004,1830028,42,hider,no_objects,0,45,0,0
V7E004,1830029,42,seeker,full,1,24,2,1
V7E004,1830029,42,hider,full,0,22,0,0
V7E004,1830029,42,seeker,no_block,1,24,0,1
V7E004,1830029,42,hider,no_block,0,22,0,0
V7E004,1830029,42,seeker,no_ramp,0,100,2,0
V7E004,1830029,42,hider,no_ramp,0,41,0,0
V7E004,1830029,42,seeker,no_objects,0,100,0,0
V7E004,1830029,42,hider,no_objects,0,41,0,0
V7E004,1830030,42,seeker,full,1,12,0,0
V7E004,1830030,42,hider,full,0,5,0,0
V7E004,1830030,42,seeker,no_block,1,12,0,0
V7E004,1830030,42,hider,no_block,0,5,0,0
V7E004,1830030,42,seeker,no_ramp,1,12,0,0
V7E004,1830030,42,hider,no_ramp,0,6,0,0
V7E004,1830030,42,seeker,no_objects,1,12,0,0
V7E004,1830030,42,hider,no_objects,0,6,0,0
V7E004,1830031,42,seeker,full,1,14,0,1
V7E004,1830031,42,hider,full,0,6,0,0
V7E004,1830031,42,seeker,no_block,1,14,0,1
V7E004,1830031,42,hider,no_block,0,6,0,0
V7E004,1830031,42,seeker,no_ramp,1,31,2,0
V7E004,1830031,42,hider,no_ramp,0,23,0,0
V7E004,1830031,42,seeker,no_objects,1,31,0,0
V7E004,1830031,42,hider,no_objects,0,24,0,0
V7E004,1830032,42,seeker,full,1,36,0,0
V7E004,1830032,42,hider,full,0,8,0,0
V7E004,1830032,42,seeker,no_block,1,36,0,0
V7E004,1830032,42,hider,no_block,0,8,0,0
V7E004,1830032,42,seeker,no_ramp,1,36,0,0
V7E004,1830032,42,hider,no_ramp,0,8,0,0
V7E004,1830032,42,seeker,no_objects,1,36,0,0
V7E004,1830032,42,hider,no_objects,0,8,0,0
V7E004,1830033,42,seeker,full,1,8,0,0
V7E004,1830033,42,hider,full,0,4,0,0
V7E004,1830033,42,seeker,no_block,1,8,0,0
V7E004,1830033,42,hider,no_block,0,4,0,0
V7E004,1830033,42,seeker,no_ramp,1,8,0,0
V7E004,1830033,42,hider,no_ramp,0,4,0,0
V7E004,1830033,42,seeker,no_objects,1,8,0,0
V7E004,1830033,42,hider,no_objects,0,4,0,0
V7E004,1830034,42,seeker,full,1,13,0,1
V7E004,1830034,42,hider,full,0,11,0,0
V7E004,1830034,42,seeker,no_block,1,13,0,1
V7E004,1830034,42,hider,no_block,0,11,0,0
V7E004,1830034,42,seeker,no_ramp,0,100,2,0
V7E004,1830034,42,hider,no_ramp,0,32,0,0
V7E004,1830034,42,seeker,no_objects,0,100,0,0
V7E004,1830034,42,hider,no_objects,0,32,0,0
V7E004,1830035,42,seeker,full,1,32,0,1
V7E004,1830035,42,hider,full,0,3,0,0
V7E004,1830035,42,seeker,no_block,1,32,0,1
V7E004,1830035,42,hider,no_block,0,31,0,0
V7E004,1830035,42,seeker,no_ramp,1,15,2,0
V7E004,1830035,42,hider,no_ramp,0,19,0,0
V7E004,1830035,42,seeker,no_objects,1,15,0,0
V7E004,1830035,42,hider,no_objects,0,15,0,0
V7E004,1830036,42,seeker,full,1,2,0,1
V7E004,1830036,42,hider,full,0,6,0,0
V7E004,1830036,42,seeker,no_block,1,2,0,1
V7E004,1830036,42,hider,no_block,0,6,0,0
V7E004,1830036,42,seeker,no_ramp,0,100,0,0
V7E004,1830036,42,hider,no_ramp,0,23,0,0
V7E004,1830036,42,seeker,no_objects,1,9,0,0
V7E004,1830036,42,hider,no_objects,0,23,0,0
V7E004,1830037,42,seeker,full,1,1,0,0
V7E004,1830037,42,hider,full,0,4,0,0
V7E004,1830037,42,seeker,no_block,1,1,0,0
V7E004,1830037,42,hider,no_block,0,4,0,0
V7E004,1830037,42,seeker,no_ramp,1,1,0,0
V7E004,1830037,42,hider,no_ramp,0,4,0,0
V7E004,1830037,42,seeker,no_objects,1,1,0,0
V7E004,1830037,42,hider,no_objects,0,4,0,0
V7E004,1830038,42,seeker,full,1,1,0,0
V7E004,1830038,42,hider,full,0,1,0,0
V7E004,1830038,42,seeker,no_block,1,1,0,0
V7E004,1830038,42,hider,no_block,0,1,0,0
V7E004,1830038,42,seeker,no_ramp,1,1,0,0
V7E004,1830038,42,hider,no_ramp,0,1,0,0
V7E004,1830038,42,seeker,no_objects,1,1,0,0
V7E004,1830038,42,hider,no_objects,0,1,0,0
V7E004,1830039,42,seeker,full,0,100,0,0
V7E004,1830039,42,hider,full,0,44,0,0
V7E004,1830039,42,seeker,no_block,0,100,0,0
V7E004,1830039,42,hider,no_block,0,44,0,0
V7E004,1830039,42,seeker,no_ramp,0,100,0,0
V7E004,1830039,42,hider,no_ramp,0,44,0,0
V7E004,1830039,42,seeker,no_objects,0,100,0,0
V7E004,1830039,42,hider,no_objects,0,44,0,0
V7E004,1830040,42,seeker,full,1,1,0,0
V7E004,1830040,42,hider,full,0,7,0,0
V7E004,1830040,42,seeker,no_block,1,1,0,0
V7E004,1830040,42,hider,no_block,0,7,0,0
V7E004,1830040,42,seeker,no_ramp,1,1,0,0
V7E004,1830040,42,hider,no_ramp,0,7,0,0
V7E004,1830040,42,seeker,no_objects,1,1,0,0
V7E004,1830040,42,hider,no_objects,0,7,0,0
V7E004,1830041,42,seeker,full,1,13,0,1
V7E004,1830041,42,hider,full,0,11,0,0
V7E004,1830041,42,seeker,no_block,1,13,0,1
V7E004,1830041,42,hider,no_block,0,11,0,0
V7E004,1830041,42,seeker,no_ramp,0,100,0,0
V7E004,1830041,42,hider,no_ramp,0,34,0,0
V7E004,1830041,42,seeker,no_objects,1,20,0,0
V7E004,1830041,42,hider,no_objects,0,34,0,0
V7E004,1830042,42,seeker,full,1,28,0,0
V7E004,1830042,42,hider,full,1,100,0,0
V7E004,1830042,42,seeker,no_block,1,28,0,0
V7E004,1830042,42,hider,no_block,1,100,0,0
V7E004,1830042,42,seeker,no_ramp,1,28,0,0
V7E004,1830042,42,hider,no_ramp,1,100,0,0
V7E004,1830042,42,seeker,no_objects,1,28,0,0
V7E004,1830042,42,hider,no_objects,1,100,0,0
V7E004,1830043,42,seeker,full,1,25,2,1
V7E004,1830043,42,hider,full,0,16,0,0
V7E004,1830043,42,seeker,no_block,1,25,0,1
V7E004,1830043,42,hider,no_block,0,16,0,0
V7E004,1830043,42,seeker,no_ramp,0,100,2,0
V7E004,1830043,42,hider,no_ramp,0,37,0,0
V7E004,1830043,42,seeker,no_objects,0,100,0,0
V7E004,1830043,42,hider,no_objects,0,37,0,0
V7E004,1830044,42,seeker,full,1,18,2,1
V7E004,1830044,42,hider,full,0,21,0,0
V7E004,1830044,42,seeker,no_block,1,18,0,1
V7E004,1830044,42,hider,no_block,0,21,0,0
V7E004,1830044,42,seeker,no_ramp,0,100,2,0
V7E004,1830044,42,hider,no_ramp,0,40,0,0
V7E004,1830044,42,seeker,no_objects,0,100,0,0
V7E004,1830044,42,hider,no_objects,0,40,0,0
V7E004,1830045,42,seeker,full,1,3,0,0
V7E004,1830045,42,hider,full,0,5,0,0
V7E004,1830045,42,seeker,no_block,1,3,0,0
V7E004,1830045,42,hider,no_block,0,5,0,0
V7E004,1830045,42,seeker,no_ramp,1,3,0,0
V7E004,1830045,42,hider,no_ramp,0,5,0,0
V7E004,1830045,42,seeker,no_objects,1,3,0,0
V7E004,1830045,42,hider,no_objects,0,5,0,0
V7E004,1830046,42,seeker,full,1,2,0,0
V7E004,1830046,42,hider,full,0,3,0,0
V7E004,1830046,42,seeker,no_block,1,2,0,0
V7E004,1830046,42,hider,no_block,0,3,0,0
V7E004,1830046,42,seeker,no_ramp,1,2,0,0
V7E004,1830046,42,hider,no_ramp,0,3,0,0
V7E004,1830046,42,seeker,no_objects,1,2,0,0
V7E004,1830046,42,hider,no_objects,0,3,0,0
V7E004,1830047,42,seeker,full,1,2,0,0
V7E004,1830047,42,hider,full,0,5,0,0
V7E004,1830047,42,seeker,no_block,1,2,0,0
V7E004,1830047,42,hider,no_block,0,5,0,0
V7E004,1830047,42,seeker,no_ramp,1,2,0,0
V7E004,1830047,42,hider,no_ramp,0,5,0,0
V7E004,1830047,42,seeker,no_objects,1,2,0,0
V7E004,1830047,42,hider,no_objects,0,5,0,0
V7E004,1830048,42,seeker,full,1,12,0,1
V7E004,1830048,42,hider,full,0,11,0,0
V7E004,1830048,42,seeker,no_block,1,12,0,1
V7E004,1830048,42,hider,no_block,0,11,0,0
V7E004,1830048,42,seeker,no_ramp,0,100,0,0
V7E004,1830048,42,hider,no_ramp,0,18,0,0
V7E004,1830048,42,seeker,no_objects,1,17,0,0
V7E004,1830048,42,hider,no_objects,0,17,0,0
V7E004,1830049,42,seeker,full,0,100,0,0
V7E004,1830049,42,hider,full,0,47,0,0
V7E004,1830049,42,seeker,no_block,1,41,0,0
V7E004,1830049,42,hider,no_block,0,47,0,0
V7E004,1830049,42,seeker,no_ramp,0,100,0,0
V7E004,1830049,42,hider,no_ramp,0,48,0,0
V7E004,1830049,42,seeker,no_objects,1,41,0,0
V7E004,1830049,42,hider,no_objects,0,48,0,0
V7E004,1830050,42,seeker,full,1,7,0,0
V7E004,1830050,42,hider,full,0,4,0,0
V7E004,1830050,42,seeker,no_block,1,7,0,0
V7E004,1830050,42,hider,no_block,0,4,0,0
V7E004,1830050,42,seeker,no_ramp,1,7,0,0
V7E004,1830050,42,hider,no_ramp,0,4,0,0
V7E004,1830050,42,seeker,no_objects,1,7,0,0
V7E004,1830050,42,hider,no_objects,0,4,0,0
V7E004,1830051,42,seeker,full,1,11,0,1
V7E004,1830051,42,hider,full,0,10,0,0
V7E004,1830051,42,seeker,no_block,1,11,0,1
V7E004,1830051,42,hider,no_block,0,10,0,0
V7E004,1830051,42,seeker,no_ramp,0,100,0,0
V7E004,1830051,42,hider,no_ramp,0,17,0,0
V7E004,1830051,42,seeker,no_objects,1,16,0,0
V7E004,1830051,42,hider,no_objects,0,16,0,0
V7E004,1830052,42,seeker,full,1,38,0,0
V7E004,1830052,42,hider,full,0,37,0,0
V7E004,1830052,42,seeker,no_block,1,38,0,0
V7E004,1830052,42,hider,no_block,0,37,0,0
V7E004,1830052,42,seeker,no_ramp,1,38,0,0
V7E004,1830052,42,hider,no_ramp,0,37,0,0
V7E004,1830052,42,seeker,no_objects,1,38,0,0
V7E004,1830052,42,hider,no_objects,0,37,0,0
V7E004,1830053,42,seeker,full,1,4,0,0
V7E004,1830053,42,hider,full,0,6,0,0
V7E004,1830053,42,seeker,no_block,1,4,0,0
V7E004,1830053,42,hider,no_block,0,6,0,0
V7E004,1830053,42,seeker,no_ramp,1,4,0,0
V7E004,1830053,42,hider,no_ramp,0,6,0,0
V7E004,1830053,42,seeker,no_objects,1,4,0,0
V7E004,1830053,42,hider,no_objects,0,6,0,0
V7E004,1830054,42,seeker,full,1,16,0,1
V7E004,1830054,42,hider,full,0,8,0,0
V7E004,1830054,42,seeker,no_block,1,16,0,1
V7E004,1830054,42,hider,no_block,0,8,0,0
V7E004,1830054,42,seeker,no_ramp,1,37,2,0
V7E004,1830054,42,hider,no_ramp,0,29,0,0
V7E004,1830054,42,seeker,no_objects,1,37,0,0
V7E004,1830054,42,hider,no_objects,0,29,0,0
V7E004,1830055,42,seeker,full,1,10,0,1
V7E004,1830055,42,hider,full,0,4,0,0
V7E004,1830055,42,seeker,no_block,1,10,0,1
V7E004,1830055,42,hider,no_block,0,4,0,0
V7E004,1830055,42,seeker,no_ramp,0,100,0,0
V7E004,1830055,42,hider,no_ramp,0,29,0,0
V7E004,1830055,42,seeker,no_objects,1,15,0,0
V7E004,1830055,42,hider,no_objects,0,29,0,0
V7E004,1830056,42,seeker,full,1,32,0,1
V7E004,1830056,42,hider,full,0,3,0,0
V7E004,1830056,42,seeker,no_block,1,32,0,1
V7E004,1830056,42,hider,no_block,0,31,0,0
V7E004,1830056,42,seeker,no_ramp,1,15,2,0
V7E004,1830056,42,hider,no_ramp,0,19,0,0
V7E004,1830056,42,seeker,no_objects,1,15,0,0
V7E004,1830056,42,hider,no_objects,0,15,0,0
V7E004,1830057,42,seeker,full,0,100,0,0
V7E004,1830057,42,hider,full,0,49,0,0
V7E004,1830057,42,seeker,no_block,1,43,0,0
V7E004,1830057,42,hider,no_block,0,49,0,0
V7E004,1830057,42,seeker,no_ramp,0,100,0,0
V7E004,1830057,42,hider,no_ramp,0,49,0,0
V7E004,1830057,42,seeker,no_objects,1,43,0,0
V7E004,1830057,42,hider,no_objects,0,49,0,0
V7E004,1830058,42,seeker,full,0,100,0,0
V7E004,1830058,42,hider,full,0,44,0,0
V7E004,1830058,42,seeker,no_block,1,38,0,0
V7E004,1830058,42,hider,no_block,0,44,0,0
V7E004,1830058,42,seeker,no_ramp,0,100,0,0
V7E004,1830058,42,hider,no_ramp,0,44,0,0
V7E004,1830058,42,seeker,no_objects,1,38,0,0
V7E004,1830058,42,hider,no_objects,0,44,0,0
V7E004,1830059,42,seeker,full,1,36,0,0
V7E004,1830059,42,hider,full,0,8,0,0
V7E004,1830059,42,seeker,no_block,1,36,0,0
V7E004,1830059,42,hider,no_block,0,8,0,0
V7E004,1830059,42,seeker,no_ramp,1,36,0,0
V7E004,1830059,42,hider,no_ramp,0,8,0,0
V7E004,1830059,42,seeker,no_objects,1,36,0,0
V7E004,1830059,42,hider,no_objects,0,8,0,0
V7E004,1830060,42,seeker,full,0,100,0,1
V7E004,1830060,42,hider,full,0,43,0,0
V7E004,1830060,42,seeker,no_block,1,50,0,1
V7E004,1830060,42,hider,no_block,0,42,0,0
V7E004,1830060,42,seeker,no_ramp,1,9,0,0
V7E004,1830060,42,hider,no_ramp,0,8,0,0
V7E004,1830060,42,seeker,no_objects,1,9,0,0
V7E004,1830060,42,hider,no_objects,0,8,0,0
V7E004,1830061,42,seeker,full,0,100,0,0
V7E004,1830061,42,hider,full,0,49,0,0
V7E004,1830061,42,seeker,no_block,1,43,0,0
V7E004,1830061,42,hider,no_block,0,49,0,0
V7E004,1830061,42,seeker,no_ramp,0,100,0,0
V7E004,1830061,42,hider,no_ramp,0,49,0,0
V7E004,1830061,42,seeker,no_objects,1,43,0,0
V7E004,1830061,42,hider,no_objects,0,49,0,0
V7E004,1830062,42,seeker,full,0,100,1,0
V7E004,1830062,42,hider,full,0,23,0,0
V7E004,1830062,42,seeker,no_block,1,22,0,0
V7E004,1830062,42,hider,no_block,0,22,0,0
V7E004,1830062,42,seeker,no_ramp,0,100,1,0
V7E004,1830062,42,hider,no_ramp,0,23,0,0
V7E004,1830062,42,seeker,no_objects,1,22,0,0
V7E004,1830062,42,hider,no_objects,0,22,0,0
V7E004,1830063,42,seeker,full,1,24,2,0
V7E004,1830063,42,hider,full,0,16,0,0
V7E004,1830063,42,seeker,no_block,1,24,0,0
V7E004,1830063,42,hider,no_block,0,16,0,0
V7E004,1830063,42,seeker,no_ramp,1,24,2,0
V7E004,1830063,42,hider,no_ramp,0,16,0,0
V7E004,1830063,42,seeker,no_objects,1,24,0,0
V7E004,1830063,42,hider,no_objects,0,16,0,0
V7E004,1830064,42,seeker,full,1,1,0,0
V7E004,1830064,42,hider,full,0,2,0,0
V7E004,1830064,42,seeker,no_block,1,1,0,0
V7E004,1830064,42,hider,no_block,0,2,0,0
V7E004,1830064,42,seeker,no_ramp,1,1,0,0
V7E004,1830064,42,hider,no_ramp,0,2,0,0
V7E004,1830064,42,seeker,no_objects,1,1,0,0
V7E004,1830064,42,hider,no_objects,0,2,0,0
V7E004,1830065,42,seeker,full,1,14,0,1
V7E004,1830065,42,hider,full,0,7,0,0
V7E004,1830065,42,seeker,no_block,1,14,0,1
V7E004,1830065,42,hider,no_block,0,7,0,0
V7E004,1830065,42,seeker,no_ramp,1,31,2,0
V7E004,1830065,42,hider,no_ramp,0,23,0,0
V7E004,1830065,42,seeker,no_objects,1,31,0,0
V7E004,1830065,42,hider,no_objects,0,23,0,0
V7E004,1830066,42,seeker,full,1,3,0,0
V7E004,1830066,42,hider,full,0,2,0,0
V7E004,1830066,42,seeker,no_block,1,3,0,0
V7E004,1830066,42,hider,no_block,0,2,0,0
V7E004,1830066,42,seeker,no_ramp,1,3,0,0
V7E004,1830066,42,hider,no_ramp,0,2,0,0
V7E004,1830066,42,seeker,no_objects,1,3,0,0
V7E004,1830066,42,hider,no_objects,0,2,0,0
V7E004,1830067,42,seeker,full,1,34,0,0
V7E004,1830067,42,hider,full,0,33,0,0
V7E004,1830067,42,seeker,no_block,1,34,0,0
V7E004,1830067,42,hider,no_block,0,33,0,0
V7E004,1830067,42,seeker,no_ramp,1,34,0,0
V7E004,1830067,42,hider,no_ramp,0,33,0,0
V7E004,1830067,42,seeker,no_objects,1,34,0,0
V7E004,1830067,42,hider,no_objects,0,33,0,0
V7E004,1830068,42,seeker,full,0,100,0,0
V7E004,1830068,42,hider,full,0,45,0,0
V7E004,1830068,42,seeker,no_block,1,39,0,0
V7E004,1830068,42,hider,no_block,0,45,0,0
V7E004,1830068,42,seeker,no_ramp,0,100,0,0
V7E004,1830068,42,hider,no_ramp,0,45,0,0
V7E004,1830068,42,seeker,no_objects,1,39,0,0
V7E004,1830068,42,hider,no_objects,0,45,0,0
V7E004,1830069,42,seeker,full,0,100,0,0
V7E004,1830069,42,hider,full,0,44,0,0
V7E004,1830069,42,seeker,no_block,1,43,0,0
V7E004,1830069,42,hider,no_block,0,43,0,0
V7E004,1830069,42,seeker,no_ramp,0,100,0,0
V7E004,1830069,42,hider,no_ramp,0,44,0,0
V7E004,1830069,42,seeker,no_objects,1,43,0,0
V7E004,1830069,42,hider,no_objects,0,43,0,0
V7E004,1830070,42,seeker,full,0,100,0,0
V7E004,1830070,42,hider,full,0,49,0,0
V7E004,1830070,42,seeker,no_block,1,43,0,0
V7E004,1830070,42,hider,no_block,0,49,0,0
V7E004,1830070,42,seeker,no_ramp,0,100,0,0
V7E004,1830070,42,hider,no_ramp,0,49,0,0
V7E004,1830070,42,seeker,no_objects,1,43,0,0
V7E004,1830070,42,hider,no_objects,0,49,0,0
V7E004,1830071,42,seeker,full,0,100,0,0
V7E004,1830071,42,hider,full,0,46,0,0
V7E004,1830071,42,seeker,no_block,1,40,0,0
V7E004,1830071,42,hider,no_block,0,46,0,0
V7E004,1830071,42,seeker,no_ramp,0,100,0,0
V7E004,1830071,42,hider,no_ramp,0,47,0,0
V7E004,1830071,42,seeker,no_objects,1,40,0,0
V7E004,1830071,42,hider,no_objects,0,47,0,0
V7E004,1830072,42,seeker,full,1,12,0,0
V7E004,1830072,42,hider,full,0,5,0,0
V7E004,1830072,42,seeker,no_block,1,12,0,0
V7E004,1830072,42,hider,no_block,0,5,0,0
V7E004,1830072,42,seeker,no_ramp,1,12,0,0
V7E004,1830072,42,hider,no_ramp,0,5,0,0
V7E004,1830072,42,seeker,no_objects,1,12,0,0
V7E004,1830072,42,hider,no_objects,0,5,0,0
V7E004,1830073,42,seeker,full,1,7,0,0
V7E004,1830073,42,hider,full,0,2,0,0
V7E004,1830073,42,seeker,no_block,1,7,0,0
V7E004,1830073,42,hider,no_block,0,2,0,0
V7E004,1830073,42,seeker,no_ramp,1,7,0,0
V7E004,1830073,42,hider,no_ramp,0,2,0,0
V7E004,1830073,42,seeker,no_objects,1,7,0,0
V7E004,1830073,42,hider,no_objects,0,2,0,0
V7E004,1830074,42,seeker,full,0,100,0,0
V7E004,1830074,42,hider,full,0,47,0,0
V7E004,1830074,42,seeker,no_block,0,100,0,0
V7E004,1830074,42,hider,no_block,0,47,0,0
V7E004,1830074,42,seeker,no_ramp,0,100,0,0
V7E004,1830074,42,hider,no_ramp,0,47,0,0
V7E004,1830074,42,seeker,no_objects,0,100,0,0
V7E004,1830074,42,hider,no_objects,0,47,0,0
V7E004,1830075,42,seeker,full,1,13,0,0
V7E004,1830075,42,hider,full,0,5,0,0
V7E004,1830075,42,seeker,no_block,1,13,0,0
V7E004,1830075,42,hider,no_block,0,5,0,0
V7E004,1830075,42,seeker,no_ramp,1,13,0,0
V7E004,1830075,42,hider,no_ramp,0,5,0,0
V7E004,1830075,42,seeker,no_objects,1,13,0,0
V7E004,1830075,42,hider,no_objects,0,5,0,0
V7E004,1830076,42,seeker,full,1,9,0,0
V7E004,1830076,42,hider,full,0,4,0,0
V7E004,1830076,42,seeker,no_block,1,9,0,0
V7E004,1830076,42,hider,no_block,0,4,0,0
V7E004,1830076,42,seeker,no_ramp,1,9,0,0
V7E004,1830076,42,hider,no_ramp,0,4,0,0
V7E004,1830076,42,seeker,no_objects,1,9,0,0
V7E004,1830076,42,hider,no_objects,0,4,0,0
V7E004,1830077,42,seeker,full,1,38,0,0
V7E004,1830077,42,hider,full,0,37,0,0
V7E004,1830077,42,seeker,no_block,1,38,0,0
V7E004,1830077,42,hider,no_block,0,37,0,0
V7E004,1830077,42,seeker,no_ramp,1,38,0,0
V7E004,1830077,42,hider,no_ramp,0,37,0,0
V7E004,1830077,42,seeker,no_objects,1,38,0,0
V7E004,1830077,42,hider,no_objects,0,37,0,0
V7E004,1830078,42,seeker,full,1,7,0,0
V7E004,1830078,42,hider,full,0,6,0,0
V7E004,1830078,42,seeker,no_block,1,7,0,0
V7E004,1830078,42,hider,no_block,0,6,0,0
V7E004,1830078,42,seeker,no_ramp,1,7,0,0
V7E004,1830078,42,hider,no_ramp,0,6,0,0
V7E004,1830078,42,seeker,no_objects,1,7,0,0
V7E004,1830078,42,hider,no_objects,0,6,0,0
V7E004,1830079,42,seeker,full,1,4,0,0
V7E004,1830079,42,hider,full,0,5,0,0
V7E004,1830079,42,seeker,no_block,1,4,0,0
V7E004,1830079,42,hider,no_block,0,5,0,0
V7E004,1830079,42,seeker,no_ramp,1,4,0,0
V7E004,1830079,42,hider,no_ramp,0,5,0,0
V7E004,1830079,42,seeker,no_objects,1,4,0,0
V7E004,1830079,42,hider,no_objects,0,5,0,0
V7E004,1830080,42,seeker,full,1,29,0,0
V7E004,1830080,42,hider,full,0,4,0,0
V7E004,1830080,42,seeker,no_block,1,29,0,0
V7E004,1830080,42,hider,no_block,0,4,0,0
V7E004,1830080,42,seeker,no_ramp,1,29,0,0
V7E004,1830080,42,hider,no_ramp,0,4,0,0
V7E004,1830080,42,seeker,no_objects,1,29,0,0
V7E004,1830080,42,hider,no_objects,0,4,0,0
V7E004,1830081,42,seeker,full,1,25,2,1
V7E004,1830081,42,hider,full,0,16,0,0
V7E004,1830081,42,seeker,no_block,1,25,0,1
V7E004,1830081,42,hider,no_block,0,16,0,0
V7E004,1830081,42,seeker,no_ramp,0,100,2,0
V7E004,1830081,42,hider,no_ramp,0,37,0,0
V7E004,1830081,42,seeker,no_objects,0,100,0,0
V7E004,1830081,42,hider,no_objects,0,37,0,0
V7E004,1830082,42,seeker,full,0,100,0,0
V7E004,1830082,42,hider,full,0,46,0,0
V7E004,1830082,42,seeker,no_block,1,45,0,0
V7E004,1830082,42,hider,no_block,0,45,0,0
V7E004,1830082,42,seeker,no_ramp,0,100,0,0
V7E004,1830082,42,hider,no_ramp,0,46,0,0
V7E004,1830082,42,seeker,no_objects,1,45,0,0
V7E004,1830082,42,hider,no_objects,0,45,0,0
V7E004,1830083,42,seeker,full,1,6,0,0
V7E004,1830083,42,hider,full,0,4,0,0
V7E004,1830083,42,seeker,no_block,1,6,0,0
V7E004,1830083,42,hider,no_block,0,4,0,0
V7E004,1830083,42,seeker,no_ramp,1,6,0,0
V7E004,1830083,42,hider,no_ramp,0,4,0,0
V7E004,1830083,42,seeker,no_objects,1,6,0,0
V7E004,1830083,42,hider,no_objects,0,4,0,0
V7E004,1830084,42,seeker,full,1,16,0,0
V7E004,1830084,42,hider,full,0,9,0,0
V7E004,1830084,42,seeker,no_block,1,16,0,0
V7E004,1830084,42,hider,no_block,0,9,0,0
V7E004,1830084,42,seeker,no_ramp,1,16,0,0
V7E004,1830084,42,hider,no_ramp,0,9,0,0
V7E004,1830084,42,seeker,no_objects,1,16,0,0
V7E004,1830084,42,hider,no_objects,0,9,0,0
V7E004,1830085,42,seeker,full,1,35,0,0
V7E004,1830085,42,hider,full,1,100,0,0
V7E004,1830085,42,seeker,no_block,1,35,0,0
V7E004,1830085,42,hider,no_block,1,100,0,0
V7E004,1830085,42,seeker,no_ramp,1,35,0,0
V7E004,1830085,42,hider,no_ramp,1,100,0,0
V7E004,1830085,42,seeker,no_objects,1,35,0,0
V7E004,1830085,42,hider,no_objects,1,100,0,0
V7E004,1830086,42,seeker,full,1,19,2,1
V7E004,1830086,42,hider,full,0,17,0,0
V7E004,1830086,42,seeker,no_block,1,19,0,1
V7E004,1830086,42,hider,no_block,0,17,0,0
V7E004,1830086,42,seeker,no_ramp,0,100,2,0
V7E004,1830086,42,hider,no_ramp,0,38,0,0
V7E004,1830086,42,seeker,no_objects,0,100,0,0
V7E004,1830086,42,hider,no_objects,0,38,0,0
V7E004,1830087,42,seeker,full,0,100,0,0
V7E004,1830087,42,hider,full,0,43,0,0
V7E004,1830087,42,seeker,no_block,1,37,0,0
V7E004,1830087,42,hider,no_block,0,43,0,0
V7E004,1830087,42,seeker,no_ramp,0,100,0,0
V7E004,1830087,42,hider,no_ramp,0,42,0,0
V7E004,1830087,42,seeker,no_objects,1,37,0,0
V7E004,1830087,42,hider,no_objects,0,42,0,0
V7E004,1830088,42,seeker,full,0,100,0,1
V7E004,1830088,42,hider,full,0,44,0,0
V7E004,1830088,42,seeker,no_block,1,49,0,1
V7E004,1830088,42,hider,no_block,0,43,0,0
V7E004,1830088,42,seeker,no_ramp,1,14,0,0
V7E004,1830088,42,hider,no_ramp,0,13,0,0
V7E004,1830088,42,seeker,no_objects,1,14,0,0
V7E004,1830088,42,hider,no_objects,0,13,0,0
V7E004,1830089,42,seeker,full,0,100,0,0
V7E004,1830089,42,hider,full,0,47,0,0
V7E004,1830089,42,seeker,no_block,0,100,0,0
V7E004,1830089,42,hider,no_block,0,47,0,0
V7E004,1830089,42,seeker,no_ramp,0,100,0,0
V7E004,1830089,42,hider,no_ramp,0,47,0,0
V7E004,1830089,42,seeker,no_objects,0,100,0,0
V7E004,1830089,42,hider,no_objects,0,47,0,0
V7E004,1830090,42,seeker,full,1,29,2,1
V7E004,1830090,42,hider,full,0,22,0,0
V7E004,1830090,42,seeker,no_block,1,29,0,1
V7E004,1830090,42,hider,no_block,0,22,0,0
V7E004,1830090,42,seeker,no_ramp,0,100,2,0
V7E004,1830090,42,hider,no_ramp,0,41,0,0
V7E004,1830090,42,seeker,no_objects,0,100,0,0
V7E004,1830090,42,hider,no_objects,0,41,0,0
V7E004,1830091,42,seeker,full,1,9,0,1
V7E004,1830091,42,hider,full,0,7,0,0
V7E004,1830091,42,seeker,no_block,1,9,0,1
V7E004,1830091,42,hider,no_block,0,7,0,0
V7E004,1830091,42,seeker,no_ramp,0,100,0,0
V7E004,1830091,42,hider,no_ramp,0,28,0,0
V7E004,1830091,42,seeker,no_objects,1,14,0,0
V7E004,1830091,42,hider,no_objects,0,28,0,0
V7E004,1830092,42,seeker,full,1,3,0,1
V7E004,1830092,42,hider,full,0,6,0,0
V7E004,1830092,42,seeker,no_block,1,3,0,1
V7E004,1830092,42,hider,no_block,0,6,0,0
V7E004,1830092,42,seeker,no_ramp,1,20,2,0
V7E004,1830092,42,hider,no_ramp,0,23,0,0
V7E004,1830092,42,seeker,no_objects,1,20,0,0
V7E004,1830092,42,hider,no_objects,0,23,0,0
V7E004,1830093,42,seeker,full,0,100,1,0
V7E004,1830093,42,hider,full,0,23,0,0
V7E004,1830093,42,seeker,no_block,1,22,0,0
V7E004,1830093,42,hider,no_block,0,22,0,0
V7E004,1830093,42,seeker,no_ramp,0,100,1,0
V7E004,1830093,42,hider,no_ramp,0,23,0,0
V7E004,1830093,42,seeker,no_objects,1,22,0,0
V7E004,1830093,42,hider,no_objects,0,22,0,0
V7E004,1830094,42,seeker,full,0,100,0,0
V7E004,1830094,42,hider,full,0,27,0,0
V7E004,1830094,42,seeker,no_block,1,21,0,0
V7E004,1830094,42,hider,no_block,0,27,0,0
V7E004,1830094,42,seeker,no_ramp,0,100,0,0
V7E004,1830094,42,hider,no_ramp,0,27,0,0
V7E004,1830094,42,seeker,no_objects,1,21,0,0
V7E004,1830094,42,hider,no_objects,0,27,0,0
V7E004,1830095,42,seeker,full,0,100,0,0
V7E004,1830095,42,hider,full,0,46,0,0
V7E004,1830095,42,seeker,no_block,0,100,0,0
V7E004,1830095,42,hider,no_block,0,46,0,0
V7E004,1830095,42,seeker,no_ramp,0,100,0,0
V7E004,1830095,42,hider,no_ramp,0,46,0,0
V7E004,1830095,42,seeker,no_objects,0,100,0,0
V7E004,1830095,42,hider,no_objects,0,46,0,0
V7E004,1830096,42,seeker,full,0,100,0,0
V7E004,1830096,42,hider,full,0,48,0,0
V7E004,1830096,42,seeker,no_block,1,42,0,0
V7E004,1830096,42,hider,no_block,0,48,0,0
V7E004,1830096,42,seeker,no_ramp,0,100,0,0
V7E004,1830096,42,hider,no_ramp,0,49,0,0
V7E004,1830096,42,seeker,no_objects,1,42,0,0
V7E004,1830096,42,hider,no_objects,0,49,0,0
V7E004,1830097,42,seeker,full,0,100,0,0
V7E004,1830097,42,hider,full,0,46,0,0
V7E004,1830097,42,seeker,no_block,1,40,0,0
V7E004,1830097,42,hider,no_block,0,46,0,0
V7E004,1830097,42,seeker,no_ramp,0,100,0,0
V7E004,1830097,42,hider,no_ramp,0,46,0,0
V7E004,1830097,42,seeker,no_objects,1,40,0,0
V7E004,1830097,42,hider,no_objects,0,46,0,0
V7E004,1830098,42,seeker,full,1,2,0,0
V7E004,1830098,42,hider,full,0,11,0,0
V7E004,1830098,42,seeker,no_block,1,2,0,0
V7E004,1830098,42,hider,no_block,0,11,0,0
V7E004,1830098,42,seeker,no_ramp,1,2,0,0
V7E004,1830098,42,hider,no_ramp,0,11,0,0
V7E004,1830098,42,seeker,no_objects,1,2,0,0
V7E004,1830098,42,hider,no_objects,0,11,0,0
V7E004,1830099,42,seeker,full,1,35,0,0
V7E004,1830099,42,hider,full,0,7,0,0
V7E004,1830099,42,seeker,no_block,1,35,0,0
V7E004,1830099,42,hider,no_block,0,7,0,0
V7E004,1830099,42,seeker,no_ramp,1,35,0,0
V7E004,1830099,42,hider,no_ramp,0,7,0,0
V7E004,1830099,42,seeker,no_objects,1,35,0,0
V7E004,1830099,42,hider,no_objects,0,7,0,0
V7E005,1840000,42,seeker,full,1,15,0,0
V7E005,1840000,42,hider,full,0,14,2,0
V7E005,1840000,42,seeker,no_block,1,16,0,0
V7E005,1840000,42,hider,no_block,0,15,0,0
V7E005,1840000,42,seeker,no_ramp,1,15,0,0
V7E005,1840000,42,hider,no_ramp,0,14,2,0
V7E005,1840000,42,seeker,no_objects,1,16,0,0
V7E005,1840000,42,hider,no_objects,0,15,0,0
V7E005,1840001,42,seeker,full,0,100,0,0
V7E005,1840001,42,hider,full,1,100,0,0
V7E005,1840001,42,seeker,no_block,1,3,0,0
V7E005,1840001,42,hider,no_block,0,3,0,0
V7E005,1840001,42,seeker,no_ramp,0,100,0,0
V7E005,1840001,42,hider,no_ramp,1,100,0,0
V7E005,1840001,42,seeker,no_objects,1,3,0,0
V7E005,1840001,42,hider,no_objects,0,3,0,0
V7E005,1840002,42,seeker,full,1,15,2,0
V7E005,1840002,42,hider,full,0,14,0,0
V7E005,1840002,42,seeker,no_block,1,17,0,0
V7E005,1840002,42,hider,no_block,0,10,0,0
V7E005,1840002,42,seeker,no_ramp,1,15,2,0
V7E005,1840002,42,hider,no_ramp,0,14,0,0
V7E005,1840002,42,seeker,no_objects,1,17,0,0
V7E005,1840002,42,hider,no_objects,0,16,0,0
V7E005,1840003,42,seeker,full,0,100,1,0
V7E005,1840003,42,hider,full,0,17,0,0
V7E005,1840003,42,seeker,no_block,1,8,0,0
V7E005,1840003,42,hider,no_block,0,7,0,0
V7E005,1840003,42,seeker,no_ramp,0,100,1,0
V7E005,1840003,42,hider,no_ramp,1,100,0,0
V7E005,1840003,42,seeker,no_objects,1,8,0,0
V7E005,1840003,42,hider,no_objects,0,7,0,0
V7E005,1840004,42,seeker,full,1,40,2,0
V7E005,1840004,42,hider,full,0,45,0,1
V7E005,1840004,42,seeker,no_block,1,42,0,0
V7E005,1840004,42,hider,no_block,0,47,0,1
V7E005,1840004,42,seeker,no_ramp,1,40,2,0
V7E005,1840004,42,hider,no_ramp,0,39,0,0
V7E005,1840004,42,seeker,no_objects,1,42,0,0
V7E005,1840004,42,hider,no_objects,0,41,0,0
V7E005,1840005,42,seeker,full,1,4,0,0
V7E005,1840005,42,hider,full,0,3,0,0
V7E005,1840005,42,seeker,no_block,1,4,0,0
V7E005,1840005,42,hider,no_block,0,3,0,0
V7E005,1840005,42,seeker,no_ramp,1,4,0,0
V7E005,1840005,42,hider,no_ramp,0,3,0,0
V7E005,1840005,42,seeker,no_objects,1,4,0,0
V7E005,1840005,42,hider,no_objects,0,3,0,0
V7E005,1840006,42,seeker,full,1,12,0,0
V7E005,1840006,42,hider,full,0,8,0,0
V7E005,1840006,42,seeker,no_block,1,12,0,0
V7E005,1840006,42,hider,no_block,0,8,0,0
V7E005,1840006,42,seeker,no_ramp,1,12,0,0
V7E005,1840006,42,hider,no_ramp,0,14,2,0
V7E005,1840006,42,seeker,no_objects,1,12,0,0
V7E005,1840006,42,hider,no_objects,0,15,0,0
V7E005,1840007,42,seeker,full,1,16,2,0
V7E005,1840007,42,hider,full,0,16,0,0
V7E005,1840007,42,seeker,no_block,1,12,0,0
V7E005,1840007,42,hider,no_block,0,14,0,0
V7E005,1840007,42,seeker,no_ramp,1,16,2,0
V7E005,1840007,42,hider,no_ramp,0,16,0,0
V7E005,1840007,42,seeker,no_objects,1,12,0,0
V7E005,1840007,42,hider,no_objects,0,12,0,0
V7E005,1840008,42,seeker,full,0,100,1,0
V7E005,1840008,42,hider,full,0,17,0,0
V7E005,1840008,42,seeker,no_block,1,8,0,0
V7E005,1840008,42,hider,no_block,0,7,0,0
V7E005,1840008,42,seeker,no_ramp,0,100,1,0
V7E005,1840008,42,hider,no_ramp,1,100,0,0
V7E005,1840008,42,seeker,no_objects,1,8,0,0
V7E005,1840008,42,hider,no_objects,0,7,0,0
V7E005,1840009,42,seeker,full,1,2,0,0
V7E005,1840009,42,hider,full,0,2,0,0
V7E005,1840009,42,seeker,no_block,1,2,0,0
V7E005,1840009,42,hider,no_block,0,2,0,0
V7E005,1840009,42,seeker,no_ramp,1,2,0,0
V7E005,1840009,42,hider,no_ramp,0,2,0,0
V7E005,1840009,42,seeker,no_objects,1,2,0,0
V7E005,1840009,42,hider,no_objects,0,2,0,0
V7E005,1840010,42,seeker,full,1,32,2,1
V7E005,1840010,42,hider,full,0,32,0,0
V7E005,1840010,42,seeker,no_block,0,100,0,0
V7E005,1840010,42,hider,no_block,0,32,0,0
V7E005,1840010,42,seeker,no_ramp,0,100,2,0
V7E005,1840010,42,hider,no_ramp,0,51,0,0
V7E005,1840010,42,seeker,no_objects,0,100,0,0
V7E005,1840010,42,hider,no_objects,0,51,0,0
V7E005,1840011,42,seeker,full,1,43,2,0
V7E005,1840011,42,hider,full,0,44,0,0
V7E005,1840011,42,seeker,no_block,1,45,0,0
V7E005,1840011,42,hider,no_block,0,46,0,0
V7E005,1840011,42,seeker,no_ramp,1,43,2,0
V7E005,1840011,42,hider,no_ramp,0,48,0,0
V7E005,1840011,42,seeker,no_objects,1,45,0,0
V7E005,1840011,42,hider,no_objects,0,50,0,0
V7E005,1840012,42,seeker,full,1,17,2,0
V7E005,1840012,42,hider,full,0,32,0,1
V7E005,1840012,42,seeker,no_block,1,17,0,0
V7E005,1840012,42,hider,no_block,0,32,0,1
V7E005,1840012,42,seeker,no_ramp,1,17,2,0
V7E005,1840012,42,hider,no_ramp,0,16,0,0
V7E005,1840012,42,seeker,no_objects,1,17,0,0
V7E005,1840012,42,hider,no_objects,0,16,0,0
V7E005,1840013,42,seeker,full,1,1,0,0
V7E005,1840013,42,hider,full,0,1,0,0
V7E005,1840013,42,seeker,no_block,1,1,0,0
V7E005,1840013,42,hider,no_block,0,1,0,0
V7E005,1840013,42,seeker,no_ramp,1,1,0,0
V7E005,1840013,42,hider,no_ramp,0,1,0,0
V7E005,1840013,42,seeker,no_objects,1,1,0,0
V7E005,1840013,42,hider,no_objects,0,1,0,0
V7E005,1840014,42,seeker,full,1,41,2,0
V7E005,1840014,42,hider,full,0,8,0,0
V7E005,1840014,42,seeker,no_block,1,45,0,0
V7E005,1840014,42,hider,no_block,0,8,0,0
V7E005,1840014,42,seeker,no_ramp,1,45,2,0
V7E005,1840014,42,hider,no_ramp,0,8,0,0
V7E005,1840014,42,seeker,no_objects,1,45,0,0
V7E005,1840014,42,hider,no_objects,0,8,0,0
V7E005,1840015,42,seeker,full,1,38,2,0
V7E005,1840015,42,hider,full,0,12,0,0
V7E005,1840015,42,seeker,no_block,1,40,0,0
V7E005,1840015,42,hider,no_block,0,12,0,0
V7E005,1840015,42,seeker,no_ramp,1,38,2,0
V7E005,1840015,42,hider,no_ramp,0,12,0,0
V7E005,1840015,42,seeker,no_objects,1,40,0,0
V7E005,1840015,42,hider,no_objects,0,12,0,0
V7E005,1840016,42,seeker,full,1,40,2,0
V7E005,1840016,42,hider,full,0,8,0,1
V7E005,1840016,42,seeker,no_block,1,42,0,0
V7E005,1840016,42,hider,no_block,0,8,0,1
V7E005,1840016,42,seeker,no_ramp,1,40,2,0
V7E005,1840016,42,hider,no_ramp,0,11,0,0
V7E005,1840016,42,seeker,no_objects,1,42,0,0
V7E005,1840016,42,hider,no_objects,0,11,0,0
V7E005,1840017,42,seeker,full,1,23,2,1
V7E005,1840017,42,hider,full,0,24,0,0
V7E005,1840017,42,seeker,no_block,1,23,0,1
V7E005,1840017,42,hider,no_block,0,24,0,0
V7E005,1840017,42,seeker,no_ramp,1,28,2,0
V7E005,1840017,42,hider,no_ramp,0,27,0,0
V7E005,1840017,42,seeker,no_objects,1,28,0,0
V7E005,1840017,42,hider,no_objects,0,27,0,0
V7E005,1840018,42,seeker,full,1,35,2,0
V7E005,1840018,42,hider,full,0,50,0,1
V7E005,1840018,42,seeker,no_block,1,37,0,0
V7E005,1840018,42,hider,no_block,0,52,0,1
V7E005,1840018,42,seeker,no_ramp,1,35,2,0
V7E005,1840018,42,hider,no_ramp,0,34,0,0
V7E005,1840018,42,seeker,no_objects,1,37,0,0
V7E005,1840018,42,hider,no_objects,0,36,0,0
V7E005,1840019,42,seeker,full,1,1,0,0
V7E005,1840019,42,hider,full,0,1,0,0
V7E005,1840019,42,seeker,no_block,1,1,0,0
V7E005,1840019,42,hider,no_block,0,1,0,0
V7E005,1840019,42,seeker,no_ramp,1,1,0,0
V7E005,1840019,42,hider,no_ramp,0,1,0,0
V7E005,1840019,42,seeker,no_objects,1,1,0,0
V7E005,1840019,42,hider,no_objects,0,1,0,0
V7E005,1840020,42,seeker,full,1,17,2,0
V7E005,1840020,42,hider,full,0,16,0,0
V7E005,1840020,42,seeker,no_block,1,19,0,0
V7E005,1840020,42,hider,no_block,0,12,0,0
V7E005,1840020,42,seeker,no_ramp,1,17,2,0
V7E005,1840020,42,hider,no_ramp,0,16,0,0
V7E005,1840020,42,seeker,no_objects,1,19,0,0
V7E005,1840020,42,hider,no_objects,0,18,0,0
V7E005,1840021,42,seeker,full,1,8,0,0
V7E005,1840021,42,hider,full,0,9,0,0
V7E005,1840021,42,seeker,no_block,1,8,0,0
V7E005,1840021,42,hider,no_block,0,9,0,0
V7E005,1840021,42,seeker,no_ramp,1,8,0,0
V7E005,1840021,42,hider,no_ramp,0,8,0,0
V7E005,1840021,42,seeker,no_objects,1,8,0,0
V7E005,1840021,42,hider,no_objects,0,8,0,0
V7E005,1840022,42,seeker,full,1,9,0,0
V7E005,1840022,42,hider,full,0,3,0,1
V7E005,1840022,42,seeker,no_block,1,9,0,0
V7E005,1840022,42,hider,no_block,0,3,0,1
V7E005,1840022,42,seeker,no_ramp,1,9,0,0
V7E005,1840022,42,hider,no_ramp,0,8,0,0
V7E005,1840022,42,seeker,no_objects,1,9,0,0
V7E005,1840022,42,hider,no_objects,0,8,0,0
V7E005,1840023,42,seeker,full,1,8,0,0
V7E005,1840023,42,hider,full,0,8,0,0
V7E005,1840023,42,seeker,no_block,1,8,0,0
V7E005,1840023,42,hider,no_block,0,8,0,0
V7E005,1840023,42,seeker,no_ramp,1,8,0,0
V7E005,1840023,42,hider,no_ramp,0,8,0,0
V7E005,1840023,42,seeker,no_objects,1,8,0,0
V7E005,1840023,42,hider,no_objects,0,13,0,0
V7E005,1840024,42,seeker,full,1,21,0,1
V7E005,1840024,42,hider,full,0,22,0,0
V7E005,1840024,42,seeker,no_block,1,21,0,1
V7E005,1840024,42,hider,no_block,0,22,0,0
V7E005,1840024,42,seeker,no_ramp,1,26,0,0
V7E005,1840024,42,hider,no_ramp,0,40,0,0
V7E005,1840024,42,seeker,no_objects,1,26,0,0
V7E005,1840024,42,hider,no_objects,0,25,0,0
V7E005,1840025,42,seeker,full,1,1,0,0
V7E005,1840025,42,hider,full,0,1,0,0
V7E005,1840025,42,seeker,no_block,1,1,0,0
V7E005,1840025,42,hider,no_block,0,1,0,0
V7E005,1840025,42,seeker,no_ramp,1,1,0,0
V7E005,1840025,42,hider,no_ramp,0,1,0,0
V7E005,1840025,42,seeker,no_objects,1,1,0,0
V7E005,1840025,42,hider,no_objects,0,1,0,0
V7E005,1840026,42,seeker,full,1,37,2,0
V7E005,1840026,42,hider,full,0,44,0,1
V7E005,1840026,42,seeker,no_block,1,39,0,0
V7E005,1840026,42,hider,no_block,0,46,0,1
V7E005,1840026,42,seeker,no_ramp,1,37,2,0
V7E005,1840026,42,hider,no_ramp,0,36,0,0
V7E005,1840026,42,seeker,no_objects,1,39,0,0
V7E005,1840026,42,hider,no_objects,0,38,0,0
V7E005,1840027,42,seeker,full,1,35,2,0
V7E005,1840027,42,hider,full,0,43,0,1
V7E005,1840027,42,seeker,no_block,1,37,0,0
V7E005,1840027,42,hider,no_block,0,45,0,1
V7E005,1840027,42,seeker,no_ramp,1,35,2,0
V7E005,1840027,42,hider,no_ramp,0,35,0,0
V7E005,1840027,42,seeker,no_objects,1,37,0,0
V7E005,1840027,42,hider,no_objects,0,37,0,0
V7E005,1840028,42,seeker,full,1,8,0,0
V7E005,1840028,42,hider,full,0,11,0,0
V7E005,1840028,42,seeker,no_block,1,8,0,0
V7E005,1840028,42,hider,no_block,0,11,0,0
V7E005,1840028,42,seeker,no_ramp,1,8,0,0
V7E005,1840028,42,hider,no_ramp,0,7,0,0
V7E005,1840028,42,seeker,no_objects,1,8,0,0
V7E005,1840028,42,hider,no_objects,0,7,0,0
V7E005,1840029,42,seeker,full,0,100,2,0
V7E005,1840029,42,hider,full,0,38,0,0
V7E005,1840029,42,seeker,no_block,0,100,0,0
V7E005,1840029,42,hider,no_block,0,40,0,0
V7E005,1840029,42,seeker,no_ramp,0,100,2,0
V7E005,1840029,42,hider,no_ramp,0,57,0,0
V7E005,1840029,42,seeker,no_objects,0,100,0,0
V7E005,1840029,42,hider,no_objects,0,59,0,0
V7E005,1840030,42,seeker,full,1,3,0,0
V7E005,1840030,42,hider,full,0,2,0,0
V7E005,1840030,42,seeker,no_block,1,3,0,0
V7E005,1840030,42,hider,no_block,0,2,0,0
V7E005,1840030,42,seeker,no_ramp,1,3,0,0
V7E005,1840030,42,hider,no_ramp,0,2,0,0
V7E005,1840030,42,seeker,no_objects,1,3,0,0
V7E005,1840030,42,hider,no_objects,0,2,0,0
V7E005,1840031,42,seeker,full,0,100,2,0
V7E005,1840031,42,hider,full,0,43,0,0
V7E005,1840031,42,seeker,no_block,0,100,0,0
V7E005,1840031,42,hider,no_block,0,45,0,0
V7E005,1840031,42,seeker,no_ramp,0,100,2,0
V7E005,1840031,42,hider,no_ramp,0,61,0,0
V7E005,1840031,42,seeker,no_objects,0,100,0,0
V7E005,1840031,42,hider,no_objects,0,63,0,0
V7E005,1840032,42,seeker,full,1,11,2,0
V7E005,1840032,42,hider,full,0,15,0,0
V7E005,1840032,42,seeker,no_block,1,11,0,0
V7E005,1840032,42,hider,no_block,0,15,0,0
V7E005,1840032,42,seeker,no_ramp,1,11,2,0
V7E005,1840032,42,hider,no_ramp,0,15,0,0
V7E005,1840032,42,seeker,no_objects,1,11,0,0
V7E005,1840032,42,hider,no_objects,0,15,0,0
V7E005,1840033,42,seeker,full,1,24,2,0
V7E005,1840033,42,hider,full,0,32,0,1
V7E005,1840033,42,seeker,no_block,1,24,0,0
V7E005,1840033,42,hider,no_block,0,32,0,1
V7E005,1840033,42,seeker,no_ramp,1,24,2,0
V7E005,1840033,42,hider,no_ramp,0,24,0,0
V7E005,1840033,42,seeker,no_objects,1,24,0,0
V7E005,1840033,42,hider,no_objects,0,24,0,0
V7E005,1840034,42,seeker,full,0,100,2,0
V7E005,1840034,42,hider,full,0,27,0,0
V7E005,1840034,42,seeker,no_block,0,100,0,0
V7E005,1840034,42,hider,no_block,0,27,0,0
V7E005,1840034,42,seeker,no_ramp,0,100,2,0
V7E005,1840034,42,hider,no_ramp,0,27,0,0
V7E005,1840034,42,seeker,no_objects,0,100,0,0
V7E005,1840034,42,hider,no_objects,0,27,0,0
V7E005,1840035,42,seeker,full,1,16,2,0
V7E005,1840035,42,hider,full,0,31,0,1
V7E005,1840035,42,seeker,no_block,1,16,0,0
V7E005,1840035,42,hider,no_block,0,31,0,1
V7E005,1840035,42,seeker,no_ramp,1,16,2,0
V7E005,1840035,42,hider,no_ramp,0,15,0,0
V7E005,1840035,42,seeker,no_objects,1,16,0,0
V7E005,1840035,42,hider,no_objects,0,15,0,0
V7E005,1840036,42,seeker,full,1,7,0,0
V7E005,1840036,42,hider,full,0,49,0,1
V7E005,1840036,42,seeker,no_block,1,7,0,0
V7E005,1840036,42,hider,no_block,0,51,0,1
V7E005,1840036,42,seeker,no_ramp,1,7,0,0
V7E005,1840036,42,hider,no_ramp,0,7,0,0
V7E005,1840036,42,seeker,no_objects,1,7,0,0
V7E005,1840036,42,hider,no_objects,0,7,0,0
V7E005,1840037,42,seeker,full,1,4,0,0
V7E005,1840037,42,hider,full,0,2,0,0
V7E005,1840037,42,seeker,no_block,1,4,0,0
V7E005,1840037,42,hider,no_block,0,2,0,0
V7E005,1840037,42,seeker,no_ramp,1,4,0,0
V7E005,1840037,42,hider,no_ramp,0,2,0,0
V7E005,1840037,42,seeker,no_objects,1,4,0,0
V7E005,1840037,42,hider,no_objects,0,2,0,0
V7E005,1840038,42,seeker,full,1,35,2,1
V7E005,1840038,42,hider,full,0,20,0,0
V7E005,1840038,42,seeker,no_block,1,35,0,1
V7E005,1840038,42,hider,no_block,0,20,0,0
V7E005,1840038,42,seeker,no_ramp,1,34,2,0
V7E005,1840038,42,hider,no_ramp,0,20,0,0
V7E005,1840038,42,seeker,no_objects,1,34,0,0
V7E005,1840038,42,hider,no_objects,0,20,0,0
V7E005,1840039,42,seeker,full,1,2,0,0
V7E005,1840039,42,hider,full,0,2,0,0
V7E005,1840039,42,seeker,no_block,1,2,0,0
V7E005,1840039,42,hider,no_block,0,2,0,0
V7E005,1840039,42,seeker,no_ramp,1,2,0,0
V7E005,1840039,42,hider,no_ramp,0,2,0,0
V7E005,1840039,42,seeker,no_objects,1,2,0,0
V7E005,1840039,42,hider,no_objects,0,2,0,0
V7E005,1840040,42,seeker,full,1,7,0,0
V7E005,1840040,42,hider,full,0,6,0,0
V7E005,1840040,42,seeker,no_block,1,7,0,0
V7E005,1840040,42,hider,no_block,0,6,0,0
V7E005,1840040,42,seeker,no_ramp,1,7,0,0
V7E005,1840040,42,hider,no_ramp,0,6,0,0
V7E005,1840040,42,seeker,no_objects,1,7,0,0
V7E005,1840040,42,hider,no_objects,0,6,0,0
V7E005,1840041,42,seeker,full,1,1,0,0
V7E005,1840041,42,hider,full,0,1,0,0
V7E005,1840041,42,seeker,no_block,1,1,0,0
V7E005,1840041,42,hider,no_block,0,1,0,0
V7E005,1840041,42,seeker,no_ramp,1,1,0,0
V7E005,1840041,42,hider,no_ramp,0,1,0,0
V7E005,1840041,42,seeker,no_objects,1,1,0,0
V7E005,1840041,42,hider,no_objects,0,1,0,0
V7E005,1840042,42,seeker,full,1,6,0,0
V7E005,1840042,42,hider,full,0,53,0,0
V7E005,1840042,42,seeker,no_block,1,6,0,0
V7E005,1840042,42,hider,no_block,0,55,0,0
V7E005,1840042,42,seeker,no_ramp,1,6,0,0
V7E005,1840042,42,hider,no_ramp,0,53,0,0
V7E005,1840042,42,seeker,no_objects,1,6,0,0
V7E005,1840042,42,hider,no_objects,0,55,0,0
V7E005,1840043,42,seeker,full,1,3,0,0
V7E005,1840043,42,hider,full,0,3,0,0
V7E005,1840043,42,seeker,no_block,1,3,0,0
V7E005,1840043,42,hider,no_block,0,3,0,0
V7E005,1840043,42,seeker,no_ramp,1,3,0,0
V7E005,1840043,42,hider,no_ramp,0,3,0,0
V7E005,1840043,42,seeker,no_objects,1,3,0,0
V7E005,1840043,42,hider,no_objects,0,3,0,0
V7E005,1840044,42,seeker,full,0,100,2,0
V7E005,1840044,42,hider,full,0,53,0,0
V7E005,1840044,42,seeker,no_block,0,100,0,0
V7E005,1840044,42,hider,no_block,0,55,0,0
V7E005,1840044,42,seeker,no_ramp,0,100,2,0
V7E005,1840044,42,hider,no_ramp,0,53,0,0
V7E005,1840044,42,seeker,no_objects,0,100,0,0
V7E005,1840044,42,hider,no_objects,0,55,0,0
V7E005,1840045,42,seeker,full,1,31,2,1
V7E005,1840045,42,hider,full,0,32,0,0
V7E005,1840045,42,seeker,no_block,1,30,0,0
V7E005,1840045,42,hider,no_block,0,32,0,0
V7E005,1840045,42,seeker,no_ramp,1,30,2,0
V7E005,1840045,42,hider,no_ramp,0,50,0,0
V7E005,1840045,42,seeker,no_objects,1,30,0,0
V7E005,1840045,42,hider,no_objects,0,35,0,0
V7E005,1840046,42,seeker,full,1,11,0,0
V7E005,1840046,42,hider,full,0,7,0,0
V7E005,1840046,42,seeker,no_block,1,11,0,0
V7E005,1840046,42,hider,no_block,0,7,0,0
V7E005,1840046,42,seeker,no_ramp,1,11,0,0
V7E005,1840046,42,hider,no_ramp,0,11,0,0
V7E005,1840046,42,seeker,no_objects,1,11,0,0
V7E005,1840046,42,hider,no_objects,0,11,0,0
V7E005,1840047,42,seeker,full,1,19,2,0
V7E005,1840047,42,hider,full,0,27,0,1
V7E005,1840047,42,seeker,no_block,1,19,0,0
V7E005,1840047,42,hider,no_block,0,27,0,1
V7E005,1840047,42,seeker,no_ramp,1,19,2,0
V7E005,1840047,42,hider,no_ramp,0,19,0,0
V7E005,1840047,42,seeker,no_objects,1,19,0,0
V7E005,1840047,42,hider,no_objects,0,19,0,0
V7E005,1840048,42,seeker,full,1,5,0,0
V7E005,1840048,42,hider,full,0,7,2,0
V7E005,1840048,42,seeker,no_block,1,5,0,0
V7E005,1840048,42,hider,no_block,0,8,0,0
V7E005,1840048,42,seeker,no_ramp,1,5,0,0
V7E005,1840048,42,hider,no_ramp,0,7,2,0
V7E005,1840048,42,seeker,no_objects,1,5,0,0
V7E005,1840048,42,hider,no_objects,0,8,0,0
V7E005,1840049,42,seeker,full,1,2,0,0
V7E005,1840049,42,hider,full,0,1,0,0
V7E005,1840049,42,seeker,no_block,1,2,0,0
V7E005,1840049,42,hider,no_block,0,1,0,0
V7E005,1840049,42,seeker,no_ramp,1,2,0,0
V7E005,1840049,42,hider,no_ramp,0,1,0,0
V7E005,1840049,42,seeker,no_objects,1,2,0,0
V7E005,1840049,42,hider,no_objects,0,1,0,0
V7E005,1840050,42,seeker,full,0,100,2,0
V7E005,1840050,42,hider,full,0,49,0,0
V7E005,1840050,42,seeker,no_block,0,100,0,0
V7E005,1840050,42,hider,no_block,0,51,0,0
V7E005,1840050,42,seeker,no_ramp,0,100,2,0
V7E005,1840050,42,hider,no_ramp,0,58,0,0
V7E005,1840050,42,seeker,no_objects,0,100,0,0
V7E005,1840050,42,hider,no_objects,0,60,0,0
V7E005,1840051,42,seeker,full,1,5,0,0
V7E005,1840051,42,hider,full,0,5,0,0
V7E005,1840051,42,seeker,no_block,1,5,0,0
V7E005,1840051,42,hider,no_block,0,5,0,0
V7E005,1840051,42,seeker,no_ramp,1,5,0,0
V7E005,1840051,42,hider,no_ramp,0,5,0,0
V7E005,1840051,42,seeker,no_objects,1,5,0,0
V7E005,1840051,42,hider,no_objects,0,5,0,0
V7E005,1840052,42,seeker,full,1,27,2,0
V7E005,1840052,42,hider,full,0,32,0,1
V7E005,1840052,42,seeker,no_block,1,27,0,0
V7E005,1840052,42,hider,no_block,0,32,0,1
V7E005,1840052,42,seeker,no_ramp,1,27,2,0
V7E005,1840052,42,hider,no_ramp,0,24,0,0
V7E005,1840052,42,seeker,no_objects,1,27,0,0
V7E005,1840052,42,hider,no_objects,0,24,0,0
V7E005,1840053,42,seeker,full,1,8,0,0
V7E005,1840053,42,hider,full,0,8,0,0
V7E005,1840053,42,seeker,no_block,1,8,0,0
V7E005,1840053,42,hider,no_block,0,8,0,0
V7E005,1840053,42,seeker,no_ramp,1,8,0,0
V7E005,1840053,42,hider,no_ramp,0,8,0,0
V7E005,1840053,42,seeker,no_objects,1,8,0,0
V7E005,1840053,42,hider,no_objects,0,8,0,0
V7E005,1840054,42,seeker,full,1,51,2,0
V7E005,1840054,42,hider,full,0,54,0,0
V7E005,1840054,42,seeker,no_block,1,53,0,0
V7E005,1840054,42,hider,no_block,0,56,0,0
V7E005,1840054,42,seeker,no_ramp,1,51,2,0
V7E005,1840054,42,hider,no_ramp,0,54,0,0
V7E005,1840054,42,seeker,no_objects,1,53,0,0
V7E005,1840054,42,hider,no_objects,0,52,0,0
V7E005,1840055,42,seeker,full,1,17,2,0
V7E005,1840055,42,hider,full,0,25,0,1
V7E005,1840055,42,seeker,no_block,1,17,0,0
V7E005,1840055,42,hider,no_block,0,25,0,1
V7E005,1840055,42,seeker,no_ramp,1,17,2,0
V7E005,1840055,42,hider,no_ramp,0,17,0,0
V7E005,1840055,42,seeker,no_objects,1,17,0,0
V7E005,1840055,42,hider,no_objects,0,17,0,0
V7E005,1840056,42,seeker,full,1,1,0,0
V7E005,1840056,42,hider,full,0,1,0,0
V7E005,1840056,42,seeker,no_block,1,1,0,0
V7E005,1840056,42,hider,no_block,0,1,0,0
V7E005,1840056,42,seeker,no_ramp,1,1,0,0
V7E005,1840056,42,hider,no_ramp,0,1,0,0
V7E005,1840056,42,seeker,no_objects,1,1,0,0
V7E005,1840056,42,hider,no_objects,0,1,0,0
V7E005,1840057,42,seeker,full,1,4,0,0
V7E005,1840057,42,hider,full,0,3,0,0
V7E005,1840057,42,seeker,no_block,1,4,0,0
V7E005,1840057,42,hider,no_block,0,3,0,0
V7E005,1840057,42,seeker,no_ramp,1,4,0,0
V7E005,1840057,42,hider,no_ramp,0,3,0,0
V7E005,1840057,42,seeker,no_objects,1,4,0,0
V7E005,1840057,42,hider,no_objects,0,3,0,0
V7E005,1840058,42,seeker,full,1,23,2,0
V7E005,1840058,42,hider,full,0,31,0,1
V7E005,1840058,42,seeker,no_block,1,23,0,0
V7E005,1840058,42,hider,no_block,0,31,0,1
V7E005,1840058,42,seeker,no_ramp,1,23,2,0
V7E005,1840058,42,hider,no_ramp,0,23,0,0
V7E005,1840058,42,seeker,no_objects,1,23,0,0
V7E005,1840058,42,hider,no_objects,0,23,0,0
V7E005,1840059,42,seeker,full,1,9,0,0
V7E005,1840059,42,hider,full,0,47,0,1
V7E005,1840059,42,seeker,no_block,1,9,0,0
V7E005,1840059,42,hider,no_block,0,49,0,1
V7E005,1840059,42,seeker,no_ramp,1,9,0,0
V7E005,1840059,42,hider,no_ramp,0,9,0,0
V7E005,1840059,42,seeker,no_objects,1,9,0,0
V7E005,1840059,42,hider,no_objects,0,9,0,0
V7E005,1840060,42,seeker,full,1,49,2,0
V7E005,1840060,42,hider,full,0,51,0,0
V7E005,1840060,42,seeker,no_block,1,51,0,0
V7E005,1840060,42,hider,no_block,0,53,0,0
V7E005,1840060,42,seeker,no_ramp,1,49,2,0
V7E005,1840060,42,hider,no_ramp,0,51,0,0
V7E005,1840060,42,seeker,no_objects,1,51,0,0
V7E005,1840060,42,hider,no_objects,0,53,0,0
V7E005,1840061,42,seeker,full,1,8,0,0
V7E005,1840061,42,hider,full,0,11,0,0
V7E005,1840061,42,seeker,no_block,1,8,0,0
V7E005,1840061,42,hider,no_block,0,11,0,0
V7E005,1840061,42,seeker,no_ramp,1,8,0,0
V7E005,1840061,42,hider,no_ramp,0,7,0,0
V7E005,1840061,42,seeker,no_objects,1,8,0,0
V7E005,1840061,42,hider,no_objects,0,7,0,0
V7E005,1840062,42,seeker,full,1,8,0,0
V7E005,1840062,42,hider,full,0,8,0,0
V7E005,1840062,42,seeker,no_block,1,8,0,0
V7E005,1840062,42,hider,no_block,0,8,0,0
V7E005,1840062,42,seeker,no_ramp,1,8,0,0
V7E005,1840062,42,hider,no_ramp,0,8,0,0
V7E005,1840062,42,seeker,no_objects,1,8,0,0
V7E005,1840062,42,hider,no_objects,0,8,0,0
V7E005,1840063,42,seeker,full,1,8,0,0
V7E005,1840063,42,hider,full,0,50,0,1
V7E005,1840063,42,seeker,no_block,1,8,0,0
V7E005,1840063,42,hider,no_block,0,52,0,1
V7E005,1840063,42,seeker,no_ramp,1,8,0,0
V7E005,1840063,42,hider,no_ramp,0,8,0,0
V7E005,1840063,42,seeker,no_objects,1,8,0,0
V7E005,1840063,42,hider,no_objects,0,8,0,0
V7E005,1840064,42,seeker,full,1,1,0,0
V7E005,1840064,42,hider,full,0,1,0,0
V7E005,1840064,42,seeker,no_block,1,1,0,0
V7E005,1840064,42,hider,no_block,0,1,0,0
V7E005,1840064,42,seeker,no_ramp,1,1,0,0
V7E005,1840064,42,hider,no_ramp,0,1,0,0
V7E005,1840064,42,seeker,no_objects,1,1,0,0
V7E005,1840064,42,hider,no_objects,0,1,0,0
V7E005,1840065,42,seeker,full,1,3,0,0
V7E005,1840065,42,hider,full,0,2,0,0
V7E005,1840065,42,seeker,no_block,1,3,0,0
V7E005,1840065,42,hider,no_block,0,2,0,0
V7E005,1840065,42,seeker,no_ramp,1,3,0,0
V7E005,1840065,42,hider,no_ramp,0,3,0,0
V7E005,1840065,42,seeker,no_objects,1,3,0,0
V7E005,1840065,42,hider,no_objects,0,3,0,0
V7E005,1840066,42,seeker,full,0,100,0,1
V7E005,1840066,42,hider,full,0,65,0,0
V7E005,1840066,42,seeker,no_block,1,3,0,0
V7E005,1840066,42,hider,no_block,0,2,0,0
V7E005,1840066,42,seeker,no_ramp,0,100,0,0
V7E005,1840066,42,hider,no_ramp,1,100,0,0
V7E005,1840066,42,seeker,no_objects,1,3,0,0
V7E005,1840066,42,hider,no_objects,0,2,0,0
V7E005,1840067,42,seeker,full,1,3,0,0
V7E005,1840067,42,hider,full,0,2,0,0
V7E005,1840067,42,seeker,no_block,1,3,0,0
V7E005,1840067,42,hider,no_block,0,2,0,0
V7E005,1840067,42,seeker,no_ramp,1,3,0,0
V7E005,1840067,42,hider,no_ramp,0,2,0,0
V7E005,1840067,42,seeker,no_objects,1,3,0,0
V7E005,1840067,42,hider,no_objects,0,2,0,0
V7E005,1840068,42,seeker,full,1,4,0,0
V7E005,1840068,42,hider,full,0,4,0,0
V7E005,1840068,42,seeker,no_block,1,4,0,0
V7E005,1840068,42,hider,no_block,0,4,0,0
V7E005,1840068,42,seeker,no_ramp,1,4,0,0
V7E005,1840068,42,hider,no_ramp,0,4,0,0
V7E005,1840068,42,seeker,no_objects,1,4,0,0
V7E005,1840068,42,hider,no_objects,0,4,0,0
V7E005,1840069,42,seeker,full,1,41,2,0
V7E005,1840069,42,hider,full,0,43,0,0
V7E005,1840069,42,seeker,no_block,1,43,0,0
V7E005,1840069,42,hider,no_block,0,45,0,0
V7E005,1840069,42,seeker,no_ramp,1,41,2,0
V7E005,1840069,42,hider,no_ramp,0,62,0,0
V7E005,1840069,42,seeker,no_objects,1,43,0,0
V7E005,1840069,42,hider,no_objects,0,48,0,0
V7E005,1840070,42,seeker,full,1,25,2,0
V7E005,1840070,42,hider,full,0,30,0,1
V7E005,1840070,42,seeker,no_block,1,25,0,0
V7E005,1840070,42,hider,no_block,0,30,0,1
V7E005,1840070,42,seeker,no_ramp,1,25,2,0
V7E005,1840070,42,hider,no_ramp,0,22,0,0
V7E005,1840070,42,seeker,no_objects,1,25,0,0
V7E005,1840070,42,hider,no_objects,0,22,0,0
V7E005,1840071,42,seeker,full,1,37,2,0
V7E005,1840071,42,hider,full,0,38,0,0
V7E005,1840071,42,seeker,no_block,1,39,0,0
V7E005,1840071,42,hider,no_block,0,40,0,0
V7E005,1840071,42,seeker,no_ramp,1,39,2,0
V7E005,1840071,42,hider,no_ramp,0,42,0,0
V7E005,1840071,42,seeker,no_objects,1,39,0,0
V7E005,1840071,42,hider,no_objects,0,44,0,0
V7E005,1840072,42,seeker,full,1,35,2,0
V7E005,1840072,42,hider,full,0,43,0,0
V7E005,1840072,42,seeker,no_block,1,37,0,0
V7E005,1840072,42,hider,no_block,0,45,0,0
V7E005,1840072,42,seeker,no_ramp,1,37,2,0
V7E005,1840072,42,hider,no_ramp,0,61,0,0
V7E005,1840072,42,seeker,no_objects,1,37,0,0
V7E005,1840072,42,hider,no_objects,0,63,0,0
V7E005,1840073,42,seeker,full,1,2,0,0
V7E005,1840073,42,hider,full,0,2,0,0
V7E005,1840073,42,seeker,no_block,1,2,0,0
V7E005,1840073,42,hider,no_block,0,2,0,0
V7E005,1840073,42,seeker,no_ramp,1,2,0,0
V7E005,1840073,42,hider,no_ramp,0,2,0,0
V7E005,1840073,42,seeker,no_objects,1,2,0,0
V7E005,1840073,42,hider,no_objects,0,2,0,0
V7E005,1840074,42,seeker,full,1,42,2,0
V7E005,1840074,42,hider,full,0,50,0,0
V7E005,1840074,42,seeker,no_block,1,44,0,0
V7E005,1840074,42,hider,no_block,0,52,0,0
V7E005,1840074,42,seeker,no_ramp,1,42,2,0
V7E005,1840074,42,hider,no_ramp,0,55,0,0
V7E005,1840074,42,seeker,no_objects,1,44,0,0
V7E005,1840074,42,hider,no_objects,0,43,0,0
V7E005,1840075,42,seeker,full,1,3,0,0
V7E005,1840075,42,hider,full,0,2,0,0
V7E005,1840075,42,seeker,no_block,1,3,0,0
V7E005,1840075,42,hider,no_block,0,2,0,0
V7E005,1840075,42,seeker,no_ramp,1,3,0,0
V7E005,1840075,42,hider,no_ramp,0,2,0,0
V7E005,1840075,42,seeker,no_objects,1,3,0,0
V7E005,1840075,42,hider,no_objects,0,2,0,0
V7E005,1840076,42,seeker,full,1,13,2,0
V7E005,1840076,42,hider,full,0,13,0,0
V7E005,1840076,42,seeker,no_block,1,9,0,0
V7E005,1840076,42,hider,no_block,0,9,0,0
V7E005,1840076,42,seeker,no_ramp,1,13,2,0
V7E005,1840076,42,hider,no_ramp,0,13,0,0
V7E005,1840076,42,seeker,no_objects,1,9,0,0
V7E005,1840076,42,hider,no_objects,0,9,0,0
V7E005,1840077,42,seeker,full,1,23,2,0
V7E005,1840077,42,hider,full,0,22,0,0
V7E005,1840077,42,seeker,no_block,1,25,0,0
V7E005,1840077,42,hider,no_block,0,18,0,0
V7E005,1840077,42,seeker,no_ramp,1,23,2,0
V7E005,1840077,42,hider,no_ramp,0,22,0,0
V7E005,1840077,42,seeker,no_objects,1,25,0,0
V7E005,1840077,42,hider,no_objects,0,24,0,0
V7E005,1840078,42,seeker,full,1,10,0,0
V7E005,1840078,42,hider,full,0,9,2,0
V7E005,1840078,42,seeker,no_block,1,11,0,0
V7E005,1840078,42,hider,no_block,0,10,0,0
V7E005,1840078,42,seeker,no_ramp,1,10,0,0
V7E005,1840078,42,hider,no_ramp,0,9,2,0
V7E005,1840078,42,seeker,no_objects,1,11,0,0
V7E005,1840078,42,hider,no_objects,0,10,0,0
V7E005,1840079,42,seeker,full,0,100,2,1
V7E005,1840079,42,hider,full,0,9,0,0
V7E005,1840079,42,seeker,no_block,0,100,0,1
V7E005,1840079,42,hider,no_block,0,9,0,0
V7E005,1840079,42,seeker,no_ramp,0,100,2,0
V7E005,1840079,42,hider,no_ramp,0,65,0,0
V7E005,1840079,42,seeker,no_objects,0,100,0,0
V7E005,1840079,42,hider,no_objects,0,65,0,0
V7E005,1840080,42,seeker,full,1,8,0,0
V7E005,1840080,42,hider,full,0,10,2,0
V7E005,1840080,42,seeker,no_block,1,8,0,0
V7E005,1840080,42,hider,no_block,0,11,0,0
V7E005,1840080,42,seeker,no_ramp,1,8,0,0
V7E005,1840080,42,hider,no_ramp,0,10,2,0
V7E005,1840080,42,seeker,no_objects,1,8,0,0
V7E005,1840080,42,hider,no_objects,0,11,0,0
V7E005,1840081,42,seeker,full,1,6,0,0
V7E005,1840081,42,hider,full,0,5,0,0
V7E005,1840081,42,seeker,no_block,1,6,0,0
V7E005,1840081,42,hider,no_block,0,5,0,0
V7E005,1840081,42,seeker,no_ramp,1,6,0,0
V7E005,1840081,42,hider,no_ramp,0,5,0,0
V7E005,1840081,42,seeker,no_objects,1,6,0,0
V7E005,1840081,42,hider,no_objects,0,5,0,0
V7E005,1840082,42,seeker,full,1,2,0,0
V7E005,1840082,42,hider,full,0,2,0,0
V7E005,1840082,42,seeker,no_block,1,2,0,0
V7E005,1840082,42,hider,no_block,0,2,0,0
V7E005,1840082,42,seeker,no_ramp,1,2,0,0
V7E005,1840082,42,hider,no_ramp,0,2,0,0
V7E005,1840082,42,seeker,no_objects,1,2,0,0
V7E005,1840082,42,hider,no_objects,0,2,0,0
V7E005,1840083,42,seeker,full,1,5,0,0
V7E005,1840083,42,hider,full,0,3,0,0
V7E005,1840083,42,seeker,no_block,1,5,0,0
V7E005,1840083,42,hider,no_block,0,3,0,0
V7E005,1840083,42,seeker,no_ramp,1,5,0,0
V7E005,1840083,42,hider,no_ramp,0,5,0,0
V7E005,1840083,42,seeker,no_objects,1,5,0,0
V7E005,1840083,42,hider,no_objects,0,5,0,0
V7E005,1840084,42,seeker,full,1,11,0,0
V7E005,1840084,42,hider,full,0,11,0,0
V7E005,1840084,42,seeker,no_block,1,11,0,0
V7E005,1840084,42,hider,no_block,0,11,0,0
V7E005,1840084,42,seeker,no_ramp,1,11,0,0
V7E005,1840084,42,hider,no_ramp,0,11,0,0
V7E005,1840084,42,seeker,no_objects,1,11,0,0
V7E005,1840084,42,hider,no_objects,0,11,0,0
V7E005,1840085,42,seeker,full,1,38,2,0
V7E005,1840085,42,hider,full,0,43,0,1
V7E005,1840085,42,seeker,no_block,1,40,0,0
V7E005,1840085,42,hider,no_block,0,45,0,1
V7E005,1840085,42,seeker,no_ramp,1,40,2,0
V7E005,1840085,42,hider,no_ramp,0,35,0,0
V7E005,1840085,42,seeker,no_objects,1,40,0,0
V7E005,1840085,42,hider,no_objects,0,37,0,0
V7E005,1840086,42,seeker,full,1,16,2,0
V7E005,1840086,42,hider,full,0,16,0,0
V7E005,1840086,42,seeker,no_block,1,12,0,0
V7E005,1840086,42,hider,no_block,0,14,0,0
V7E005,1840086,42,seeker,no_ramp,1,16,2,0
V7E005,1840086,42,hider,no_ramp,0,16,0,0
V7E005,1840086,42,seeker,no_objects,1,12,0,0
V7E005,1840086,42,hider,no_objects,0,12,0,0
V7E005,1840087,42,seeker,full,1,4,0,0
V7E005,1840087,42,hider,full,0,3,0,0
V7E005,1840087,42,seeker,no_block,1,4,0,0
V7E005,1840087,42,hider,no_block,0,3,0,0
V7E005,1840087,42,seeker,no_ramp,1,4,0,0
V7E005,1840087,42,hider,no_ramp,0,3,0,0
V7E005,1840087,42,seeker,no_objects,1,4,0,0
V7E005,1840087,42,hider,no_objects,0,3,0,0
V7E005,1840088,42,seeker,full,1,36,2,0
V7E005,1840088,42,hider,full,0,38,0,0
V7E005,1840088,42,seeker,no_block,1,38,0,0
V7E005,1840088,42,hider,no_block,0,40,0,0
V7E005,1840088,42,seeker,no_ramp,1,38,2,0
V7E005,1840088,42,hider,no_ramp,0,56,0,0
V7E005,1840088,42,seeker,no_objects,1,38,0,0
V7E005,1840088,42,hider,no_objects,0,43,0,0
V7E005,1840089,42,seeker,full,1,1,0,0
V7E005,1840089,42,hider,full,0,1,0,0
V7E005,1840089,42,seeker,no_block,1,1,0,0
V7E005,1840089,42,hider,no_block,0,1,0,0
V7E005,1840089,42,seeker,no_ramp,1,1,0,0
V7E005,1840089,42,hider,no_ramp,0,1,0,0
V7E005,1840089,42,seeker,no_objects,1,1,0,0
V7E005,1840089,42,hider,no_objects,0,1,0,0
V7E005,1840090,42,seeker,full,1,43,2,0
V7E005,1840090,42,hider,full,0,44,0,0
V7E005,1840090,42,seeker,no_block,1,45,0,0
V7E005,1840090,42,hider,no_block,0,46,0,0
V7E005,1840090,42,seeker,no_ramp,1,45,2,0
V7E005,1840090,42,hider,no_ramp,0,48,0,0
V7E005,1840090,42,seeker,no_objects,1,45,0,0
V7E005,1840090,42,hider,no_objects,0,50,0,0
V7E005,1840091,42,seeker,full,1,44,2,0
V7E005,1840091,42,hider,full,0,13,0,0
V7E005,1840091,42,seeker,no_block,1,48,0,0
V7E005,1840091,42,hider,no_block,0,13,0,0
V7E005,1840091,42,seeker,no_ramp,1,46,2,0
V7E005,1840091,42,hider,no_ramp,0,13,0,0
V7E005,1840091,42,seeker,no_objects,1,48,0,0
V7E005,1840091,42,hider,no_objects,0,13,0,0
V7E005,1840092,42,seeker,full,1,23,0,1
V7E005,1840092,42,hider,full,0,23,0,0
V7E005,1840092,42,seeker,no_block,1,23,0,1
V7E005,1840092,42,hider,no_block,0,23,0,0
V7E005,1840092,42,seeker,no_ramp,0,100,0,0
V7E005,1840092,42,hider,no_ramp,0,42,0,0
V7E005,1840092,42,seeker,no_objects,0,100,0,0
V7E005,1840092,42,hider,no_objects,0,42,0,0
V7E005,1840093,42,seeker,full,1,20,2,0
V7E005,1840093,42,hider,full,0,20,0,0
V7E005,1840093,42,seeker,no_block,1,16,0,0
V7E005,1840093,42,hider,no_block,0,16,0,0
V7E005,1840093,42,seeker,no_ramp,1,20,2,0
V7E005,1840093,42,hider,no_ramp,0,20,0,0
V7E005,1840093,42,seeker,no_objects,1,16,0,0
V7E005,1840093,42,hider,no_objects,0,16,0,0
V7E005,1840094,42,seeker,full,1,1,0,0
V7E005,1840094,42,hider,full,0,1,0,0
V7E005,1840094,42,seeker,no_block,1,1,0,0
V7E005,1840094,42,hider,no_block,0,1,0,0
V7E005,1840094,42,seeker,no_ramp,1,1,0,0
V7E005,1840094,42,hider,no_ramp,0,1,0,0
V7E005,1840094,42,seeker,no_objects,1,1,0,0
V7E005,1840094,42,hider,no_objects,0,1,0,0
V7E005,1840095,42,seeker,full,1,19,2,0
V7E005,1840095,42,hider,full,0,19,0,0
V7E005,1840095,42,seeker,no_block,1,15,0,0
V7E005,1840095,42,hider,no_block,0,15,0,0
V7E005,1840095,42,seeker,no_ramp,1,19,2,0
V7E005,1840095,42,hider,no_ramp,0,19,0,0
V7E005,1840095,42,seeker,no_objects,1,15,0,0
V7E005,1840095,42,hider,no_objects,0,15,0,0
V7E005,1840096,42,seeker,full,1,27,2,1
V7E005,1840096,42,hider,full,0,27,0,0
V7E005,1840096,42,seeker,no_block,1,27,0,1
V7E005,1840096,42,hider,no_block,0,27,0,0
V7E005,1840096,42,seeker,no_ramp,0,100,2,0
V7E005,1840096,42,hider,no_ramp,0,45,0,0
V7E005,1840096,42,seeker,no_objects,0,100,0,0
V7E005,1840096,42,hider,no_objects,0,45,0,0
V7E005,1840097,42,seeker,full,1,42,2,0
V7E005,1840097,42,hider,full,0,11,0,0
V7E005,1840097,42,seeker,no_block,1,46,0,0
V7E005,1840097,42,hider,no_block,0,11,0,0
V7E005,1840097,42,seeker,no_ramp,1,44,2,0
V7E005,1840097,42,hider,no_ramp,0,11,0,0
V7E005,1840097,42,seeker,no_objects,1,46,0,0
V7E005,1840097,42,hider,no_objects,0,11,0,0
V7E005,1840098,42,seeker,full,1,6,0,0
V7E005,1840098,42,hider,full,0,44,0,0
V7E005,1840098,42,seeker,no_block,1,6,0,0
V7E005,1840098,42,hider,no_block,0,46,0,0
V7E005,1840098,42,seeker,no_ramp,1,6,0,0
V7E005,1840098,42,hider,no_ramp,0,47,0,0
V7E005,1840098,42,seeker,no_objects,1,6,0,0
V7E005,1840098,42,hider,no_objects,0,49,0,0
V7E005,1840099,42,seeker,full,1,17,2,0
V7E005,1840099,42,hider,full,0,16,0,0
V7E005,1840099,42,seeker,no_block,1,19,0,0
V7E005,1840099,42,hider,no_block,0,12,0,0
V7E005,1840099,42,seeker,no_ramp,1,17,2,0
V7E005,1840099,42,hider,no_ramp,0,16,0,0
V7E005,1840099,42,seeker,no_objects,1,19,0,0
V7E005,1840099,42,hider,no_objects,0,18,0,0
V7E006,1850000,42,seeker,full,1,44,5,0
V7E006,1850000,42,hider,full,0,2,0,0
V7E006,1850000,42,seeker,no_block,1,44,0,0
V7E006,1850000,42,hider,no_block,0,2,0,0
V7E006,1850000,42,seeker,no_ramp,1,44,5,0
V7E006,1850000,42,hider,no_ramp,0,2,0,0
V7E006,1850000,42,seeker,no_objects,1,44,0,0
V7E006,1850000,42,hider,no_objects,0,2,0,0
V7E006,1850001,42,seeker,full,1,28,0,0
V7E006,1850001,42,hider,full,0,29,0,0
V7E006,1850001,42,seeker,no_block,1,28,0,0
V7E006,1850001,42,hider,no_block,0,29,0,0
V7E006,1850001,42,seeker,no_ramp,1,28,0,0
V7E006,1850001,42,hider,no_ramp,0,29,0,0
V7E006,1850001,42,seeker,no_objects,1,28,0,0
V7E006,1850001,42,hider,no_objects,0,29,0,0
V7E006,1850002,42,seeker,full,1,11,0,0
V7E006,1850002,42,hider,full,0,6,0,0
V7E006,1850002,42,seeker,no_block,1,11,0,0
V7E006,1850002,42,hider,no_block,0,6,0,0
V7E006,1850002,42,seeker,no_ramp,1,11,0,0
V7E006,1850002,42,hider,no_ramp,0,6,0,0
V7E006,1850002,42,seeker,no_objects,1,11,0,0
V7E006,1850002,42,hider,no_objects,0,6,0,0
V7E006,1850003,42,seeker,full,1,5,0,0
V7E006,1850003,42,hider,full,0,9,0,0
V7E006,1850003,42,seeker,no_block,1,5,0,0
V7E006,1850003,42,hider,no_block,0,9,0,0
V7E006,1850003,42,seeker,no_ramp,1,5,0,0
V7E006,1850003,42,hider,no_ramp,0,9,0,0
V7E006,1850003,42,seeker,no_objects,1,5,0,0
V7E006,1850003,42,hider,no_objects,0,9,0,0
V7E006,1850004,42,seeker,full,1,16,2,0
V7E006,1850004,42,hider,full,0,20,0,0
V7E006,1850004,42,seeker,no_block,1,16,0,0
V7E006,1850004,42,hider,no_block,0,20,0,0
V7E006,1850004,42,seeker,no_ramp,1,16,2,0
V7E006,1850004,42,hider,no_ramp,0,20,0,0
V7E006,1850004,42,seeker,no_objects,1,16,0,0
V7E006,1850004,42,hider,no_objects,0,20,0,0
V7E006,1850005,42,seeker,full,1,29,2,0
V7E006,1850005,42,hider,full,0,28,0,0
V7E006,1850005,42,seeker,no_block,1,29,0,0
V7E006,1850005,42,hider,no_block,0,26,0,0
V7E006,1850005,42,seeker,no_ramp,1,29,2,0
V7E006,1850005,42,hider,no_ramp,1,100,0,0
V7E006,1850005,42,seeker,no_objects,1,29,0,0
V7E006,1850005,42,hider,no_objects,0,25,0,0
V7E006,1850006,42,seeker,full,1,8,0,0
V7E006,1850006,42,hider,full,0,3,0,0
V7E006,1850006,42,seeker,no_block,1,8,0,0
V7E006,1850006,42,hider,no_block,0,3,0,0
V7E006,1850006,42,seeker,no_ramp,1,8,0,0
V7E006,1850006,42,hider,no_ramp,0,3,0,0
V7E006,1850006,42,seeker,no_objects,1,8,0,0
V7E006,1850006,42,hider,no_objects,0,3,0,0
V7E006,1850007,42,seeker,full,1,15,2,0
V7E006,1850007,42,hider,full,0,16,1,0
V7E006,1850007,42,seeker,no_block,1,15,0,0
V7E006,1850007,42,hider,no_block,0,6,0,0
V7E006,1850007,42,seeker,no_ramp,1,15,2,0
V7E006,1850007,42,hider,no_ramp,0,6,2,0
V7E006,1850007,42,seeker,no_objects,1,15,0,0
V7E006,1850007,42,hider,no_objects,0,6,0,0
V7E006,1850008,42,seeker,full,1,19,2,1
V7E006,1850008,42,hider,full,0,23,0,0
V7E006,1850008,42,seeker,no_block,0,100,0,1
V7E006,1850008,42,hider,no_block,0,23,0,0
V7E006,1850008,42,seeker,no_ramp,1,20,2,0
V7E006,1850008,42,hider,no_ramp,0,25,0,0
V7E006,1850008,42,seeker,no_objects,1,20,0,0
V7E006,1850008,42,hider,no_objects,1,100,0,0
V7E006,1850009,42,seeker,full,1,2,0,0
V7E006,1850009,42,hider,full,1,100,0,0
V7E006,1850009,42,seeker,no_block,1,2,0,0
V7E006,1850009,42,hider,no_block,1,100,0,0
V7E006,1850009,42,seeker,no_ramp,1,2,0,0
V7E006,1850009,42,hider,no_ramp,1,100,0,0
V7E006,1850009,42,seeker,no_objects,1,2,0,0
V7E006,1850009,42,hider,no_objects,1,100,0,0
V7E006,1850010,42,seeker,full,1,24,2,0
V7E006,1850010,42,hider,full,0,22,0,0
V7E006,1850010,42,seeker,no_block,1,24,0,0
V7E006,1850010,42,hider,no_block,0,21,0,0
V7E006,1850010,42,seeker,no_ramp,1,24,2,0
V7E006,1850010,42,hider,no_ramp,1,100,0,0
V7E006,1850010,42,seeker,no_objects,1,24,0,0
V7E006,1850010,42,hider,no_objects,0,20,0,0
V7E006,1850011,42,seeker,full,1,26,2,0
V7E006,1850011,42,hider,full,0,27,0,0
V7E006,1850011,42,seeker,no_block,1,26,0,0
V7E006,1850011,42,hider,no_block,0,26,0,0
V7E006,1850011,42,seeker,no_ramp,1,26,2,0
V7E006,1850011,42,hider,no_ramp,0,26,0,0
V7E006,1850011,42,seeker,no_objects,1,26,0,0
V7E006,1850011,42,hider,no_objects,0,25,0,0
V7E006,1850012,42,seeker,full,1,15,0,0
V7E006,1850012,42,hider,full,0,14,0,0
V7E006,1850012,42,seeker,no_block,1,15,0,0
V7E006,1850012,42,hider,no_block,0,17,0,0
V7E006,1850012,42,seeker,no_ramp,1,15,0,0
V7E006,1850012,42,hider,no_ramp,0,15,2,0
V7E006,1850012,42,seeker,no_objects,1,15,0,0
V7E006,1850012,42,hider,no_objects,0,16,0,0
V7E006,1850013,42,seeker,full,1,35,5,0
V7E006,1850013,42,hider,full,0,18,0,0
V7E006,1850013,42,seeker,no_block,1,35,0,0
V7E006,1850013,42,hider,no_block,0,34,0,0
V7E006,1850013,42,seeker,no_ramp,1,35,5,0
V7E006,1850013,42,hider,no_ramp,0,27,0,0
V7E006,1850013,42,seeker,no_objects,1,35,0,0
V7E006,1850013,42,hider,no_objects,0,27,0,0
V7E006,1850014,42,seeker,full,1,5,0,0
V7E006,1850014,42,hider,full,0,7,0,1
V7E006,1850014,42,seeker,no_block,1,5,0,0
V7E006,1850014,42,hider,no_block,0,7,0,1
V7E006,1850014,42,seeker,no_ramp,1,5,0,0
V7E006,1850014,42,hider,no_ramp,0,6,0,0
V7E006,1850014,42,seeker,no_objects,1,5,0,0
V7E006,1850014,42,hider,no_objects,0,10,0,0
V7E006,1850015,42,seeker,full,1,17,5,0
V7E006,1850015,42,hider,full,0,18,0,0
V7E006,1850015,42,seeker,no_block,1,17,0,0
V7E006,1850015,42,hider,no_block,0,18,0,0
V7E006,1850015,42,seeker,no_ramp,1,17,5,0
V7E006,1850015,42,hider,no_ramp,0,18,0,0
V7E006,1850015,42,seeker,no_objects,1,17,0,0
V7E006,1850015,42,hider,no_objects,0,18,0,0
V7E006,1850016,42,seeker,full,1,21,0,0
V7E006,1850016,42,hider,full,0,20,0,0
V7E006,1850016,42,seeker,no_block,1,21,0,0
V7E006,1850016,42,hider,no_block,0,23,0,0
V7E006,1850016,42,seeker,no_ramp,1,21,0,0
V7E006,1850016,42,hider,no_ramp,0,21,2,0
V7E006,1850016,42,seeker,no_objects,1,21,0,0
V7E006,1850016,42,hider,no_objects,0,22,0,0
V7E006,1850017,42,seeker,full,1,30,2,0
V7E006,1850017,42,hider,full,0,28,0,0
V7E006,1850017,42,seeker,no_block,1,30,0,0
V7E006,1850017,42,hider,no_block,0,27,0,0
V7E006,1850017,42,seeker,no_ramp,1,30,2,0
V7E006,1850017,42,hider,no_ramp,1,100,0,0
V7E006,1850017,42,seeker,no_objects,1,30,0,0
V7E006,1850017,42,hider,no_objects,0,26,0,0
V7E006,1850018,42,seeker,full,1,11,0,0
V7E006,1850018,42,hider,full,0,6,0,0
V7E006,1850018,42,seeker,no_block,1,11,0,0
V7E006,1850018,42,hider,no_block,0,6,0,0
V7E006,1850018,42,seeker,no_ramp,1,11,0,0
V7E006,1850018,42,hider,no_ramp,0,6,0,0
V7E006,1850018,42,seeker,no_objects,1,11,0,0
V7E006,1850018,42,hider,no_objects,0,6,0,0
V7E006,1850019,42,seeker,full,1,1,0,0
V7E006,1850019,42,hider,full,0,1,0,0
V7E006,1850019,42,seeker,no_block,1,1,0,0
V7E006,1850019,42,hider,no_block,0,1,0,0
V7E006,1850019,42,seeker,no_ramp,1,1,0,0
V7E006,1850019,42,hider,no_ramp,0,1,0,0
V7E006,1850019,42,seeker,no_objects,1,1,0,0
V7E006,1850019,42,hider,no_objects,0,1,0,0
V7E006,1850020,42,seeker,full,1,3,0,0
V7E006,1850020,42,hider,full,0,2,0,0
V7E006,1850020,42,seeker,no_block,1,3,0,0
V7E006,1850020,42,hider,no_block,0,2,0,0
V7E006,1850020,42,seeker,no_ramp,1,3,0,0
V7E006,1850020,42,hider,no_ramp,0,2,0,0
V7E006,1850020,42,seeker,no_objects,1,3,0,0
V7E006,1850020,42,hider,no_objects,0,2,0,0
V7E006,1850021,42,seeker,full,1,16,2,0
V7E006,1850021,42,hider,full,0,20,0,0
V7E006,1850021,42,seeker,no_block,0,100,0,0
V7E006,1850021,42,hider,no_block,0,20,0,0
V7E006,1850021,42,seeker,no_ramp,1,16,2,0
V7E006,1850021,42,hider,no_ramp,0,20,0,0
V7E006,1850021,42,seeker,no_objects,0,100,0,0
V7E006,1850021,42,hider,no_objects,0,20,0,0
V7E006,1850022,42,seeker,full,0,100,5,0
V7E006,1850022,42,hider,full,0,6,0,0
V7E006,1850022,42,seeker,no_block,0,100,0,0
V7E006,1850022,42,hider,no_block,0,6,0,0
V7E006,1850022,42,seeker,no_ramp,0,100,5,0
V7E006,1850022,42,hider,no_ramp,0,5,0,0
V7E006,1850022,42,seeker,no_objects,0,100,0,0
V7E006,1850022,42,hider,no_objects,0,5,0,0
V7E006,1850023,42,seeker,full,1,39,5,0
V7E006,1850023,42,hider,full,0,38,0,0
V7E006,1850023,42,seeker,no_block,1,39,0,0
V7E006,1850023,42,hider,no_block,0,38,0,0
V7E006,1850023,42,seeker,no_ramp,1,39,5,0
V7E006,1850023,42,hider,no_ramp,0,31,0,0
V7E006,1850023,42,seeker,no_objects,1,39,0,0
V7E006,1850023,42,hider,no_objects,0,21,0,0
V7E006,1850024,42,seeker,full,1,8,0,0
V7E006,1850024,42,hider,full,0,7,0,0
V7E006,1850024,42,seeker,no_block,1,8,0,0
V7E006,1850024,42,hider,no_block,0,7,0,0
V7E006,1850024,42,seeker,no_ramp,1,8,0,0
V7E006,1850024,42,hider,no_ramp,0,7,0,0
V7E006,1850024,42,seeker,no_objects,1,8,0,0
V7E006,1850024,42,hider,no_objects,0,7,0,0
V7E006,1850025,42,seeker,full,1,27,5,0
V7E006,1850025,42,hider,full,0,27,0,0
V7E006,1850025,42,seeker,no_block,1,27,0,0
V7E006,1850025,42,hider,no_block,0,27,0,0
V7E006,1850025,42,seeker,no_ramp,1,27,5,0
V7E006,1850025,42,hider,no_ramp,0,27,0,0
V7E006,1850025,42,seeker,no_objects,1,27,0,0
V7E006,1850025,42,hider,no_objects,0,27,0,0
V7E006,1850026,42,seeker,full,1,6,0,0
V7E006,1850026,42,hider,full,0,6,0,0
V7E006,1850026,42,seeker,no_block,1,6,0,0
V7E006,1850026,42,hider,no_block,0,6,0,0
V7E006,1850026,42,seeker,no_ramp,1,6,0,0
V7E006,1850026,42,hider,no_ramp,0,3,0,0
V7E006,1850026,42,seeker,no_objects,1,6,0,0
V7E006,1850026,42,hider,no_objects,0,3,0,0
V7E006,1850027,42,seeker,full,1,17,5,0
V7E006,1850027,42,hider,full,0,19,0,0
V7E006,1850027,42,seeker,no_block,1,17,0,0
V7E006,1850027,42,hider,no_block,0,19,0,0
V7E006,1850027,42,seeker,no_ramp,1,17,5,0
V7E006,1850027,42,hider,no_ramp,0,19,0,0
V7E006,1850027,42,seeker,no_objects,1,17,0,0
V7E006,1850027,42,hider,no_objects,0,19,0,0
V7E006,1850028,42,seeker,full,1,11,5,0
V7E006,1850028,42,hider,full,0,11,0,0
V7E006,1850028,42,seeker,no_block,1,11,0,0
V7E006,1850028,42,hider,no_block,0,11,0,0
V7E006,1850028,42,seeker,no_ramp,1,11,5,0
V7E006,1850028,42,hider,no_ramp,0,11,0,0
V7E006,1850028,42,seeker,no_objects,1,11,0,0
V7E006,1850028,42,hider,no_objects,0,11,0,0
V7E006,1850029,42,seeker,full,1,23,2,0
V7E006,1850029,42,hider,full,0,26,0,0
V7E006,1850029,42,seeker,no_block,1,23,0,0
V7E006,1850029,42,hider,no_block,0,26,0,0
V7E006,1850029,42,seeker,no_ramp,1,23,2,0
V7E006,1850029,42,hider,no_ramp,1,100,0,0
V7E006,1850029,42,seeker,no_objects,1,23,0,0
V7E006,1850029,42,hider,no_objects,0,17,0,0
V7E006,1850030,42,seeker,full,1,34,2,0
V7E006,1850030,42,hider,full,0,32,0,0
V7E006,1850030,42,seeker,no_block,0,100,0,0
V7E006,1850030,42,hider,no_block,0,32,0,0
V7E006,1850030,42,seeker,no_ramp,1,34,2,0
V7E006,1850030,42,hider,no_ramp,0,30,0,0
V7E006,1850030,42,seeker,no_objects,1,34,0,0
V7E006,1850030,42,hider,no_objects,0,29,0,0
V7E006,1850031,42,seeker,full,1,7,2,0
V7E006,1850031,42,hider,full,0,4,0,0
V7E006,1850031,42,seeker,no_block,1,7,0,0
V7E006,1850031,42,hider,no_block,0,3,0,0
V7E006,1850031,42,seeker,no_ramp,1,7,2,0
V7E006,1850031,42,hider,no_ramp,0,4,0,0
V7E006,1850031,42,seeker,no_objects,1,7,0,0
V7E006,1850031,42,hider,no_objects,0,3,0,0
V7E006,1850032,42,seeker,full,1,15,5,0
V7E006,1850032,42,hider,full,0,15,0,0
V7E006,1850032,42,seeker,no_block,1,15,0,0
V7E006,1850032,42,hider,no_block,0,15,0,0
V7E006,1850032,42,seeker,no_ramp,1,15,5,0
V7E006,1850032,42,hider,no_ramp,0,15,0,0
V7E006,1850032,42,seeker,no_objects,1,15,0,0
V7E006,1850032,42,hider,no_objects,0,15,0,0
V7E006,1850033,42,seeker,full,1,2,0,0
V7E006,1850033,42,hider,full,0,2,0,0
V7E006,1850033,42,seeker,no_block,1,2,0,0
V7E006,1850033,42,hider,no_block,0,2,0,0
V7E006,1850033,42,seeker,no_ramp,1,2,0,0
V7E006,1850033,42,hider,no_ramp,0,2,0,0
V7E006,1850033,42,seeker,no_objects,1,2,0,0
V7E006,1850033,42,hider,no_objects,0,2,0,0
V7E006,1850034,42,seeker,full,1,14,2,0
V7E006,1850034,42,hider,full,0,9,0,0
V7E006,1850034,42,seeker,no_block,1,14,0,0
V7E006,1850034,42,hider,no_block,0,9,0,0
V7E006,1850034,42,seeker,no_ramp,1,14,2,0
V7E006,1850034,42,hider,no_ramp,0,8,0,0
V7E006,1850034,42,seeker,no_objects,1,14,0,0
V7E006,1850034,42,hider,no_objects,0,8,0,0
V7E006,1850035,42,seeker,full,0,100,5,0
V7E006,1850035,42,hider,full,0,4,0,0
V7E006,1850035,42,seeker,no_block,0,100,0,0
V7E006,1850035,42,hider,no_block,0,4,0,0
V7E006,1850035,42,seeker,no_ramp,1,53,5,0
V7E006,1850035,42,hider,no_ramp,0,3,0,0
V7E006,1850035,42,seeker,no_objects,0,100,0,0
V7E006,1850035,42,hider,no_objects,0,3,0,0
V7E006,1850036,42,seeker,full,1,12,2,0
V7E006,1850036,42,hider,full,0,13,0,0
V7E006,1850036,42,seeker,no_block,1,12,0,0
V7E006,1850036,42,hider,no_block,0,12,0,0
V7E006,1850036,42,seeker,no_ramp,1,12,2,0
V7E006,1850036,42,hider,no_ramp,0,12,0,0
V7E006,1850036,42,seeker,no_objects,1,12,0,0
V7E006,1850036,42,hider,no_objects,0,11,0,0
V7E006,1850037,42,seeker,full,1,39,2,0
V7E006,1850037,42,hider,full,0,37,0,0
V7E006,1850037,42,seeker,no_block,0,100,0,0
V7E006,1850037,42,hider,no_block,0,37,0,0
V7E006,1850037,42,seeker,no_ramp,1,37,2,0
V7E006,1850037,42,hider,no_ramp,0,13,0,0
V7E006,1850037,42,seeker,no_objects,0,100,0,0
V7E006,1850037,42,hider,no_objects,0,13,0,0
V7E006,1850038,42,seeker,full,1,33,2,0
V7E006,1850038,42,hider,full,0,30,0,0
V7E006,1850038,42,seeker,no_block,0,100,0,0
V7E006,1850038,42,hider,no_block,0,30,0,0
V7E006,1850038,42,seeker,no_ramp,1,33,2,0
V7E006,1850038,42,hider,no_ramp,0,30,0,0
V7E006,1850038,42,seeker,no_objects,1,33,0,0
V7E006,1850038,42,hider,no_objects,0,29,0,0
V7E006,1850039,42,seeker,full,1,28,0,0
V7E006,1850039,42,hider,full,1,100,0,0
V7E006,1850039,42,seeker,no_block,1,6,0,0
V7E006,1850039,42,hider,no_block,1,100,0,0
V7E006,1850039,42,seeker,no_ramp,1,28,0,0
V7E006,1850039,42,hider,no_ramp,1,100,0,0
V7E006,1850039,42,seeker,no_objects,1,6,0,0
V7E006,1850039,42,hider,no_objects,1,100,0,0
V7E006,1850040,42,seeker,full,1,14,2,0
V7E006,1850040,42,hider,full,0,14,1,0
V7E006,1850040,42,seeker,no_block,0,100,0,0
V7E006,1850040,42,hider,no_block,0,14,0,0
V7E006,1850040,42,seeker,no_ramp,1,14,2,0
V7E006,1850040,42,hider,no_ramp,0,19,0,0
V7E006,1850040,42,seeker,no_objects,1,14,0,0
V7E006,1850040,42,hider,no_objects,1,100,0,0
V7E006,1850041,42,seeker,full,1,1,0,0
V7E006,1850041,42,hider,full,0,1,0,0
V7E006,1850041,42,seeker,no_block,1,1,0,0
V7E006,1850041,42,hider,no_block,0,1,0,0
V7E006,1850041,42,seeker,no_ramp,1,1,0,0
V7E006,1850041,42,hider,no_ramp,0,1,0,0
V7E006,1850041,42,seeker,no_objects,1,1,0,0
V7E006,1850041,42,hider,no_objects,0,1,0,0
V7E006,1850042,42,seeker,full,1,39,2,0
V7E006,1850042,42,hider,full,0,3,0,0
V7E006,1850042,42,seeker,no_block,0,100,0,0
V7E006,1850042,42,hider,no_block,0,3,0,0
V7E006,1850042,42,seeker,no_ramp,1,39,2,0
V7E006,1850042,42,hider,no_ramp,0,3,0,0
V7E006,1850042,42,seeker,no_objects,1,39,0,0
V7E006,1850042,42,hider,no_objects,0,3,0,0
V7E006,1850043,42,seeker,full,1,11,0,0
V7E006,1850043,42,hider,full,0,4,0,0
V7E006,1850043,42,seeker,no_block,1,11,0,0
V7E006,1850043,42,hider,no_block,0,3,0,0
V7E006,1850043,42,seeker,no_ramp,1,11,0,0
V7E006,1850043,42,hider,no_ramp,0,4,0,0
V7E006,1850043,42,seeker,no_objects,1,13,0,0
V7E006,1850043,42,hider,no_objects,0,3,0,0
V7E006,1850044,42,seeker,full,1,6,2,0
V7E006,1850044,42,hider,full,0,6,0,0
V7E006,1850044,42,seeker,no_block,1,6,0,0
V7E006,1850044,42,hider,no_block,0,3,0,0
V7E006,1850044,42,seeker,no_ramp,1,6,2,0
V7E006,1850044,42,hider,no_ramp,0,3,0,0
V7E006,1850044,42,seeker,no_objects,1,6,0,0
V7E006,1850044,42,hider,no_objects,0,3,0,0
V7E006,1850045,42,seeker,full,1,11,0,0
V7E006,1850045,42,hider,full,0,13,0,1
V7E006,1850045,42,seeker,no_block,1,13,0,0
V7E006,1850045,42,hider,no_block,0,13,0,1
V7E006,1850045,42,seeker,no_ramp,1,11,0,0
V7E006,1850045,42,hider,no_ramp,0,3,0,0
V7E006,1850045,42,seeker,no_objects,1,13,0,0
V7E006,1850045,42,hider,no_objects,0,4,0,0
V7E006,1850046,42,seeker,full,1,4,0,0
V7E006,1850046,42,hider,full,0,6,0,0
V7E006,1850046,42,seeker,no_block,1,4,0,0
V7E006,1850046,42,hider,no_block,0,6,0,0
V7E006,1850046,42,seeker,no_ramp,1,4,0,0
V7E006,1850046,42,hider,no_ramp,0,6,0,0
V7E006,1850046,42,seeker,no_objects,1,4,0,0
V7E006,1850046,42,hider,no_objects,0,6,0,0
V7E006,1850047,42,seeker,full,1,37,2,0
V7E006,1850047,42,hider,full,0,37,0,0
V7E006,1850047,42,seeker,no_block,0,100,0,0
V7E006,1850047,42,hider,no_block,0,37,0,0
V7E006,1850047,42,seeker,no_ramp,1,37,2,0
V7E006,1850047,42,hider,no_ramp,0,13,0,0
V7E006,1850047,42,seeker,no_objects,1,39,0,0
V7E006,1850047,42,hider,no_objects,0,13,0,0
V7E006,1850048,42,seeker,full,1,20,5,0
V7E006,1850048,42,hider,full,0,22,0,0
V7E006,1850048,42,seeker,no_block,1,20,0,0
V7E006,1850048,42,hider,no_block,0,20,0,0
V7E006,1850048,42,seeker,no_ramp,1,20,5,0
V7E006,1850048,42,hider,no_ramp,0,21,0,0
V7E006,1850048,42,seeker,no_objects,1,20,0,0
V7E006,1850048,42,hider,no_objects,1,100,0,0
V7E006,1850049,42,seeker,full,1,20,2,0
V7E006,1850049,42,hider,full,0,19,0,0
V7E006,1850049,42,seeker,no_block,1,20,0,0
V7E006,1850049,42,hider,no_block,0,19,0,0
V7E006,1850049,42,seeker,no_ramp,1,20,2,0
V7E006,1850049,42,hider,no_ramp,1,100,0,0
V7E006,1850049,42,seeker,no_objects,1,20,0,0
V7E006,1850049,42,hider,no_objects,0,13,0,0
V7E006,1850050,42,seeker,full,1,29,0,0
V7E006,1850050,42,hider,full,0,29,0,0
V7E006,1850050,42,seeker,no_block,1,29,0,0
V7E006,1850050,42,hider,no_block,0,29,0,0
V7E006,1850050,42,seeker,no_ramp,1,29,0,0
V7E006,1850050,42,hider,no_ramp,0,29,0,0
V7E006,1850050,42,seeker,no_objects,1,29,0,0
V7E006,1850050,42,hider,no_objects,0,29,0,0
V7E006,1850051,42,seeker,full,1,29,0,0
V7E006,1850051,42,hider,full,0,29,0,0
V7E006,1850051,42,seeker,no_block,1,29,0,0
V7E006,1850051,42,hider,no_block,0,29,0,0
V7E006,1850051,42,seeker,no_ramp,1,29,0,0
V7E006,1850051,42,hider,no_ramp,0,29,0,0
V7E006,1850051,42,seeker,no_objects,1,29,0,0
V7E006,1850051,42,hider,no_objects,0,29,0,0
V7E006,1850052,42,seeker,full,1,13,0,0
V7E006,1850052,42,hider,full,0,13,0,0
V7E006,1850052,42,seeker,no_block,1,13,0,0
V7E006,1850052,42,hider,no_block,0,13,0,0
V7E006,1850052,42,seeker,no_ramp,1,13,0,0
V7E006,1850052,42,hider,no_ramp,0,13,0,0
V7E006,1850052,42,seeker,no_objects,1,13,0,0
V7E006,1850052,42,hider,no_objects,0,13,0,0
V7E006,1850053,42,seeker,full,1,29,2,0
V7E006,1850053,42,hider,full,1,100,0,0
V7E006,1850053,42,seeker,no_block,1,29,0,0
V7E006,1850053,42,hider,no_block,0,26,0,0
V7E006,1850053,42,seeker,no_ramp,1,29,2,0
V7E006,1850053,42,hider,no_ramp,1,100,0,0
V7E006,1850053,42,seeker,no_objects,1,29,0,0
V7E006,1850053,42,hider,no_objects,0,25,0,0
V7E006,1850054,42,seeker,full,1,11,2,0
V7E006,1850054,42,hider,full,0,10,1,0
V7E006,1850054,42,seeker,no_block,1,11,0,0
V7E006,1850054,42,hider,no_block,0,10,0,0
V7E006,1850054,42,seeker,no_ramp,1,11,2,0
V7E006,1850054,42,hider,no_ramp,0,15,0,0
V7E006,1850054,42,seeker,no_objects,1,11,0,0
V7E006,1850054,42,hider,no_objects,0,15,0,0
V7E006,1850055,42,seeker,full,1,33,2,0
V7E006,1850055,42,hider,full,0,26,0,0
V7E006,1850055,42,seeker,no_block,0,100,0,0
V7E006,1850055,42,hider,no_block,0,26,0,0
V7E006,1850055,42,seeker,no_ramp,1,33,2,0
V7E006,1850055,42,hider,no_ramp,0,16,0,0
V7E006,1850055,42,seeker,no_objects,1,33,0,0
V7E006,1850055,42,hider,no_objects,0,17,0,0
V7E006,1850056,42,seeker,full,1,15,2,0
V7E006,1850056,42,hider,full,0,14,0,0
V7E006,1850056,42,seeker,no_block,1,15,0,0
V7E006,1850056,42,hider,no_block,0,14,0,0
V7E006,1850056,42,seeker,no_ramp,1,15,2,0
V7E006,1850056,42,hider,no_ramp,1,100,0,0
V7E006,1850056,42,seeker,no_objects,1,15,0,0
V7E006,1850056,42,hider,no_objects,0,13,0,0
V7E006,1850057,42,seeker,full,1,33,5,0
V7E006,1850057,42,hider,full,0,18,0,0
V7E006,1850057,42,seeker,no_block,1,33,0,0
V7E006,1850057,42,hider,no_block,0,19,0,0
V7E006,1850057,42,seeker,no_ramp,1,33,5,0
V7E006,1850057,42,hider,no_ramp,0,31,0,0
V7E006,1850057,42,seeker,no_objects,1,33,0,0
V7E006,1850057,42,hider,no_objects,0,31,0,0
V7E006,1850058,42,seeker,full,1,25,2,0
V7E006,1850058,42,hider,full,1,100,0,0
V7E006,1850058,42,seeker,no_block,1,25,0,0
V7E006,1850058,42,hider,no_block,0,22,0,0
V7E006,1850058,42,seeker,no_ramp,1,25,2,0
V7E006,1850058,42,hider,no_ramp,1,100,0,0
V7E006,1850058,42,seeker,no_objects,1,25,0,0
V7E006,1850058,42,hider,no_objects,0,21,0,0
V7E006,1850059,42,seeker,full,1,32,2,0
V7E006,1850059,42,hider,full,0,32,0,0
V7E006,1850059,42,seeker,no_block,1,32,0,0
V7E006,1850059,42,hider,no_block,0,32,0,0
V7E006,1850059,42,seeker,no_ramp,1,32,2,0
V7E006,1850059,42,hider,no_ramp,0,32,0,0
V7E006,1850059,42,seeker,no_objects,1,32,0,0
V7E006,1850059,42,hider,no_objects,0,32,0,0
V7E006,1850060,42,seeker,full,1,36,2,0
V7E006,1850060,42,hider,full,0,29,0,0
V7E006,1850060,42,seeker,no_block,0,100,0,0
V7E006,1850060,42,hider,no_block,0,29,0,0
V7E006,1850060,42,seeker,no_ramp,1,36,2,0
V7E006,1850060,42,hider,no_ramp,0,6,0,0
V7E006,1850060,42,seeker,no_objects,1,36,0,0
V7E006,1850060,42,hider,no_objects,0,4,0,0
V7E006,1850061,42,seeker,full,1,25,2,0
V7E006,1850061,42,hider,full,0,20,0,0
V7E006,1850061,42,seeker,no_block,0,100,0,0
V7E006,1850061,42,hider,no_block,0,20,0,0
V7E006,1850061,42,seeker,no_ramp,1,25,2,0
V7E006,1850061,42,hider,no_ramp,0,19,0,0
V7E006,1850061,42,seeker,no_objects,1,25,0,0
V7E006,1850061,42,hider,no_objects,0,19,0,0
V7E006,1850062,42,seeker,full,1,16,2,0
V7E006,1850062,42,hider,full,0,16,0,0
V7E006,1850062,42,seeker,no_block,1,16,0,0
V7E006,1850062,42,hider,no_block,0,15,0,0
V7E006,1850062,42,seeker,no_ramp,1,16,2,0
V7E006,1850062,42,hider,no_ramp,1,100,0,0
V7E006,1850062,42,seeker,no_objects,1,16,0,0
V7E006,1850062,42,hider,no_objects,0,14,0,0
V7E006,1850063,42,seeker,full,1,11,0,0
V7E006,1850063,42,hider,full,0,12,0,0
V7E006,1850063,42,seeker,no_block,1,11,0,0
V7E006,1850063,42,hider,no_block,0,12,0,0
V7E006,1850063,42,seeker,no_ramp,1,11,0,0
V7E006,1850063,42,hider,no_ramp,0,12,0,0
V7E006,1850063,42,seeker,no_objects,1,11,0,0
V7E006,1850063,42,hider,no_objects,0,12,0,0
V7E006,1850064,42,seeker,full,1,30,2,0
V7E006,1850064,42,hider,full,0,32,0,0
V7E006,1850064,42,seeker,no_block,1,30,0,0
V7E006,1850064,42,hider,no_block,0,32,0,0
V7E006,1850064,42,seeker,no_ramp,1,30,2,0
V7E006,1850064,42,hider,no_ramp,0,32,0,0
V7E006,1850064,42,seeker,no_objects,1,30,0,0
V7E006,1850064,42,hider,no_objects,0,32,0,0
V7E006,1850065,42,seeker,full,1,4,0,0
V7E006,1850065,42,hider,full,0,5,0,0
V7E006,1850065,42,seeker,no_block,1,4,0,0
V7E006,1850065,42,hider,no_block,0,5,0,0
V7E006,1850065,42,seeker,no_ramp,1,4,0,0
V7E006,1850065,42,hider,no_ramp,0,7,0,0
V7E006,1850065,42,seeker,no_objects,1,4,0,0
V7E006,1850065,42,hider,no_objects,0,7,0,0
V7E006,1850066,42,seeker,full,1,25,5,1
V7E006,1850066,42,hider,full,0,25,0,0
V7E006,1850066,42,seeker,no_block,1,25,0,1
V7E006,1850066,42,hider,no_block,0,25,0,0
V7E006,1850066,42,seeker,no_ramp,1,26,5,0
V7E006,1850066,42,hider,no_ramp,0,26,0,0
V7E006,1850066,42,seeker,no_objects,1,26,0,0
V7E006,1850066,42,hider,no_objects,0,26,0,0
V7E006,1850067,42,seeker,full,1,25,5,1
V7E006,1850067,42,hider,full,0,26,0,0
V7E006,1850067,42,seeker,no_block,1,25,0,1
V7E006,1850067,42,hider,no_block,0,26,0,0
V7E006,1850067,42,seeker,no_ramp,1,26,5,0
V7E006,1850067,42,hider,no_ramp,0,27,0,0
V7E006,1850067,42,seeker,no_objects,1,26,0,0
V7E006,1850067,42,hider,no_objects,0,27,0,0
V7E006,1850068,42,seeker,full,1,9,0,0
V7E006,1850068,42,hider,full,0,11,0,0
V7E006,1850068,42,seeker,no_block,1,9,0,0
V7E006,1850068,42,hider,no_block,0,11,0,0
V7E006,1850068,42,seeker,no_ramp,1,9,0,0
V7E006,1850068,42,hider,no_ramp,0,11,0,0
V7E006,1850068,42,seeker,no_objects,1,9,0,0
V7E006,1850068,42,hider,no_objects,0,11,0,0
V7E006,1850069,42,seeker,full,1,14,0,0
V7E006,1850069,42,hider,full,0,14,0,0
V7E006,1850069,42,seeker,no_block,1,14,0,0
V7E006,1850069,42,hider,no_block,0,14,0,0
V7E006,1850069,42,seeker,no_ramp,1,14,0,0
V7E006,1850069,42,hider,no_ramp,1,100,0,0
V7E006,1850069,42,seeker,no_objects,1,14,0,0
V7E006,1850069,42,hider,no_objects,1,100,0,0
V7E006,1850070,42,seeker,full,1,39,2,0
V7E006,1850070,42,hider,full,0,35,0,0
V7E006,1850070,42,seeker,no_block,0,100,0,0
V7E006,1850070,42,hider,no_block,0,35,0,0
V7E006,1850070,42,seeker,no_ramp,1,35,2,0
V7E006,1850070,42,hider,no_ramp,0,11,0,0
V7E006,1850070,42,seeker,no_objects,1,39,0,0
V7E006,1850070,42,hider,no_objects,0,11,0,0
V7E006,1850071,42,seeker,full,1,38,5,0
V7E006,1850071,42,hider,full,0,12,0,1
V7E006,1850071,42,seeker,no_block,1,38,0,0
V7E006,1850071,42,hider,no_block,0,12,0,1
V7E006,1850071,42,seeker,no_ramp,1,38,5,0
V7E006,1850071,42,hider,no_ramp,0,31,0,0
V7E006,1850071,42,seeker,no_objects,1,38,0,0
V7E006,1850071,42,hider,no_objects,0,19,0,0
V7E006,1850072,42,seeker,full,1,24,5,0
V7E006,1850072,42,hider,full,0,24,0,0
V7E006,1850072,42,seeker,no_block,1,24,0,0
V7E006,1850072,42,hider,no_block,0,24,0,0
V7E006,1850072,42,seeker,no_ramp,1,24,5,0
V7E006,1850072,42,hider,no_ramp,0,24,0,0
V7E006,1850072,42,seeker,no_objects,1,24,0,0
V7E006,1850072,42,hider,no_objects,0,24,0,0
V7E006,1850073,42,seeker,full,1,15,2,0
V7E006,1850073,42,hider,full,0,14,1,0
V7E006,1850073,42,seeker,no_block,0,100,0,0
V7E006,1850073,42,hider,no_block,0,14,0,0
V7E006,1850073,42,seeker,no_ramp,1,15,2,0
V7E006,1850073,42,hider,no_ramp,0,19,0,0
V7E006,1850073,42,seeker,no_objects,1,15,0,0
V7E006,1850073,42,hider,no_objects,0,19,0,0
V7E006,1850074,42,seeker,full,1,4,0,0
V7E006,1850074,42,hider,full,0,3,0,0
V7E006,1850074,42,seeker,no_block,1,4,0,0
V7E006,1850074,42,hider,no_block,0,3,0,0
V7E006,1850074,42,seeker,no_ramp,1,4,0,0
V7E006,1850074,42,hider,no_ramp,0,6,0,0
V7E006,1850074,42,seeker,no_objects,1,4,0,0
V7E006,1850074,42,hider,no_objects,0,6,0,0
V7E006,1850075,42,seeker,full,1,15,0,0
V7E006,1850075,42,hider,full,0,14,0,0
V7E006,1850075,42,seeker,no_block,1,15,0,0
V7E006,1850075,42,hider,no_block,0,17,0,0
V7E006,1850075,42,seeker,no_ramp,1,15,0,0
V7E006,1850075,42,hider,no_ramp,0,15,2,0
V7E006,1850075,42,seeker,no_objects,1,15,0,0
V7E006,1850075,42,hider,no_objects,0,16,0,0
V7E006,1850076,42,seeker,full,1,34,5,0
V7E006,1850076,42,hider,full,0,36,0,1
V7E006,1850076,42,seeker,no_block,1,34,0,0
V7E006,1850076,42,hider,no_block,0,36,0,1
V7E006,1850076,42,seeker,no_ramp,1,34,5,0
V7E006,1850076,42,hider,no_ramp,0,13,0,0
V7E006,1850076,42,seeker,no_objects,1,34,0,0
V7E006,1850076,42,hider,no_objects,0,26,0,0
V7E006,1850077,42,seeker,full,1,13,0,0
V7E006,1850077,42,hider,full,0,15,0,1
V7E006,1850077,42,seeker,no_block,1,13,0,0
V7E006,1850077,42,hider,no_block,0,15,0,1
V7E006,1850077,42,seeker,no_ramp,1,13,0,0
V7E006,1850077,42,hider,no_ramp,0,34,0,0
V7E006,1850077,42,seeker,no_objects,1,13,0,0
V7E006,1850077,42,hider,no_objects,0,34,0,0
V7E006,1850078,42,seeker,full,1,6,0,0
V7E006,1850078,42,hider,full,0,6,0,0
V7E006,1850078,42,seeker,no_block,1,6,0,0
V7E006,1850078,42,hider,no_block,0,6,0,0
V7E006,1850078,42,seeker,no_ramp,1,6,0,0
V7E006,1850078,42,hider,no_ramp,0,6,0,0
V7E006,1850078,42,seeker,no_objects,1,6,0,0
V7E006,1850078,42,hider,no_objects,0,6,0,0
V7E006,1850079,42,seeker,full,1,8,0,0
V7E006,1850079,42,hider,full,0,9,0,0
V7E006,1850079,42,seeker,no_block,1,8,0,0
V7E006,1850079,42,hider,no_block,0,9,0,0
V7E006,1850079,42,seeker,no_ramp,1,8,0,0
V7E006,1850079,42,hider,no_ramp,0,9,0,0
V7E006,1850079,42,seeker,no_objects,1,8,0,0
V7E006,1850079,42,hider,no_objects,0,9,0,0
V7E006,1850080,42,seeker,full,1,1,0,0
V7E006,1850080,42,hider,full,0,1,0,0
V7E006,1850080,42,seeker,no_block,1,1,0,0
V7E006,1850080,42,hider,no_block,0,1,0,0
V7E006,1850080,42,seeker,no_ramp,1,1,0,0
V7E006,1850080,42,hider,no_ramp,0,1,0,0
V7E006,1850080,42,seeker,no_objects,1,1,0,0
V7E006,1850080,42,hider,no_objects,0,1,0,0
V7E006,1850081,42,seeker,full,1,1,0,0
V7E006,1850081,42,hider,full,0,1,0,0
V7E006,1850081,42,seeker,no_block,1,1,0,0
V7E006,1850081,42,hider,no_block,0,1,0,0
V7E006,1850081,42,seeker,no_ramp,1,1,0,0
V7E006,1850081,42,hider,no_ramp,0,1,0,0
V7E006,1850081,42,seeker,no_objects,1,1,0,0
V7E006,1850081,42,hider,no_objects,0,1,0,0
V7E006,1850082,42,seeker,full,1,23,2,0
V7E006,1850082,42,hider,full,0,26,0,0
V7E006,1850082,42,seeker,no_block,1,23,0,0
V7E006,1850082,42,hider,no_block,0,26,0,0
V7E006,1850082,42,seeker,no_ramp,1,23,2,0
V7E006,1850082,42,hider,no_ramp,1,100,0,0
V7E006,1850082,42,seeker,no_objects,1,23,0,0
V7E006,1850082,42,hider,no_objects,0,17,0,0
V7E006,1850083,42,seeker,full,1,18,0,0
V7E006,1850083,42,hider,full,0,15,0,0
V7E006,1850083,42,seeker,no_block,1,18,0,0
V7E006,1850083,42,hider,no_block,0,15,0,0
V7E006,1850083,42,seeker,no_ramp,1,18,0,0
V7E006,1850083,42,hider,no_ramp,0,26,0,0
V7E006,1850083,42,seeker,no_objects,1,18,0,0
V7E006,1850083,42,hider,no_objects,0,26,0,0
V7E006,1850084,42,seeker,full,1,29,2,0
V7E006,1850084,42,hider,full,0,31,0,0
V7E006,1850084,42,seeker,no_block,1,29,0,0
V7E006,1850084,42,hider,no_block,0,31,0,0
V7E006,1850084,42,seeker,no_ramp,1,29,2,0
V7E006,1850084,42,hider,no_ramp,0,31,0,0
V7E006,1850084,42,seeker,no_objects,1,29,0,0
V7E006,1850084,42,hider,no_objects,0,31,0,0
V7E006,1850085,42,seeker,full,1,24,2,0
V7E006,1850085,42,hider,full,0,23,0,0
V7E006,1850085,42,seeker,no_block,1,24,0,0
V7E006,1850085,42,hider,no_block,0,21,0,0
V7E006,1850085,42,seeker,no_ramp,1,24,2,0
V7E006,1850085,42,hider,no_ramp,1,100,0,0
V7E006,1850085,42,seeker,no_objects,1,24,0,0
V7E006,1850085,42,hider,no_objects,0,20,0,0
V7E006,1850086,42,seeker,full,1,7,2,0
V7E006,1850086,42,hider,full,0,11,0,0
V7E006,1850086,42,seeker,no_block,1,7,0,0
V7E006,1850086,42,hider,no_block,0,11,0,0
V7E006,1850086,42,seeker,no_ramp,1,7,2,0
V7E006,1850086,42,hider,no_ramp,0,11,0,0
V7E006,1850086,42,seeker,no_objects,1,7,0,0
V7E006,1850086,42,hider,no_objects,0,11,0,0
V7E006,1850087,42,seeker,full,1,10,2,0
V7E006,1850087,42,hider,full,0,9,0,0
V7E006,1850087,42,seeker,no_block,1,10,0,0
V7E006,1850087,42,hider,no_block,0,9,0,0
V7E006,1850087,42,seeker,no_ramp,1,10,2,0
V7E006,1850087,42,hider,no_ramp,0,4,0,0
V7E006,1850087,42,seeker,no_objects,1,10,0,0
V7E006,1850087,42,hider,no_objects,0,4,0,0
V7E006,1850088,42,seeker,full,1,21,5,0
V7E006,1850088,42,hider,full,0,23,0,0
V7E006,1850088,42,seeker,no_block,1,21,0,0
V7E006,1850088,42,hider,no_block,0,23,0,0
V7E006,1850088,42,seeker,no_ramp,1,21,5,0
V7E006,1850088,42,hider,no_ramp,0,23,0,0
V7E006,1850088,42,seeker,no_objects,1,21,0,0
V7E006,1850088,42,hider,no_objects,0,23,0,0
V7E006,1850089,42,seeker,full,1,2,0,0
V7E006,1850089,42,hider,full,0,4,0,0
V7E006,1850089,42,seeker,no_block,1,2,0,0
V7E006,1850089,42,hider,no_block,0,4,0,0
V7E006,1850089,42,seeker,no_ramp,1,2,0,0
V7E006,1850089,42,hider,no_ramp,0,4,0,0
V7E006,1850089,42,seeker,no_objects,1,2,0,0
V7E006,1850089,42,hider,no_objects,0,4,0,0
V7E006,1850090,42,seeker,full,1,36,5,0
V7E006,1850090,42,hider,full,0,22,0,0
V7E006,1850090,42,seeker,no_block,1,36,0,0
V7E006,1850090,42,hider,no_block,0,20,0,0
V7E006,1850090,42,seeker,no_ramp,1,36,5,0
V7E006,1850090,42,hider,no_ramp,0,35,0,0
V7E006,1850090,42,seeker,no_objects,1,36,0,0
V7E006,1850090,42,hider,no_objects,0,35,0,0
V7E006,1850091,42,seeker,full,1,15,2,0
V7E006,1850091,42,hider,full,0,14,0,0
V7E006,1850091,42,seeker,no_block,1,15,0,0
V7E006,1850091,42,hider,no_block,0,14,0,0
V7E006,1850091,42,seeker,no_ramp,1,15,2,0
V7E006,1850091,42,hider,no_ramp,1,100,0,0
V7E006,1850091,42,seeker,no_objects,1,15,0,0
V7E006,1850091,42,hider,no_objects,0,13,0,0
V7E006,1850092,42,seeker,full,1,17,5,0
V7E006,1850092,42,hider,full,0,17,0,0
V7E006,1850092,42,seeker,no_block,1,17,0,0
V7E006,1850092,42,hider,no_block,0,17,0,0
V7E006,1850092,42,seeker,no_ramp,1,17,5,0
V7E006,1850092,42,hider,no_ramp,0,17,0,0
V7E006,1850092,42,seeker,no_objects,1,17,0,0
V7E006,1850092,42,hider,no_objects,0,17,0,0
V7E006,1850093,42,seeker,full,1,4,0,0
V7E006,1850093,42,hider,full,0,6,0,1
V7E006,1850093,42,seeker,no_block,1,4,0,0
V7E006,1850093,42,hider,no_block,0,6,0,1
V7E006,1850093,42,seeker,no_ramp,1,4,0,0
V7E006,1850093,42,hider,no_ramp,0,10,0,0
V7E006,1850093,42,seeker,no_objects,1,4,0,0
V7E006,1850093,42,hider,no_objects,0,10,0,0
V7E006,1850094,42,seeker,full,1,17,2,0
V7E006,1850094,42,hider,full,0,15,0,0
V7E006,1850094,42,seeker,no_block,1,17,0,0
V7E006,1850094,42,hider,no_block,0,15,0,0
V7E006,1850094,42,seeker,no_ramp,1,17,2,0
V7E006,1850094,42,hider,no_ramp,0,13,0,0
V7E006,1850094,42,seeker,no_objects,1,17,0,0
V7E006,1850094,42,hider,no_objects,0,12,0,0
V7E006,1850095,42,seeker,full,1,30,2,0
V7E006,1850095,42,hider,full,0,28,0,0
V7E006,1850095,42,seeker,no_block,0,100,0,0
V7E006,1850095,42,hider,no_block,0,28,0,0
V7E006,1850095,42,seeker,no_ramp,1,30,2,0
V7E006,1850095,42,hider,no_ramp,0,26,0,0
V7E006,1850095,42,seeker,no_objects,1,30,0,0
V7E006,1850095,42,hider,no_objects,0,25,0,0
V7E006,1850096,42,seeker,full,1,33,2,0
V7E006,1850096,42,hider,full,0,27,0,1
V7E006,1850096,42,seeker,no_block,0,100,0,0
V7E006,1850096,42,hider,no_block,0,27,0,1
V7E006,1850096,42,seeker,no_ramp,1,33,2,0
V7E006,1850096,42,hider,no_ramp,0,10,0,0
V7E006,1850096,42,seeker,no_objects,1,33,0,0
V7E006,1850096,42,hider,no_objects,0,10,0,0
V7E006,1850097,42,seeker,full,1,7,2,0
V7E006,1850097,42,hider,full,0,6,1,0
V7E006,1850097,42,seeker,no_block,1,7,0,0
V7E006,1850097,42,hider,no_block,0,6,0,0
V7E006,1850097,42,seeker,no_ramp,1,7,2,0
V7E006,1850097,42,hider,no_ramp,0,11,0,0
V7E006,1850097,42,seeker,no_objects,1,7,0,0
V7E006,1850097,42,hider,no_objects,0,11,0,0
V7E006,1850098,42,seeker,full,1,23,2,0
V7E006,1850098,42,hider,full,0,23,0,0
V7E006,1850098,42,seeker,no_block,1,23,0,0
V7E006,1850098,42,hider,no_block,0,22,0,0
V7E006,1850098,42,seeker,no_ramp,1,23,2,0
V7E006,1850098,42,hider,no_ramp,0,21,0,0
V7E006,1850098,42,seeker,no_objects,1,23,0,0
V7E006,1850098,42,hider,no_objects,0,21,0,0
V7E006,1850099,42,seeker,full,1,21,2,0
V7E006,1850099,42,hider,full,0,14,0,0
V7E006,1850099,42,seeker,no_block,1,21,0,0
V7E006,1850099,42,hider,no_block,0,17,0,1
V7E006,1850099,42,seeker,no_ramp,1,21,2,0
V7E006,1850099,42,hider,no_ramp,0,32,0,0
V7E006,1850099,42,seeker,no_objects,1,21,0,0
V7E006,1850099,42,hider,no_objects,1,100,0,0
V7E007,1860000,42,seeker,full,1,47,2,0
V7E007,1860000,42,hider,full,0,46,0,0
V7E007,1860000,42,seeker,no_block,1,47,0,0
V7E007,1860000,42,hider,no_block,0,46,0,0
V7E007,1860000,42,seeker,no_ramp,1,49,2,0
V7E007,1860000,42,hider,no_ramp,0,46,0,0
V7E007,1860000,42,seeker,no_objects,1,49,0,0
V7E007,1860000,42,hider,no_objects,0,46,0,0
V7E007,1860001,42,seeker,full,1,50,2,0
V7E007,1860001,42,hider,full,0,49,0,0
V7E007,1860001,42,seeker,no_block,1,50,0,0
V7E007,1860001,42,hider,no_block,0,49,0,0
V7E007,1860001,42,seeker,no_ramp,1,52,2,0
V7E007,1860001,42,hider,no_ramp,0,49,0,0
V7E007,1860001,42,seeker,no_objects,1,52,0,0
V7E007,1860001,42,hider,no_objects,0,49,0,0
V7E007,1860002,42,seeker,full,1,11,0,0
V7E007,1860002,42,hider,full,0,10,0,0
V7E007,1860002,42,seeker,no_block,1,11,0,0
V7E007,1860002,42,hider,no_block,0,10,0,0
V7E007,1860002,42,seeker,no_ramp,1,11,0,0
V7E007,1860002,42,hider,no_ramp,0,10,0,0
V7E007,1860002,42,seeker,no_objects,1,11,0,0
V7E007,1860002,42,hider,no_objects,0,7,0,0
V7E007,1860003,42,seeker,full,0,100,4,1
V7E007,1860003,42,hider,full,1,100,0,0
V7E007,1860003,42,seeker,no_block,1,19,0,1
V7E007,1860003,42,hider,no_block,0,18,0,0
V7E007,1860003,42,seeker,no_ramp,1,22,0,0
V7E007,1860003,42,hider,no_ramp,0,21,0,0
V7E007,1860003,42,seeker,no_objects,1,22,0,0
V7E007,1860003,42,hider,no_objects,0,26,0,0
V7E007,1860004,42,seeker,full,1,1,0,0
V7E007,1860004,42,hider,full,0,1,0,0
V7E007,1860004,42,seeker,no_block,1,1,0,0
V7E007,1860004,42,hider,no_block,0,1,0,0
V7E007,1860004,42,seeker,no_ramp,1,1,0,0
V7E007,1860004,42,hider,no_ramp,0,1,0,0
V7E007,1860004,42,seeker,no_objects,1,1,0,0
V7E007,1860004,42,hider,no_objects,0,1,0,0
V7E007,1860005,42,seeker,full,1,6,0,0
V7E007,1860005,42,hider,full,0,5,0,0
V7E007,1860005,42,seeker,no_block,1,6,0,0
V7E007,1860005,42,hider,no_block,0,5,0,0
V7E007,1860005,42,seeker,no_ramp,1,6,0,0
V7E007,1860005,42,hider,no_ramp,0,5,0,0
V7E007,1860005,42,seeker,no_objects,1,6,0,0
V7E007,1860005,42,hider,no_objects,0,5,0,0
V7E007,1860006,42,seeker,full,1,46,5,1
V7E007,1860006,42,hider,full,0,45,0,0
V7E007,1860006,42,seeker,no_block,1,48,0,1
V7E007,1860006,42,hider,no_block,0,47,0,0
V7E007,1860006,42,seeker,no_ramp,1,49,2,0
V7E007,1860006,42,hider,no_ramp,0,46,0,0
V7E007,1860006,42,seeker,no_objects,1,49,0,0
V7E007,1860006,42,hider,no_objects,0,46,0,0
V7E007,1860007,42,seeker,full,1,16,5,1
V7E007,1860007,42,hider,full,0,15,0,0
V7E007,1860007,42,seeker,no_block,1,16,0,1
V7E007,1860007,42,hider,no_block,0,15,0,0
V7E007,1860007,42,seeker,no_ramp,1,17,0,0
V7E007,1860007,42,hider,no_ramp,0,16,0,0
V7E007,1860007,42,seeker,no_objects,1,17,0,0
V7E007,1860007,42,hider,no_objects,0,16,0,0
V7E007,1860008,42,seeker,full,0,100,4,0
V7E007,1860008,42,hider,full,1,100,0,0
V7E007,1860008,42,seeker,no_block,1,7,0,0
V7E007,1860008,42,hider,no_block,0,6,0,0
V7E007,1860008,42,seeker,no_ramp,0,100,4,0
V7E007,1860008,42,hider,no_ramp,1,100,0,0
V7E007,1860008,42,seeker,no_objects,1,7,0,0
V7E007,1860008,42,hider,no_objects,0,6,0,0
V7E007,1860009,42,seeker,full,1,12,0,0
V7E007,1860009,42,hider,full,0,7,0,0
V7E007,1860009,42,seeker,no_block,1,12,0,0
V7E007,1860009,42,hider,no_block,0,7,0,0
V7E007,1860009,42,seeker,no_ramp,1,12,0,0
V7E007,1860009,42,hider,no_ramp,0,7,0,0
V7E007,1860009,42,seeker,no_objects,1,12,0,0
V7E007,1860009,42,hider,no_objects,0,7,0,0
V7E007,1860010,42,seeker,full,1,20,2,0
V7E007,1860010,42,hider,full,0,19,0,0
V7E007,1860010,42,seeker,no_block,1,20,0,0
V7E007,1860010,42,hider,no_block,0,19,0,0
V7E007,1860010,42,seeker,no_ramp,1,20,2,0
V7E007,1860010,42,hider,no_ramp,0,19,0,0
V7E007,1860010,42,seeker,no_objects,1,20,0,0
V7E007,1860010,42,hider,no_objects,0,19,0,0
V7E007,1860011,42,seeker,full,0,100,4,1
V7E007,1860011,42,hider,full,1,100,0,0
V7E007,1860011,42,seeker,no_block,1,13,0,1
V7E007,1860011,42,hider,no_block,0,12,0,0
V7E007,1860011,42,seeker,no_ramp,1,16,0,0
V7E007,1860011,42,hider,no_ramp,0,15,0,0
V7E007,1860011,42,seeker,no_objects,1,16,0,0
V7E007,1860011,42,hider,no_objects,0,15,0,0
V7E007,1860012,42,seeker,full,1,4,0,0
V7E007,1860012,42,hider,full,0,3,0,0
V7E007,1860012,42,seeker,no_block,1,4,0,0
V7E007,1860012,42,hider,no_block,0,3,0,0
V7E007,1860012,42,seeker,no_ramp,1,4,0,0
V7E007,1860012,42,hider,no_ramp,0,3,0,0
V7E007,1860012,42,seeker,no_objects,1,4,0,0
V7E007,1860012,42,hider,no_objects,0,3,0,0
V7E007,1860013,42,seeker,full,1,13,0,1
V7E007,1860013,42,hider,full,0,12,5,0
V7E007,1860013,42,seeker,no_block,1,14,0,1
V7E007,1860013,42,hider,no_block,0,7,0,0
V7E007,1860013,42,seeker,no_ramp,1,16,0,0
V7E007,1860013,42,hider,no_ramp,1,100,3,0
V7E007,1860013,42,seeker,no_objects,1,17,0,0
V7E007,1860013,42,hider,no_objects,0,18,0,0
V7E007,1860014,42,seeker,full,1,6,0,0
V7E007,1860014,42,hider,full,0,5,0,0
V7E007,1860014,42,seeker,no_block,1,6,0,0
V7E007,1860014,42,hider,no_block,0,5,0,0
V7E007,1860014,42,seeker,no_ramp,1,6,0,0
V7E007,1860014,42,hider,no_ramp,0,5,0,0
V7E007,1860014,42,seeker,no_objects,1,6,0,0
V7E007,1860014,42,hider,no_objects,0,5,0,0
V7E007,1860015,42,seeker,full,1,54,5,1
V7E007,1860015,42,hider,full,0,53,0,0
V7E007,1860015,42,seeker,no_block,1,54,0,1
V7E007,1860015,42,hider,no_block,0,53,0,0
V7E007,1860015,42,seeker,no_ramp,1,51,2,0
V7E007,1860015,42,hider,no_ramp,0,48,0,0
V7E007,1860015,42,seeker,no_objects,1,53,0,0
V7E007,1860015,42,hider,no_objects,0,48,0,0
V7E007,1860016,42,seeker,full,1,2,0,0
V7E007,1860016,42,hider,full,0,2,0,0
V7E007,1860016,42,seeker,no_block,1,2,0,0
V7E007,1860016,42,hider,no_block,0,2,0,0
V7E007,1860016,42,seeker,no_ramp,1,2,0,0
V7E007,1860016,42,hider,no_ramp,0,2,0,0
V7E007,1860016,42,seeker,no_objects,1,2,0,0
V7E007,1860016,42,hider,no_objects,0,2,0,0
V7E007,1860017,42,seeker,full,1,8,0,0
V7E007,1860017,42,hider,full,0,7,0,0
V7E007,1860017,42,seeker,no_block,1,8,0,0
V7E007,1860017,42,hider,no_block,0,7,0,0
V7E007,1860017,42,seeker,no_ramp,1,8,0,0
V7E007,1860017,42,hider,no_ramp,0,7,0,0
V7E007,1860017,42,seeker,no_objects,1,8,0,0
V7E007,1860017,42,hider,no_objects,0,7,0,0
V7E007,1860018,42,seeker,full,1,21,2,0
V7E007,1860018,42,hider,full,0,20,0,0
V7E007,1860018,42,seeker,no_block,1,21,0,0
V7E007,1860018,42,hider,no_block,0,20,0,0
V7E007,1860018,42,seeker,no_ramp,1,21,2,0
V7E007,1860018,42,hider,no_ramp,0,27,0,0
V7E007,1860018,42,seeker,no_objects,1,21,0,0
V7E007,1860018,42,hider,no_objects,0,27,0,0
V7E007,1860019,42,seeker,full,1,19,2,0
V7E007,1860019,42,hider,full,0,18,0,0
V7E007,1860019,42,seeker,no_block,1,19,0,0
V7E007,1860019,42,hider,no_block,0,18,0,0
V7E007,1860019,42,seeker,no_ramp,1,19,2,0
V7E007,1860019,42,hider,no_ramp,0,18,0,0
V7E007,1860019,42,seeker,no_objects,1,19,0,0
V7E007,1860019,42,hider,no_objects,0,18,0,0
V7E007,1860020,42,seeker,full,1,1,0,0
V7E007,1860020,42,hider,full,0,1,0,0
V7E007,1860020,42,seeker,no_block,1,1,0,0
V7E007,1860020,42,hider,no_block,0,1,0,0
V7E007,1860020,42,seeker,no_ramp,1,1,0,0
V7E007,1860020,42,hider,no_ramp,0,1,0,0
V7E007,1860020,42,seeker,no_objects,1,1,0,0
V7E007,1860020,42,hider,no_objects,0,1,0,0
V7E007,1860021,42,seeker,full,1,45,5,1
V7E007,1860021,42,hider,full,0,44,0,0
V7E007,1860021,42,seeker,no_block,1,47,0,1
V7E007,1860021,42,hider,no_block,0,46,0,0
V7E007,1860021,42,seeker,no_ramp,1,48,2,0
V7E007,1860021,42,hider,no_ramp,0,45,0,0
V7E007,1860021,42,seeker,no_objects,1,48,0,0
V7E007,1860021,42,hider,no_objects,0,45,0,0
V7E007,1860022,42,seeker,full,1,47,5,1
V7E007,1860022,42,hider,full,0,46,0,0
V7E007,1860022,42,seeker,no_block,1,49,0,1
V7E007,1860022,42,hider,no_block,0,48,0,0
V7E007,1860022,42,seeker,no_ramp,1,50,2,0
V7E007,1860022,42,hider,no_ramp,0,47,0,0
V7E007,1860022,42,seeker,no_objects,1,50,0,0
V7E007,1860022,42,hider,no_objects,0,47,0,0
V7E007,1860023,42,seeker,full,1,6,0,0
V7E007,1860023,42,hider,full,0,5,0,0
V7E007,1860023,42,seeker,no_block,1,6,0,0
V7E007,1860023,42,hider,no_block,0,5,0,0
V7E007,1860023,42,seeker,no_ramp,1,6,0,0
V7E007,1860023,42,hider,no_ramp,0,5,0,0
V7E007,1860023,42,seeker,no_objects,1,6,0,0
V7E007,1860023,42,hider,no_objects,0,5,0,0
V7E007,1860024,42,seeker,full,0,100,4,0
V7E007,1860024,42,hider,full,1,100,0,0
V7E007,1860024,42,seeker,no_block,1,7,0,0
V7E007,1860024,42,hider,no_block,0,6,0,0
V7E007,1860024,42,seeker,no_ramp,0,100,4,0
V7E007,1860024,42,hider,no_ramp,1,100,0,0
V7E007,1860024,42,seeker,no_objects,1,7,0,0
V7E007,1860024,42,hider,no_objects,0,6,0,0
V7E007,1860025,42,seeker,full,1,11,4,0
V7E007,1860025,42,hider,full,0,10,0,0
V7E007,1860025,42,seeker,no_block,1,11,0,0
V7E007,1860025,42,hider,no_block,0,10,0,0
V7E007,1860025,42,seeker,no_ramp,1,11,4,0
V7E007,1860025,42,hider,no_ramp,0,10,0,0
V7E007,1860025,42,seeker,no_objects,1,11,0,0
V7E007,1860025,42,hider,no_objects,0,33,0,0
V7E007,1860026,42,seeker,full,1,8,0,0
V7E007,1860026,42,hider,full,0,7,0,0
V7E007,1860026,42,seeker,no_block,1,8,0,0
V7E007,1860026,42,hider,no_block,0,7,0,0
V7E007,1860026,42,seeker,no_ramp,1,8,0,0
V7E007,1860026,42,hider,no_ramp,0,7,0,0
V7E007,1860026,42,seeker,no_objects,1,8,0,0
V7E007,1860026,42,hider,no_objects,0,7,0,0
V7E007,1860027,42,seeker,full,1,1,0,0
V7E007,1860027,42,hider,full,0,1,0,0
V7E007,1860027,42,seeker,no_block,1,1,0,0
V7E007,1860027,42,hider,no_block,0,1,0,0
V7E007,1860027,42,seeker,no_ramp,1,1,0,0
V7E007,1860027,42,hider,no_ramp,0,1,0,0
V7E007,1860027,42,seeker,no_objects,1,1,0,0
V7E007,1860027,42,hider,no_objects,0,1,0,0
V7E007,1860028,42,seeker,full,1,16,5,1
V7E007,1860028,42,hider,full,0,15,0,0
V7E007,1860028,42,seeker,no_block,1,16,0,1
V7E007,1860028,42,hider,no_block,0,15,0,0
V7E007,1860028,42,seeker,no_ramp,1,17,0,0
V7E007,1860028,42,hider,no_ramp,0,16,0,0
V7E007,1860028,42,seeker,no_objects,1,17,0,0
V7E007,1860028,42,hider,no_objects,0,16,0,0
V7E007,1860029,42,seeker,full,1,57,5,1
V7E007,1860029,42,hider,full,0,56,0,0
V7E007,1860029,42,seeker,no_block,1,57,0,1
V7E007,1860029,42,hider,no_block,0,56,0,0
V7E007,1860029,42,seeker,no_ramp,1,50,2,0
V7E007,1860029,42,hider,no_ramp,0,47,0,0
V7E007,1860029,42,seeker,no_objects,1,50,0,0
V7E007,1860029,42,hider,no_objects,0,47,0,0
V7E007,1860030,42,seeker,full,1,4,0,0
V7E007,1860030,42,hider,full,0,2,0,0
V7E007,1860030,42,seeker,no_block,1,4,0,0
V7E007,1860030,42,hider,no_block,0,2,0,0
V7E007,1860030,42,seeker,no_ramp,1,4,0,0
V7E007,1860030,42,hider,no_ramp,0,2,0,0
V7E007,1860030,42,seeker,no_objects,1,4,0,0
V7E007,1860030,42,hider,no_objects,0,2,0,0
V7E007,1860031,42,seeker,full,1,18,2,0
V7E007,1860031,42,hider,full,0,26,0,0
V7E007,1860031,42,seeker,no_block,1,18,0,0
V7E007,1860031,42,hider,no_block,0,26,0,0
V7E007,1860031,42,seeker,no_ramp,1,18,2,0
V7E007,1860031,42,hider,no_ramp,0,26,0,0
V7E007,1860031,42,seeker,no_objects,1,18,0,0
V7E007,1860031,42,hider,no_objects,0,26,0,0
V7E007,1860032,42,seeker,full,1,3,0,0
V7E007,1860032,42,hider,full,0,3,0,0
V7E007,1860032,42,seeker,no_block,1,3,0,0
V7E007,1860032,42,hider,no_block,0,3,0,0
V7E007,1860032,42,seeker,no_ramp,1,3,0,0
V7E007,1860032,42,hider,no_ramp,0,3,0,0
V7E007,1860032,42,seeker,no_objects,1,3,0,0
V7E007,1860032,42,hider,no_objects,0,3,0,0
V7E007,1860033,42,seeker,full,1,4,0,0
V7E007,1860033,42,hider,full,0,4,0,0
V7E007,1860033,42,seeker,no_block,1,4,0,0
V7E007,1860033,42,hider,no_block,0,4,0,0
V7E007,1860033,42,seeker,no_ramp,1,4,0,0
V7E007,1860033,42,hider,no_ramp,0,4,0,0
V7E007,1860033,42,seeker,no_objects,1,4,0,0
V7E007,1860033,42,hider,no_objects,0,6,0,0
V7E007,1860034,42,seeker,full,1,10,0,1
V7E007,1860034,42,hider,full,0,9,0,0
V7E007,1860034,42,seeker,no_block,1,10,0,1
V7E007,1860034,42,hider,no_block,0,9,0,0
V7E007,1860034,42,seeker,no_ramp,1,25,2,0
V7E007,1860034,42,hider,no_ramp,0,25,0,0
V7E007,1860034,42,seeker,no_objects,1,25,0,0
V7E007,1860034,42,hider,no_objects,0,25,0,0
V7E007,1860035,42,seeker,full,1,3,0,0
V7E007,1860035,42,hider,full,0,3,0,0
V7E007,1860035,42,seeker,no_block,1,3,0,0
V7E007,1860035,42,hider,no_block,0,3,0,0
V7E007,1860035,42,seeker,no_ramp,1,3,0,0
V7E007,1860035,42,hider,no_ramp,0,3,0,0
V7E007,1860035,42,seeker,no_objects,1,3,0,0
V7E007,1860035,42,hider,no_objects,0,3,0,0
V7E007,1860036,42,seeker,full,1,14,5,1
V7E007,1860036,42,hider,full,0,13,0,0
V7E007,1860036,42,seeker,no_block,1,14,0,1
V7E007,1860036,42,hider,no_block,0,13,0,0
V7E007,1860036,42,seeker,no_ramp,1,13,0,0
V7E007,1860036,42,hider,no_ramp,0,12,0,0
V7E007,1860036,42,seeker,no_objects,1,13,0,0
V7E007,1860036,42,hider,no_objects,0,12,0,0
V7E007,1860037,42,seeker,full,1,14,0,0
V7E007,1860037,42,hider,full,0,13,0,0
V7E007,1860037,42,seeker,no_block,1,14,0,0
V7E007,1860037,42,hider,no_block,0,13,0,0
V7E007,1860037,42,seeker,no_ramp,1,14,0,0
V7E007,1860037,42,hider,no_ramp,0,13,0,0
V7E007,1860037,42,seeker,no_objects,1,14,0,0
V7E007,1860037,42,hider,no_objects,0,13,0,0
V7E007,1860038,42,seeker,full,1,12,0,0
V7E007,1860038,42,hider,full,0,11,0,0
V7E007,1860038,42,seeker,no_block,1,12,0,0
V7E007,1860038,42,hider,no_block,0,11,0,0
V7E007,1860038,42,seeker,no_ramp,1,12,0,0
V7E007,1860038,42,hider,no_ramp,0,11,0,0
V7E007,1860038,42,seeker,no_objects,1,12,0,0
V7E007,1860038,42,hider,no_objects,0,11,0,0
V7E007,1860039,42,seeker,full,1,8,0,0
V7E007,1860039,42,hider,full,0,7,0,0
V7E007,1860039,42,seeker,no_block,1,8,0,0
V7E007,1860039,42,hider,no_block,0,7,0,0
V7E007,1860039,42,seeker,no_ramp,1,8,0,0
V7E007,1860039,42,hider,no_ramp,0,7,0,0
V7E007,1860039,42,seeker,no_objects,1,8,0,0
V7E007,1860039,42,hider,no_objects,0,7,0,0
V7E007,1860040,42,seeker,full,1,8,0,1
V7E007,1860040,42,hider,full,0,7,5,0
V7E007,1860040,42,seeker,no_block,1,9,0,1
V7E007,1860040,42,hider,no_block,0,8,0,0
V7E007,1860040,42,seeker,no_ramp,1,9,0,0
V7E007,1860040,42,hider,no_ramp,1,100,3,0
V7E007,1860040,42,seeker,no_objects,1,10,0,0
V7E007,1860040,42,hider,no_objects,0,12,0,0
V7E007,1860041,42,seeker,full,1,1,0,0
V7E007,1860041,42,hider,full,0,1,0,0
V7E007,1860041,42,seeker,no_block,1,1,0,0
V7E007,1860041,42,hider,no_block,0,1,0,0
V7E007,1860041,42,seeker,no_ramp,1,1,0,0
V7E007,1860041,42,hider,no_ramp,0,1,0,0
V7E007,1860041,42,seeker,no_objects,1,1,0,0
V7E007,1860041,42,hider,no_objects,0,1,0,0
V7E007,1860042,42,seeker,full,1,4,0,0
V7E007,1860042,42,hider,full,0,3,0,0
V7E007,1860042,42,seeker,no_block,1,4,0,0
V7E007,1860042,42,hider,no_block,0,3,0,0
V7E007,1860042,42,seeker,no_ramp,1,4,0,0
V7E007,1860042,42,hider,no_ramp,0,3,0,0
V7E007,1860042,42,seeker,no_objects,1,4,0,0
V7E007,1860042,42,hider,no_objects,0,3,0,0
V7E007,1860043,42,seeker,full,1,11,0,0
V7E007,1860043,42,hider,full,0,10,0,0
V7E007,1860043,42,seeker,no_block,1,11,0,0
V7E007,1860043,42,hider,no_block,0,10,0,0
V7E007,1860043,42,seeker,no_ramp,1,11,0,0
V7E007,1860043,42,hider,no_ramp,0,10,0,0
V7E007,1860043,42,seeker,no_objects,1,11,0,0
V7E007,1860043,42,hider,no_objects,0,7,0,0
V7E007,1860044,42,seeker,full,1,9,5,0
V7E007,1860044,42,hider,full,0,8,0,0
V7E007,1860044,42,seeker,no_block,1,9,0,0
V7E007,1860044,42,hider,no_block,0,8,0,0
V7E007,1860044,42,seeker,no_ramp,1,9,5,0
V7E007,1860044,42,hider,no_ramp,0,8,0,0
V7E007,1860044,42,seeker,no_objects,1,9,0,0
V7E007,1860044,42,hider,no_objects,0,8,0,0
V7E007,1860045,42,seeker,full,1,4,0,0
V7E007,1860045,42,hider,full,0,4,0,0
V7E007,1860045,42,seeker,no_block,1,4,0,0
V7E007,1860045,42,hider,no_block,0,4,0,0
V7E007,1860045,42,seeker,no_ramp,1,4,0,0
V7E007,1860045,42,hider,no_ramp,0,4,0,0
V7E007,1860045,42,seeker,no_objects,1,4,0,0
V7E007,1860045,42,hider,no_objects,0,4,0,0
V7E007,1860046,42,seeker,full,1,11,0,0
V7E007,1860046,42,hider,full,0,6,0,0
V7E007,1860046,42,seeker,no_block,1,11,0,0
V7E007,1860046,42,hider,no_block,0,6,0,0
V7E007,1860046,42,seeker,no_ramp,1,11,0,0
V7E007,1860046,42,hider,no_ramp,0,6,0,0
V7E007,1860046,42,seeker,no_objects,1,11,0,0
V7E007,1860046,42,hider,no_objects,0,6,0,0
V7E007,1860047,42,seeker,full,1,5,0,0
V7E007,1860047,42,hider,full,0,4,0,0
V7E007,1860047,42,seeker,no_block,1,5,0,0
V7E007,1860047,42,hider,no_block,0,4,0,0
V7E007,1860047,42,seeker,no_ramp,1,5,0,0
V7E007,1860047,42,hider,no_ramp,0,4,0,0
V7E007,1860047,42,seeker,no_objects,1,5,0,0
V7E007,1860047,42,hider,no_objects,0,4,0,0
V7E007,1860048,42,seeker,full,1,1,0,0
V7E007,1860048,42,hider,full,0,1,0,0
V7E007,1860048,42,seeker,no_block,1,1,0,0
V7E007,1860048,42,hider,no_block,0,1,0,0
V7E007,1860048,42,seeker,no_ramp,1,1,0,0
V7E007,1860048,42,hider,no_ramp,0,1,0,0
V7E007,1860048,42,seeker,no_objects,1,1,0,0
V7E007,1860048,42,hider,no_objects,0,1,0,0
V7E007,1860049,42,seeker,full,1,15,0,0
V7E007,1860049,42,hider,full,0,14,0,0
V7E007,1860049,42,seeker,no_block,1,15,0,0
V7E007,1860049,42,hider,no_block,0,14,0,0
V7E007,1860049,42,seeker,no_ramp,1,15,0,0
V7E007,1860049,42,hider,no_ramp,0,14,0,0
V7E007,1860049,42,seeker,no_objects,1,15,0,0
V7E007,1860049,42,hider,no_objects,0,14,0,0
V7E007,1860050,42,seeker,full,1,54,5,1
V7E007,1860050,42,hider,full,0,53,0,0
V7E007,1860050,42,seeker,no_block,1,54,0,1
V7E007,1860050,42,hider,no_block,0,53,0,0
V7E007,1860050,42,seeker,no_ramp,1,51,2,0
V7E007,1860050,42,hider,no_ramp,0,48,0,0
V7E007,1860050,42,seeker,no_objects,1,53,0,0
V7E007,1860050,42,hider,no_objects,0,48,0,0
V7E007,1860051,42,seeker,full,1,49,2,0
V7E007,1860051,42,hider,full,0,48,0,0
V7E007,1860051,42,seeker,no_block,1,49,0,0
V7E007,1860051,42,hider,no_block,0,48,0,0
V7E007,1860051,42,seeker,no_ramp,1,51,2,0
V7E007,1860051,42,hider,no_ramp,0,48,0,0
V7E007,1860051,42,seeker,no_objects,1,51,0,0
V7E007,1860051,42,hider,no_objects,0,48,0,0
V7E007,1860052,42,seeker,full,1,2,0,0
V7E007,1860052,42,hider,full,0,1,0,0
V7E007,1860052,42,seeker,no_block,1,2,0,0
V7E007,1860052,42,hider,no_block,0,1,0,0
V7E007,1860052,42,seeker,no_ramp,1,2,0,0
V7E007,1860052,42,hider,no_ramp,0,1,0,0
V7E007,1860052,42,seeker,no_objects,1,2,0,0
V7E007,1860052,42,hider,no_objects,0,1,0,0
V7E007,1860053,42,seeker,full,1,48,2,0
V7E007,1860053,42,hider,full,0,47,0,0
V7E007,1860053,42,seeker,no_block,1,48,0,0
V7E007,1860053,42,hider,no_block,0,47,0,0
V7E007,1860053,42,seeker,no_ramp,1,50,2,0
V7E007,1860053,42,hider,no_ramp,0,47,0,0
V7E007,1860053,42,seeker,no_objects,1,50,0,0
V7E007,1860053,42,hider,no_objects,0,47,0,0
V7E007,1860054,42,seeker,full,1,13,0,1
V7E007,1860054,42,hider,full,0,12,0,0
V7E007,1860054,42,seeker,no_block,1,13,0,1
V7E007,1860054,42,hider,no_block,0,12,0,0
V7E007,1860054,42,seeker,no_ramp,1,28,2,0
V7E007,1860054,42,hider,no_ramp,0,28,0,0
V7E007,1860054,42,seeker,no_objects,1,28,0,0
V7E007,1860054,42,hider,no_objects,0,28,0,0
V7E007,1860055,42,seeker,full,1,4,0,0
V7E007,1860055,42,hider,full,0,4,0,0
V7E007,1860055,42,seeker,no_block,1,4,0,0
V7E007,1860055,42,hider,no_block,0,6,0,0
V7E007,1860055,42,seeker,no_ramp,1,4,0,0
V7E007,1860055,42,hider,no_ramp,0,6,0,0
V7E007,1860055,42,seeker,no_objects,1,4,0,0
V7E007,1860055,42,hider,no_objects,0,6,0,0
V7E007,1860056,42,seeker,full,1,12,0,0
V7E007,1860056,42,hider,full,0,11,0,0
V7E007,1860056,42,seeker,no_block,1,12,0,0
V7E007,1860056,42,hider,no_block,0,11,0,0
V7E007,1860056,42,seeker,no_ramp,1,12,0,0
V7E007,1860056,42,hider,no_ramp,0,11,0,0
V7E007,1860056,42,seeker,no_objects,1,12,0,0
V7E007,1860056,42,hider,no_objects,0,11,0,0
V7E007,1860057,42,seeker,full,1,49,2,0
V7E007,1860057,42,hider,full,0,48,0,0
V7E007,1860057,42,seeker,no_block,1,49,0,0
V7E007,1860057,42,hider,no_block,0,48,0,0
V7E007,1860057,42,seeker,no_ramp,1,51,2,0
V7E007,1860057,42,hider,no_ramp,0,48,0,0
V7E007,1860057,42,seeker,no_objects,1,47,0,0
V7E007,1860057,42,hider,no_objects,0,48,0,0
V7E007,1860058,42,seeker,full,1,13,5,1
V7E007,1860058,42,hider,full,0,12,0,0
V7E007,1860058,42,seeker,no_block,1,13,0,1
V7E007,1860058,42,hider,no_block,0,12,0,0
V7E007,1860058,42,seeker,no_ramp,1,14,0,0
V7E007,1860058,42,hider,no_ramp,0,13,0,0
V7E007,1860058,42,seeker,no_objects,1,14,0,0
V7E007,1860058,42,hider,no_objects,0,14,0,0
V7E007,1860059,42,seeker,full,1,48,5,0
V7E007,1860059,42,hider,full,0,47,0,0
V7E007,1860059,42,seeker,no_block,1,48,0,0
V7E007,1860059,42,hider,no_block,0,47,0,0
V7E007,1860059,42,seeker,no_ramp,1,46,5,0
V7E007,1860059,42,hider,no_ramp,0,47,0,0
V7E007,1860059,42,seeker,no_objects,1,50,0,0
V7E007,1860059,42,hider,no_objects,0,47,0,0
V7E007,1860060,42,seeker,full,0,100,4,1
V7E007,1860060,42,hider,full,1,100,0,0
V7E007,1860060,42,seeker,no_block,1,18,0,1
V7E007,1860060,42,hider,no_block,0,17,0,0
V7E007,1860060,42,seeker,no_ramp,1,21,0,0
V7E007,1860060,42,hider,no_ramp,0,20,0,0
V7E007,1860060,42,seeker,no_objects,1,21,0,0
V7E007,1860060,42,hider,no_objects,0,20,0,0
V7E007,1860061,42,seeker,full,1,7,0,0
V7E007,1860061,42,hider,full,0,6,0,0
V7E007,1860061,42,seeker,no_block,1,7,0,0
V7E007,1860061,42,hider,no_block,0,6,0,0
V7E007,1860061,42,seeker,no_ramp,1,7,0,0
V7E007,1860061,42,hider,no_ramp,0,6,0,0
V7E007,1860061,42,seeker,no_objects,1,7,0,0
V7E007,1860061,42,hider,no_objects,0,6,0,0
V7E007,1860062,42,seeker,full,1,49,2,0
V7E007,1860062,42,hider,full,0,48,0,0
V7E007,1860062,42,seeker,no_block,1,49,0,0
V7E007,1860062,42,hider,no_block,0,48,0,0
V7E007,1860062,42,seeker,no_ramp,1,51,2,0
V7E007,1860062,42,hider,no_ramp,0,48,0,0
V7E007,1860062,42,seeker,no_objects,1,51,0,0
V7E007,1860062,42,hider,no_objects,0,48,0,0
V7E007,1860063,42,seeker,full,1,10,0,0
V7E007,1860063,42,hider,full,0,9,0,0
V7E007,1860063,42,seeker,no_block,1,10,0,0
V7E007,1860063,42,hider,no_block,0,9,0,0
V7E007,1860063,42,seeker,no_ramp,1,10,0,0
V7E007,1860063,42,hider,no_ramp,0,9,0,0
V7E007,1860063,42,seeker,no_objects,1,10,0,0
V7E007,1860063,42,hider,no_objects,0,6,0,0
V7E007,1860064,42,seeker,full,1,18,0,1
V7E007,1860064,42,hider,full,0,17,5,0
V7E007,1860064,42,seeker,no_block,1,19,0,1
V7E007,1860064,42,hider,no_block,0,18,0,0
V7E007,1860064,42,seeker,no_ramp,1,21,0,0
V7E007,1860064,42,hider,no_ramp,1,100,3,0
V7E007,1860064,42,seeker,no_objects,1,22,0,0
V7E007,1860064,42,hider,no_objects,0,24,0,0
V7E007,1860065,42,seeker,full,1,1,0,0
V7E007,1860065,42,hider,full,0,1,0,0
V7E007,1860065,42,seeker,no_block,1,1,0,0
V7E007,1860065,42,hider,no_block,0,1,0,0
V7E007,1860065,42,seeker,no_ramp,1,1,0,0
V7E007,1860065,42,hider,no_ramp,0,1,0,0
V7E007,1860065,42,seeker,no_objects,1,1,0,0
V7E007,1860065,42,hider,no_objects,0,1,0,0
V7E007,1860066,42,seeker,full,1,9,5,0
V7E007,1860066,42,hider,full,0,8,0,0
V7E007,1860066,42,seeker,no_block,1,9,0,0
V7E007,1860066,42,hider,no_block,0,8,0,0
V7E007,1860066,42,seeker,no_ramp,1,9,5,0
V7E007,1860066,42,hider,no_ramp,0,8,0,0
V7E007,1860066,42,seeker,no_objects,1,9,0,0
V7E007,1860066,42,hider,no_objects,0,8,0,0
V7E007,1860067,42,seeker,full,1,51,2,0
V7E007,1860067,42,hider,full,0,50,0,0
V7E007,1860067,42,seeker,no_block,1,51,0,0
V7E007,1860067,42,hider,no_block,0,50,0,0
V7E007,1860067,42,seeker,no_ramp,1,53,2,0
V7E007,1860067,42,hider,no_ramp,0,50,0,0
V7E007,1860067,42,seeker,no_objects,1,53,0,0
V7E007,1860067,42,hider,no_objects,0,50,0,0
V7E007,1860068,42,seeker,full,1,7,0,1
V7E007,1860068,42,hider,full,0,6,0,0
V7E007,1860068,42,seeker,no_block,1,7,0,1
V7E007,1860068,42,hider,no_block,0,6,0,0
V7E007,1860068,42,seeker,no_ramp,1,22,2,0
V7E007,1860068,42,hider,no_ramp,0,22,0,0
V7E007,1860068,42,seeker,no_objects,1,22,0,0
V7E007,1860068,42,hider,no_objects,0,22,0,0
V7E007,1860069,42,seeker,full,1,13,0,0
V7E007,1860069,42,hider,full,0,12,0,0
V7E007,1860069,42,seeker,no_block,1,13,0,0
V7E007,1860069,42,hider,no_block,0,12,0,0
V7E007,1860069,42,seeker,no_ramp,1,13,0,0
V7E007,1860069,42,hider,no_ramp,0,12,0,0
V7E007,1860069,42,seeker,no_objects,1,13,0,0
V7E007,1860069,42,hider,no_objects,0,12,0,0
V7E007,1860070,42,seeker,full,1,5,0,0
V7E007,1860070,42,hider,full,0,4,0,0
V7E007,1860070,42,seeker,no_block,1,5,0,0
V7E007,1860070,42,hider,no_block,0,4,0,0
V7E007,1860070,42,seeker,no_ramp,1,5,0,0
V7E007,1860070,42,hider,no_ramp,0,4,0,0
V7E007,1860070,42,seeker,no_objects,1,5,0,0
V7E007,1860070,42,hider,no_objects,0,4,0,0
V7E007,1860071,42,seeker,full,1,16,2,0
V7E007,1860071,42,hider,full,0,15,0,0
V7E007,1860071,42,seeker,no_block,1,16,0,0
V7E007,1860071,42,hider,no_block,0,15,0,0
V7E007,1860071,42,seeker,no_ramp,1,16,2,0
V7E007,1860071,42,hider,no_ramp,0,15,0,0
V7E007,1860071,42,seeker,no_objects,1,16,0,0
V7E007,1860071,42,hider,no_objects,0,15,0,0
V7E007,1860072,42,seeker,full,1,11,4,0
V7E007,1860072,42,hider,full,0,10,0,0
V7E007,1860072,42,seeker,no_block,1,11,0,0
V7E007,1860072,42,hider,no_block,0,10,0,0
V7E007,1860072,42,seeker,no_ramp,1,11,4,0
V7E007,1860072,42,hider,no_ramp,0,10,0,0
V7E007,1860072,42,seeker,no_objects,1,11,0,0
V7E007,1860072,42,hider,no_objects,0,10,0,0
V7E007,1860073,42,seeker,full,1,47,2,0
V7E007,1860073,42,hider,full,0,46,0,0
V7E007,1860073,42,seeker,no_block,1,47,0,0
V7E007,1860073,42,hider,no_block,0,46,0,0
V7E007,1860073,42,seeker,no_ramp,1,49,2,0
V7E007,1860073,42,hider,no_ramp,0,46,0,0
V7E007,1860073,42,seeker,no_objects,1,49,0,0
V7E007,1860073,42,hider,no_objects,0,46,0,0
V7E007,1860074,42,seeker,full,1,11,0,0
V7E007,1860074,42,hider,full,0,10,0,0
V7E007,1860074,42,seeker,no_block,1,11,0,0
V7E007,1860074,42,hider,no_block,0,10,0,0
V7E007,1860074,42,seeker,no_ramp,1,11,0,0
V7E007,1860074,42,hider,no_ramp,0,10,0,0
V7E007,1860074,42,seeker,no_objects,1,11,0,0
V7E007,1860074,42,hider,no_objects,0,10,0,0
V7E007,1860075,42,seeker,full,1,48,2,0
V7E007,1860075,42,hider,full,0,47,0,0
V7E007,1860075,42,seeker,no_block,1,48,0,0
V7E007,1860075,42,hider,no_block,0,47,0,0
V7E007,1860075,42,seeker,no_ramp,1,50,2,0
V7E007,1860075,42,hider,no_ramp,0,47,0,0
V7E007,1860075,42,seeker,no_objects,1,46,0,0
V7E007,1860075,42,hider,no_objects,0,47,0,0
V7E007,1860076,42,seeker,full,1,50,2,0
V7E007,1860076,42,hider,full,0,49,0,0
V7E007,1860076,42,seeker,no_block,1,50,0,0
V7E007,1860076,42,hider,no_block,0,49,0,0
V7E007,1860076,42,seeker,no_ramp,1,52,2,0
V7E007,1860076,42,hider,no_ramp,0,49,0,0
V7E007,1860076,42,seeker,no_objects,1,48,0,0
V7E007,1860076,42,hider,no_objects,0,49,0,0
V7E007,1860077,42,seeker,full,0,100,0,0
V7E007,1860077,42,hider,full,1,100,0,0
V7E007,1860077,42,seeker,no_block,1,2,0,0
V7E007,1860077,42,hider,no_block,0,2,0,0
V7E007,1860077,42,seeker,no_ramp,0,100,0,0
V7E007,1860077,42,hider,no_ramp,1,100,0,0
V7E007,1860077,42,seeker,no_objects,1,2,0,0
V7E007,1860077,42,hider,no_objects,0,2,0,0
V7E007,1860078,42,seeker,full,0,100,4,1
V7E007,1860078,42,hider,full,1,100,0,0
V7E007,1860078,42,seeker,no_block,1,11,0,1
V7E007,1860078,42,hider,no_block,0,10,0,0
V7E007,1860078,42,seeker,no_ramp,1,14,0,0
V7E007,1860078,42,hider,no_ramp,0,13,0,0
V7E007,1860078,42,seeker,no_objects,1,14,0,0
V7E007,1860078,42,hider,no_objects,0,18,0,0
V7E007,1860079,42,seeker,full,1,20,2,0
V7E007,1860079,42,hider,full,0,19,0,0
V7E007,1860079,42,seeker,no_block,1,20,0,0
V7E007,1860079,42,hider,no_block,0,19,0,0
V7E007,1860079,42,seeker,no_ramp,1,20,2,0
V7E007,1860079,42,hider,no_ramp,0,19,0,0
V7E007,1860079,42,seeker,no_objects,1,20,0,0
V7E007,1860079,42,hider,no_objects,0,19,0,0
V7E007,1860080,42,seeker,full,1,3,0,0
V7E007,1860080,42,hider,full,0,3,0,0
V7E007,1860080,42,seeker,no_block,1,3,0,0
V7E007,1860080,42,hider,no_block,0,3,0,0
V7E007,1860080,42,seeker,no_ramp,1,3,0,0
V7E007,1860080,42,hider,no_ramp,0,3,0,0
V7E007,1860080,42,seeker,no_objects,1,3,0,0
V7E007,1860080,42,hider,no_objects,0,3,0,0
V7E007,1860081,42,seeker,full,0,100,4,1
V7E007,1860081,42,hider,full,0,14,2,0
V7E007,1860081,42,seeker,no_block,1,20,0,1
V7E007,1860081,42,hider,no_block,0,19,0,0
V7E007,1860081,42,seeker,no_ramp,1,23,0,0
V7E007,1860081,42,hider,no_ramp,0,26,2,0
V7E007,1860081,42,seeker,no_objects,1,23,0,0
V7E007,1860081,42,hider,no_objects,0,27,0,0
V7E007,1860082,42,seeker,full,0,100,0,0
V7E007,1860082,42,hider,full,1,100,2,0
V7E007,1860082,42,seeker,no_block,1,3,0,0
V7E007,1860082,42,hider,no_block,0,3,0,0
V7E007,1860082,42,seeker,no_ramp,0,100,0,0
V7E007,1860082,42,hider,no_ramp,1,100,2,0
V7E007,1860082,42,seeker,no_objects,1,3,0,0
V7E007,1860082,42,hider,no_objects,0,3,0,0
V7E007,1860083,42,seeker,full,1,6,0,0
V7E007,1860083,42,hider,full,0,5,0,0
V7E007,1860083,42,seeker,no_block,1,6,0,0
V7E007,1860083,42,hider,no_block,0,5,0,0
V7E007,1860083,42,seeker,no_ramp,1,6,0,0
V7E007,1860083,42,hider,no_ramp,0,5,0,0
V7E007,1860083,42,seeker,no_objects,1,6,0,0
V7E007,1860083,42,hider,no_objects,0,5,0,0
V7E007,1860084,42,seeker,full,1,9,2,0
V7E007,1860084,42,hider,full,0,9,0,0
V7E007,1860084,42,seeker,no_block,1,9,0,0
V7E007,1860084,42,hider,no_block,0,9,0,0
V7E007,1860084,42,seeker,no_ramp,1,9,2,0
V7E007,1860084,42,hider,no_ramp,0,9,0,0
V7E007,1860084,42,seeker,no_objects,1,9,0,0
V7E007,1860084,42,hider,no_objects,0,9,0,0
V7E007,1860085,42,seeker,full,1,1,0,0
V7E007,1860085,42,hider,full,0,1,0,0
V7E007,1860085,42,seeker,no_block,1,1,0,0
V7E007,1860085,42,hider,no_block,0,1,0,0
V7E007,1860085,42,seeker,no_ramp,1,1,0,0
V7E007,1860085,42,hider,no_ramp,0,1,0,0
V7E007,1860085,42,seeker,no_objects,1,1,0,0
V7E007,1860085,42,hider,no_objects,0,1,0,0
V7E007,1860086,42,seeker,full,1,15,5,1
V7E007,1860086,42,hider,full,0,14,0,0
V7E007,1860086,42,seeker,no_block,1,15,0,1
V7E007,1860086,42,hider,no_block,0,14,0,0
V7E007,1860086,42,seeker,no_ramp,1,16,0,0
V7E007,1860086,42,hider,no_ramp,0,15,0,0
V7E007,1860086,42,seeker,no_objects,1,16,0,0
V7E007,1860086,42,hider,no_objects,0,15,0,0
V7E007,1860087,42,seeker,full,1,7,0,0
V7E007,1860087,42,hider,full,0,6,0,0
V7E007,1860087,42,seeker,no_block,1,7,0,0
V7E007,1860087,42,hider,no_block,0,6,0,0
V7E007,1860087,42,seeker,no_ramp,1,7,0,0
V7E007,1860087,42,hider,no_ramp,0,6,0,0
V7E007,1860087,42,seeker,no_objects,1,7,0,0
V7E007,1860087,42,hider,no_objects,0,6,0,0
V7E007,1860088,42,seeker,full,1,1,0,0
V7E007,1860088,42,hider,full,0,1,0,0
V7E007,1860088,42,seeker,no_block,1,1,0,0
V7E007,1860088,42,hider,no_block,0,1,0,0
V7E007,1860088,42,seeker,no_ramp,1,1,0,0
V7E007,1860088,42,hider,no_ramp,0,1,0,0
V7E007,1860088,42,seeker,no_objects,1,1,0,0
V7E007,1860088,42,hider,no_objects,0,1,0,0
V7E007,1860089,42,seeker,full,1,6,0,1
V7E007,1860089,42,hider,full,0,5,0,0
V7E007,1860089,42,seeker,no_block,1,6,0,1
V7E007,1860089,42,hider,no_block,0,5,0,0
V7E007,1860089,42,seeker,no_ramp,1,21,2,0
V7E007,1860089,42,hider,no_ramp,0,21,0,0
V7E007,1860089,42,seeker,no_objects,1,21,0,0
V7E007,1860089,42,hider,no_objects,0,21,0,0
V7E007,1860090,42,seeker,full,0,100,4,1
V7E007,1860090,42,hider,full,0,13,2,0
V7E007,1860090,42,seeker,no_block,1,19,0,1
V7E007,1860090,42,hider,no_block,0,18,0,0
V7E007,1860090,42,seeker,no_ramp,1,22,0,0
V7E007,1860090,42,hider,no_ramp,0,25,2,0
V7E007,1860090,42,seeker,no_objects,1,22,0,0
V7E007,1860090,42,hider,no_objects,0,26,0,0
V7E007,1860091,42,seeker,full,1,1,0,0
V7E007,1860091,42,hider,full,0,1,0,0
V7E007,1860091,42,seeker,no_block,1,1,0,0
V7E007,1860091,42,hider,no_block,0,1,0,0
V7E007,1860091,42,seeker,no_ramp,1,1,0,0
V7E007,1860091,42,hider,no_ramp,0,1,0,0
V7E007,1860091,42,seeker,no_objects,1,1,0,0
V7E007,1860091,42,hider,no_objects,0,1,0,0
V7E007,1860092,42,seeker,full,1,1,0,0
V7E007,1860092,42,hider,full,0,1,0,0
V7E007,1860092,42,seeker,no_block,1,1,0,0
V7E007,1860092,42,hider,no_block,0,1,0,0
V7E007,1860092,42,seeker,no_ramp,1,1,0,0
V7E007,1860092,42,hider,no_ramp,0,1,0,0
V7E007,1860092,42,seeker,no_objects,1,1,0,0
V7E007,1860092,42,hider,no_objects,0,1,0,0
V7E007,1860093,42,seeker,full,1,47,2,0
V7E007,1860093,42,hider,full,0,46,0,0
V7E007,1860093,42,seeker,no_block,1,47,0,0
V7E007,1860093,42,hider,no_block,0,46,0,0
V7E007,1860093,42,seeker,no_ramp,1,49,2,0
V7E007,1860093,42,hider,no_ramp,0,46,0,0
V7E007,1860093,42,seeker,no_objects,1,49,0,0
V7E007,1860093,42,hider,no_objects,0,46,0,0
V7E007,1860094,42,seeker,full,1,46,5,1
V7E007,1860094,42,hider,full,0,45,0,0
V7E007,1860094,42,seeker,no_block,1,48,0,1
V7E007,1860094,42,hider,no_block,0,47,0,0
V7E007,1860094,42,seeker,no_ramp,1,49,2,0
V7E007,1860094,42,hider,no_ramp,0,46,0,0
V7E007,1860094,42,seeker,no_objects,1,49,0,0
V7E007,1860094,42,hider,no_objects,0,46,0,0
V7E007,1860095,42,seeker,full,1,1,0,0
V7E007,1860095,42,hider,full,0,1,0,0
V7E007,1860095,42,seeker,no_block,1,1,0,0
V7E007,1860095,42,hider,no_block,0,1,0,0
V7E007,1860095,42,seeker,no_ramp,1,1,0,0
V7E007,1860095,42,hider,no_ramp,0,1,0,0
V7E007,1860095,42,seeker,no_objects,1,1,0,0
V7E007,1860095,42,hider,no_objects,0,1,0,0
V7E007,1860096,42,seeker,full,1,1,0,0
V7E007,1860096,42,hider,full,0,1,0,0
V7E007,1860096,42,seeker,no_block,1,1,0,0
V7E007,1860096,42,hider,no_block,0,1,0,0
V7E007,1860096,42,seeker,no_ramp,1,1,0,0
V7E007,1860096,42,hider,no_ramp,0,1,0,0
V7E007,1860096,42,seeker,no_objects,1,1,0,0
V7E007,1860096,42,hider,no_objects,0,1,0,0
V7E007,1860097,42,seeker,full,0,100,4,1
V7E007,1860097,42,hider,full,1,100,0,0
V7E007,1860097,42,seeker,no_block,1,13,0,1
V7E007,1860097,42,hider,no_block,0,12,0,0
V7E007,1860097,42,seeker,no_ramp,1,16,0,0
V7E007,1860097,42,hider,no_ramp,0,19,2,0
V7E007,1860097,42,seeker,no_objects,1,16,0,0
V7E007,1860097,42,hider,no_objects,0,20,0,0
V7E007,1860098,42,seeker,full,1,14,4,0
V7E007,1860098,42,hider,full,0,24,0,0
V7E007,1860098,42,seeker,no_block,1,14,0,0
V7E007,1860098,42,hider,no_block,0,25,0,0
V7E007,1860098,42,seeker,no_ramp,1,14,4,0
V7E007,1860098,42,hider,no_ramp,0,26,0,0
V7E007,1860098,42,seeker,no_objects,1,14,0,0
V7E007,1860098,42,hider,no_objects,0,28,0,0
V7E007,1860099,42,seeker,full,1,47,5,1
V7E007,1860099,42,hider,full,0,46,0,0
V7E007,1860099,42,seeker,no_block,1,49,0,1
V7E007,1860099,42,hider,no_block,0,48,0,0
V7E007,1860099,42,seeker,no_ramp,1,50,2,0
V7E007,1860099,42,hider,no_ramp,0,47,0,0
V7E007,1860099,42,seeker,no_objects,1,52,0,0
V7E007,1860099,42,hider,no_objects,0,47,0,0
V7E008,1870000,42,seeker,full,0,100,1,0
V7E008,1870000,42,hider,full,1,100,0,0
V7E008,1870000,42,seeker,no_block,1,8,0,0
V7E008,1870000,42,hider,no_block,0,9,0,0
V7E008,1870000,42,seeker,no_ramp,0,100,1,0
V7E008,1870000,42,hider,no_ramp,1,100,0,0
V7E008,1870000,42,seeker,no_objects,1,8,0,0
V7E008,1870000,42,hider,no_objects,0,9,0,0
V7E008,1870001,42,seeker,full,1,54,3,0
V7E008,1870001,42,hider,full,0,42,0,0
V7E008,1870001,42,seeker,no_block,0,100,0,0
V7E008,1870001,42,hider,no_block,0,43,0,0
V7E008,1870001,42,seeker,no_ramp,0,100,0,0
V7E008,1870001,42,hider,no_ramp,0,42,0,0
V7E008,1870001,42,seeker,no_objects,0,100,0,0
V7E008,1870001,42,hider,no_objects,0,43,0,0
V7E008,1870002,42,seeker,full,0,100,0,1
V7E008,1870002,42,hider,full,0,36,0,0
V7E008,1870002,42,seeker,no_block,1,18,0,1
V7E008,1870002,42,hider,no_block,0,36,0,0
V7E008,1870002,42,seeker,no_ramp,0,100,0,0
V7E008,1870002,42,hider,no_ramp,0,30,0,0
V7E008,1870002,42,seeker,no_objects,1,11,0,0
V7E008,1870002,42,hider,no_objects,0,30,0,0
V7E008,1870003,42,seeker,full,1,5,0,0
V7E008,1870003,42,hider,full,0,2,0,0
V7E008,1870003,42,seeker,no_block,1,5,0,0
V7E008,1870003,42,hider,no_block,0,2,0,0
V7E008,1870003,42,seeker,no_ramp,1,5,0,0
V7E008,1870003,42,hider,no_ramp,0,4,0,0
V7E008,1870003,42,seeker,no_objects,1,5,0,0
V7E008,1870003,42,hider,no_objects,0,2,0,0
V7E008,1870004,42,seeker,full,1,55,3,1
V7E008,1870004,42,hider,full,0,47,0,0
V7E008,1870004,42,seeker,no_block,1,53,0,1
V7E008,1870004,42,hider,no_block,0,48,0,0
V7E008,1870004,42,seeker,no_ramp,1,48,5,0
V7E008,1870004,42,hider,no_ramp,0,36,0,0
V7E008,1870004,42,seeker,no_objects,1,38,0,0
V7E008,1870004,42,hider,no_objects,0,37,0,0
V7E008,1870005,42,seeker,full,1,7,0,0
V7E008,1870005,42,hider,full,0,7,0,0
V7E008,1870005,42,seeker,no_block,1,7,0,0
V7E008,1870005,42,hider,no_block,0,7,0,0
V7E008,1870005,42,seeker,no_ramp,1,7,0,0
V7E008,1870005,42,hider,no_ramp,0,18,0,0
V7E008,1870005,42,seeker,no_objects,1,7,0,0
V7E008,1870005,42,hider,no_objects,0,18,0,0
V7E008,1870006,42,seeker,full,0,100,4,1
V7E008,1870006,42,hider,full,0,38,0,0
V7E008,1870006,42,seeker,no_block,1,41,0,1
V7E008,1870006,42,hider,no_block,0,36,0,0
V7E008,1870006,42,seeker,no_ramp,0,100,0,0
V7E008,1870006,42,hider,no_ramp,0,33,0,0
V7E008,1870006,42,seeker,no_objects,0,100,0,0
V7E008,1870006,42,hider,no_objects,0,33,0,0
V7E008,1870007,42,seeker,full,0,100,1,0
V7E008,1870007,42,hider,full,1,100,0,0
V7E008,1870007,42,seeker,no_block,1,17,0,0
V7E008,1870007,42,hider,no_block,0,19,0,0
V7E008,1870007,42,seeker,no_ramp,0,100,1,0
V7E008,1870007,42,hider,no_ramp,1,100,0,0
V7E008,1870007,42,seeker,no_objects,1,17,0,0
V7E008,1870007,42,hider,no_objects,0,18,0,0
V7E008,1870008,42,seeker,full,0,100,1,0
V7E008,1870008,42,hider,full,1,100,0,1
V7E008,1870008,42,seeker,no_block,1,14,0,0
V7E008,1870008,42,hider,no_block,0,14,0,1
V7E008,1870008,42,seeker,no_ramp,0,100,1,0
V7E008,1870008,42,hider,no_ramp,1,100,0,0
V7E008,1870008,42,seeker,no_objects,1,14,0,0
V7E008,1870008,42,hider,no_objects,0,13,0,0
V7E008,1870009,42,seeker,full,1,2,0,0
V7E008,1870009,42,hider,full,0,6,0,0
V7E008,1870009,42,seeker,no_block,1,2,0,0
V7E008,1870009,42,hider,no_block,0,6,0,0
V7E008,1870009,42,seeker,no_ramp,1,2,0,0
V7E008,1870009,42,hider,no_ramp,0,3,0,0
V7E008,1870009,42,seeker,no_objects,1,2,0,0
V7E008,1870009,42,hider,no_objects,0,3,0,0
V7E008,1870010,42,seeker,full,0,100,1,0
V7E008,1870010,42,hider,full,1,100,0,0
V7E008,1870010,42,seeker,no_block,1,12,0,0
V7E008,1870010,42,hider,no_block,0,14,0,0
V7E008,1870010,42,seeker,no_ramp,0,100,1,0
V7E008,1870010,42,hider,no_ramp,1,100,0,0
V7E008,1870010,42,seeker,no_objects,1,12,0,0
V7E008,1870010,42,hider,no_objects,0,13,0,0
V7E008,1870011,42,seeker,full,1,51,3,1
V7E008,1870011,42,hider,full,0,36,0,0
V7E008,1870011,42,seeker,no_block,1,45,0,1
V7E008,1870011,42,hider,no_block,0,11,0,0
V7E008,1870011,42,seeker,no_ramp,0,100,5,0
V7E008,1870011,42,hider,no_ramp,0,27,0,0
V7E008,1870011,42,seeker,no_objects,1,36,0,0
V7E008,1870011,42,hider,no_objects,0,11,0,0
V7E008,1870012,42,seeker,full,1,4,0,0
V7E008,1870012,42,hider,full,0,2,0,0
V7E008,1870012,42,seeker,no_block,1,4,0,0
V7E008,1870012,42,hider,no_block,0,2,0,0
V7E008,1870012,42,seeker,no_ramp,1,4,0,0
V7E008,1870012,42,hider,no_ramp,0,3,0,0
V7E008,1870012,42,seeker,no_objects,1,4,0,0
V7E008,1870012,42,hider,no_objects,0,3,0,0
V7E008,1870013,42,seeker,full,1,38,2,1
V7E008,1870013,42,hider,full,0,37,0,0
V7E008,1870013,42,seeker,no_block,1,18,0,1
V7E008,1870013,42,hider,no_block,0,36,0,0
V7E008,1870013,42,seeker,no_ramp,0,100,0,0
V7E008,1870013,42,hider,no_ramp,0,32,0,0
V7E008,1870013,42,seeker,no_objects,1,17,0,0
V7E008,1870013,42,hider,no_objects,0,11,0,0
V7E008,1870014,42,seeker,full,1,45,2,0
V7E008,1870014,42,hider,full,0,36,0,0
V7E008,1870014,42,seeker,no_block,1,17,0,0
V7E008,1870014,42,hider,no_block,0,35,0,0
V7E008,1870014,42,seeker,no_ramp,0,100,0,0
V7E008,1870014,42,hider,no_ramp,0,36,0,0
V7E008,1870014,42,seeker,no_objects,1,17,0,0
V7E008,1870014,42,hider,no_objects,0,35,0,0
V7E008,1870015,42,seeker,full,1,3,0,1
V7E008,1870015,42,hider,full,0,5,0,0
V7E008,1870015,42,seeker,no_block,1,3,0,1
V7E008,1870015,42,hider,no_block,0,5,0,0
V7E008,1870015,42,seeker,no_ramp,1,16,0,0
V7E008,1870015,42,hider,no_ramp,0,17,0,0
V7E008,1870015,42,seeker,no_objects,1,16,0,0
V7E008,1870015,42,hider,no_objects,0,18,0,0
V7E008,1870016,42,seeker,full,0,100,1,0
V7E008,1870016,42,hider,full,1,100,0,0
V7E008,1870016,42,seeker,no_block,1,11,0,0
V7E008,1870016,42,hider,no_block,0,12,0,0
V7E008,1870016,42,seeker,no_ramp,0,100,1,0
V7E008,1870016,42,hider,no_ramp,1,100,0,0
V7E008,1870016,42,seeker,no_objects,1,11,0,0
V7E008,1870016,42,hider,no_objects,0,12,0,0
V7E008,1870017,42,seeker,full,0,100,1,0
V7E008,1870017,42,hider,full,1,100,0,0
V7E008,1870017,42,seeker,no_block,1,14,0,0
V7E008,1870017,42,hider,no_block,0,15,0,0
V7E008,1870017,42,seeker,no_ramp,0,100,1,0
V7E008,1870017,42,hider,no_ramp,1,100,0,0
V7E008,1870017,42,seeker,no_objects,1,14,0,0
V7E008,1870017,42,hider,no_objects,0,15,0,0
V7E008,1870018,42,seeker,full,1,57,3,0
V7E008,1870018,42,hider,full,0,40,0,0
V7E008,1870018,42,seeker,no_block,0,100,0,0
V7E008,1870018,42,hider,no_block,0,40,0,0
V7E008,1870018,42,seeker,no_ramp,0,100,0,0
V7E008,1870018,42,hider,no_ramp,0,40,0,0
V7E008,1870018,42,seeker,no_objects,0,100,0,0
V7E008,1870018,42,hider,no_objects,0,40,0,0
V7E008,1870019,42,seeker,full,0,100,0,1
V7E008,1870019,42,hider,full,0,44,0,0
V7E008,1870019,42,seeker,no_block,0,100,0,1
V7E008,1870019,42,hider,no_block,0,45,0,0
V7E008,1870019,42,seeker,no_ramp,0,100,0,0
V7E008,1870019,42,hider,no_ramp,0,39,0,0
V7E008,1870019,42,seeker,no_objects,0,100,0,0
V7E008,1870019,42,hider,no_objects,0,40,0,0
V7E008,1870020,42,seeker,full,1,56,3,1
V7E008,1870020,42,hider,full,0,48,0,0
V7E008,1870020,42,seeker,no_block,1,54,0,1
V7E008,1870020,42,hider,no_block,0,49,0,0
V7E008,1870020,42,seeker,no_ramp,1,39,5,0
V7E008,1870020,42,hider,no_ramp,0,37,0,0
V7E008,1870020,42,seeker,no_objects,1,39,0,0
V7E008,1870020,42,hider,no_objects,0,38,0,0
V7E008,1870021,42,seeker,full,1,8,0,0
V7E008,1870021,42,hider,full,0,3,0,0
V7E008,1870021,42,seeker,no_block,1,8,0,0
V7E008,1870021,42,hider,no_block,0,3,0,0
V7E008,1870021,42,seeker,no_ramp,1,8,0,0
V7E008,1870021,42,hider,no_ramp,0,3,0,0
V7E008,1870021,42,seeker,no_objects,1,10,0,0
V7E008,1870021,42,hider,no_objects,0,3,0,0
V7E008,1870022,42,seeker,full,1,3,0,0
V7E008,1870022,42,hider,full,0,2,0,0
V7E008,1870022,42,seeker,no_block,1,3,0,0
V7E008,1870022,42,hider,no_block,0,2,0,0
V7E008,1870022,42,seeker,no_ramp,1,3,0,0
V7E008,1870022,42,hider,no_ramp,0,2,0,0
V7E008,1870022,42,seeker,no_objects,1,3,0,0
V7E008,1870022,42,hider,no_objects,0,2,0,0
V7E008,1870023,42,seeker,full,0,100,1,0
V7E008,1870023,42,hider,full,1,100,0,0
V7E008,1870023,42,seeker,no_block,1,10,0,0
V7E008,1870023,42,hider,no_block,0,6,0,0
V7E008,1870023,42,seeker,no_ramp,0,100,1,0
V7E008,1870023,42,hider,no_ramp,1,100,0,0
V7E008,1870023,42,seeker,no_objects,1,10,0,0
V7E008,1870023,42,hider,no_objects,0,6,0,0
V7E008,1870024,42,seeker,full,1,52,3,1
V7E008,1870024,42,hider,full,0,39,0,0
V7E008,1870024,42,seeker,no_block,0,100,0,1
V7E008,1870024,42,hider,no_block,0,39,0,0
V7E008,1870024,42,seeker,no_ramp,1,45,3,0
V7E008,1870024,42,hider,no_ramp,0,32,0,0
V7E008,1870024,42,seeker,no_objects,1,39,0,0
V7E008,1870024,42,hider,no_objects,0,32,0,0
V7E008,1870025,42,seeker,full,1,2,0,0
V7E008,1870025,42,hider,full,0,2,0,0
V7E008,1870025,42,seeker,no_block,1,2,0,0
V7E008,1870025,42,hider,no_block,0,2,0,0
V7E008,1870025,42,seeker,no_ramp,1,2,0,0
V7E008,1870025,42,hider,no_ramp,0,2,0,0
V7E008,1870025,42,seeker,no_objects,1,2,0,0
V7E008,1870025,42,hider,no_objects,0,2,0,0
V7E008,1870026,42,seeker,full,0,100,1,0
V7E008,1870026,42,hider,full,1,100,0,0
V7E008,1870026,42,seeker,no_block,1,16,0,0
V7E008,1870026,42,hider,no_block,0,18,0,0
V7E008,1870026,42,seeker,no_ramp,0,100,1,0
V7E008,1870026,42,hider,no_ramp,1,100,0,0
V7E008,1870026,42,seeker,no_objects,1,16,0,0
V7E008,1870026,42,hider,no_objects,0,18,0,0
V7E008,1870027,42,seeker,full,0,100,1,0
V7E008,1870027,42,hider,full,1,100,0,0
V7E008,1870027,42,seeker,no_block,1,8,0,0
V7E008,1870027,42,hider,no_block,0,11,0,0
V7E008,1870027,42,seeker,no_ramp,0,100,1,0
V7E008,1870027,42,hider,no_ramp,1,100,0,0
V7E008,1870027,42,seeker,no_objects,1,8,0,0
V7E008,1870027,42,hider,no_objects,0,11,0,0
V7E008,1870028,42,seeker,full,1,8,0,1
V7E008,1870028,42,hider,full,0,9,0,0
V7E008,1870028,42,seeker,no_block,1,8,0,1
V7E008,1870028,42,hider,no_block,0,10,0,0
V7E008,1870028,42,seeker,no_ramp,1,17,0,0
V7E008,1870028,42,hider,no_ramp,0,18,0,0
V7E008,1870028,42,seeker,no_objects,1,17,0,0
V7E008,1870028,42,hider,no_objects,0,18,0,0
V7E008,1870029,42,seeker,full,1,57,3,0
V7E008,1870029,42,hider,full,0,40,0,0
V7E008,1870029,42,seeker,no_block,0,100,0,0
V7E008,1870029,42,hider,no_block,0,38,0,0
V7E008,1870029,42,seeker,no_ramp,0,100,0,0
V7E008,1870029,42,hider,no_ramp,0,40,0,0
V7E008,1870029,42,seeker,no_objects,0,100,0,0
V7E008,1870029,42,hider,no_objects,0,40,0,0
V7E008,1870030,42,seeker,full,1,4,0,1
V7E008,1870030,42,hider,full,0,5,0,0
V7E008,1870030,42,seeker,no_block,1,4,0,1
V7E008,1870030,42,hider,no_block,0,6,0,0
V7E008,1870030,42,seeker,no_ramp,1,19,0,0
V7E008,1870030,42,hider,no_ramp,0,20,0,0
V7E008,1870030,42,seeker,no_objects,1,19,0,0
V7E008,1870030,42,hider,no_objects,0,20,0,0
V7E008,1870031,42,seeker,full,0,100,1,0
V7E008,1870031,42,hider,full,1,100,0,0
V7E008,1870031,42,seeker,no_block,1,8,0,0
V7E008,1870031,42,hider,no_block,0,9,0,0
V7E008,1870031,42,seeker,no_ramp,0,100,1,0
V7E008,1870031,42,hider,no_ramp,1,100,0,0
V7E008,1870031,42,seeker,no_objects,1,10,0,0
V7E008,1870031,42,hider,no_objects,0,9,0,0
V7E008,1870032,42,seeker,full,1,53,3,0
V7E008,1870032,42,hider,full,0,36,0,0
V7E008,1870032,42,seeker,no_block,1,13,0,0
V7E008,1870032,42,hider,no_block,0,8,0,0
V7E008,1870032,42,seeker,no_ramp,0,100,0,0
V7E008,1870032,42,hider,no_ramp,0,36,0,0
V7E008,1870032,42,seeker,no_objects,1,13,0,0
V7E008,1870032,42,hider,no_objects,0,10,0,0
V7E008,1870033,42,seeker,full,0,100,1,0
V7E008,1870033,42,hider,full,1,100,0,1
V7E008,1870033,42,seeker,no_block,1,16,0,0
V7E008,1870033,42,hider,no_block,1,100,0,1
V7E008,1870033,42,seeker,no_ramp,0,100,1,0
V7E008,1870033,42,hider,no_ramp,1,100,0,0
V7E008,1870033,42,seeker,no_objects,1,16,0,0
V7E008,1870033,42,hider,no_objects,0,14,0,0
V7E008,1870034,42,seeker,full,1,3,0,0
V7E008,1870034,42,hider,full,0,2,0,0
V7E008,1870034,42,seeker,no_block,1,3,0,0
V7E008,1870034,42,hider,no_block,0,2,0,0
V7E008,1870034,42,seeker,no_ramp,1,3,0,0
V7E008,1870034,42,hider,no_ramp,0,2,0,0
V7E008,1870034,42,seeker,no_objects,1,3,0,0
V7E008,1870034,42,hider,no_objects,0,2,0,0
V7E008,1870035,42,seeker,full,0,100,1,0
V7E008,1870035,42,hider,full,1,100,0,0
V7E008,1870035,42,seeker,no_block,1,6,0,0
V7E008,1870035,42,hider,no_block,0,9,0,0
V7E008,1870035,42,seeker,no_ramp,0,100,1,0
V7E008,1870035,42,hider,no_ramp,1,100,0,0
V7E008,1870035,42,seeker,no_objects,1,6,0,0
V7E008,1870035,42,hider,no_objects,0,9,0,0
V7E008,1870036,42,seeker,full,0,100,1,0
V7E008,1870036,42,hider,full,1,100,0,0
V7E008,1870036,42,seeker,no_block,1,12,0,0
V7E008,1870036,42,hider,no_block,0,14,0,0
V7E008,1870036,42,seeker,no_ramp,0,100,1,0
V7E008,1870036,42,hider,no_ramp,1,100,0,0
V7E008,1870036,42,seeker,no_objects,1,12,0,0
V7E008,1870036,42,hider,no_objects,0,13,0,0
V7E008,1870037,42,seeker,full,1,1,0,0
V7E008,1870037,42,hider,full,0,1,0,0
V7E008,1870037,42,seeker,no_block,1,1,0,0
V7E008,1870037,42,hider,no_block,0,1,0,0
V7E008,1870037,42,seeker,no_ramp,1,1,0,0
V7E008,1870037,42,hider,no_ramp,0,1,0,0
V7E008,1870037,42,seeker,no_objects,1,1,0,0
V7E008,1870037,42,hider,no_objects,0,1,0,0
V7E008,1870038,42,seeker,full,1,1,0,0
V7E008,1870038,42,hider,full,0,1,0,0
V7E008,1870038,42,seeker,no_block,1,1,0,0
V7E008,1870038,42,hider,no_block,0,1,0,0
V7E008,1870038,42,seeker,no_ramp,1,1,0,0
V7E008,1870038,42,hider,no_ramp,0,1,0,0
V7E008,1870038,42,seeker,no_objects,1,1,0,0
V7E008,1870038,42,hider,no_objects,0,1,0,0
V7E008,1870039,42,seeker,full,1,55,3,0
V7E008,1870039,42,hider,full,0,38,0,0
V7E008,1870039,42,seeker,no_block,1,15,0,0
V7E008,1870039,42,hider,no_block,0,38,0,0
V7E008,1870039,42,seeker,no_ramp,0,100,0,0
V7E008,1870039,42,hider,no_ramp,0,38,0,0
V7E008,1870039,42,seeker,no_objects,1,15,0,0
V7E008,1870039,42,hider,no_objects,0,38,0,0
V7E008,1870040,42,seeker,full,0,100,1,0
V7E008,1870040,42,hider,full,1,100,0,1
V7E008,1870040,42,seeker,no_block,1,17,0,0
V7E008,1870040,42,hider,no_block,0,16,0,1
V7E008,1870040,42,seeker,no_ramp,0,100,1,0
V7E008,1870040,42,hider,no_ramp,1,100,0,0
V7E008,1870040,42,seeker,no_objects,1,17,0,0
V7E008,1870040,42,hider,no_objects,0,15,0,0
V7E008,1870041,42,seeker,full,1,3,0,1
V7E008,1870041,42,hider,full,0,4,0,0
V7E008,1870041,42,seeker,no_block,1,3,0,1
V7E008,1870041,42,hider,no_block,0,4,0,0
V7E008,1870041,42,seeker,no_ramp,1,20,0,0
V7E008,1870041,42,hider,no_ramp,0,21,0,0
V7E008,1870041,42,seeker,no_objects,1,20,0,0
V7E008,1870041,42,hider,no_objects,0,21,0,0
V7E008,1870042,42,seeker,full,1,18,0,1
V7E008,1870042,42,hider,full,0,5,0,0
V7E008,1870042,42,seeker,no_block,1,18,0,1
V7E008,1870042,42,hider,no_block,0,5,0,0
V7E008,1870042,42,seeker,no_ramp,1,5,0,0
V7E008,1870042,42,hider,no_ramp,0,18,0,0
V7E008,1870042,42,seeker,no_objects,1,5,0,0
V7E008,1870042,42,hider,no_objects,0,18,0,0
V7E008,1870043,42,seeker,full,1,2,0,0
V7E008,1870043,42,hider,full,0,9,0,1
V7E008,1870043,42,seeker,no_block,1,2,0,0
V7E008,1870043,42,hider,no_block,0,9,0,1
V7E008,1870043,42,seeker,no_ramp,1,2,0,0
V7E008,1870043,42,hider,no_ramp,0,6,0,0
V7E008,1870043,42,seeker,no_objects,1,2,0,0
V7E008,1870043,42,hider,no_objects,0,6,0,0
V7E008,1870044,42,seeker,full,1,8,0,0
V7E008,1870044,42,hider,full,0,3,0,0
V7E008,1870044,42,seeker,no_block,1,8,0,0
V7E008,1870044,42,hider,no_block,0,3,0,0
V7E008,1870044,42,seeker,no_ramp,1,8,0,0
V7E008,1870044,42,hider,no_ramp,0,3,0,0
V7E008,1870044,42,seeker,no_objects,1,10,0,0
V7E008,1870044,42,hider,no_objects,0,3,0,0
V7E008,1870045,42,seeker,full,1,52,3,1
V7E008,1870045,42,hider,full,0,45,0,0
V7E008,1870045,42,seeker,no_block,1,44,0,1
V7E008,1870045,42,hider,no_block,0,41,0,0
V7E008,1870045,42,seeker,no_ramp,0,100,5,0
V7E008,1870045,42,hider,no_ramp,0,35,0,0
V7E008,1870045,42,seeker,no_objects,1,35,0,0
V7E008,1870045,42,hider,no_objects,0,34,0,0
V7E008,1870046,42,seeker,full,1,1,0,0
V7E008,1870046,42,hider,full,0,1,0,0
V7E008,1870046,42,seeker,no_block,1,1,0,0
V7E008,1870046,42,hider,no_block,0,1,0,0
V7E008,1870046,42,seeker,no_ramp,1,1,0,0
V7E008,1870046,42,hider,no_ramp,0,1,0,0
V7E008,1870046,42,seeker,no_objects,1,1,0,0
V7E008,1870046,42,hider,no_objects,0,1,0,0
V7E008,1870047,42,seeker,full,1,3,0,0
V7E008,1870047,42,hider,full,0,2,0,0
V7E008,1870047,42,seeker,no_block,1,3,0,0
V7E008,1870047,42,hider,no_block,0,2,0,0
V7E008,1870047,42,seeker,no_ramp,1,3,0,0
V7E008,1870047,42,hider,no_ramp,0,2,0,0
V7E008,1870047,42,seeker,no_objects,1,3,0,0
V7E008,1870047,42,hider,no_objects,0,2,0,0
V7E008,1870048,42,seeker,full,1,56,3,0
V7E008,1870048,42,hider,full,0,45,0,0
V7E008,1870048,42,seeker,no_block,0,100,0,0
V7E008,1870048,42,hider,no_block,0,41,0,0
V7E008,1870048,42,seeker,no_ramp,0,100,0,0
V7E008,1870048,42,hider,no_ramp,0,46,0,0
V7E008,1870048,42,seeker,no_objects,0,100,0,0
V7E008,1870048,42,hider,no_objects,0,41,0,0
V7E008,1870049,42,seeker,full,1,44,2,0
V7E008,1870049,42,hider,full,0,35,0,0
V7E008,1870049,42,seeker,no_block,1,16,0,0
V7E008,1870049,42,hider,no_block,0,34,0,0
V7E008,1870049,42,seeker,no_ramp,0,100,0,0
V7E008,1870049,42,hider,no_ramp,0,35,0,0
V7E008,1870049,42,seeker,no_objects,1,16,0,0
V7E008,1870049,42,hider,no_objects,0,34,0,0
V7E008,1870050,42,seeker,full,1,38,2,1
V7E008,1870050,42,hider,full,0,37,0,0
V7E008,1870050,42,seeker,no_block,1,18,0,1
V7E008,1870050,42,hider,no_block,0,36,0,0
V7E008,1870050,42,seeker,no_ramp,0,100,0,0
V7E008,1870050,42,hider,no_ramp,0,32,0,0
V7E008,1870050,42,seeker,no_objects,1,17,0,0
V7E008,1870050,42,hider,no_objects,0,11,0,0
V7E008,1870051,42,seeker,full,1,2,0,0
V7E008,1870051,42,hider,full,0,4,0,0
V7E008,1870051,42,seeker,no_block,1,2,0,0
V7E008,1870051,42,hider,no_block,0,4,0,0
V7E008,1870051,42,seeker,no_ramp,1,2,0,0
V7E008,1870051,42,hider,no_ramp,0,2,0,0
V7E008,1870051,42,seeker,no_objects,1,2,0,0
V7E008,1870051,42,hider,no_objects,0,2,0,0
V7E008,1870052,42,seeker,full,1,16,0,0
V7E008,1870052,42,hider,full,0,7,0,0
V7E008,1870052,42,seeker,no_block,1,16,0,0
V7E008,1870052,42,hider,no_block,0,7,0,0
V7E008,1870052,42,seeker,no_ramp,1,16,0,0
V7E008,1870052,42,hider,no_ramp,0,7,0,0
V7E008,1870052,42,seeker,no_objects,1,16,0,0
V7E008,1870052,42,hider,no_objects,0,7,0,0
V7E008,1870053,42,seeker,full,0,100,1,0
V7E008,1870053,42,hider,full,1,100,0,0
V7E008,1870053,42,seeker,no_block,1,14,0,0
V7E008,1870053,42,hider,no_block,0,15,0,0
V7E008,1870053,42,seeker,no_ramp,0,100,1,0
V7E008,1870053,42,hider,no_ramp,1,100,0,0
V7E008,1870053,42,seeker,no_objects,1,14,0,0
V7E008,1870053,42,hider,no_objects,0,15,0,0
V7E008,1870054,42,seeker,full,1,38,2,1
V7E008,1870054,42,hider,full,0,37,0,0
V7E008,1870054,42,seeker,no_block,1,20,0,1
V7E008,1870054,42,hider,no_block,0,36,0,0
V7E008,1870054,42,seeker,no_ramp,0,100,0,0
V7E008,1870054,42,hider,no_ramp,0,32,0,0
V7E008,1870054,42,seeker,no_objects,1,17,0,0
V7E008,1870054,42,hider,no_objects,0,13,0,0
V7E008,1870055,42,seeker,full,1,57,3,0
V7E008,1870055,42,hider,full,0,40,0,0
V7E008,1870055,42,seeker,no_block,0,100,0,0
V7E008,1870055,42,hider,no_block,0,40,0,0
V7E008,1870055,42,seeker,no_ramp,0,100,0,0
V7E008,1870055,42,hider,no_ramp,0,40,0,0
V7E008,1870055,42,seeker,no_objects,0,100,0,0
V7E008,1870055,42,hider,no_objects,0,40,0,0
V7E008,1870056,42,seeker,full,0,100,1,0
V7E008,1870056,42,hider,full,1,100,0,0
V7E008,1870056,42,seeker,no_block,1,13,0,0
V7E008,1870056,42,hider,no_block,0,16,0,0
V7E008,1870056,42,seeker,no_ramp,0,100,1,0
V7E008,1870056,42,hider,no_ramp,1,100,0,0
V7E008,1870056,42,seeker,no_objects,1,13,0,0
V7E008,1870056,42,hider,no_objects,0,16,0,0
V7E008,1870057,42,seeker,full,1,2,0,0
V7E008,1870057,42,hider,full,0,8,0,0
V7E008,1870057,42,seeker,no_block,1,2,0,0
V7E008,1870057,42,hider,no_block,0,8,0,0
V7E008,1870057,42,seeker,no_ramp,1,2,0,0
V7E008,1870057,42,hider,no_ramp,0,8,0,0
V7E008,1870057,42,seeker,no_objects,1,2,0,0
V7E008,1870057,42,hider,no_objects,0,8,0,0
V7E008,1870058,42,seeker,full,1,54,3,0
V7E008,1870058,42,hider,full,0,35,0,0
V7E008,1870058,42,seeker,no_block,0,100,0,0
V7E008,1870058,42,hider,no_block,0,35,0,0
V7E008,1870058,42,seeker,no_ramp,0,100,0,0
V7E008,1870058,42,hider,no_ramp,0,35,0,0
V7E008,1870058,42,seeker,no_objects,0,100,0,0
V7E008,1870058,42,hider,no_objects,0,35,0,0
V7E008,1870059,42,seeker,full,1,7,0,0
V7E008,1870059,42,hider,full,0,2,0,0
V7E008,1870059,42,seeker,no_block,1,7,0,0
V7E008,1870059,42,hider,no_block,0,2,0,0
V7E008,1870059,42,seeker,no_ramp,1,7,0,0
V7E008,1870059,42,hider,no_ramp,0,2,0,0
V7E008,1870059,42,seeker,no_objects,1,7,0,0
V7E008,1870059,42,hider,no_objects,0,2,0,0
V7E008,1870060,42,seeker,full,1,20,0,0
V7E008,1870060,42,hider,full,0,17,0,0
V7E008,1870060,42,seeker,no_block,1,20,0,0
V7E008,1870060,42,hider,no_block,0,17,0,0
V7E008,1870060,42,seeker,no_ramp,1,20,0,0
V7E008,1870060,42,hider,no_ramp,0,17,0,0
V7E008,1870060,42,seeker,no_objects,1,20,0,0
V7E008,1870060,42,hider,no_objects,0,17,0,0
V7E008,1870061,42,seeker,full,1,40,2,1
V7E008,1870061,42,hider,full,0,39,0,0
V7E008,1870061,42,seeker,no_block,1,20,0,1
V7E008,1870061,42,hider,no_block,0,9,0,0
V7E008,1870061,42,seeker,no_ramp,1,31,2,0
V7E008,1870061,42,hider,no_ramp,0,26,0,0
V7E008,1870061,42,seeker,no_objects,1,11,0,0
V7E008,1870061,42,hider,no_objects,0,9,0,0
V7E008,1870062,42,seeker,full,0,100,1,0
V7E008,1870062,42,hider,full,1,100,0,0
V7E008,1870062,42,seeker,no_block,1,11,0,0
V7E008,1870062,42,hider,no_block,0,12,0,0
V7E008,1870062,42,seeker,no_ramp,0,100,1,0
V7E008,1870062,42,hider,no_ramp,1,100,0,0
V7E008,1870062,42,seeker,no_objects,1,11,0,0
V7E008,1870062,42,hider,no_objects,0,12,0,0
V7E008,1870063,42,seeker,full,0,100,1,0
V7E008,1870063,42,hider,full,1,100,0,0
V7E008,1870063,42,seeker,no_block,1,9,0,0
V7E008,1870063,42,hider,no_block,0,11,0,0
V7E008,1870063,42,seeker,no_ramp,0,100,1,0
V7E008,1870063,42,hider,no_ramp,1,100,0,0
V7E008,1870063,42,seeker,no_objects,1,9,0,0
V7E008,1870063,42,hider,no_objects,0,11,0,0
V7E008,1870064,42,seeker,full,1,7,0,0
V7E008,1870064,42,hider,full,0,7,0,0
V7E008,1870064,42,seeker,no_block,1,7,0,0
V7E008,1870064,42,hider,no_block,0,7,0,0
V7E008,1870064,42,seeker,no_ramp,1,7,0,0
V7E008,1870064,42,hider,no_ramp,0,18,0,0
V7E008,1870064,42,seeker,no_objects,1,7,0,0
V7E008,1870064,42,hider,no_objects,0,18,0,0
V7E008,1870065,42,seeker,full,1,4,0,1
V7E008,1870065,42,hider,full,0,5,0,0
V7E008,1870065,42,seeker,no_block,1,4,0,1
V7E008,1870065,42,hider,no_block,0,6,0,0
V7E008,1870065,42,seeker,no_ramp,1,17,0,0
V7E008,1870065,42,hider,no_ramp,0,18,0,0
V7E008,1870065,42,seeker,no_objects,1,17,0,0
V7E008,1870065,42,hider,no_objects,0,18,0,0
V7E008,1870066,42,seeker,full,0,100,1,0
V7E008,1870066,42,hider,full,1,100,0,0
V7E008,1870066,42,seeker,no_block,1,8,0,0
V7E008,1870066,42,hider,no_block,0,9,0,0
V7E008,1870066,42,seeker,no_ramp,0,100,1,0
V7E008,1870066,42,hider,no_ramp,1,100,0,0
V7E008,1870066,42,seeker,no_objects,1,8,0,0
V7E008,1870066,42,hider,no_objects,0,9,0,0
V7E008,1870067,42,seeker,full,1,7,0,0
V7E008,1870067,42,hider,full,0,3,0,0
V7E008,1870067,42,seeker,no_block,1,7,0,0
V7E008,1870067,42,hider,no_block,0,3,0,0
V7E008,1870067,42,seeker,no_ramp,1,7,0,0
V7E008,1870067,42,hider,no_ramp,0,3,0,0
V7E008,1870067,42,seeker,no_objects,1,7,0,0
V7E008,1870067,42,hider,no_objects,0,3,0,0
V7E008,1870068,42,seeker,full,1,1,0,0
V7E008,1870068,42,hider,full,0,1,0,0
V7E008,1870068,42,seeker,no_block,1,1,0,0
V7E008,1870068,42,hider,no_block,0,1,0,0
V7E008,1870068,42,seeker,no_ramp,1,1,0,0
V7E008,1870068,42,hider,no_ramp,0,1,0,0
V7E008,1870068,42,seeker,no_objects,1,1,0,0
V7E008,1870068,42,hider,no_objects,0,1,0,0
V7E008,1870069,42,seeker,full,0,100,1,0
V7E008,1870069,42,hider,full,0,6,1,0
V7E008,1870069,42,seeker,no_block,1,8,0,0
V7E008,1870069,42,hider,no_block,0,4,0,0
V7E008,1870069,42,seeker,no_ramp,0,100,1,0
V7E008,1870069,42,hider,no_ramp,0,6,1,0
V7E008,1870069,42,seeker,no_objects,1,8,0,0
V7E008,1870069,42,hider,no_objects,0,4,0,0
V7E008,1870070,42,seeker,full,1,2,0,0
V7E008,1870070,42,hider,full,0,6,0,1
V7E008,1870070,42,seeker,no_block,1,2,0,0
V7E008,1870070,42,hider,no_block,0,6,0,1
V7E008,1870070,42,seeker,no_ramp,1,2,0,0
V7E008,1870070,42,hider,no_ramp,0,2,0,0
V7E008,1870070,42,seeker,no_objects,1,2,0,0
V7E008,1870070,42,hider,no_objects,0,2,0,0
V7E008,1870071,42,seeker,full,1,8,0,0
V7E008,1870071,42,hider,full,0,4,0,0
V7E008,1870071,42,seeker,no_block,1,8,0,0
V7E008,1870071,42,hider,no_block,0,4,0,0
V7E008,1870071,42,seeker,no_ramp,1,8,0,0
V7E008,1870071,42,hider,no_ramp,0,4,0,0
V7E008,1870071,42,seeker,no_objects,1,8,0,0
V7E008,1870071,42,hider,no_objects,0,4,0,0
V7E008,1870072,42,seeker,full,1,7,0,0
V7E008,1870072,42,hider,full,0,1,0,0
V7E008,1870072,42,seeker,no_block,1,7,0,0
V7E008,1870072,42,hider,no_block,0,1,0,0
V7E008,1870072,42,seeker,no_ramp,1,7,0,0
V7E008,1870072,42,hider,no_ramp,0,1,0,0
V7E008,1870072,42,seeker,no_objects,1,7,0,0
V7E008,1870072,42,hider,no_objects,0,1,0,0
V7E008,1870073,42,seeker,full,1,58,3,0
V7E008,1870073,42,hider,full,0,48,0,0
V7E008,1870073,42,seeker,no_block,0,100,0,0
V7E008,1870073,42,hider,no_block,0,43,0,0
V7E008,1870073,42,seeker,no_ramp,0,100,0,0
V7E008,1870073,42,hider,no_ramp,0,48,0,0
V7E008,1870073,42,seeker,no_objects,0,100,0,0
V7E008,1870073,42,hider,no_objects,0,43,0,0
V7E008,1870074,42,seeker,full,1,48,2,0
V7E008,1870074,42,hider,full,0,39,0,0
V7E008,1870074,42,seeker,no_block,1,20,0,0
V7E008,1870074,42,hider,no_block,0,38,0,0
V7E008,1870074,42,seeker,no_ramp,0,100,0,0
V7E008,1870074,42,hider,no_ramp,0,39,0,0
V7E008,1870074,42,seeker,no_objects,1,20,0,0
V7E008,1870074,42,hider,no_objects,0,38,0,0
V7E008,1870075,42,seeker,full,1,45,2,1
V7E008,1870075,42,hider,full,0,40,0,0
V7E008,1870075,42,seeker,no_block,1,21,0,1
V7E008,1870075,42,hider,no_block,0,39,0,0
V7E008,1870075,42,seeker,no_ramp,1,34,2,0
V7E008,1870075,42,hider,no_ramp,0,29,0,0
V7E008,1870075,42,seeker,no_objects,1,14,0,0
V7E008,1870075,42,hider,no_objects,0,14,0,0
V7E008,1870076,42,seeker,full,0,100,4,1
V7E008,1870076,42,hider,full,0,36,0,0
V7E008,1870076,42,seeker,no_block,1,41,0,1
V7E008,1870076,42,hider,no_block,0,36,0,0
V7E008,1870076,42,seeker,no_ramp,0,100,0,0
V7E008,1870076,42,hider,no_ramp,0,31,0,0
V7E008,1870076,42,seeker,no_objects,0,100,0,0
V7E008,1870076,42,hider,no_objects,0,31,0,0
V7E008,1870077,42,seeker,full,1,4,0,0
V7E008,1870077,42,hider,full,0,2,0,0
V7E008,1870077,42,seeker,no_block,1,4,0,0
V7E008,1870077,42,hider,no_block,0,2,0,0
V7E008,1870077,42,seeker,no_ramp,1,4,0,0
V7E008,1870077,42,hider,no_ramp,0,2,0,0
V7E008,1870077,42,seeker,no_objects,1,4,0,0
V7E008,1870077,42,hider,no_objects,0,2,0,0
V7E008,1870078,42,seeker,full,0,100,1,0
V7E008,1870078,42,hider,full,1,100,0,0
V7E008,1870078,42,seeker,no_block,1,12,0,0
V7E008,1870078,42,hider,no_block,0,13,0,0
V7E008,1870078,42,seeker,no_ramp,0,100,1,0
V7E008,1870078,42,hider,no_ramp,1,100,0,0
V7E008,1870078,42,seeker,no_objects,1,12,0,0
V7E008,1870078,42,hider,no_objects,0,13,0,0
V7E008,1870079,42,seeker,full,1,6,0,1
V7E008,1870079,42,hider,full,0,5,0,0
V7E008,1870079,42,seeker,no_block,1,6,0,1
V7E008,1870079,42,hider,no_block,0,5,0,0
V7E008,1870079,42,seeker,no_ramp,1,15,0,0
V7E008,1870079,42,hider,no_ramp,0,18,0,0
V7E008,1870079,42,seeker,no_objects,1,15,0,0
V7E008,1870079,42,hider,no_objects,0,18,0,0
V7E008,1870080,42,seeker,full,1,56,3,0
V7E008,1870080,42,hider,full,0,39,0,0
V7E008,1870080,42,seeker,no_block,0,100,0,0
V7E008,1870080,42,hider,no_block,0,39,0,0
V7E008,1870080,42,seeker,no_ramp,0,100,0,0
V7E008,1870080,42,hider,no_ramp,0,39,0,0
V7E008,1870080,42,seeker,no_objects,0,100,0,0
V7E008,1870080,42,hider,no_objects,0,39,0,0
V7E008,1870081,42,seeker,full,0,100,1,0
V7E008,1870081,42,hider,full,1,100,0,0
V7E008,1870081,42,seeker,no_block,1,10,0,0
V7E008,1870081,42,hider,no_block,0,13,0,0
V7E008,1870081,42,seeker,no_ramp,0,100,1,0
V7E008,1870081,42,hider,no_ramp,1,100,0,0
V7E008,1870081,42,seeker,no_objects,1,10,0,0
V7E008,1870081,42,hider,no_objects,0,13,0,0
V7E008,1870082,42,seeker,full,1,10,0,0
V7E008,1870082,42,hider,full,0,9,0,0
V7E008,1870082,42,seeker,no_block,1,10,0,0
V7E008,1870082,42,hider,no_block,0,9,0,0
V7E008,1870082,42,seeker,no_ramp,1,10,0,0
V7E008,1870082,42,hider,no_ramp,0,9,0,0
V7E008,1870082,42,seeker,no_objects,1,10,0,0
V7E008,1870082,42,hider,no_objects,0,9,0,0
V7E008,1870083,42,seeker,full,0,100,1,0
V7E008,1870083,42,hider,full,1,100,0,0
V7E008,1870083,42,seeker,no_block,1,7,0,0
V7E008,1870083,42,hider,no_block,0,10,0,0
V7E008,1870083,42,seeker,no_ramp,0,100,1,0
V7E008,1870083,42,hider,no_ramp,1,100,0,0
V7E008,1870083,42,seeker,no_objects,1,7,0,0
V7E008,1870083,42,hider,no_objects,0,10,0,0
V7E008,1870084,42,seeker,full,1,2,0,0
V7E008,1870084,42,hider,full,0,3,0,0
V7E008,1870084,42,seeker,no_block,1,2,0,0
V7E008,1870084,42,hider,no_block,0,3,0,0
V7E008,1870084,42,seeker,no_ramp,1,2,0,0
V7E008,1870084,42,hider,no_ramp,0,2,0,0
V7E008,1870084,42,seeker,no_objects,1,2,0,0
V7E008,1870084,42,hider,no_objects,0,2,0,0
V7E008,1870085,42,seeker,full,1,2,0,0
V7E008,1870085,42,hider,full,0,4,0,0
V7E008,1870085,42,seeker,no_block,1,2,0,0
V7E008,1870085,42,hider,no_block,0,4,0,0
V7E008,1870085,42,seeker,no_ramp,1,2,0,0
V7E008,1870085,42,hider,no_ramp,0,3,0,0
V7E008,1870085,42,seeker,no_objects,1,2,0,0
V7E008,1870085,42,hider,no_objects,0,4,0,0
V7E008,1870086,42,seeker,full,0,100,1,0
V7E008,1870086,42,hider,full,1,100,0,0
V7E008,1870086,42,seeker,no_block,1,13,0,0
V7E008,1870086,42,hider,no_block,0,14,0,0
V7E008,1870086,42,seeker,no_ramp,0,100,1,0
V7E008,1870086,42,hider,no_ramp,1,100,0,0
V7E008,1870086,42,seeker,no_objects,1,13,0,0
V7E008,1870086,42,hider,no_objects,0,14,0,0
V7E008,1870087,42,seeker,full,0,100,1,0
V7E008,1870087,42,hider,full,1,100,0,0
V7E008,1870087,42,seeker,no_block,1,11,0,0
V7E008,1870087,42,hider,no_block,0,12,0,0
V7E008,1870087,42,seeker,no_ramp,0,100,1,0
V7E008,1870087,42,hider,no_ramp,1,100,0,0
V7E008,1870087,42,seeker,no_objects,1,11,0,0
V7E008,1870087,42,hider,no_objects,0,12,0,0
V7E008,1870088,42,seeker,full,0,100,4,1
V7E008,1870088,42,hider,full,0,46,0,0
V7E008,1870088,42,seeker,no_block,1,40,0,1
V7E008,1870088,42,hider,no_block,0,41,0,0
V7E008,1870088,42,seeker,no_ramp,0,100,0,0
V7E008,1870088,42,hider,no_ramp,0,39,0,0
V7E008,1870088,42,seeker,no_objects,0,100,0,0
V7E008,1870088,42,hider,no_objects,0,38,0,0
V7E008,1870089,42,seeker,full,1,4,0,1
V7E008,1870089,42,hider,full,0,5,0,0
V7E008,1870089,42,seeker,no_block,1,4,0,1
V7E008,1870089,42,hider,no_block,0,5,0,0
V7E008,1870089,42,seeker,no_ramp,1,13,0,0
V7E008,1870089,42,hider,no_ramp,0,14,0,0
V7E008,1870089,42,seeker,no_objects,1,13,0,0
V7E008,1870089,42,hider,no_objects,0,14,0,0
V7E008,1870090,42,seeker,full,1,14,0,0
V7E008,1870090,42,hider,full,0,5,0,0
V7E008,1870090,42,seeker,no_block,1,14,0,0
V7E008,1870090,42,hider,no_block,0,5,0,0
V7E008,1870090,42,seeker,no_ramp,1,14,0,0
V7E008,1870090,42,hider,no_ramp,0,4,0,0
V7E008,1870090,42,seeker,no_objects,1,14,0,0
V7E008,1870090,42,hider,no_objects,0,4,0,0
V7E008,1870091,42,seeker,full,0,100,1,0
V7E008,1870091,42,hider,full,1,100,0,0
V7E008,1870091,42,seeker,no_block,1,11,0,0
V7E008,1870091,42,hider,no_block,0,14,0,0
V7E008,1870091,42,seeker,no_ramp,0,100,1,0
V7E008,1870091,42,hider,no_ramp,1,100,0,0
V7E008,1870091,42,seeker,no_objects,1,11,0,0
V7E008,1870091,42,hider,no_objects,0,14,0,0
V7E008,1870092,42,seeker,full,1,7,0,0
V7E008,1870092,42,hider,full,0,3,0,0
V7E008,1870092,42,seeker,no_block,1,7,0,0
V7E008,1870092,42,hider,no_block,0,3,0,0
V7E008,1870092,42,seeker,no_ramp,1,7,0,0
V7E008,1870092,42,hider,no_ramp,0,3,0,0
V7E008,1870092,42,seeker,no_objects,1,7,0,0
V7E008,1870092,42,hider,no_objects,0,3,0,0
V7E008,1870093,42,seeker,full,1,4,0,1
V7E008,1870093,42,hider,full,0,5,0,0
V7E008,1870093,42,seeker,no_block,1,4,0,1
V7E008,1870093,42,hider,no_block,0,5,0,0
V7E008,1870093,42,seeker,no_ramp,1,13,0,0
V7E008,1870093,42,hider,no_ramp,0,14,0,0
V7E008,1870093,42,seeker,no_objects,1,13,0,0
V7E008,1870093,42,hider,no_objects,0,14,0,0
V7E008,1870094,42,seeker,full,1,14,0,0
V7E008,1870094,42,hider,full,0,13,0,0
V7E008,1870094,42,seeker,no_block,1,14,0,0
V7E008,1870094,42,hider,no_block,0,13,0,0
V7E008,1870094,42,seeker,no_ramp,1,14,0,0
V7E008,1870094,42,hider,no_ramp,0,13,0,0
V7E008,1870094,42,seeker,no_objects,1,14,0,0
V7E008,1870094,42,hider,no_objects,0,13,0,0
V7E008,1870095,42,seeker,full,0,100,0,1
V7E008,1870095,42,hider,full,0,35,0,0
V7E008,1870095,42,seeker,no_block,0,100,0,1
V7E008,1870095,42,hider,no_block,0,35,0,0
V7E008,1870095,42,seeker,no_ramp,0,100,0,0
V7E008,1870095,42,hider,no_ramp,0,32,0,0
V7E008,1870095,42,seeker,no_objects,0,100,0,0
V7E008,1870095,42,hider,no_objects,0,32,0,0
V7E008,1870096,42,seeker,full,1,1,0,0
V7E008,1870096,42,hider,full,0,4,0,1
V7E008,1870096,42,seeker,no_block,1,1,0,0
V7E008,1870096,42,hider,no_block,0,4,0,1
V7E008,1870096,42,seeker,no_ramp,1,1,0,0
V7E008,1870096,42,hider,no_ramp,0,1,0,0
V7E008,1870096,42,seeker,no_objects,1,1,0,0
V7E008,1870096,42,hider,no_objects,0,1,0,0
V7E008,1870097,42,seeker,full,0,100,1,0
V7E008,1870097,42,hider,full,1,100,0,1
V7E008,1870097,42,seeker,no_block,1,9,0,0
V7E008,1870097,42,hider,no_block,0,9,0,1
V7E008,1870097,42,seeker,no_ramp,0,100,1,0
V7E008,1870097,42,hider,no_ramp,1,100,0,0
V7E008,1870097,42,seeker,no_objects,1,9,0,0
V7E008,1870097,42,hider,no_objects,0,20,0,0
V7E008,1870098,42,seeker,full,1,53,3,1
V7E008,1870098,42,hider,full,0,36,0,0
V7E008,1870098,42,seeker,no_block,0,100,0,1
V7E008,1870098,42,hider,no_block,0,34,0,0
V7E008,1870098,42,seeker,no_ramp,1,44,3,0
V7E008,1870098,42,hider,no_ramp,0,31,0,0
V7E008,1870098,42,seeker,no_objects,1,38,0,0
V7E008,1870098,42,hider,no_objects,0,31,0,0
V7E008,1870099,42,seeker,full,1,2,0,0
V7E008,1870099,42,hider,full,0,3,0,0
V7E008,1870099,42,seeker,no_block,1,2,0,0
V7E008,1870099,42,hider,no_block,0,3,0,0
V7E008,1870099,42,seeker,no_ramp,1,2,0,0
V7E008,1870099,42,hider,no_ramp,0,5,0,0
V7E008,1870099,42,seeker,no_objects,1,2,0,0
V7E008,1870099,42,hider,no_objects,0,3,0,0
V7E009,1880000,42,seeker,full,0,100,6,0
V7E009,1880000,42,hider,full,1,100,0,0
V7E009,1880000,42,seeker,no_block,1,27,0,0
V7E009,1880000,42,hider,no_block,0,40,0,0
V7E009,1880000,42,seeker,no_ramp,0,100,6,0
V7E009,1880000,42,hider,no_ramp,1,100,0,0
V7E009,1880000,42,seeker,no_objects,1,27,0,0
V7E009,1880000,42,hider,no_objects,0,25,0,0
V7E009,1880001,42,seeker,full,1,2,0,0
V7E009,1880001,42,hider,full,0,3,0,0
V7E009,1880001,42,seeker,no_block,1,2,0,0
V7E009,1880001,42,hider,no_block,0,3,0,0
V7E009,1880001,42,seeker,no_ramp,1,2,0,0
V7E009,1880001,42,hider,no_ramp,0,3,0,0
V7E009,1880001,42,seeker,no_objects,1,2,0,0
V7E009,1880001,42,hider,no_objects,0,3,0,0
V7E009,1880002,42,seeker,full,1,17,0,0
V7E009,1880002,42,hider,full,0,15,0,0
V7E009,1880002,42,seeker,no_block,1,17,0,0
V7E009,1880002,42,hider,no_block,0,15,0,0
V7E009,1880002,42,seeker,no_ramp,1,17,0,0
V7E009,1880002,42,hider,no_ramp,0,19,0,0
V7E009,1880002,42,seeker,no_objects,1,17,0,0
V7E009,1880002,42,hider,no_objects,0,17,0,0
V7E009,1880003,42,seeker,full,1,28,2,1
V7E009,1880003,42,hider,full,0,26,0,0
V7E009,1880003,42,seeker,no_block,1,28,0,1
V7E009,1880003,42,hider,no_block,0,41,0,0
V7E009,1880003,42,seeker,no_ramp,0,100,6,0
V7E009,1880003,42,hider,no_ramp,1,100,0,0
V7E009,1880003,42,seeker,no_objects,1,31,0,0
V7E009,1880003,42,hider,no_objects,0,29,0,0
V7E009,1880004,42,seeker,full,1,7,0,0
V7E009,1880004,42,hider,full,0,6,0,0
V7E009,1880004,42,seeker,no_block,1,7,0,0
V7E009,1880004,42,hider,no_block,0,6,0,0
V7E009,1880004,42,seeker,no_ramp,1,7,0,0
V7E009,1880004,42,hider,no_ramp,0,5,0,0
V7E009,1880004,42,seeker,no_objects,1,7,0,0
V7E009,1880004,42,hider,no_objects,0,6,0,0
V7E009,1880005,42,seeker,full,1,2,0,0
V7E009,1880005,42,hider,full,0,2,0,0
V7E009,1880005,42,seeker,no_block,1,2,0,0
V7E009,1880005,42,hider,no_block,0,2,0,0
V7E009,1880005,42,seeker,no_ramp,1,2,0,0
V7E009,1880005,42,hider,no_ramp,0,6,0,0
V7E009,1880005,42,seeker,no_objects,1,2,0,0
V7E009,1880005,42,hider,no_objects,0,2,0,0
V7E009,1880006,42,seeker,full,1,37,4,0
V7E009,1880006,42,hider,full,0,35,0,0
V7E009,1880006,42,seeker,no_block,1,39,0,0
V7E009,1880006,42,hider,no_block,0,52,0,0
V7E009,1880006,42,seeker,no_ramp,1,37,4,0
V7E009,1880006,42,hider,no_ramp,0,35,0,0
V7E009,1880006,42,seeker,no_objects,1,39,0,0
V7E009,1880006,42,hider,no_objects,0,37,0,0
V7E009,1880007,42,seeker,full,1,7,0,0
V7E009,1880007,42,hider,full,0,2,0,0
V7E009,1880007,42,seeker,no_block,1,7,0,0
V7E009,1880007,42,hider,no_block,0,2,0,0
V7E009,1880007,42,seeker,no_ramp,1,7,0,0
V7E009,1880007,42,hider,no_ramp,0,2,0,0
V7E009,1880007,42,seeker,no_objects,1,7,0,0
V7E009,1880007,42,hider,no_objects,0,2,0,0
V7E009,1880008,42,seeker,full,1,7,0,0
V7E009,1880008,42,hider,full,0,6,0,0
V7E009,1880008,42,seeker,no_block,1,7,0,0
V7E009,1880008,42,hider,no_block,0,6,0,0
V7E009,1880008,42,seeker,no_ramp,1,7,0,0
V7E009,1880008,42,hider,no_ramp,0,5,0,0
V7E009,1880008,42,seeker,no_objects,1,7,0,0
V7E009,1880008,42,hider,no_objects,0,6,0,0
V7E009,1880009,42,seeker,full,1,1,0,0
V7E009,1880009,42,hider,full,0,1,0,0
V7E009,1880009,42,seeker,no_block,1,1,0,0
V7E009,1880009,42,hider,no_block,0,1,0,0
V7E009,1880009,42,seeker,no_ramp,1,1,0,0
V7E009,1880009,42,hider,no_ramp,0,1,0,0
V7E009,1880009,42,seeker,no_objects,1,1,0,0
V7E009,1880009,42,hider,no_objects,0,1,0,0
V7E009,1880010,42,seeker,full,1,19,0,0
V7E009,1880010,42,hider,full,0,21,0,0
V7E009,1880010,42,seeker,no_block,1,19,0,0
V7E009,1880010,42,hider,no_block,0,19,0,0
V7E009,1880010,42,seeker,no_ramp,1,19,0,0
V7E009,1880010,42,hider,no_ramp,0,21,0,0
V7E009,1880010,42,seeker,no_objects,1,19,0,0
V7E009,1880010,42,hider,no_objects,0,21,0,0
V7E009,1880011,42,seeker,full,0,100,2,0
V7E009,1880011,42,hider,full,0,16,1,0
V7E009,1880011,42,seeker,no_block,1,10,0,0
V7E009,1880011,42,hider,no_block,0,11,0,0
V7E009,1880011,42,seeker,no_ramp,0,100,2,0
V7E009,1880011,42,hider,no_ramp,0,16,1,0
V7E009,1880011,42,seeker,no_objects,1,10,0,0
V7E009,1880011,42,hider,no_objects,0,11,0,0
V7E009,1880012,42,seeker,full,1,18,2,0
V7E009,1880012,42,hider,full,0,18,0,0
V7E009,1880012,42,seeker,no_block,1,18,0,0
V7E009,1880012,42,hider,no_block,0,18,0,0
V7E009,1880012,42,seeker,no_ramp,1,18,2,0
V7E009,1880012,42,hider,no_ramp,0,18,0,0
V7E009,1880012,42,seeker,no_objects,1,18,0,0
V7E009,1880012,42,hider,no_objects,0,18,0,0
V7E009,1880013,42,seeker,full,1,1,0,0
V7E009,1880013,42,hider,full,0,1,0,0
V7E009,1880013,42,seeker,no_block,1,1,0,0
V7E009,1880013,42,hider,no_block,0,1,0,0
V7E009,1880013,42,seeker,no_ramp,1,1,0,0
V7E009,1880013,42,hider,no_ramp,0,1,0,0
V7E009,1880013,42,seeker,no_objects,1,1,0,0
V7E009,1880013,42,hider,no_objects,0,1,0,0
V7E009,1880014,42,seeker,full,1,18,0,1
V7E009,1880014,42,hider,full,0,17,0,0
V7E009,1880014,42,seeker,no_block,1,11,0,0
V7E009,1880014,42,hider,no_block,0,10,0,0
V7E009,1880014,42,seeker,no_ramp,1,23,2,0
V7E009,1880014,42,hider,no_ramp,0,22,0,0
V7E009,1880014,42,seeker,no_objects,1,11,0,0
V7E009,1880014,42,hider,no_objects,0,14,0,0
V7E009,1880015,42,seeker,full,1,9,3,0
V7E009,1880015,42,hider,full,0,7,0,0
V7E009,1880015,42,seeker,no_block,1,7,0,0
V7E009,1880015,42,hider,no_block,0,7,0,0
V7E009,1880015,42,seeker,no_ramp,1,9,3,0
V7E009,1880015,42,hider,no_ramp,0,7,0,0
V7E009,1880015,42,seeker,no_objects,1,7,0,0
V7E009,1880015,42,hider,no_objects,0,7,0,0
V7E009,1880016,42,seeker,full,1,21,0,0
V7E009,1880016,42,hider,full,0,9,0,0
V7E009,1880016,42,seeker,no_block,1,21,0,0
V7E009,1880016,42,hider,no_block,0,18,0,0
V7E009,1880016,42,seeker,no_ramp,1,21,0,0
V7E009,1880016,42,hider,no_ramp,0,9,0,0
V7E009,1880016,42,seeker,no_objects,1,21,0,0
V7E009,1880016,42,hider,no_objects,0,9,0,0
V7E009,1880017,42,seeker,full,1,4,0,0
V7E009,1880017,42,hider,full,0,8,0,0
V7E009,1880017,42,seeker,no_block,1,4,0,0
V7E009,1880017,42,hider,no_block,0,8,0,0
V7E009,1880017,42,seeker,no_ramp,1,4,0,0
V7E009,1880017,42,hider,no_ramp,0,25,0,0
V7E009,1880017,42,seeker,no_objects,1,4,0,0
V7E009,1880017,42,hider,no_objects,0,25,0,0
V7E009,1880018,42,seeker,full,1,26,4,1
V7E009,1880018,42,hider,full,0,39,0,0
V7E009,1880018,42,seeker,no_block,1,24,0,1
V7E009,1880018,42,hider,no_block,0,37,0,0
V7E009,1880018,42,seeker,no_ramp,0,100,6,0
V7E009,1880018,42,hider,no_ramp,1,100,0,0
V7E009,1880018,42,seeker,no_objects,1,27,0,0
V7E009,1880018,42,hider,no_objects,0,26,0,0
V7E009,1880019,42,seeker,full,1,21,0,0
V7E009,1880019,42,hider,full,0,23,0,0
V7E009,1880019,42,seeker,no_block,1,21,0,0
V7E009,1880019,42,hider,no_block,0,21,0,0
V7E009,1880019,42,seeker,no_ramp,1,21,0,0
V7E009,1880019,42,hider,no_ramp,0,22,0,0
V7E009,1880019,42,seeker,no_objects,1,21,0,0
V7E009,1880019,42,hider,no_objects,0,23,0,0
V7E009,1880020,42,seeker,full,1,7,0,0
V7E009,1880020,42,hider,full,0,5,0,0
V7E009,1880020,42,seeker,no_block,1,7,0,0
V7E009,1880020,42,hider,no_block,0,5,0,0
V7E009,1880020,42,seeker,no_ramp,1,7,0,0
V7E009,1880020,42,hider,no_ramp,0,5,0,0
V7E009,1880020,42,seeker,no_objects,1,7,0,0
V7E009,1880020,42,hider,no_objects,0,5,0,0
V7E009,1880021,42,seeker,full,1,22,2,0
V7E009,1880021,42,hider,full,0,21,0,0
V7E009,1880021,42,seeker,no_block,1,14,0,0
V7E009,1880021,42,hider,no_block,0,11,0,0
V7E009,1880021,42,seeker,no_ramp,1,22,2,0
V7E009,1880021,42,hider,no_ramp,0,21,0,0
V7E009,1880021,42,seeker,no_objects,1,14,0,0
V7E009,1880021,42,hider,no_objects,0,15,0,0
V7E009,1880022,42,seeker,full,1,15,3,0
V7E009,1880022,42,hider,full,0,7,0,0
V7E009,1880022,42,seeker,no_block,1,7,0,0
V7E009,1880022,42,hider,no_block,0,7,0,0
V7E009,1880022,42,seeker,no_ramp,1,15,3,0
V7E009,1880022,42,hider,no_ramp,0,7,0,0
V7E009,1880022,42,seeker,no_objects,1,7,0,0
V7E009,1880022,42,hider,no_objects,0,7,0,0
V7E009,1880023,42,seeker,full,1,33,3,0
V7E009,1880023,42,hider,full,0,25,0,0
V7E009,1880023,42,seeker,no_block,0,100,0,0
V7E009,1880023,42,hider,no_block,0,25,0,0
V7E009,1880023,42,seeker,no_ramp,1,33,3,0
V7E009,1880023,42,hider,no_ramp,0,23,0,0
V7E009,1880023,42,seeker,no_objects,0,100,0,0
V7E009,1880023,42,hider,no_objects,0,23,0,0
V7E009,1880024,42,seeker,full,1,24,0,0
V7E009,1880024,42,hider,full,0,24,0,0
V7E009,1880024,42,seeker,no_block,1,24,0,0
V7E009,1880024,42,hider,no_block,0,24,0,0
V7E009,1880024,42,seeker,no_ramp,1,24,0,0
V7E009,1880024,42,hider,no_ramp,0,24,0,0
V7E009,1880024,42,seeker,no_objects,1,24,0,0
V7E009,1880024,42,hider,no_objects,0,24,0,0
V7E009,1880025,42,seeker,full,1,1,0,0
V7E009,1880025,42,hider,full,0,1,0,0
V7E009,1880025,42,seeker,no_block,1,1,0,0
V7E009,1880025,42,hider,no_block,0,1,0,0
V7E009,1880025,42,seeker,no_ramp,1,1,0,0
V7E009,1880025,42,hider,no_ramp,0,1,0,0
V7E009,1880025,42,seeker,no_objects,1,1,0,0
V7E009,1880025,42,hider,no_objects,0,1,0,0
V7E009,1880026,42,seeker,full,1,28,4,0
V7E009,1880026,42,hider,full,0,26,0,0
V7E009,1880026,42,seeker,no_block,1,30,0,0
V7E009,1880026,42,hider,no_block,0,29,0,0
V7E009,1880026,42,seeker,no_ramp,1,28,4,0
V7E009,1880026,42,hider,no_ramp,0,26,0,0
V7E009,1880026,42,seeker,no_objects,1,30,0,0
V7E009,1880026,42,hider,no_objects,0,28,0,0
V7E009,1880027,42,seeker,full,1,16,0,1
V7E009,1880027,42,hider,full,0,13,0,0
V7E009,1880027,42,seeker,no_block,1,12,0,1
V7E009,1880027,42,hider,no_block,0,8,0,0
V7E009,1880027,42,seeker,no_ramp,1,25,3,0
V7E009,1880027,42,hider,no_ramp,0,19,0,0
V7E009,1880027,42,seeker,no_objects,1,15,0,0
V7E009,1880027,42,hider,no_objects,0,9,0,0
V7E009,1880028,42,seeker,full,1,7,0,0
V7E009,1880028,42,hider,full,0,6,0,0
V7E009,1880028,42,seeker,no_block,1,7,0,0
V7E009,1880028,42,hider,no_block,0,6,0,0
V7E009,1880028,42,seeker,no_ramp,1,7,0,0
V7E009,1880028,42,hider,no_ramp,0,5,0,0
V7E009,1880028,42,seeker,no_objects,1,7,0,0
V7E009,1880028,42,hider,no_objects,0,6,0,0
V7E009,1880029,42,seeker,full,1,26,1,1
V7E009,1880029,42,hider,full,0,25,0,0
V7E009,1880029,42,seeker,no_block,1,26,0,1
V7E009,1880029,42,hider,no_block,0,24,0,0
V7E009,1880029,42,seeker,no_ramp,0,100,6,0
V7E009,1880029,42,hider,no_ramp,1,100,0,0
V7E009,1880029,42,seeker,no_objects,1,31,0,0
V7E009,1880029,42,hider,no_objects,0,29,0,0
V7E009,1880030,42,seeker,full,1,8,3,0
V7E009,1880030,42,hider,full,0,6,0,0
V7E009,1880030,42,seeker,no_block,1,6,0,0
V7E009,1880030,42,hider,no_block,0,6,0,0
V7E009,1880030,42,seeker,no_ramp,1,6,3,0
V7E009,1880030,42,hider,no_ramp,0,6,0,0
V7E009,1880030,42,seeker,no_objects,1,6,0,0
V7E009,1880030,42,hider,no_objects,0,6,0,0
V7E009,1880031,42,seeker,full,1,25,3,0
V7E009,1880031,42,hider,full,0,23,0,0
V7E009,1880031,42,seeker,no_block,1,23,0,0
V7E009,1880031,42,hider,no_block,0,22,0,0
V7E009,1880031,42,seeker,no_ramp,1,25,3,0
V7E009,1880031,42,hider,no_ramp,0,23,0,0
V7E009,1880031,42,seeker,no_objects,1,23,0,0
V7E009,1880031,42,hider,no_objects,0,23,0,0
V7E009,1880032,42,seeker,full,0,100,6,0
V7E009,1880032,42,hider,full,1,100,0,0
V7E009,1880032,42,seeker,no_block,1,27,0,0
V7E009,1880032,42,hider,no_block,0,26,0,0
V7E009,1880032,42,seeker,no_ramp,0,100,6,0
V7E009,1880032,42,hider,no_ramp,1,100,0,0
V7E009,1880032,42,seeker,no_objects,1,27,0,0
V7E009,1880032,42,hider,no_objects,0,26,0,0
V7E009,1880033,42,seeker,full,1,27,2,1
V7E009,1880033,42,hider,full,0,26,0,0
V7E009,1880033,42,seeker,no_block,1,27,0,1
V7E009,1880033,42,hider,no_block,0,26,0,0
V7E009,1880033,42,seeker,no_ramp,0,100,6,0
V7E009,1880033,42,hider,no_ramp,1,100,0,0
V7E009,1880033,42,seeker,no_objects,1,30,0,0
V7E009,1880033,42,hider,no_objects,0,29,0,0
V7E009,1880034,42,seeker,full,1,4,0,0
V7E009,1880034,42,hider,full,0,2,0,0
V7E009,1880034,42,seeker,no_block,1,4,0,0
V7E009,1880034,42,hider,no_block,0,2,0,0
V7E009,1880034,42,seeker,no_ramp,1,4,0,0
V7E009,1880034,42,hider,no_ramp,0,2,0,0
V7E009,1880034,42,seeker,no_objects,1,4,0,0
V7E009,1880034,42,hider,no_objects,0,2,0,0
V7E009,1880035,42,seeker,full,1,4,0,0
V7E009,1880035,42,hider,full,0,3,0,0
V7E009,1880035,42,seeker,no_block,1,4,0,0
V7E009,1880035,42,hider,no_block,0,3,0,0
V7E009,1880035,42,seeker,no_ramp,1,4,0,0
V7E009,1880035,42,hider,no_ramp,0,2,0,0
V7E009,1880035,42,seeker,no_objects,1,4,0,0
V7E009,1880035,42,hider,no_objects,0,3,0,0
V7E009,1880036,42,seeker,full,1,19,0,0
V7E009,1880036,42,hider,full,0,18,0,0
V7E009,1880036,42,seeker,no_block,1,19,0,0
V7E009,1880036,42,hider,no_block,0,18,0,0
V7E009,1880036,42,seeker,no_ramp,1,19,0,0
V7E009,1880036,42,hider,no_ramp,0,10,0,0
V7E009,1880036,42,seeker,no_objects,1,19,0,0
V7E009,1880036,42,hider,no_objects,0,10,0,0
V7E009,1880037,42,seeker,full,1,9,0,0
V7E009,1880037,42,hider,full,0,19,0,0
V7E009,1880037,42,seeker,no_block,1,9,0,0
V7E009,1880037,42,hider,no_block,0,19,0,0
V7E009,1880037,42,seeker,no_ramp,1,9,0,0
V7E009,1880037,42,hider,no_ramp,0,15,0,0
V7E009,1880037,42,seeker,no_objects,1,9,0,0
V7E009,1880037,42,hider,no_objects,0,16,0,0
V7E009,1880038,42,seeker,full,1,3,0,0
V7E009,1880038,42,hider,full,0,2,0,0
V7E009,1880038,42,seeker,no_block,1,3,0,0
V7E009,1880038,42,hider,no_block,0,2,0,0
V7E009,1880038,42,seeker,no_ramp,1,3,0,0
V7E009,1880038,42,hider,no_ramp,0,1,0,0
V7E009,1880038,42,seeker,no_objects,1,3,0,0
V7E009,1880038,42,hider,no_objects,0,1,0,0
V7E009,1880039,42,seeker,full,1,18,3,0
V7E009,1880039,42,hider,full,0,10,0,0
V7E009,1880039,42,seeker,no_block,1,10,0,0
V7E009,1880039,42,hider,no_block,0,10,0,0
V7E009,1880039,42,seeker,no_ramp,1,18,3,0
V7E009,1880039,42,hider,no_ramp,0,10,0,0
V7E009,1880039,42,seeker,no_objects,1,10,0,0
V7E009,1880039,42,hider,no_objects,0,10,0,0
V7E009,1880040,42,seeker,full,1,22,1,1
V7E009,1880040,42,hider,full,0,35,0,0
V7E009,1880040,42,seeker,no_block,1,22,0,1
V7E009,1880040,42,hider,no_block,0,35,0,0
V7E009,1880040,42,seeker,no_ramp,0,100,6,0
V7E009,1880040,42,hider,no_ramp,1,100,0,0
V7E009,1880040,42,seeker,no_objects,1,27,0,0
V7E009,1880040,42,hider,no_objects,0,26,0,0
V7E009,1880041,42,seeker,full,1,7,0,0
V7E009,1880041,42,hider,full,0,6,0,0
V7E009,1880041,42,seeker,no_block,1,7,0,0
V7E009,1880041,42,hider,no_block,0,6,0,0
V7E009,1880041,42,seeker,no_ramp,1,7,0,0
V7E009,1880041,42,hider,no_ramp,0,32,0,0
V7E009,1880041,42,seeker,no_objects,1,7,0,0
V7E009,1880041,42,hider,no_objects,0,6,0,0
V7E009,1880042,42,seeker,full,1,4,0,0
V7E009,1880042,42,hider,full,0,3,0,0
V7E009,1880042,42,seeker,no_block,1,4,0,0
V7E009,1880042,42,hider,no_block,0,3,0,0
V7E009,1880042,42,seeker,no_ramp,1,4,0,0
V7E009,1880042,42,hider,no_ramp,0,3,0,0
V7E009,1880042,42,seeker,no_objects,1,4,0,0
V7E009,1880042,42,hider,no_objects,0,3,0,0
V7E009,1880043,42,seeker,full,1,23,1,1
V7E009,1880043,42,hider,full,0,36,0,0
V7E009,1880043,42,seeker,no_block,1,23,0,1
V7E009,1880043,42,hider,no_block,0,36,0,0
V7E009,1880043,42,seeker,no_ramp,0,100,6,0
V7E009,1880043,42,hider,no_ramp,1,100,0,0
V7E009,1880043,42,seeker,no_objects,1,28,0,0
V7E009,1880043,42,hider,no_objects,0,26,0,0
V7E009,1880044,42,seeker,full,1,2,0,0
V7E009,1880044,42,hider,full,0,2,0,0
V7E009,1880044,42,seeker,no_block,1,2,0,0
V7E009,1880044,42,hider,no_block,0,2,0,0
V7E009,1880044,42,seeker,no_ramp,1,2,0,0
V7E009,1880044,42,hider,no_ramp,0,2,0,0
V7E009,1880044,42,seeker,no_objects,1,2,0,0
V7E009,1880044,42,hider,no_objects,0,2,0,0
V7E009,1880045,42,seeker,full,1,7,0,0
V7E009,1880045,42,hider,full,0,6,0,0
V7E009,1880045,42,seeker,no_block,1,7,0,0
V7E009,1880045,42,hider,no_block,0,6,0,0
V7E009,1880045,42,seeker,no_ramp,1,7,0,0
V7E009,1880045,42,hider,no_ramp,0,40,0,0
V7E009,1880045,42,seeker,no_objects,1,7,0,0
V7E009,1880045,42,hider,no_objects,0,42,0,0
V7E009,1880046,42,seeker,full,0,100,6,0
V7E009,1880046,42,hider,full,1,100,0,0
V7E009,1880046,42,seeker,no_block,1,29,0,0
V7E009,1880046,42,hider,no_block,0,27,0,0
V7E009,1880046,42,seeker,no_ramp,0,100,6,0
V7E009,1880046,42,hider,no_ramp,1,100,0,0
V7E009,1880046,42,seeker,no_objects,1,29,0,0
V7E009,1880046,42,hider,no_objects,0,27,0,0
V7E009,1880047,42,seeker,full,1,6,0,0
V7E009,1880047,42,hider,full,0,5,0,0
V7E009,1880047,42,seeker,no_block,1,6,0,0
V7E009,1880047,42,hider,no_block,0,5,0,0
V7E009,1880047,42,seeker,no_ramp,1,6,0,0
V7E009,1880047,42,hider,no_ramp,0,4,0,0
V7E009,1880047,42,seeker,no_objects,1,6,0,0
V7E009,1880047,42,hider,no_objects,0,5,0,0
V7E009,1880048,42,seeker,full,1,24,2,1
V7E009,1880048,42,hider,full,0,37,0,0
V7E009,1880048,42,seeker,no_block,1,24,0,1
V7E009,1880048,42,hider,no_block,0,37,0,0
V7E009,1880048,42,seeker,no_ramp,0,100,6,0
V7E009,1880048,42,hider,no_ramp,1,100,0,0
V7E009,1880048,42,seeker,no_objects,1,27,0,0
V7E009,1880048,42,hider,no_objects,0,26,0,0
V7E009,1880049,42,seeker,full,1,5,2,0
V7E009,1880049,42,hider,full,0,5,0,0
V7E009,1880049,42,seeker,no_block,1,5,0,0
V7E009,1880049,42,hider,no_block,0,5,0,0
V7E009,1880049,42,seeker,no_ramp,1,5,2,0
V7E009,1880049,42,hider,no_ramp,0,7,0,0
V7E009,1880049,42,seeker,no_objects,1,5,0,0
V7E009,1880049,42,hider,no_objects,0,7,0,0
V7E009,1880050,42,seeker,full,1,4,0,0
V7E009,1880050,42,hider,full,0,3,0,0
V7E009,1880050,42,seeker,no_block,1,4,0,0
V7E009,1880050,42,hider,no_block,0,3,0,0
V7E009,1880050,42,seeker,no_ramp,1,4,0,0
V7E009,1880050,42,hider,no_ramp,0,2,0,0
V7E009,1880050,42,seeker,no_objects,1,4,0,0
V7E009,1880050,42,hider,no_objects,0,2,0,0
V7E009,1880051,42,seeker,full,1,1,0,0
V7E009,1880051,42,hider,full,0,1,0,0
V7E009,1880051,42,seeker,no_block,1,1,0,0
V7E009,1880051,42,hider,no_block,0,1,0,0
V7E009,1880051,42,seeker,no_ramp,1,1,0,0
V7E009,1880051,42,hider,no_ramp,0,1,0,0
V7E009,1880051,42,seeker,no_objects,1,1,0,0
V7E009,1880051,42,hider,no_objects,0,1,0,0
V7E009,1880052,42,seeker,full,0,100,6,0
V7E009,1880052,42,hider,full,1,100,0,0
V7E009,1880052,42,seeker,no_block,1,26,0,0
V7E009,1880052,42,hider,no_block,0,25,0,0
V7E009,1880052,42,seeker,no_ramp,0,100,6,0
V7E009,1880052,42,hider,no_ramp,1,100,0,0
V7E009,1880052,42,seeker,no_objects,1,26,0,0
V7E009,1880052,42,hider,no_objects,0,25,0,0
V7E009,1880053,42,seeker,full,1,29,3,0
V7E009,1880053,42,hider,full,0,21,0,0
V7E009,1880053,42,seeker,no_block,0,100,0,0
V7E009,1880053,42,hider,no_block,0,21,0,0
V7E009,1880053,42,seeker,no_ramp,1,29,3,0
V7E009,1880053,42,hider,no_ramp,0,21,0,0
V7E009,1880053,42,seeker,no_objects,0,100,0,0
V7E009,1880053,42,hider,no_objects,0,21,0,0
V7E009,1880054,42,seeker,full,1,5,0,0
V7E009,1880054,42,hider,full,0,4,0,0
V7E009,1880054,42,seeker,no_block,1,5,0,0
V7E009,1880054,42,hider,no_block,0,4,0,0
V7E009,1880054,42,seeker,no_ramp,1,5,0,0
V7E009,1880054,42,hider,no_ramp,0,3,0,0
V7E009,1880054,42,seeker,no_objects,1,5,0,0
V7E009,1880054,42,hider,no_objects,0,3,0,0
V7E009,1880055,42,seeker,full,1,30,4,0
V7E009,1880055,42,hider,full,0,28,0,0
V7E009,1880055,42,seeker,no_block,1,32,0,0
V7E009,1880055,42,hider,no_block,0,30,0,0
V7E009,1880055,42,seeker,no_ramp,1,30,4,0
V7E009,1880055,42,hider,no_ramp,0,28,0,0
V7E009,1880055,42,seeker,no_objects,1,32,0,0
V7E009,1880055,42,hider,no_objects,0,30,0,0
V7E009,1880056,42,seeker,full,1,1,0,0
V7E009,1880056,42,hider,full,0,1,0,0
V7E009,1880056,42,seeker,no_block,1,1,0,0
V7E009,1880056,42,hider,no_block,0,1,0,0
V7E009,1880056,42,seeker,no_ramp,1,1,0,0
V7E009,1880056,42,hider,no_ramp,0,1,0,0
V7E009,1880056,42,seeker,no_objects,1,1,0,0
V7E009,1880056,42,hider,no_objects,0,1,0,0
V7E009,1880057,42,seeker,full,1,9,0,0
V7E009,1880057,42,hider,full,0,17,0,0
V7E009,1880057,42,seeker,no_block,1,9,0,0
V7E009,1880057,42,hider,no_block,0,17,0,0
V7E009,1880057,42,seeker,no_ramp,1,9,0,0
V7E009,1880057,42,hider,no_ramp,0,20,0,0
V7E009,1880057,42,seeker,no_objects,1,9,0,0
V7E009,1880057,42,hider,no_objects,0,20,0,0
V7E009,1880058,42,seeker,full,1,26,4,0
V7E009,1880058,42,hider,full,0,39,0,0
V7E009,1880058,42,seeker,no_block,1,23,0,1
V7E009,1880058,42,hider,no_block,0,22,0,0
V7E009,1880058,42,seeker,no_ramp,1,26,4,0
V7E009,1880058,42,hider,no_ramp,0,26,0,0
V7E009,1880058,42,seeker,no_objects,1,28,0,0
V7E009,1880058,42,hider,no_objects,0,29,0,0
V7E009,1880059,42,seeker,full,1,1,0,0
V7E009,1880059,42,hider,full,0,1,0,0
V7E009,1880059,42,seeker,no_block,1,1,0,0
V7E009,1880059,42,hider,no_block,0,1,0,0
V7E009,1880059,42,seeker,no_ramp,1,1,0,0
V7E009,1880059,42,hider,no_ramp,0,3,0,0
V7E009,1880059,42,seeker,no_objects,1,1,0,0
V7E009,1880059,42,hider,no_objects,0,2,0,0
V7E009,1880060,42,seeker,full,1,2,0,0
V7E009,1880060,42,hider,full,0,3,0,0
V7E009,1880060,42,seeker,no_block,1,2,0,0
V7E009,1880060,42,hider,no_block,0,3,0,0
V7E009,1880060,42,seeker,no_ramp,1,2,0,0
V7E009,1880060,42,hider,no_ramp,0,3,0,0
V7E009,1880060,42,seeker,no_objects,1,2,0,0
V7E009,1880060,42,hider,no_objects,0,3,0,0
V7E009,1880061,42,seeker,full,1,47,4,1
V7E009,1880061,42,hider,full,0,45,0,0
V7E009,1880061,42,seeker,no_block,1,39,0,1
V7E009,1880061,42,hider,no_block,0,38,0,0
V7E009,1880061,42,seeker,no_ramp,1,42,4,0
V7E009,1880061,42,hider,no_ramp,0,40,0,0
V7E009,1880061,42,seeker,no_objects,1,44,0,0
V7E009,1880061,42,hider,no_objects,0,42,0,0
V7E009,1880062,42,seeker,full,1,14,3,0
V7E009,1880062,42,hider,full,0,12,0,0
V7E009,1880062,42,seeker,no_block,1,6,0,0
V7E009,1880062,42,hider,no_block,0,6,0,0
V7E009,1880062,42,seeker,no_ramp,1,12,3,0
V7E009,1880062,42,hider,no_ramp,0,13,0,0
V7E009,1880062,42,seeker,no_objects,1,6,0,0
V7E009,1880062,42,hider,no_objects,0,6,0,0
V7E009,1880063,42,seeker,full,1,15,3,0
V7E009,1880063,42,hider,full,0,7,0,0
V7E009,1880063,42,seeker,no_block,1,7,0,0
V7E009,1880063,42,hider,no_block,0,7,0,0
V7E009,1880063,42,seeker,no_ramp,1,15,3,0
V7E009,1880063,42,hider,no_ramp,0,7,0,0
V7E009,1880063,42,seeker,no_objects,1,7,0,0
V7E009,1880063,42,hider,no_objects,0,7,0,0
V7E009,1880064,42,seeker,full,1,3,0,0
V7E009,1880064,42,hider,full,0,2,0,0
V7E009,1880064,42,seeker,no_block,1,3,0,0
V7E009,1880064,42,hider,no_block,0,2,0,0
V7E009,1880064,42,seeker,no_ramp,1,3,0,0
V7E009,1880064,42,hider,no_ramp,0,2,0,0
V7E009,1880064,42,seeker,no_objects,1,3,0,0
V7E009,1880064,42,hider,no_objects,0,2,0,0
V7E009,1880065,42,seeker,full,1,36,4,1
V7E009,1880065,42,hider,full,0,34,0,0
V7E009,1880065,42,seeker,no_block,1,28,0,1
V7E009,1880065,42,hider,no_block,0,26,0,0
V7E009,1880065,42,seeker,no_ramp,1,33,4,0
V7E009,1880065,42,hider,no_ramp,0,31,0,0
V7E009,1880065,42,seeker,no_objects,1,35,0,0
V7E009,1880065,42,hider,no_objects,0,33,0,0
V7E009,1880066,42,seeker,full,1,6,0,0
V7E009,1880066,42,hider,full,0,30,0,0
V7E009,1880066,42,seeker,no_block,1,6,0,0
V7E009,1880066,42,hider,no_block,0,22,0,0
V7E009,1880066,42,seeker,no_ramp,1,6,0,0
V7E009,1880066,42,hider,no_ramp,0,31,0,0
V7E009,1880066,42,seeker,no_objects,1,6,0,0
V7E009,1880066,42,hider,no_objects,0,33,0,0
V7E009,1880067,42,seeker,full,1,22,0,0
V7E009,1880067,42,hider,full,0,22,0,0
V7E009,1880067,42,seeker,no_block,1,22,0,0
V7E009,1880067,42,hider,no_block,0,22,0,0
V7E009,1880067,42,seeker,no_ramp,1,22,0,0
V7E009,1880067,42,hider,no_ramp,0,22,0,0
V7E009,1880067,42,seeker,no_objects,1,22,0,0
V7E009,1880067,42,hider,no_objects,0,22,0,0
V7E009,1880068,42,seeker,full,1,1,0,0
V7E009,1880068,42,hider,full,0,1,0,0
V7E009,1880068,42,seeker,no_block,1,1,0,0
V7E009,1880068,42,hider,no_block,0,1,0,0
V7E009,1880068,42,seeker,no_ramp,1,1,0,0
V7E009,1880068,42,hider,no_ramp,0,2,0,0
V7E009,1880068,42,seeker,no_objects,1,1,0,0
V7E009,1880068,42,hider,no_objects,0,2,0,0
V7E009,1880069,42,seeker,full,1,21,2,0
V7E009,1880069,42,hider,full,0,21,0,0
V7E009,1880069,42,seeker,no_block,1,21,0,0
V7E009,1880069,42,hider,no_block,0,21,0,0
V7E009,1880069,42,seeker,no_ramp,1,21,2,0
V7E009,1880069,42,hider,no_ramp,0,23,0,0
V7E009,1880069,42,seeker,no_objects,1,21,0,0
V7E009,1880069,42,hider,no_objects,0,23,0,0
V7E009,1880070,42,seeker,full,1,3,0,0
V7E009,1880070,42,hider,full,0,2,0,0
V7E009,1880070,42,seeker,no_block,1,3,0,0
V7E009,1880070,42,hider,no_block,0,2,0,0
V7E009,1880070,42,seeker,no_ramp,1,3,0,0
V7E009,1880070,42,hider,no_ramp,0,2,0,0
V7E009,1880070,42,seeker,no_objects,1,3,0,0
V7E009,1880070,42,hider,no_objects,0,2,0,0
V7E009,1880071,42,seeker,full,1,42,4,1
V7E009,1880071,42,hider,full,0,40,0,0
V7E009,1880071,42,seeker,no_block,1,34,0,1
V7E009,1880071,42,hider,no_block,0,32,0,0
V7E009,1880071,42,seeker,no_ramp,1,41,4,0
V7E009,1880071,42,hider,no_ramp,0,39,0,0
V7E009,1880071,42,seeker,no_objects,1,43,0,0
V7E009,1880071,42,hider,no_objects,0,41,0,0
V7E009,1880072,42,seeker,full,1,3,0,0
V7E009,1880072,42,hider,full,0,2,0,0
V7E009,1880072,42,seeker,no_block,1,3,0,0
V7E009,1880072,42,hider,no_block,0,2,0,0
V7E009,1880072,42,seeker,no_ramp,1,3,0,0
V7E009,1880072,42,hider,no_ramp,0,1,0,0
V7E009,1880072,42,seeker,no_objects,1,3,0,0
V7E009,1880072,42,hider,no_objects,0,1,0,0
V7E009,1880073,42,seeker,full,1,2,2,0
V7E009,1880073,42,hider,full,0,3,0,0
V7E009,1880073,42,seeker,no_block,1,2,0,0
V7E009,1880073,42,hider,no_block,0,3,0,0
V7E009,1880073,42,seeker,no_ramp,1,2,2,0
V7E009,1880073,42,hider,no_ramp,0,5,0,0
V7E009,1880073,42,seeker,no_objects,1,2,0,0
V7E009,1880073,42,hider,no_objects,0,3,0,0
V7E009,1880074,42,seeker,full,0,100,3,0
V7E009,1880074,42,hider,full,0,20,0,0
V7E009,1880074,42,seeker,no_block,1,10,0,1
V7E009,1880074,42,hider,no_block,0,8,0,0
V7E009,1880074,42,seeker,no_ramp,1,23,3,0
V7E009,1880074,42,hider,no_ramp,0,17,0,0
V7E009,1880074,42,seeker,no_objects,1,9,0,0
V7E009,1880074,42,hider,no_objects,0,11,0,0
V7E009,1880075,42,seeker,full,0,100,0,0
V7E009,1880075,42,hider,full,0,58,0,0
V7E009,1880075,42,seeker,no_block,0,100,0,0
V7E009,1880075,42,hider,no_block,0,60,0,0
V7E009,1880075,42,seeker,no_ramp,1,20,0,0
V7E009,1880075,42,hider,no_ramp,0,10,0,0
V7E009,1880075,42,seeker,no_objects,0,100,0,0
V7E009,1880075,42,hider,no_objects,0,11,0,0
V7E009,1880076,42,seeker,full,1,22,2,0
V7E009,1880076,42,hider,full,0,22,0,0
V7E009,1880076,42,seeker,no_block,1,22,0,0
V7E009,1880076,42,hider,no_block,0,22,0,0
V7E009,1880076,42,seeker,no_ramp,1,22,2,0
V7E009,1880076,42,hider,no_ramp,0,22,0,0
V7E009,1880076,42,seeker,no_objects,1,22,0,0
V7E009,1880076,42,hider,no_objects,0,22,0,0
V7E009,1880077,42,seeker,full,1,2,0,0
V7E009,1880077,42,hider,full,0,3,0,0
V7E009,1880077,42,seeker,no_block,1,2,0,0
V7E009,1880077,42,hider,no_block,0,3,0,0
V7E009,1880077,42,seeker,no_ramp,1,2,0,0
V7E009,1880077,42,hider,no_ramp,0,3,0,0
V7E009,1880077,42,seeker,no_objects,1,2,0,0
V7E009,1880077,42,hider,no_objects,0,3,0,0
V7E009,1880078,42,seeker,full,1,15,0,0
V7E009,1880078,42,hider,full,0,15,0,0
V7E009,1880078,42,seeker,no_block,1,15,0,0
V7E009,1880078,42,hider,no_block,0,15,0,0
V7E009,1880078,42,seeker,no_ramp,1,15,0,0
V7E009,1880078,42,hider,no_ramp,0,17,0,0
V7E009,1880078,42,seeker,no_objects,1,15,0,0
V7E009,1880078,42,hider,no_objects,0,15,0,0
V7E009,1880079,42,seeker,full,1,11,3,0
V7E009,1880079,42,hider,full,0,8,1,0
V7E009,1880079,42,seeker,no_block,1,9,0,0
V7E009,1880079,42,hider,no_block,0,8,0,0
V7E009,1880079,42,seeker,no_ramp,1,9,3,0
V7E009,1880079,42,hider,no_ramp,0,9,0,0
V7E009,1880079,42,seeker,no_objects,1,9,0,0
V7E009,1880079,42,hider,no_objects,0,9,0,0
V7E009,1880080,42,seeker,full,1,47,4,1
V7E009,1880080,42,hider,full,0,46,0,0
V7E009,1880080,42,seeker,no_block,1,39,0,1
V7E009,1880080,42,hider,no_block,0,38,0,0
V7E009,1880080,42,seeker,no_ramp,1,44,4,0
V7E009,1880080,42,hider,no_ramp,0,43,0,0
V7E009,1880080,42,seeker,no_objects,1,46,0,0
V7E009,1880080,42,hider,no_objects,0,45,0,0
V7E009,1880081,42,seeker,full,1,6,0,0
V7E009,1880081,42,hider,full,0,6,0,0
V7E009,1880081,42,seeker,no_block,1,6,0,0
V7E009,1880081,42,hider,no_block,0,6,0,0
V7E009,1880081,42,seeker,no_ramp,1,6,0,0
V7E009,1880081,42,hider,no_ramp,0,8,0,0
V7E009,1880081,42,seeker,no_objects,1,6,0,0
V7E009,1880081,42,hider,no_objects,0,6,0,0
V7E009,1880082,42,seeker,full,1,2,0,0
V7E009,1880082,42,hider,full,0,2,0,0
V7E009,1880082,42,seeker,no_block,1,2,0,0
V7E009,1880082,42,hider,no_block,0,2,0,0
V7E009,1880082,42,seeker,no_ramp,1,2,0,0
V7E009,1880082,42,hider,no_ramp,0,4,0,0
V7E009,1880082,42,seeker,no_objects,1,2,0,0
V7E009,1880082,42,hider,no_objects,0,2,0,0
V7E009,1880083,42,seeker,full,1,25,2,1
V7E009,1880083,42,hider,full,0,24,0,0
V7E009,1880083,42,seeker,no_block,1,25,0,1
V7E009,1880083,42,hider,no_block,0,24,0,0
V7E009,1880083,42,seeker,no_ramp,0,100,6,0
V7E009,1880083,42,hider,no_ramp,1,100,0,0
V7E009,1880083,42,seeker,no_objects,1,28,0,0
V7E009,1880083,42,hider,no_objects,0,29,0,0
V7E009,1880084,42,seeker,full,1,11,0,0
V7E009,1880084,42,hider,full,0,28,0,0
V7E009,1880084,42,seeker,no_block,1,11,0,0
V7E009,1880084,42,hider,no_block,0,30,0,0
V7E009,1880084,42,seeker,no_ramp,1,11,0,0
V7E009,1880084,42,hider,no_ramp,0,28,0,0
V7E009,1880084,42,seeker,no_objects,1,11,0,0
V7E009,1880084,42,hider,no_objects,0,30,0,0
V7E009,1880085,42,seeker,full,1,14,2,0
V7E009,1880085,42,hider,full,0,16,0,0
V7E009,1880085,42,seeker,no_block,1,14,0,0
V7E009,1880085,42,hider,no_block,0,16,0,0
V7E009,1880085,42,seeker,no_ramp,1,14,2,0
V7E009,1880085,42,hider,no_ramp,0,16,0,0
V7E009,1880085,42,seeker,no_objects,1,14,0,0
V7E009,1880085,42,hider,no_objects,0,16,0,0
V7E009,1880086,42,seeker,full,1,22,2,0
V7E009,1880086,42,hider,full,0,24,0,0
V7E009,1880086,42,seeker,no_block,1,22,0,0
V7E009,1880086,42,hider,no_block,0,24,0,0
V7E009,1880086,42,seeker,no_ramp,1,22,2,0
V7E009,1880086,42,hider,no_ramp,0,24,0,0
V7E009,1880086,42,seeker,no_objects,1,22,0,0
V7E009,1880086,42,hider,no_objects,0,24,0,0
V7E009,1880087,42,seeker,full,1,1,0,0
V7E009,1880087,42,hider,full,0,1,0,0
V7E009,1880087,42,seeker,no_block,1,1,0,0
V7E009,1880087,42,hider,no_block,0,1,0,0
V7E009,1880087,42,seeker,no_ramp,1,1,0,0
V7E009,1880087,42,hider,no_ramp,0,1,0,0
V7E009,1880087,42,seeker,no_objects,1,1,0,0
V7E009,1880087,42,hider,no_objects,0,1,0,0
V7E009,1880088,42,seeker,full,1,5,2,0
V7E009,1880088,42,hider,full,0,4,0,0
V7E009,1880088,42,seeker,no_block,1,4,0,0
V7E009,1880088,42,hider,no_block,0,4,0,0
V7E009,1880088,42,seeker,no_ramp,1,5,2,0
V7E009,1880088,42,hider,no_ramp,0,6,0,0
V7E009,1880088,42,seeker,no_objects,1,4,0,0
V7E009,1880088,42,hider,no_objects,0,4,0,0
V7E009,1880089,42,seeker,full,1,6,0,0
V7E009,1880089,42,hider,full,0,5,0,0
V7E009,1880089,42,seeker,no_block,1,6,0,0
V7E009,1880089,42,hider,no_block,0,5,0,0
V7E009,1880089,42,seeker,no_ramp,1,6,0,0
V7E009,1880089,42,hider,no_ramp,0,5,0,0
V7E009,1880089,42,seeker,no_objects,1,6,0,0
V7E009,1880089,42,hider,no_objects,0,5,0,0
V7E009,1880090,42,seeker,full,1,7,0,0
V7E009,1880090,42,hider,full,0,6,0,0
V7E009,1880090,42,seeker,no_block,1,7,0,0
V7E009,1880090,42,hider,no_block,0,6,0,0
V7E009,1880090,42,seeker,no_ramp,1,7,0,0
V7E009,1880090,42,hider,no_ramp,0,5,0,0
V7E009,1880090,42,seeker,no_objects,1,7,0,0
V7E009,1880090,42,hider,no_objects,0,6,0,0
V7E009,1880091,42,seeker,full,1,19,0,0
V7E009,1880091,42,hider,full,0,11,0,0
V7E009,1880091,42,seeker,no_block,1,19,0,0
V7E009,1880091,42,hider,no_block,0,61,0,0
V7E009,1880091,42,seeker,no_ramp,1,19,0,0
V7E009,1880091,42,hider,no_ramp,0,11,0,0
V7E009,1880091,42,seeker,no_objects,1,19,0,0
V7E009,1880091,42,hider,no_objects,0,11,0,0
V7E009,1880092,42,seeker,full,1,11,3,0
V7E009,1880092,42,hider,full,0,9,0,0
V7E009,1880092,42,seeker,no_block,1,9,0,0
V7E009,1880092,42,hider,no_block,0,8,0,0
V7E009,1880092,42,seeker,no_ramp,1,9,3,0
V7E009,1880092,42,hider,no_ramp,0,9,0,0
V7E009,1880092,42,seeker,no_objects,1,9,0,0
V7E009,1880092,42,hider,no_objects,0,9,0,0
V7E009,1880093,42,seeker,full,1,1,0,0
V7E009,1880093,42,hider,full,0,1,0,0
V7E009,1880093,42,seeker,no_block,1,1,0,0
V7E009,1880093,42,hider,no_block,0,1,0,0
V7E009,1880093,42,seeker,no_ramp,1,1,0,0
V7E009,1880093,42,hider,no_ramp,0,1,0,0
V7E009,1880093,42,seeker,no_objects,1,1,0,0
V7E009,1880093,42,hider,no_objects,0,1,0,0
V7E009,1880094,42,seeker,full,1,1,0,0
V7E009,1880094,42,hider,full,0,1,0,0
V7E009,1880094,42,seeker,no_block,1,1,0,0
V7E009,1880094,42,hider,no_block,0,1,0,0
V7E009,1880094,42,seeker,no_ramp,1,1,0,0
V7E009,1880094,42,hider,no_ramp,0,1,0,0
V7E009,1880094,42,seeker,no_objects,1,1,0,0
V7E009,1880094,42,hider,no_objects,0,1,0,0
V7E009,1880095,42,seeker,full,1,24,3,0
V7E009,1880095,42,hider,full,0,22,0,0
V7E009,1880095,42,seeker,no_block,1,22,0,0
V7E009,1880095,42,hider,no_block,0,22,0,0
V7E009,1880095,42,seeker,no_ramp,1,24,3,0
V7E009,1880095,42,hider,no_ramp,0,22,0,0
V7E009,1880095,42,seeker,no_objects,1,22,0,0
V7E009,1880095,42,hider,no_objects,0,22,0,0
V7E009,1880096,42,seeker,full,0,100,6,0
V7E009,1880096,42,hider,full,1,100,0,0
V7E009,1880096,42,seeker,no_block,1,27,0,0
V7E009,1880096,42,hider,no_block,0,26,0,0
V7E009,1880096,42,seeker,no_ramp,0,100,6,0
V7E009,1880096,42,hider,no_ramp,1,100,0,0
V7E009,1880096,42,seeker,no_objects,1,27,0,0
V7E009,1880096,42,hider,no_objects,0,26,0,0
V7E009,1880097,42,seeker,full,1,15,3,0
V7E009,1880097,42,hider,full,0,7,0,0
V7E009,1880097,42,seeker,no_block,1,7,0,0
V7E009,1880097,42,hider,no_block,0,7,0,0
V7E009,1880097,42,seeker,no_ramp,1,15,3,0
V7E009,1880097,42,hider,no_ramp,0,7,0,0
V7E009,1880097,42,seeker,no_objects,1,7,0,0
V7E009,1880097,42,hider,no_objects,0,7,0,0
V7E009,1880098,42,seeker,full,1,1,0,0
V7E009,1880098,42,hider,full,0,1,0,0
V7E009,1880098,42,seeker,no_block,1,1,0,0
V7E009,1880098,42,hider,no_block,0,1,0,0
V7E009,1880098,42,seeker,no_ramp,1,1,0,0
V7E009,1880098,42,hider,no_ramp,0,1,0,0
V7E009,1880098,42,seeker,no_objects,1,1,0,0
V7E009,1880098,42,hider,no_objects,0,1,0,0
V7E009,1880099,42,seeker,full,1,2,0,0
V7E009,1880099,42,hider,full,0,3,0,0
V7E009,1880099,42,seeker,no_block,1,2,0,0
V7E009,1880099,42,hider,no_block,0,3,0,0
V7E009,1880099,42,seeker,no_ramp,1,2,0,0
V7E009,1880099,42,hider,no_ramp,0,3,0,0
V7E009,1880099,42,seeker,no_objects,1,2,0,0
V7E009,1880099,42,hider,no_objects,0,3,0,0
V7E010,1890000,42,seeker,full,1,42,2,1
V7E010,1890000,42,hider,full,0,44,0,0
V7E010,1890000,42,seeker,no_block,1,42,0,1
V7E010,1890000,42,hider,no_block,0,44,0,0
V7E010,1890000,42,seeker,no_ramp,1,37,2,0
V7E010,1890000,42,hider,no_ramp,0,39,0,0
V7E010,1890000,42,seeker,no_objects,1,37,0,0
V7E010,1890000,42,hider,no_objects,0,39,0,0
V7E010,1890001,42,seeker,full,1,10,0,0
V7E010,1890001,42,hider,full,0,13,0,0
V7E010,1890001,42,seeker,no_block,1,10,0,0
V7E010,1890001,42,hider,no_block,0,13,0,0
V7E010,1890001,42,seeker,no_ramp,1,10,0,0
V7E010,1890001,42,hider,no_ramp,0,13,0,0
V7E010,1890001,42,seeker,no_objects,1,10,0,0
V7E010,1890001,42,hider,no_objects,0,13,0,0
V7E010,1890002,42,seeker,full,1,9,0,0
V7E010,1890002,42,hider,full,0,22,0,0
V7E010,1890002,42,seeker,no_block,1,9,0,0
V7E010,1890002,42,hider,no_block,0,22,0,0
V7E010,1890002,42,seeker,no_ramp,1,9,0,0
V7E010,1890002,42,hider,no_ramp,0,22,0,0
V7E010,1890002,42,seeker,no_objects,1,9,0,0
V7E010,1890002,42,hider,no_objects,0,22,0,0
V7E010,1890003,42,seeker,full,1,2,0,0
V7E010,1890003,42,hider,full,0,5,0,0
V7E010,1890003,42,seeker,no_block,1,2,0,0
V7E010,1890003,42,hider,no_block,0,5,0,0
V7E010,1890003,42,seeker,no_ramp,1,2,0,0
V7E010,1890003,42,hider,no_ramp,0,5,0,0
V7E010,1890003,42,seeker,no_objects,1,2,0,0
V7E010,1890003,42,hider,no_objects,0,5,0,0
V7E010,1890004,42,seeker,full,1,45,8,1
V7E010,1890004,42,hider,full,0,44,0,0
V7E010,1890004,42,seeker,no_block,1,43,0,1
V7E010,1890004,42,hider,no_block,0,42,0,0
V7E010,1890004,42,seeker,no_ramp,1,46,8,0
V7E010,1890004,42,hider,no_ramp,0,46,0,0
V7E010,1890004,42,seeker,no_objects,1,44,0,0
V7E010,1890004,42,hider,no_objects,0,44,0,0
V7E010,1890005,42,seeker,full,1,33,2,0
V7E010,1890005,42,hider,full,0,30,0,0
V7E010,1890005,42,seeker,no_block,1,29,0,0
V7E010,1890005,42,hider,no_block,0,30,0,0
V7E010,1890005,42,seeker,no_ramp,1,33,2,0
V7E010,1890005,42,hider,no_ramp,0,30,0,0
V7E010,1890005,42,seeker,no_objects,1,29,0,0
V7E010,1890005,42,hider,no_objects,0,41,0,0
V7E010,1890006,42,seeker,full,1,14,0,1
V7E010,1890006,42,hider,full,0,16,0,0
V7E010,1890006,42,seeker,no_block,1,14,0,1
V7E010,1890006,42,hider,no_block,0,16,0,0
V7E010,1890006,42,seeker,no_ramp,1,9,0,0
V7E010,1890006,42,hider,no_ramp,0,11,0,0
V7E010,1890006,42,seeker,no_objects,1,9,0,0
V7E010,1890006,42,hider,no_objects,0,11,0,0
V7E010,1890007,42,seeker,full,1,9,0,0
V7E010,1890007,42,hider,full,0,23,0,0
V7E010,1890007,42,seeker,no_block,1,9,0,0
V7E010,1890007,42,hider,no_block,0,23,0,0
V7E010,1890007,42,seeker,no_ramp,1,9,0,0
V7E010,1890007,42,hider,no_ramp,0,23,0,0
V7E010,1890007,42,seeker,no_objects,1,9,0,0
V7E010,1890007,42,hider,no_objects,0,23,0,0
V7E010,1890008,42,seeker,full,1,3,0,0
V7E010,1890008,42,hider,full,0,2,0,0
V7E010,1890008,42,seeker,no_block,1,3,0,0
V7E010,1890008,42,hider,no_block,0,2,0,0
V7E010,1890008,42,seeker,no_ramp,1,3,0,0
V7E010,1890008,42,hider,no_ramp,0,2,0,0
V7E010,1890008,42,seeker,no_objects,1,3,0,0
V7E010,1890008,42,hider,no_objects,0,2,0,0
V7E010,1890009,42,seeker,full,1,36,2,0
V7E010,1890009,42,hider,full,0,34,0,0
V7E010,1890009,42,seeker,no_block,1,30,0,0
V7E010,1890009,42,hider,no_block,0,33,0,0
V7E010,1890009,42,seeker,no_ramp,1,36,2,0
V7E010,1890009,42,hider,no_ramp,0,34,0,0
V7E010,1890009,42,seeker,no_objects,1,30,0,0
V7E010,1890009,42,hider,no_objects,0,38,0,0
V7E010,1890010,42,seeker,full,1,33,2,0
V7E010,1890010,42,hider,full,0,32,0,0
V7E010,1890010,42,seeker,no_block,1,31,0,0
V7E010,1890010,42,hider,no_block,0,30,0,0
V7E010,1890010,42,seeker,no_ramp,1,33,2,0
V7E010,1890010,42,hider,no_ramp,0,32,0,0
V7E010,1890010,42,seeker,no_objects,1,31,0,0
V7E010,1890010,42,hider,no_objects,0,30,0,0
V7E010,1890011,42,seeker,full,1,43,2,1
V7E010,1890011,42,hider,full,0,46,0,0
V7E010,1890011,42,seeker,no_block,1,43,0,1
V7E010,1890011,42,hider,no_block,0,46,0,0
V7E010,1890011,42,seeker,no_ramp,1,38,2,0
V7E010,1890011,42,hider,no_ramp,0,41,0,0
V7E010,1890011,42,seeker,no_objects,1,38,0,0
V7E010,1890011,42,hider,no_objects,0,41,0,0
V7E010,1890012,42,seeker,full,1,35,2,0
V7E010,1890012,42,hider,full,0,36,0,0
V7E010,1890012,42,seeker,no_block,1,35,0,0
V7E010,1890012,42,hider,no_block,0,36,0,0
V7E010,1890012,42,seeker,no_ramp,1,35,2,0
V7E010,1890012,42,hider,no_ramp,0,36,0,0
V7E010,1890012,42,seeker,no_objects,1,35,0,0
V7E010,1890012,42,hider,no_objects,0,36,0,0
V7E010,1890013,42,seeker,full,1,32,2,1
V7E010,1890013,42,hider,full,0,31,0,0
V7E010,1890013,42,seeker,no_block,1,32,0,1
V7E010,1890013,42,hider,no_block,0,31,0,0
V7E010,1890013,42,seeker,no_ramp,1,33,2,0
V7E010,1890013,42,hider,no_ramp,0,33,0,0
V7E010,1890013,42,seeker,no_objects,1,33,0,0
V7E010,1890013,42,hider,no_objects,0,33,0,0
V7E010,1890014,42,seeker,full,1,6,0,0
V7E010,1890014,42,hider,full,0,7,0,0
V7E010,1890014,42,seeker,no_block,1,6,0,0
V7E010,1890014,42,hider,no_block,0,7,0,0
V7E010,1890014,42,seeker,no_ramp,1,6,0,0
V7E010,1890014,42,hider,no_ramp,0,7,0,0
V7E010,1890014,42,seeker,no_objects,1,6,0,0
V7E010,1890014,42,hider,no_objects,0,7,0,0
V7E010,1890015,42,seeker,full,1,5,0,0
V7E010,1890015,42,hider,full,0,7,0,0
V7E010,1890015,42,seeker,no_block,1,5,0,0
V7E010,1890015,42,hider,no_block,0,7,0,0
V7E010,1890015,42,seeker,no_ramp,1,5,0,0
V7E010,1890015,42,hider,no_ramp,0,7,0,0
V7E010,1890015,42,seeker,no_objects,1,5,0,0
V7E010,1890015,42,hider,no_objects,0,7,0,0
V7E010,1890016,42,seeker,full,1,31,2,1
V7E010,1890016,42,hider,full,0,30,0,0
V7E010,1890016,42,seeker,no_block,1,31,0,1
V7E010,1890016,42,hider,no_block,0,30,0,0
V7E010,1890016,42,seeker,no_ramp,1,32,2,0
V7E010,1890016,42,hider,no_ramp,0,35,0,0
V7E010,1890016,42,seeker,no_objects,1,32,0,0
V7E010,1890016,42,hider,no_objects,0,35,0,0
V7E010,1890017,42,seeker,full,1,29,2,0
V7E010,1890017,42,hider,full,0,30,0,0
V7E010,1890017,42,seeker,no_block,1,29,0,0
V7E010,1890017,42,hider,no_block,0,30,0,0
V7E010,1890017,42,seeker,no_ramp,1,29,2,0
V7E010,1890017,42,hider,no_ramp,0,30,0,0
V7E010,1890017,42,seeker,no_objects,1,29,0,0
V7E010,1890017,42,hider,no_objects,0,30,0,0
V7E010,1890018,42,seeker,full,1,29,2,0
V7E010,1890018,42,hider,full,0,30,0,0
V7E010,1890018,42,seeker,no_block,1,29,0,0
V7E010,1890018,42,hider,no_block,0,30,0,0
V7E010,1890018,42,seeker,no_ramp,1,29,2,0
V7E010,1890018,42,hider,no_ramp,0,30,0,0
V7E010,1890018,42,seeker,no_objects,1,29,0,0
V7E010,1890018,42,hider,no_objects,0,30,0,0
V7E010,1890019,42,seeker,full,1,46,2,1
V7E010,1890019,42,hider,full,0,49,0,0
V7E010,1890019,42,seeker,no_block,1,46,0,1
V7E010,1890019,42,hider,no_block,0,49,0,0
V7E010,1890019,42,seeker,no_ramp,1,41,2,0
V7E010,1890019,42,hider,no_ramp,0,44,0,0
V7E010,1890019,42,seeker,no_objects,1,41,0,0
V7E010,1890019,42,hider,no_objects,0,44,0,0
V7E010,1890020,42,seeker,full,1,29,2,0
V7E010,1890020,42,hider,full,0,28,0,0
V7E010,1890020,42,seeker,no_block,1,29,0,0
V7E010,1890020,42,hider,no_block,0,28,0,0
V7E010,1890020,42,seeker,no_ramp,1,29,2,0
V7E010,1890020,42,hider,no_ramp,0,28,0,0
V7E010,1890020,42,seeker,no_objects,1,29,0,0
V7E010,1890020,42,hider,no_objects,0,28,0,0
V7E010,1890021,42,seeker,full,1,4,0,0
V7E010,1890021,42,hider,full,0,6,0,0
V7E010,1890021,42,seeker,no_block,1,4,0,0
V7E010,1890021,42,hider,no_block,0,3,0,0
V7E010,1890021,42,seeker,no_ramp,1,4,0,0
V7E010,1890021,42,hider,no_ramp,0,6,0,0
V7E010,1890021,42,seeker,no_objects,1,4,0,0
V7E010,1890021,42,hider,no_objects,0,6,0,0
V7E010,1890022,42,seeker,full,1,5,0,0
V7E010,1890022,42,hider,full,0,8,0,0
V7E010,1890022,42,seeker,no_block,1,5,0,0
V7E010,1890022,42,hider,no_block,0,8,0,0
V7E010,1890022,42,seeker,no_ramp,1,5,0,0
V7E010,1890022,42,hider,no_ramp,0,8,0,0
V7E010,1890022,42,seeker,no_objects,1,5,0,0
V7E010,1890022,42,hider,no_objects,0,8,0,0
V7E010,1890023,42,seeker,full,1,33,2,0
V7E010,1890023,42,hider,full,0,33,0,0
V7E010,1890023,42,seeker,no_block,1,33,0,0
V7E010,1890023,42,hider,no_block,0,32,0,0
V7E010,1890023,42,seeker,no_ramp,1,33,2,0
V7E010,1890023,42,hider,no_ramp,0,34,0,0
V7E010,1890023,42,seeker,no_objects,1,33,0,0
V7E010,1890023,42,hider,no_objects,0,32,0,0
V7E010,1890024,42,seeker,full,1,2,0,0
V7E010,1890024,42,hider,full,0,2,0,0
V7E010,1890024,42,seeker,no_block,1,2,0,0
V7E010,1890024,42,hider,no_block,0,2,0,0
V7E010,1890024,42,seeker,no_ramp,1,2,0,0
V7E010,1890024,42,hider,no_ramp,0,2,0,0
V7E010,1890024,42,seeker,no_objects,1,2,0,0
V7E010,1890024,42,hider,no_objects,0,2,0,0
V7E010,1890025,42,seeker,full,1,9,0,0
V7E010,1890025,42,hider,full,0,8,0,0
V7E010,1890025,42,seeker,no_block,1,9,0,0
V7E010,1890025,42,hider,no_block,0,9,0,0
V7E010,1890025,42,seeker,no_ramp,1,9,0,0
V7E010,1890025,42,hider,no_ramp,0,8,0,0
V7E010,1890025,42,seeker,no_objects,1,9,0,0
V7E010,1890025,42,hider,no_objects,0,9,0,0
V7E010,1890026,42,seeker,full,1,3,0,0
V7E010,1890026,42,hider,full,0,2,0,0
V7E010,1890026,42,seeker,no_block,1,3,0,0
V7E010,1890026,42,hider,no_block,0,2,0,0
V7E010,1890026,42,seeker,no_ramp,1,3,0,0
V7E010,1890026,42,hider,no_ramp,0,2,0,0
V7E010,1890026,42,seeker,no_objects,1,3,0,0
V7E010,1890026,42,hider,no_objects,0,2,0,0
V7E010,1890027,42,seeker,full,1,55,8,1
V7E010,1890027,42,hider,full,0,57,0,0
V7E010,1890027,42,seeker,no_block,1,53,0,1
V7E010,1890027,42,hider,no_block,0,55,0,0
V7E010,1890027,42,seeker,no_ramp,1,50,8,0
V7E010,1890027,42,hider,no_ramp,0,52,0,0
V7E010,1890027,42,seeker,no_objects,1,48,0,0
V7E010,1890027,42,hider,no_objects,0,50,0,0
V7E010,1890028,42,seeker,full,1,1,0,0
V7E010,1890028,42,hider,full,0,4,0,0
V7E010,1890028,42,seeker,no_block,1,1,0,0
V7E010,1890028,42,hider,no_block,0,4,0,0
V7E010,1890028,42,seeker,no_ramp,1,1,0,0
V7E010,1890028,42,hider,no_ramp,0,4,0,0
V7E010,1890028,42,seeker,no_objects,1,1,0,0
V7E010,1890028,42,hider,no_objects,0,4,0,0
V7E010,1890029,42,seeker,full,1,4,0,0
V7E010,1890029,42,hider,full,0,5,0,0
V7E010,1890029,42,seeker,no_block,1,4,0,0
V7E010,1890029,42,hider,no_block,0,5,0,0
V7E010,1890029,42,seeker,no_ramp,1,4,0,0
V7E010,1890029,42,hider,no_ramp,0,5,0,0
V7E010,1890029,42,seeker,no_objects,1,4,0,0
V7E010,1890029,42,hider,no_objects,0,5,0,0
V7E010,1890030,42,seeker,full,1,6,0,0
V7E010,1890030,42,hider,full,0,5,0,0
V7E010,1890030,42,seeker,no_block,1,6,0,0
V7E010,1890030,42,hider,no_block,0,6,0,0
V7E010,1890030,42,seeker,no_ramp,1,6,0,0
V7E010,1890030,42,hider,no_ramp,0,5,0,0
V7E010,1890030,42,seeker,no_objects,1,6,0,0
V7E010,1890030,42,hider,no_objects,0,6,0,0
V7E010,1890031,42,seeker,full,1,1,0,0
V7E010,1890031,42,hider,full,0,1,0,0
V7E010,1890031,42,seeker,no_block,1,1,0,0
V7E010,1890031,42,hider,no_block,0,1,0,0
V7E010,1890031,42,seeker,no_ramp,1,1,0,0
V7E010,1890031,42,hider,no_ramp,0,1,0,0
V7E010,1890031,42,seeker,no_objects,1,1,0,0
V7E010,1890031,42,hider,no_objects,0,1,0,0
V7E010,1890032,42,seeker,full,1,34,2,0
V7E010,1890032,42,hider,full,0,37,0,0
V7E010,1890032,42,seeker,no_block,1,34,0,0
V7E010,1890032,42,hider,no_block,0,37,0,0
V7E010,1890032,42,seeker,no_ramp,1,34,2,0
V7E010,1890032,42,hider,no_ramp,0,37,0,0
V7E010,1890032,42,seeker,no_objects,1,34,0,0
V7E010,1890032,42,hider,no_objects,0,37,0,0
V7E010,1890033,42,seeker,full,1,15,0,1
V7E010,1890033,42,hider,full,0,17,0,0
V7E010,1890033,42,seeker,no_block,1,15,0,1
V7E010,1890033,42,hider,no_block,0,17,0,0
V7E010,1890033,42,seeker,no_ramp,1,10,0,0
V7E010,1890033,42,hider,no_ramp,0,12,0,0
V7E010,1890033,42,seeker,no_objects,1,10,0,0
V7E010,1890033,42,hider,no_objects,0,12,0,0
V7E010,1890034,42,seeker,full,1,46,8,0
V7E010,1890034,42,hider,full,0,45,0,0
V7E010,1890034,42,seeker,no_block,1,44,0,0
V7E010,1890034,42,hider,no_block,0,43,0,0
V7E010,1890034,42,seeker,no_ramp,1,46,8,0
V7E010,1890034,42,hider,no_ramp,0,51,0,0
V7E010,1890034,42,seeker,no_objects,1,44,0,0
V7E010,1890034,42,hider,no_objects,0,49,0,0
V7E010,1890035,42,seeker,full,1,33,2,0
V7E010,1890035,42,hider,full,0,34,0,0
V7E010,1890035,42,seeker,no_block,1,33,0,0
V7E010,1890035,42,hider,no_block,0,34,0,0
V7E010,1890035,42,seeker,no_ramp,1,33,2,0
V7E010,1890035,42,hider,no_ramp,0,34,0,0
V7E010,1890035,42,seeker,no_objects,1,33,0,0
V7E010,1890035,42,hider,no_objects,0,34,0,0
V7E010,1890036,42,seeker,full,1,33,2,0
V7E010,1890036,42,hider,full,0,32,0,0
V7E010,1890036,42,seeker,no_block,1,5,0,0
V7E010,1890036,42,hider,no_block,0,4,0,0
V7E010,1890036,42,seeker,no_ramp,1,33,2,0
V7E010,1890036,42,hider,no_ramp,0,32,0,0
V7E010,1890036,42,seeker,no_objects,1,5,0,0
V7E010,1890036,42,hider,no_objects,0,4,0,0
V7E010,1890037,42,seeker,full,1,45,2,1
V7E010,1890037,42,hider,full,0,47,0,0
V7E010,1890037,42,seeker,no_block,1,45,0,1
V7E010,1890037,42,hider,no_block,0,47,0,0
V7E010,1890037,42,seeker,no_ramp,1,40,2,0
V7E010,1890037,42,hider,no_ramp,0,42,0,0
V7E010,1890037,42,seeker,no_objects,1,40,0,0
V7E010,1890037,42,hider,no_objects,0,42,0,0
V7E010,1890038,42,seeker,full,1,32,2,0
V7E010,1890038,42,hider,full,0,35,0,0
V7E010,1890038,42,seeker,no_block,1,32,0,0
V7E010,1890038,42,hider,no_block,0,35,0,0
V7E010,1890038,42,seeker,no_ramp,1,32,2,0
V7E010,1890038,42,hider,no_ramp,0,35,0,0
V7E010,1890038,42,seeker,no_objects,1,32,0,0
V7E010,1890038,42,hider,no_objects,0,35,0,0
V7E010,1890039,42,seeker,full,1,32,2,0
V7E010,1890039,42,hider,full,0,33,0,0
V7E010,1890039,42,seeker,no_block,1,32,0,0
V7E010,1890039,42,hider,no_block,0,33,0,0
V7E010,1890039,42,seeker,no_ramp,1,32,2,0
V7E010,1890039,42,hider,no_ramp,0,33,0,0
V7E010,1890039,42,seeker,no_objects,1,32,0,0
V7E010,1890039,42,hider,no_objects,0,33,0,0
V7E010,1890040,42,seeker,full,1,32,2,0
V7E010,1890040,42,hider,full,0,32,0,0
V7E010,1890040,42,seeker,no_block,1,32,0,0
V7E010,1890040,42,hider,no_block,0,31,0,0
V7E010,1890040,42,seeker,no_ramp,1,32,2,0
V7E010,1890040,42,hider,no_ramp,0,33,0,0
V7E010,1890040,42,seeker,no_objects,1,32,0,0
V7E010,1890040,42,hider,no_objects,0,31,0,0
V7E010,1890041,42,seeker,full,1,33,2,0
V7E010,1890041,42,hider,full,0,32,0,0
V7E010,1890041,42,seeker,no_block,1,31,0,0
V7E010,1890041,42,hider,no_block,0,30,0,0
V7E010,1890041,42,seeker,no_ramp,1,33,2,0
V7E010,1890041,42,hider,no_ramp,0,32,0,0
V7E010,1890041,42,seeker,no_objects,1,31,0,0
V7E010,1890041,42,hider,no_objects,0,30,0,0
V7E010,1890042,42,seeker,full,1,2,0,0
V7E010,1890042,42,hider,full,0,7,0,0
V7E010,1890042,42,seeker,no_block,1,2,0,0
V7E010,1890042,42,hider,no_block,0,3,0,0
V7E010,1890042,42,seeker,no_ramp,1,2,0,0
V7E010,1890042,42,hider,no_ramp,0,7,0,0
V7E010,1890042,42,seeker,no_objects,1,2,0,0
V7E010,1890042,42,hider,no_objects,0,3,0,0
V7E010,1890043,42,seeker,full,1,33,2,1
V7E010,1890043,42,hider,full,0,32,0,0
V7E010,1890043,42,seeker,no_block,1,33,0,1
V7E010,1890043,42,hider,no_block,0,32,0,0
V7E010,1890043,42,seeker,no_ramp,1,34,2,0
V7E010,1890043,42,hider,no_ramp,0,38,0,0
V7E010,1890043,42,seeker,no_objects,1,34,0,0
V7E010,1890043,42,hider,no_objects,0,38,0,0
V7E010,1890044,42,seeker,full,1,31,2,0
V7E010,1890044,42,hider,full,0,32,0,0
V7E010,1890044,42,seeker,no_block,1,31,0,0
V7E010,1890044,42,hider,no_block,0,30,0,0
V7E010,1890044,42,seeker,no_ramp,1,31,2,0
V7E010,1890044,42,hider,no_ramp,0,32,0,0
V7E010,1890044,42,seeker,no_objects,1,31,0,0
V7E010,1890044,42,hider,no_objects,0,30,0,0
V7E010,1890045,42,seeker,full,1,22,0,0
V7E010,1890045,42,hider,full,0,26,2,0
V7E010,1890045,42,seeker,no_block,1,11,0,0
V7E010,1890045,42,hider,no_block,0,15,0,0
V7E010,1890045,42,seeker,no_ramp,1,22,0,0
V7E010,1890045,42,hider,no_ramp,0,26,2,0
V7E010,1890045,42,seeker,no_objects,1,11,0,0
V7E010,1890045,42,hider,no_objects,0,15,0,0
V7E010,1890046,42,seeker,full,1,1,0,0
V7E010,1890046,42,hider,full,0,1,0,0
V7E010,1890046,42,seeker,no_block,1,1,0,0
V7E010,1890046,42,hider,no_block,0,1,0,0
V7E010,1890046,42,seeker,no_ramp,1,1,0,0
V7E010,1890046,42,hider,no_ramp,0,1,0,0
V7E010,1890046,42,seeker,no_objects,1,1,0,0
V7E010,1890046,42,hider,no_objects,0,1,0,0
V7E010,1890047,42,seeker,full,1,32,2,1
V7E010,1890047,42,hider,full,0,35,0,0
V7E010,1890047,42,seeker,no_block,1,32,0,1
V7E010,1890047,42,hider,no_block,0,35,0,0
V7E010,1890047,42,seeker,no_ramp,1,33,2,0
V7E010,1890047,42,hider,no_ramp,0,36,0,0
V7E010,1890047,42,seeker,no_objects,1,33,0,0
V7E010,1890047,42,hider,no_objects,0,36,0,0
V7E010,1890048,42,seeker,full,1,40,2,1
V7E010,1890048,42,hider,full,0,41,0,0
V7E010,1890048,42,seeker,no_block,1,40,0,1
V7E010,1890048,42,hider,no_block,0,41,0,0
V7E010,1890048,42,seeker,no_ramp,1,41,2,0
V7E010,1890048,42,hider,no_ramp,0,42,0,0
V7E010,1890048,42,seeker,no_objects,1,41,0,0
V7E010,1890048,42,hider,no_objects,0,42,0,0
V7E010,1890049,42,seeker,full,1,8,0,0
V7E010,1890049,42,hider,full,0,10,0,0
V7E010,1890049,42,seeker,no_block,1,8,0,0
V7E010,1890049,42,hider,no_block,0,9,0,0
V7E010,1890049,42,seeker,no_ramp,1,8,0,0
V7E010,1890049,42,hider,no_ramp,0,10,0,0
V7E010,1890049,42,seeker,no_objects,1,8,0,0
V7E010,1890049,42,hider,no_objects,0,9,0,0
V7E010,1890050,42,seeker,full,1,6,0,0
V7E010,1890050,42,hider,full,0,7,0,0
V7E010,1890050,42,seeker,no_block,1,6,0,0
V7E010,1890050,42,hider,no_block,0,7,0,0
V7E010,1890050,42,seeker,no_ramp,1,6,0,0
V7E010,1890050,42,hider,no_ramp,0,7,0,0
V7E010,1890050,42,seeker,no_objects,1,6,0,0
V7E010,1890050,42,hider,no_objects,0,7,0,0
V7E010,1890051,42,seeker,full,1,32,2,0
V7E010,1890051,42,hider,full,0,35,0,0
V7E010,1890051,42,seeker,no_block,1,32,0,0
V7E010,1890051,42,hider,no_block,0,33,0,0
V7E010,1890051,42,seeker,no_ramp,1,32,2,0
V7E010,1890051,42,hider,no_ramp,0,35,0,0
V7E010,1890051,42,seeker,no_objects,1,32,0,0
V7E010,1890051,42,hider,no_objects,0,33,0,0
V7E010,1890052,42,seeker,full,1,39,2,1
V7E010,1890052,42,hider,full,0,42,0,0
V7E010,1890052,42,seeker,no_block,1,39,0,1
V7E010,1890052,42,hider,no_block,0,42,0,0
V7E010,1890052,42,seeker,no_ramp,1,34,2,0
V7E010,1890052,42,hider,no_ramp,0,37,0,0
V7E010,1890052,42,seeker,no_objects,1,34,0,0
V7E010,1890052,42,hider,no_objects,0,37,0,0
V7E010,1890053,42,seeker,full,1,32,2,0
V7E010,1890053,42,hider,full,0,35,0,0
V7E010,1890053,42,seeker,no_block,1,32,0,0
V7E010,1890053,42,hider,no_block,0,33,0,0
V7E010,1890053,42,seeker,no_ramp,1,32,2,0
V7E010,1890053,42,hider,no_ramp,0,35,0,0
V7E010,1890053,42,seeker,no_objects,1,32,0,0
V7E010,1890053,42,hider,no_objects,0,33,0,0
V7E010,1890054,42,seeker,full,1,1,0,0
V7E010,1890054,42,hider,full,0,1,0,0
V7E010,1890054,42,seeker,no_block,1,1,0,0
V7E010,1890054,42,hider,no_block,0,1,0,0
V7E010,1890054,42,seeker,no_ramp,1,1,0,0
V7E010,1890054,42,hider,no_ramp,0,1,0,0
V7E010,1890054,42,seeker,no_objects,1,1,0,0
V7E010,1890054,42,hider,no_objects,0,1,0,0
V7E010,1890055,42,seeker,full,1,23,0,0
V7E010,1890055,42,hider,full,1,100,2,0
V7E010,1890055,42,seeker,no_block,1,16,0,0
V7E010,1890055,42,hider,no_block,0,16,0,0
V7E010,1890055,42,seeker,no_ramp,1,23,0,0
V7E010,1890055,42,hider,no_ramp,1,100,2,0
V7E010,1890055,42,seeker,no_objects,1,16,0,0
V7E010,1890055,42,hider,no_objects,0,16,0,0
V7E010,1890056,42,seeker,full,1,36,2,1
V7E010,1890056,42,hider,full,0,46,0,0
V7E010,1890056,42,seeker,no_block,1,36,0,1
V7E010,1890056,42,hider,no_block,0,46,0,0
V7E010,1890056,42,seeker,no_ramp,1,37,2,0
V7E010,1890056,42,hider,no_ramp,0,41,0,0
V7E010,1890056,42,seeker,no_objects,1,37,0,0
V7E010,1890056,42,hider,no_objects,0,41,0,0
V7E010,1890057,42,seeker,full,1,36,2,1
V7E010,1890057,42,hider,full,0,35,0,0
V7E010,1890057,42,seeker,no_block,1,36,0,1
V7E010,1890057,42,hider,no_block,0,35,0,0
V7E010,1890057,42,seeker,no_ramp,1,37,2,0
V7E010,1890057,42,hider,no_ramp,0,40,0,0
V7E010,1890057,42,seeker,no_objects,1,37,0,0
V7E010,1890057,42,hider,no_objects,0,40,0,0
V7E010,1890058,42,seeker,full,1,1,0,0
V7E010,1890058,42,hider,full,0,1,0,0
V7E010,1890058,42,seeker,no_block,1,1,0,0
V7E010,1890058,42,hider,no_block,0,1,0,0
V7E010,1890058,42,seeker,no_ramp,1,1,0,0
V7E010,1890058,42,hider,no_ramp,0,1,0,0
V7E010,1890058,42,seeker,no_objects,1,1,0,0
V7E010,1890058,42,hider,no_objects,0,1,0,0
V7E010,1890059,42,seeker,full,1,14,0,1
V7E010,1890059,42,hider,full,0,17,0,0
V7E010,1890059,42,seeker,no_block,1,14,0,1
V7E010,1890059,42,hider,no_block,0,17,0,0
V7E010,1890059,42,seeker,no_ramp,1,9,0,0
V7E010,1890059,42,hider,no_ramp,0,12,0,0
V7E010,1890059,42,seeker,no_objects,1,9,0,0
V7E010,1890059,42,hider,no_objects,0,12,0,0
V7E010,1890060,42,seeker,full,1,3,0,0
V7E010,1890060,42,hider,full,0,2,0,0
V7E010,1890060,42,seeker,no_block,1,3,0,0
V7E010,1890060,42,hider,no_block,0,2,0,0
V7E010,1890060,42,seeker,no_ramp,1,3,0,0
V7E010,1890060,42,hider,no_ramp,0,2,0,0
V7E010,1890060,42,seeker,no_objects,1,3,0,0
V7E010,1890060,42,hider,no_objects,0,2,0,0
V7E010,1890061,42,seeker,full,1,36,2,1
V7E010,1890061,42,hider,full,0,36,0,0
V7E010,1890061,42,seeker,no_block,1,36,0,1
V7E010,1890061,42,hider,no_block,0,35,0,0
V7E010,1890061,42,seeker,no_ramp,1,37,2,0
V7E010,1890061,42,hider,no_ramp,0,38,0,0
V7E010,1890061,42,seeker,no_objects,1,37,0,0
V7E010,1890061,42,hider,no_objects,0,36,0,0
V7E010,1890062,42,seeker,full,1,36,2,1
V7E010,1890062,42,hider,full,0,35,0,0
V7E010,1890062,42,seeker,no_block,1,36,0,1
V7E010,1890062,42,hider,no_block,0,35,0,0
V7E010,1890062,42,seeker,no_ramp,1,37,2,0
V7E010,1890062,42,hider,no_ramp,0,36,0,0
V7E010,1890062,42,seeker,no_objects,1,37,0,0
V7E010,1890062,42,hider,no_objects,0,36,0,0
V7E010,1890063,42,seeker,full,1,21,0,0
V7E010,1890063,42,hider,full,1,100,2,0
V7E010,1890063,42,seeker,no_block,1,14,0,0
V7E010,1890063,42,hider,no_block,0,14,0,0
V7E010,1890063,42,seeker,no_ramp,1,21,0,0
V7E010,1890063,42,hider,no_ramp,1,100,2,0
V7E010,1890063,42,seeker,no_objects,1,14,0,0
V7E010,1890063,42,hider,no_objects,0,14,0,0
V7E010,1890064,42,seeker,full,1,2,0,0
V7E010,1890064,42,hider,full,0,4,0,0
V7E010,1890064,42,seeker,no_block,1,2,0,0
V7E010,1890064,42,hider,no_block,0,4,0,0
V7E010,1890064,42,seeker,no_ramp,1,2,0,0
V7E010,1890064,42,hider,no_ramp,0,4,0,0
V7E010,1890064,42,seeker,no_objects,1,2,0,0
V7E010,1890064,42,hider,no_objects,0,4,0,0
V7E010,1890065,42,seeker,full,1,32,2,0
V7E010,1890065,42,hider,full,0,39,0,0
V7E010,1890065,42,seeker,no_block,1,30,0,0
V7E010,1890065,42,hider,no_block,0,30,0,0
V7E010,1890065,42,seeker,no_ramp,1,32,2,0
V7E010,1890065,42,hider,no_ramp,0,39,0,0
V7E010,1890065,42,seeker,no_objects,1,30,0,0
V7E010,1890065,42,hider,no_objects,0,37,0,0
V7E010,1890066,42,seeker,full,1,1,0,0
V7E010,1890066,42,hider,full,0,1,0,0
V7E010,1890066,42,seeker,no_block,1,1,0,0
V7E010,1890066,42,hider,no_block,0,1,0,0
V7E010,1890066,42,seeker,no_ramp,1,1,0,0
V7E010,1890066,42,hider,no_ramp,0,1,0,0
V7E010,1890066,42,seeker,no_objects,1,1,0,0
V7E010,1890066,42,hider,no_objects,0,1,0,0
V7E010,1890067,42,seeker,full,1,45,2,1
V7E010,1890067,42,hider,full,0,47,0,0
V7E010,1890067,42,seeker,no_block,1,45,0,1
V7E010,1890067,42,hider,no_block,0,47,0,0
V7E010,1890067,42,seeker,no_ramp,1,40,2,0
V7E010,1890067,42,hider,no_ramp,0,42,0,0
V7E010,1890067,42,seeker,no_objects,1,40,0,0
V7E010,1890067,42,hider,no_objects,0,42,0,0
V7E010,1890068,42,seeker,full,1,55,8,1
V7E010,1890068,42,hider,full,0,58,0,0
V7E010,1890068,42,seeker,no_block,1,53,0,1
V7E010,1890068,42,hider,no_block,0,56,0,0
V7E010,1890068,42,seeker,no_ramp,1,50,8,0
V7E010,1890068,42,hider,no_ramp,0,53,0,0
V7E010,1890068,42,seeker,no_objects,1,48,0,0
V7E010,1890068,42,hider,no_objects,0,51,0,0
V7E010,1890069,42,seeker,full,1,11,0,0
V7E010,1890069,42,hider,full,0,13,0,0
V7E010,1890069,42,seeker,no_block,1,11,0,0
V7E010,1890069,42,hider,no_block,0,12,0,0
V7E010,1890069,42,seeker,no_ramp,1,11,0,0
V7E010,1890069,42,hider,no_ramp,0,13,0,0
V7E010,1890069,42,seeker,no_objects,1,11,0,0
V7E010,1890069,42,hider,no_objects,0,12,0,0
V7E010,1890070,42,seeker,full,1,5,0,0
V7E010,1890070,42,hider,full,0,8,0,0
V7E010,1890070,42,seeker,no_block,1,5,0,0
V7E010,1890070,42,hider,no_block,0,8,0,0
V7E010,1890070,42,seeker,no_ramp,1,5,0,0
V7E010,1890070,42,hider,no_ramp,0,8,0,0
V7E010,1890070,42,seeker,no_objects,1,5,0,0
V7E010,1890070,42,hider,no_objects,0,8,0,0
V7E010,1890071,42,seeker,full,1,2,0,0
V7E010,1890071,42,hider,full,0,2,0,0
V7E010,1890071,42,seeker,no_block,1,2,0,0
V7E010,1890071,42,hider,no_block,0,2,0,0
V7E010,1890071,42,seeker,no_ramp,1,2,0,0
V7E010,1890071,42,hider,no_ramp,0,2,0,0
V7E010,1890071,42,seeker,no_objects,1,2,0,0
V7E010,1890071,42,hider,no_objects,0,2,0,0
V7E010,1890072,42,seeker,full,1,3,0,0
V7E010,1890072,42,hider,full,0,3,0,0
V7E010,1890072,42,seeker,no_block,1,3,0,0
V7E010,1890072,42,hider,no_block,0,3,0,0
V7E010,1890072,42,seeker,no_ramp,1,3,0,0
V7E010,1890072,42,hider,no_ramp,0,3,0,0
V7E010,1890072,42,seeker,no_objects,1,3,0,0
V7E010,1890072,42,hider,no_objects,0,3,0,0
V7E010,1890073,42,seeker,full,1,12,2,0
V7E010,1890073,42,hider,full,0,13,0,0
V7E010,1890073,42,seeker,no_block,1,12,0,0
V7E010,1890073,42,hider,no_block,0,13,0,0
V7E010,1890073,42,seeker,no_ramp,1,12,2,0
V7E010,1890073,42,hider,no_ramp,0,13,0,0
V7E010,1890073,42,seeker,no_objects,1,12,0,0
V7E010,1890073,42,hider,no_objects,0,13,0,0
V7E010,1890074,42,seeker,full,1,7,0,0
V7E010,1890074,42,hider,full,0,9,0,0
V7E010,1890074,42,seeker,no_block,1,7,0,0
V7E010,1890074,42,hider,no_block,0,9,0,0
V7E010,1890074,42,seeker,no_ramp,1,7,0,0
V7E010,1890074,42,hider,no_ramp,0,9,0,0
V7E010,1890074,42,seeker,no_objects,1,7,0,0
V7E010,1890074,42,hider,no_objects,0,9,0,0
V7E010,1890075,42,seeker,full,1,36,2,0
V7E010,1890075,42,hider,full,0,37,0,0
V7E010,1890075,42,seeker,no_block,1,36,0,0
V7E010,1890075,42,hider,no_block,0,37,0,0
V7E010,1890075,42,seeker,no_ramp,1,36,2,0
V7E010,1890075,42,hider,no_ramp,0,37,0,0
V7E010,1890075,42,seeker,no_objects,1,36,0,0
V7E010,1890075,42,hider,no_objects,0,37,0,0
V7E010,1890076,42,seeker,full,1,10,0,0
V7E010,1890076,42,hider,full,0,10,0,0
V7E010,1890076,42,seeker,no_block,1,10,0,0
V7E010,1890076,42,hider,no_block,0,16,0,0
V7E010,1890076,42,seeker,no_ramp,1,10,0,0
V7E010,1890076,42,hider,no_ramp,0,25,3,0
V7E010,1890076,42,seeker,no_objects,1,10,0,0
V7E010,1890076,42,hider,no_objects,0,16,0,0
V7E010,1890077,42,seeker,full,1,31,2,0
V7E010,1890077,42,hider,full,0,30,0,0
V7E010,1890077,42,seeker,no_block,1,29,0,0
V7E010,1890077,42,hider,no_block,0,28,0,0
V7E010,1890077,42,seeker,no_ramp,1,31,2,0
V7E010,1890077,42,hider,no_ramp,0,30,0,0
V7E010,1890077,42,seeker,no_objects,1,29,0,0
V7E010,1890077,42,hider,no_objects,0,28,0,0
V7E010,1890078,42,seeker,full,1,28,2,0
V7E010,1890078,42,hider,full,0,27,0,0
V7E010,1890078,42,seeker,no_block,1,28,0,0
V7E010,1890078,42,hider,no_block,0,27,0,0
V7E010,1890078,42,seeker,no_ramp,1,28,2,0
V7E010,1890078,42,hider,no_ramp,0,27,0,0
V7E010,1890078,42,seeker,no_objects,1,28,0,0
V7E010,1890078,42,hider,no_objects,0,27,0,0
V7E010,1890079,42,seeker,full,1,34,2,1
V7E010,1890079,42,hider,full,0,33,0,0
V7E010,1890079,42,seeker,no_block,1,34,0,1
V7E010,1890079,42,hider,no_block,0,33,0,0
V7E010,1890079,42,seeker,no_ramp,1,35,2,0
V7E010,1890079,42,hider,no_ramp,0,38,0,0
V7E010,1890079,42,seeker,no_objects,1,35,0,0
V7E010,1890079,42,hider,no_objects,0,38,0,0
V7E010,1890080,42,seeker,full,1,1,0,0
V7E010,1890080,42,hider,full,0,1,0,0
V7E010,1890080,42,seeker,no_block,1,1,0,0
V7E010,1890080,42,hider,no_block,0,1,0,0
V7E010,1890080,42,seeker,no_ramp,1,1,0,0
V7E010,1890080,42,hider,no_ramp,0,1,0,0
V7E010,1890080,42,seeker,no_objects,1,1,0,0
V7E010,1890080,42,hider,no_objects,0,1,0,0
V7E010,1890081,42,seeker,full,1,13,0,0
V7E010,1890081,42,hider,full,0,13,0,0
V7E010,1890081,42,seeker,no_block,1,13,0,0
V7E010,1890081,42,hider,no_block,0,13,0,0
V7E010,1890081,42,seeker,no_ramp,1,13,0,0
V7E010,1890081,42,hider,no_ramp,0,13,0,0
V7E010,1890081,42,seeker,no_objects,1,13,0,0
V7E010,1890081,42,hider,no_objects,0,13,0,0
V7E010,1890082,42,seeker,full,1,31,2,0
V7E010,1890082,42,hider,full,0,28,0,0
V7E010,1890082,42,seeker,no_block,1,31,0,0
V7E010,1890082,42,hider,no_block,0,31,0,1
V7E010,1890082,42,seeker,no_ramp,1,31,2,0
V7E010,1890082,42,hider,no_ramp,0,28,0,0
V7E010,1890082,42,seeker,no_objects,1,31,0,0
V7E010,1890082,42,hider,no_objects,0,33,0,0
V7E010,1890083,42,seeker,full,1,33,2,0
V7E010,1890083,42,hider,full,0,36,0,0
V7E010,1890083,42,seeker,no_block,1,33,0,0
V7E010,1890083,42,hider,no_block,0,34,0,0
V7E010,1890083,42,seeker,no_ramp,1,33,2,0
V7E010,1890083,42,hider,no_ramp,0,36,0,0
V7E010,1890083,42,seeker,no_objects,1,33,0,0
V7E010,1890083,42,hider,no_objects,0,34,0,0
V7E010,1890084,42,seeker,full,1,34,2,1
V7E010,1890084,42,hider,full,0,30,0,0
V7E010,1890084,42,seeker,no_block,1,34,0,1
V7E010,1890084,42,hider,no_block,0,30,0,0
V7E010,1890084,42,seeker,no_ramp,1,31,2,0
V7E010,1890084,42,hider,no_ramp,0,32,0,0
V7E010,1890084,42,seeker,no_objects,1,31,0,0
V7E010,1890084,42,hider,no_objects,0,32,0,0
V7E010,1890085,42,seeker,full,1,12,0,0
V7E010,1890085,42,hider,full,0,9,0,0
V7E010,1890085,42,seeker,no_block,1,12,0,0
V7E010,1890085,42,hider,no_block,0,10,0,0
V7E010,1890085,42,seeker,no_ramp,1,12,0,0
V7E010,1890085,42,hider,no_ramp,0,9,0,0
V7E010,1890085,42,seeker,no_objects,1,12,0,0
V7E010,1890085,42,hider,no_objects,0,10,0,0
V7E010,1890086,42,seeker,full,1,44,2,1
V7E010,1890086,42,hider,full,0,46,0,0
V7E010,1890086,42,seeker,no_block,1,44,0,1
V7E010,1890086,42,hider,no_block,0,46,0,0
V7E010,1890086,42,seeker,no_ramp,1,39,2,0
V7E010,1890086,42,hider,no_ramp,0,41,0,0
V7E010,1890086,42,seeker,no_objects,1,39,0,0
V7E010,1890086,42,hider,no_objects,0,41,0,0
V7E010,1890087,42,seeker,full,1,34,2,0
V7E010,1890087,42,hider,full,0,37,0,0
V7E010,1890087,42,seeker,no_block,1,34,0,0
V7E010,1890087,42,hider,no_block,0,35,0,0
V7E010,1890087,42,seeker,no_ramp,1,34,2,0
V7E010,1890087,42,hider,no_ramp,0,37,0,0
V7E010,1890087,42,seeker,no_objects,1,34,0,0
V7E010,1890087,42,hider,no_objects,0,35,0,0
V7E010,1890088,42,seeker,full,1,2,0,0
V7E010,1890088,42,hider,full,0,2,0,0
V7E010,1890088,42,seeker,no_block,1,2,0,0
V7E010,1890088,42,hider,no_block,0,2,0,0
V7E010,1890088,42,seeker,no_ramp,1,2,0,0
V7E010,1890088,42,hider,no_ramp,0,2,0,0
V7E010,1890088,42,seeker,no_objects,1,2,0,0
V7E010,1890088,42,hider,no_objects,0,2,0,0
V7E010,1890089,42,seeker,full,1,35,2,1
V7E010,1890089,42,hider,full,0,31,0,0
V7E010,1890089,42,seeker,no_block,1,35,0,1
V7E010,1890089,42,hider,no_block,0,31,0,0
V7E010,1890089,42,seeker,no_ramp,1,32,2,0
V7E010,1890089,42,hider,no_ramp,0,37,0,0
V7E010,1890089,42,seeker,no_objects,1,32,0,0
V7E010,1890089,42,hider,no_objects,0,37,0,0
V7E010,1890090,42,seeker,full,1,10,0,0
V7E010,1890090,42,hider,full,0,9,0,0
V7E010,1890090,42,seeker,no_block,1,10,0,0
V7E010,1890090,42,hider,no_block,0,9,0,0
V7E010,1890090,42,seeker,no_ramp,1,10,0,0
V7E010,1890090,42,hider,no_ramp,0,9,0,0
V7E010,1890090,42,seeker,no_objects,1,10,0,0
V7E010,1890090,42,hider,no_objects,0,9,0,0
V7E010,1890091,42,seeker,full,1,34,2,1
V7E010,1890091,42,hider,full,0,37,0,0
V7E010,1890091,42,seeker,no_block,1,34,0,1
V7E010,1890091,42,hider,no_block,0,37,0,0
V7E010,1890091,42,seeker,no_ramp,1,35,2,0
V7E010,1890091,42,hider,no_ramp,0,38,0,0
V7E010,1890091,42,seeker,no_objects,1,35,0,0
V7E010,1890091,42,hider,no_objects,0,38,0,0
V7E010,1890092,42,seeker,full,1,36,2,1
V7E010,1890092,42,hider,full,0,35,0,0
V7E010,1890092,42,seeker,no_block,1,36,0,1
V7E010,1890092,42,hider,no_block,0,35,0,0
V7E010,1890092,42,seeker,no_ramp,1,9,2,0
V7E010,1890092,42,hider,no_ramp,0,8,0,0
V7E010,1890092,42,seeker,no_objects,1,9,0,0
V7E010,1890092,42,hider,no_objects,0,8,0,0
V7E010,1890093,42,seeker,full,1,37,2,0
V7E010,1890093,42,hider,full,0,35,0,0
V7E010,1890093,42,seeker,no_block,1,33,0,0
V7E010,1890093,42,hider,no_block,0,34,0,0
V7E010,1890093,42,seeker,no_ramp,1,37,2,0
V7E010,1890093,42,hider,no_ramp,0,35,0,0
V7E010,1890093,42,seeker,no_objects,1,33,0,0
V7E010,1890093,42,hider,no_objects,0,39,0,0
V7E010,1890094,42,seeker,full,1,1,0,0
V7E010,1890094,42,hider,full,0,1,0,0
V7E010,1890094,42,seeker,no_block,1,1,0,0
V7E010,1890094,42,hider,no_block,0,1,0,0
V7E010,1890094,42,seeker,no_ramp,1,1,0,0
V7E010,1890094,42,hider,no_ramp,0,1,0,0
V7E010,1890094,42,seeker,no_objects,1,1,0,0
V7E010,1890094,42,hider,no_objects,0,1,0,0
V7E010,1890095,42,seeker,full,1,33,2,0
V7E010,1890095,42,hider,full,0,34,0,0
V7E010,1890095,42,seeker,no_block,1,33,0,0
V7E010,1890095,42,hider,no_block,0,34,0,0
V7E010,1890095,42,seeker,no_ramp,1,33,2,0
V7E010,1890095,42,hider,no_ramp,0,34,0,0
V7E010,1890095,42,seeker,no_objects,1,33,0,0
V7E010,1890095,42,hider,no_objects,0,34,0,0
V7E010,1890096,42,seeker,full,1,35,2,1
V7E010,1890096,42,hider,full,0,31,0,0
V7E010,1890096,42,seeker,no_block,1,35,0,1
V7E010,1890096,42,hider,no_block,0,31,0,0
V7E010,1890096,42,seeker,no_ramp,1,32,2,0
V7E010,1890096,42,hider,no_ramp,0,37,0,0
V7E010,1890096,42,seeker,no_objects,1,32,0,0
V7E010,1890096,42,hider,no_objects,0,37,0,0
V7E010,1890097,42,seeker,full,1,33,2,0
V7E010,1890097,42,hider,full,0,32,0,0
V7E010,1890097,42,seeker,no_block,1,31,0,0
V7E010,1890097,42,hider,no_block,0,30,0,0
V7E010,1890097,42,seeker,no_ramp,1,33,2,0
V7E010,1890097,42,hider,no_ramp,0,32,0,0
V7E010,1890097,42,seeker,no_objects,1,31,0,0
V7E010,1890097,42,hider,no_objects,0,30,0,0
V7E010,1890098,42,seeker,full,1,29,2,0
V7E010,1890098,42,hider,full,0,30,0,0
V7E010,1890098,42,seeker,no_block,1,29,0,0
V7E010,1890098,42,hider,no_block,0,28,0,0
V7E010,1890098,42,seeker,no_ramp,1,29,2,0
V7E010,1890098,42,hider,no_ramp,0,30,0,0
V7E010,1890098,42,seeker,no_objects,1,29,0,0
V7E010,1890098,42,hider,no_objects,0,28,0,0
V7E010,1890099,42,seeker,full,1,1,0,0
V7E010,1890099,42,hider,full,0,1,0,0
V7E010,1890099,42,seeker,no_block,1,1,0,0
V7E010,1890099,42,hider,no_block,0,1,0,0
V7E010,1890099,42,seeker,no_ramp,1,1,0,0
V7E010,1890099,42,hider,no_ramp,0,1,0,0
V7E010,1890099,42,seeker,no_objects,1,1,0,0
V7E010,1890099,42,hider,no_objects,0,1,0,0
