map,eval_seed,training_seed,role,mode,success,steps,pushes,crosses
V7E001,1800000,43,seeker,full,1,3,0,0
V7E001,1800000,43,hider,full,0,2,0,0
V7E001,1800000,43,seeker,no_block,1,3,0,0
V7E001,1800000,43,hider,no_block,0,2,0,0
V7E001,1800000,43,seeker,no_ramp,1,3,0,0
V7E001,1800000,43,hider,no_ramp,0,2,0,0
V7E001,1800000,43,seeker,no_objects,1,3,0,0
V7E001,1800000,43,hider,no_objects,0,2,0,0
V7E001,1800001,43,seeker,full,1,9,0,0
V7E001,1800001,43,hider,full,1,100,0,0
V7E001,1800001,43,seeker,no_block,1,9,0,0
V7E001,1800001,43,hider,no_block,1,100,0,0
V7E001,1800001,43,seeker,no_ramp,1,9,0,0
V7E001,1800001,43,hider,no_ramp,1,100,0,0
V7E001,1800001,43,seeker,no_objects,1,9,0,0
V7E001,1800001,43,hider,no_objects,1,100,0,0
V7E001,1800002,43,seeker,full,1,11,2,0
V7E001,1800002,43,hider,full,0,10,0,0
V7E001,1800002,43,seeker,no_block,1,11,0,0
V7E001,1800002,43,hider,no_block,0,10,0,0
V7E001,1800002,43,seeker,no_ramp,1,11,2,0
V7E001,1800002,43,hider,no_ramp,0,10,0,0
V7E001,1800002,43,seeker,no_objects,1,11,0,0
V7E001,1800002,43,hider,no_objects,0,10,0,0
V7E001,1800003,43,seeker,full,0,100,2,0
V7E001,1800003,43,hider,full,0,27,1,0
V7E001,1800003,43,seeker,no_block,1,16,0,0
V7E001,1800003,43,hider,no_block,0,9,0,0
V7E001,1800003,43,seeker,no_ramp,0,100,2,0
V7E001,1800003,43,hider,no_ramp,0,27,1,0
V7E001,1800003,43,seeker,no_objects,1,16,0,0
V7E001,1800003,43,hider,no_objects,0,9,0,0
V7E001,1800004,43,seeker,full,1,14,0,0
V7E001,1800004,43,hider,full,0,13,0,0
V7E001,1800004,43,seeker,no_block,1,14,0,0
V7E001,1800004,43,hider,no_block,0,13,0,0
V7E001,1800004,43,seeker,no_ramp,1,14,0,0
V7E001,1800004,43,hider,no_ramp,0,13,0,0
V7E001,1800004,43,seeker,no_objects,1,14,0,0
V7E001,1800004,43,hider,no_objects,0,13,0,0
V7E001,1800005,43,seeker,full,1,41,3,0
V7E001,1800005,43,hider,full,1,100,0,0
V7E001,1800005,43,seeker,no_block,1,41,0,0
V7E001,1800005,43,hider,no_block,1,100,0,0
V7E001,1800005,43,seeker,no_ramp,1,41,3,0
V7E001,1800005,43,hider,no_ramp,1,100,0,0
V7E001,1800005,43,seeker,no_objects,1,41,0,0
V7E001,1800005,43,hider,no_objects,1,100,0,0
V7E001,1800006,43,seeker,full,1,6,0,0
V7E001,1800006,43,hider,full,1,100,0,0
V7E001,1800006,43,seeker,no_block,1,6,0,0
V7E001,1800006,43,hider,no_block,0,4,0,0
V7E001,1800006,43,seeker,no_ramp,1,6,0,0
V7E001,1800006,43,hider,no_ramp,1,100,0,0
V7E001,1800006,43,seeker,no_objects,1,6,0,0
V7E001,1800006,43,hider,no_objects,0,4,0,0
V7E001,1800007,43,seeker,full,1,39,3,0
V7E001,1800007,43,hider,full,0,36,0,0
V7E001,1800007,43,seeker,no_block,1,39,0,0
V7E001,1800007,43,hider,no_block,0,36,0,0
V7E001,1800007,43,seeker,no_ramp,1,39,3,0
V7E001,1800007,43,hider,no_ramp,0,36,0,0
V7E001,1800007,43,seeker,no_objects,1,39,0,0
V7E001,1800007,43,hider,no_objects,0,36,0,0
V7E001,1800008,43,seeker,full,1,4,0,0
V7E001,1800008,43,hider,full,1,100,0,0
V7E001,1800008,43,seeker,no_block,1,4,0,0
V7E001,1800008,43,hider,no_block,0,3,0,0
V7E001,1800008,43,seeker,no_ramp,1,4,0,0
V7E001,1800008,43,hider,no_ramp,1,100,0,0
V7E001,1800008,43,seeker,no_objects,1,4,0,0
V7E001,1800008,43,hider,no_objects,0,3,0,0
V7E001,1800009,43,seeker,full,1,5,0,1
V7E001,1800009,43,hider,full,1,100,0,0
V7E001,1800009,43,seeker,no_block,1,5,0,1
V7E001,1800009,43,hider,no_block,1,100,0,0
V7E001,1800009,43,seeker,no_ramp,1,36,2,0
V7E001,1800009,43,hider,no_ramp,0,35,1,0
V7E001,1800009,43,seeker,no_objects,1,36,0,0
V7E001,1800009,43,hider,no_objects,0,23,0,0
V7E001,1800010,43,seeker,full,1,42,3,0
V7E001,1800010,43,hider,full,1,100,0,0
V7E001,1800010,43,seeker,no_block,1,42,0,0
V7E001,1800010,43,hider,no_block,1,100,0,0
V7E001,1800010,43,seeker,no_ramp,1,42,3,0
V7E001,1800010,43,hider,no_ramp,1,100,0,0
V7E001,1800010,43,seeker,no_objects,1,42,0,0
V7E001,1800010,43,hider,no_objects,1,100,0,0
V7E001,1800011,43,seeker,full,1,13,0,0
V7E001,1800011,43,hider,full,0,12,0,0
V7E001,1800011,43,seeker,no_block,1,13,0,0
V7E001,1800011,43,hider,no_block,0,12,0,0
V7E001,1800011,43,seeker,no_ramp,1,13,0,0
V7E001,1800011,43,hider,no_ramp,0,12,0,0
V7E001,1800011,43,seeker,no_objects,1,13,0,0
V7E001,1800011,43,hider,no_objects,0,12,0,0
V7E001,1800012,43,seeker,full,1,10,0,0
V7E001,1800012,43,hider,full,1,100,0,0
V7E001,1800012,43,seeker,no_block,1,10,0,0
V7E001,1800012,43,hider,no_block,0,8,0,0
V7E001,1800012,43,seeker,no_ramp,1,10,0,0
V7E001,1800012,43,hider,no_ramp,1,100,0,0
V7E001,1800012,43,seeker,no_objects,1,10,0,0
V7E001,1800012,43,hider,no_objects,0,8,0,0
V7E001,1800013,43,seeker,full,1,28,2,0
V7E001,1800013,43,hider,full,0,27,1,0
V7E001,1800013,43,seeker,no_block,1,28,0,0
V7E001,1800013,43,hider,no_block,0,15,0,0
V7E001,1800013,43,seeker,no_ramp,1,28,2,0
V7E001,1800013,43,hider,no_ramp,0,27,1,0
V7E001,1800013,43,seeker,no_objects,1,28,0,0
V7E001,1800013,43,hider,no_objects,0,15,0,0
V7E001,1800014,43,seeker,full,1,49,3,1
V7E001,1800014,43,hider,full,1,100,0,0
V7E001,1800014,43,seeker,no_block,1,49,0,1
V7E001,1800014,43,hider,no_block,1,100,0,0
V7E001,1800014,43,seeker,no_ramp,1,46,3,0
V7E001,1800014,43,hider,no_ramp,1,100,0,0
V7E001,1800014,43,seeker,no_objects,1,46,0,0
V7E001,1800014,43,hider,no_objects,1,100,0,0
V7E001,1800015,43,seeker,full,1,22,3,0
V7E001,1800015,43,hider,full,1,100,0,0
V7E001,1800015,43,seeker,no_block,1,22,0,0
V7E001,1800015,43,hider,no_block,1,100,0,0
V7E001,1800015,43,seeker,no_ramp,1,22,3,0
V7E001,1800015,43,hider,no_ramp,1,100,0,0
V7E001,1800015,43,seeker,no_objects,1,22,0,0
V7E001,1800015,43,hider,no_objects,1,100,0,0
V7E001,1800016,43,seeker,full,1,4,0,0
V7E001,1800016,43,hider,full,1,100,0,0
V7E001,1800016,43,seeker,no_block,1,4,0,0
V7E001,1800016,43,hider,no_block,1,100,0,0
V7E001,1800016,43,seeker,no_ramp,1,4,0,0
V7E001,1800016,43,hider,no_ramp,1,100,0,0
V7E001,1800016,43,seeker,no_objects,1,4,0,0
V7E001,1800016,43,hider,no_objects,1,100,0,0
V7E001,1800017,43,seeker,full,1,7,0,0
V7E001,1800017,43,hider,full,0,6,0,0
V7E001,1800017,43,seeker,no_block,1,7,0,0
V7E001,1800017,43,hider,no_block,0,6,0,0
V7E001,1800017,43,seeker,no_ramp,1,7,0,0
V7E001,1800017,43,hider,no_ramp,0,6,0,0
V7E001,1800017,43,seeker,no_objects,1,7,0,0
V7E001,1800017,43,hider,no_objects,0,6,0,0
V7E001,1800018,43,seeker,full,1,27,2,0
V7E001,1800018,43,hider,full,0,27,1,0
V7E001,1800018,43,seeker,no_block,1,27,0,0
V7E001,1800018,43,hider,no_block,0,8,0,0
V7E001,1800018,43,seeker,no_ramp,1,27,2,0
V7E001,1800018,43,hider,no_ramp,0,27,1,0
V7E001,1800018,43,seeker,no_objects,1,27,0,0
V7E001,1800018,43,hider,no_objects,0,8,0,0
V7E001,1800019,43,seeker,full,1,1,0,1
V7E001,1800019,43,hider,full,0,1,0,0
V7E001,1800019,43,seeker,no_block,1,1,0,1
V7E001,1800019,43,hider,no_block,0,1,0,0
V7E001,1800019,43,seeker,no_ramp,0,100,2,0
V7E001,1800019,43,hider,no_ramp,0,28,1,0
V7E001,1800019,43,seeker,no_objects,1,16,0,0
V7E001,1800019,43,hider,no_objects,1,100,0,0
V7E001,1800020,43,seeker,full,1,7,0,0
V7E001,1800020,43,hider,full,0,6,0,0
V7E001,1800020,43,seeker,no_block,1,7,0,0
V7E001,1800020,43,hider,no_block,0,6,0,0
V7E001,1800020,43,seeker,no_ramp,1,7,0,0
V7E001,1800020,43,hider,no_ramp,0,6,0,0
V7E001,1800020,43,seeker,no_objects,1,7,0,0
V7E001,1800020,43,hider,no_objects,0,6,0,0
V7E001,1800021,43,seeker,full,1,27,3,0
V7E001,1800021,43,hider,full,1,100,0,0
V7E001,1800021,43,seeker,no_block,1,27,0,0
V7E001,1800021,43,hider,no_block,1,100,0,0
V7E001,1800021,43,seeker,no_ramp,1,27,3,0
V7E001,1800021,43,hider,no_ramp,1,100,0,0
V7E001,1800021,43,seeker,no_objects,1,27,0,0
V7E001,1800021,43,hider,no_objects,1,100,0,0
V7E001,1800022,43,seeker,full,1,1,0,0
V7E001,1800022,43,hider,full,0,1,0,0
V7E001,1800022,43,seeker,no_block,1,1,0,0
V7E001,1800022,43,hider,no_block,0,1,0,0
V7E001,1800022,43,seeker,no_ramp,1,1,0,0
V7E001,1800022,43,hider,no_ramp,0,1,0,0
V7E001,1800022,43,seeker,no_objects,1,1,0,0
V7E001,1800022,43,hider,no_objects,0,1,0,0
V7E001,1800023,43,seeker,full,0,100,2,0
V7E001,1800023,43,hider,full,0,28,1,0
V7E001,1800023,43,seeker,no_block,1,16,0,0
V7E001,1800023,43,hider,no_block,1,100,0,0
V7E001,1800023,43,seeker,no_ramp,0,100,2,0
V7E001,1800023,43,hider,no_ramp,0,28,1,0
V7E001,1800023,43,seeker,no_objects,1,16,0,0
V7E001,1800023,43,hider,no_objects,1,100,0,0
V7E001,1800024,43,seeker,full,1,5,0,0
V7E001,1800024,43,hider,full,1,100,0,0
V7E001,1800024,43,seeker,no_block,1,5,0,0
V7E001,1800024,43,hider,no_block,1,100,0,0
V7E001,1800024,43,seeker,no_ramp,1,5,0,0
V7E001,1800024,43,hider,no_ramp,1,100,0,0
V7E001,1800024,43,seeker,no_objects,1,5,0,0
V7E001,1800024,43,hider,no_objects,1,100,0,0
V7E001,1800025,43,seeker,full,1,14,2,1
V7E001,1800025,43,hider,full,0,13,0,0
V7E001,1800025,43,seeker,no_block,1,14,0,1
V7E001,1800025,43,hider,no_block,0,13,0,0
V7E001,1800025,43,seeker,no_ramp,1,15,0,0
V7E001,1800025,43,hider,no_ramp,0,14,0,0
V7E001,1800025,43,seeker,no_objects,1,15,0,0
V7E001,1800025,43,hider,no_objects,0,14,0,0
V7E001,1800026,43,seeker,full,1,11,0,0
V7E001,1800026,43,hider,full,1,100,0,0
V7E001,1800026,43,seeker,no_block,1,11,0,0
V7E001,1800026,43,hider,no_block,0,9,0,0
V7E001,1800026,43,seeker,no_ramp,1,11,0,0
V7E001,1800026,43,hider,no_ramp,1,100,0,0
V7E001,1800026,43,seeker,no_objects,1,11,0,0
V7E001,1800026,43,hider,no_objects,0,9,0,0
V7E001,1800027,43,seeker,full,1,12,0,0
V7E001,1800027,43,hider,full,0,11,0,0
V7E001,1800027,43,seeker,no_block,1,12,0,0
V7E001,1800027,43,hider,no_block,0,10,0,0
V7E001,1800027,43,seeker,no_ramp,1,12,0,0
V7E001,1800027,43,hider,no_ramp,0,11,0,0
V7E001,1800027,43,seeker,no_objects,1,12,0,0
V7E001,1800027,43,hider,no_objects,0,10,0,0
V7E001,1800028,43,seeker,full,1,6,0,0
V7E001,1800028,43,hider,full,1,100,0,0
V7E001,1800028,43,seeker,no_block,1,6,0,0
V7E001,1800028,43,hider,no_block,1,100,0,0
V7E001,1800028,43,seeker,no_ramp,1,6,0,0
V7E001,1800028,43,hider,no_ramp,1,100,0,0
V7E001,1800028,43,seeker,no_objects,1,6,0,0
V7E001,1800028,43,hider,no_objects,1,100,0,0
V7E001,1800029,43,seeker,full,0,100,2,0
V7E001,1800029,43,hider,full,0,28,1,0
V7E001,1800029,43,seeker,no_block,1,16,0,0
V7E001,1800029,43,hider,no_block,1,100,0,0
V7E001,1800029,43,seeker,no_ramp,0,100,2,0
V7E001,1800029,43,hider,no_ramp,0,28,1,0
V7E001,1800029,43,seeker,no_objects,1,16,0,0
V7E001,1800029,43,hider,no_objects,1,100,0,0
V7E001,1800030,43,seeker,full,1,7,0,0
V7E001,1800030,43,hider,full,1,100,0,0
V7E001,1800030,43,seeker,no_block,1,7,0,0
V7E001,1800030,43,hider,no_block,1,100,0,0
V7E001,1800030,43,seeker,no_ramp,1,7,0,0
V7E001,1800030,43,hider,no_ramp,1,100,0,0
V7E001,1800030,43,seeker,no_objects,1,7,0,0
V7E001,1800030,43,hider,no_objects,1,100,0,0
V7E001,1800031,43,seeker,full,1,8,0,0
V7E001,1800031,43,hider,full,1,100,0,0
V7E001,1800031,43,seeker,no_block,1,8,0,0
V7E001,1800031,43,hider,no_block,1,100,0,0
V7E001,1800031,43,seeker,no_ramp,1,8,0,0
V7E001,1800031,43,hider,no_ramp,1,100,0,0
V7E001,1800031,43,seeker,no_objects,1,8,0,0
V7E001,1800031,43,hider,no_objects,1,100,0,0
V7E001,1800032,43,seeker,full,1,10,0,0
V7E001,1800032,43,hider,full,0,7,0,0
V7E001,1800032,43,seeker,no_block,1,10,0,0
V7E001,1800032,43,hider,no_block,0,7,0,0
V7E001,1800032,43,seeker,no_ramp,1,10,0,0
V7E001,1800032,43,hider,no_ramp,1,100,0,0
V7E001,1800032,43,seeker,no_objects,1,10,0,0
V7E001,1800032,43,hider,no_objects,0,7,0,0
V7E001,1800033,43,seeker,full,1,4,0,0
V7E001,1800033,43,hider,full,1,100,0,0
V7E001,1800033,43,seeker,no_block,1,4,0,0
V7E001,1800033,43,hider,no_block,1,100,0,0
V7E001,1800033,43,seeker,no_ramp,1,4,0,0
V7E001,1800033,43,hider,no_ramp,1,100,0,0
V7E001,1800033,43,seeker,no_objects,1,4,0,0
V7E001,1800033,43,hider,no_objects,1,100,0,0
V7E001,1800034,43,seeker,full,0,100,2,0
V7E001,1800034,43,hider,full,0,6,1,0
V7E001,1800034,43,seeker,no_block,1,6,0,0
V7E001,1800034,43,hider,no_block,1,100,0,0
V7E001,1800034,43,seeker,no_ramp,0,100,2,0
V7E001,1800034,43,hider,no_ramp,0,6,1,0
V7E001,1800034,43,seeker,no_objects,1,6,0,0
V7E001,1800034,43,hider,no_objects,1,100,0,0
V7E001,1800035,43,seeker,full,1,51,3,1
V7E001,1800035,43,hider,full,1,100,0,0
V7E001,1800035,43,seeker,no_block,1,51,0,1
V7E001,1800035,43,hider,no_block,1,100,0,0
V7E001,1800035,43,seeker,no_ramp,1,50,3,0
V7E001,1800035,43,hider,no_ramp,1,100,0,0
V7E001,1800035,43,seeker,no_objects,1,50,0,0
V7E001,1800035,43,hider,no_objects,1,100,0,0
V7E001,1800036,43,seeker,full,1,2,0,0
V7E001,1800036,43,hider,full,0,2,0,0
V7E001,1800036,43,seeker,no_block,1,2,0,0
V7E001,1800036,43,hider,no_block,0,2,0,0
V7E001,1800036,43,seeker,no_ramp,1,2,0,0
V7E001,1800036,43,hider,no_ramp,0,2,0,0
V7E001,1800036,43,seeker,no_objects,1,2,0,0
V7E001,1800036,43,hider,no_objects,0,2,0,0
V7E001,1800037,43,seeker,full,1,51,3,1
V7E001,1800037,43,hider,full,1,100,0,0
V7E001,1800037,43,seeker,no_block,1,51,0,1
V7E001,1800037,43,hider,no_block,1,100,0,0
V7E001,1800037,43,seeker,no_ramp,1,50,3,0
V7E001,1800037,43,hider,no_ramp,1,100,0,0
V7E001,1800037,43,seeker,no_objects,1,50,0,0
V7E001,1800037,43,hider,no_objects,1,100,0,0
V7E001,1800038,43,seeker,full,1,14,2,1
V7E001,1800038,43,hider,full,0,13,0,0
V7E001,1800038,43,seeker,no_block,1,14,0,1
V7E001,1800038,43,hider,no_block,0,13,0,0
V7E001,1800038,43,seeker,no_ramp,1,7,0,0
V7E001,1800038,43,hider,no_ramp,1,100,0,0
V7E001,1800038,43,seeker,no_objects,1,7,0,0
V7E001,1800038,43,hider,no_objects,1,100,0,0
V7E001,1800039,43,seeker,full,1,8,0,0
V7E001,1800039,43,hider,full,1,100,0,0
V7E001,1800039,43,seeker,no_block,1,8,0,0
V7E001,1800039,43,hider,no_block,1,100,0,0
V7E001,1800039,43,seeker,no_ramp,1,8,0,0
V7E001,1800039,43,hider,no_ramp,1,100,0,0
V7E001,1800039,43,seeker,no_objects,1,8,0,0
V7E001,1800039,43,hider,no_objects,1,100,0,0
V7E001,1800040,43,seeker,full,1,2,0,0
V7E001,1800040,43,hider,full,0,1,0,0
V7E001,1800040,43,seeker,no_block,1,2,0,0
V7E001,1800040,43,hider,no_block,0,1,0,0
V7E001,1800040,43,seeker,no_ramp,1,2,0,0
V7E001,1800040,43,hider,no_ramp,0,1,0,0
V7E001,1800040,43,seeker,no_objects,1,2,0,0
V7E001,1800040,43,hider,no_objects,0,1,0,0
V7E001,1800041,43,seeker,full,1,25,3,0
V7E001,1800041,43,hider,full,1,100,0,0
V7E001,1800041,43,seeker,no_block,1,25,0,0
V7E001,1800041,43,hider,no_block,1,100,0,0
V7E001,1800041,43,seeker,no_ramp,1,25,3,0
V7E001,1800041,43,hider,no_ramp,1,100,0,0
V7E001,1800041,43,seeker,no_objects,1,25,0,0
V7E001,1800041,43,hider,no_objects,1,100,0,0
V7E001,1800042,43,seeker,full,0,100,2,1
V7E001,1800042,43,hider,full,0,11,1,0
V7E001,1800042,43,seeker,no_block,1,12,0,1
V7E001,1800042,43,hider,no_block,0,11,0,0
V7E001,1800042,43,seeker,no_ramp,1,15,0,0
V7E001,1800042,43,hider,no_ramp,1,100,0,0
V7E001,1800042,43,seeker,no_objects,1,15,0,0
V7E001,1800042,43,hider,no_objects,1,100,0,0
V7E001,1800043,43,seeker,full,1,54,3,2
V7E001,1800043,43,hider,full,1,100,0,0
V7E001,1800043,43,seeker,no_block,1,54,0,2
V7E001,1800043,43,hider,no_block,1,100,0,0
V7E001,1800043,43,seeker,no_ramp,1,52,3,0
V7E001,1800043,43,hider,no_ramp,1,100,0,0
V7E001,1800043,43,seeker,no_objects,1,52,0,0
V7E001,1800043,43,hider,no_objects,1,100,0,0
V7E001,1800044,43,seeker,full,1,18,2,1
V7E001,1800044,43,hider,full,1,100,0,0
V7E001,1800044,43,seeker,no_block,1,18,0,1
V7E001,1800044,43,hider,no_block,1,100,0,0
V7E001,1800044,43,seeker,no_ramp,1,23,0,0
V7E001,1800044,43,hider,no_ramp,0,22,0,0
V7E001,1800044,43,seeker,no_objects,1,23,0,0
V7E001,1800044,43,hider,no_objects,0,22,0,0
V7E001,1800045,43,seeker,full,0,100,2,1
V7E001,1800045,43,hider,full,0,10,1,0
V7E001,1800045,43,seeker,no_block,1,11,0,1
V7E001,1800045,43,hider,no_block,0,10,0,0
V7E001,1800045,43,seeker,no_ramp,1,10,0,0
V7E001,1800045,43,hider,no_ramp,1,100,0,0
V7E001,1800045,43,seeker,no_objects,1,10,0,0
V7E001,1800045,43,hider,no_objects,1,100,0,0
V7E001,1800046,43,seeker,full,1,11,0,0
V7E001,1800046,43,hider,full,1,100,0,0
V7E001,1800046,43,seeker,no_block,1,11,0,0
V7E001,1800046,43,hider,no_block,0,9,0,0
V7E001,1800046,43,seeker,no_ramp,1,11,0,0
V7E001,1800046,43,hider,no_ramp,1,100,0,0
V7E001,1800046,43,seeker,no_objects,1,11,0,0
V7E001,1800046,43,hider,no_objects,0,9,0,0
V7E001,1800047,43,seeker,full,1,3,0,0
V7E001,1800047,43,hider,full,0,3,0,0
V7E001,1800047,43,seeker,no_block,1,3,0,0
V7E001,1800047,43,hider,no_block,0,3,0,0
V7E001,1800047,43,seeker,no_ramp,1,3,0,0
V7E001,1800047,43,hider,no_ramp,0,3,0,0
V7E001,1800047,43,seeker,no_objects,1,3,0,0
V7E001,1800047,43,hider,no_objects,0,3,0,0
V7E001,1800048,43,seeker,full,1,57,3,2
V7E001,1800048,43,hider,full,1,100,0,0
V7E001,1800048,43,seeker,no_block,1,57,0,2
V7E001,1800048,43,hider,no_block,1,100,0,0
V7E001,1800048,43,seeker,no_ramp,1,53,3,0
V7E001,1800048,43,hider,no_ramp,1,100,0,0
V7E001,1800048,43,seeker,no_objects,1,53,0,0
V7E001,1800048,43,hider,no_objects,1,100,0,0
V7E001,1800049,43,seeker,full,1,53,3,0
V7E001,1800049,43,hider,full,1,100,0,0
V7E001,1800049,43,seeker,no_block,1,53,0,0
V7E001,1800049,43,hider,no_block,1,100,0,0
V7E001,1800049,43,seeker,no_ramp,1,53,3,0
V7E001,1800049,43,hider,no_ramp,1,100,0,0
V7E001,1800049,43,seeker,no_objects,1,53,0,0
V7E001,1800049,43,hider,no_objects,1,100,0,0
V7E001,1800050,43,seeker,full,1,1,0,0
V7E001,1800050,43,hider,full,0,1,0,0
V7E001,1800050,43,seeker,no_block,1,1,0,0
V7E001,1800050,43,hider,no_block,0,1,0,0
V7E001,1800050,43,seeker,no_ramp,1,1,0,0
V7E001,1800050,43,hider,no_ramp,0,1,0,0
V7E001,1800050,43,seeker,no_objects,1,1,0,0
V7E001,1800050,43,hider,no_objects,0,1,0,0
V7E001,1800051,43,seeker,full,1,3,0,0
V7E001,1800051,43,hider,full,1,100,0,0
V7E001,1800051,43,seeker,no_block,1,3,0,0
V7E001,1800051,43,hider,no_block,1,100,0,0
V7E001,1800051,43,seeker,no_ramp,1,3,0,0
V7E001,1800051,43,hider,no_ramp,1,100,0,0
V7E001,1800051,43,seeker,no_objects,1,3,0,0
V7E001,1800051,43,hider,no_objects,1,100,0,0
V7E001,1800052,43,seeker,full,1,8,0,0
V7E001,1800052,43,hider,full,0,7,0,0
V7E001,1800052,43,seeker,no_block,1,8,0,0
V7E001,1800052,43,hider,no_block,0,7,0,0
V7E001,1800052,43,seeker,no_ramp,1,8,0,0
V7E001,1800052,43,hider,no_ramp,0,7,0,0
V7E001,1800052,43,seeker,no_objects,1,8,0,0
V7E001,1800052,43,hider,no_objects,0,7,0,0
V7E001,1800053,43,seeker,full,1,1,0,0
V7E001,1800053,43,hider,full,0,1,0,0
V7E001,1800053,43,seeker,no_block,1,1,0,0
V7E001,1800053,43,hider,no_block,0,1,0,0
V7E001,1800053,43,seeker,no_ramp,1,1,0,0
V7E001,1800053,43,hider,no_ramp,0,1,0,0
V7E001,1800053,43,seeker,no_objects,1,1,0,0
V7E001,1800053,43,hider,no_objects,0,1,0,0
V7E001,1800054,43,seeker,full,1,59,3,0
V7E001,1800054,43,hider,full,1,100,0,0
V7E001,1800054,43,seeker,no_block,1,59,0,0
V7E001,1800054,43,hider,no_block,1,100,0,0
V7E001,1800054,43,seeker,no_ramp,1,59,3,0
V7E001,1800054,43,hider,no_ramp,1,100,0,0
V7E001,1800054,43,seeker,no_objects,1,59,0,0
V7E001,1800054,43,hider,no_objects,1,100,0,0
V7E001,1800055,43,seeker,full,0,100,2,0
V7E001,1800055,43,hider,full,0,6,1,0
V7E001,1800055,43,seeker,no_block,1,6,0,0
V7E001,1800055,43,hider,no_block,1,100,0,0
V7E001,1800055,43,seeker,no_ramp,0,100,2,0
V7E001,1800055,43,hider,no_ramp,0,6,1,0
V7E001,1800055,43,seeker,no_objects,1,6,0,0
V7E001,1800055,43,hider,no_objects,1,100,0,0
V7E001,1800056,43,seeker,full,1,44,3,0
V7E001,1800056,43,hider,full,1,100,0,0
V7E001,1800056,43,seeker,no_block,1,44,0,0
V7E001,1800056,43,hider,no_block,1,100,0,0
V7E001,1800056,43,seeker,no_ramp,1,44,3,0
V7E001,1800056,43,hider,no_ramp,1,100,0,0
V7E001,1800056,43,seeker,no_objects,1,44,0,0
V7E001,1800056,43,hider,no_objects,1,100,0,0
V7E001,1800057,43,seeker,full,1,2,0,0
V7E001,1800057,43,hider,full,0,5,0,0
V7E001,1800057,43,seeker,no_block,1,2,0,0
V7E001,1800057,43,hider,no_block,0,5,0,0
V7E001,1800057,43,seeker,no_ramp,1,2,0,0
V7E001,1800057,43,hider,no_ramp,0,5,0,0
V7E001,1800057,43,seeker,no_objects,1,2,0,0
V7E001,1800057,43,hider,no_objects,0,5,0,0
V7E001,1800058,43,seeker,full,1,6,0,0
V7E001,1800058,43,hider,full,0,6,0,0
V7E001,1800058,43,seeker,no_block,1,6,0,0
V7E001,1800058,43,hider,no_block,0,6,0,0
V7E001,1800058,43,seeker,no_ramp,1,6,0,0
V7E001,1800058,43,hider,no_ramp,0,6,0,0
V7E001,1800058,43,seeker,no_objects,1,6,0,0
V7E001,1800058,43,hider,no_objects,0,6,0,0
V7E001,1800059,43,seeker,full,1,9,0,0
V7E001,1800059,43,hider,full,0,8,0,0
V7E001,1800059,43,seeker,no_block,1,9,0,0
V7E001,1800059,43,hider,no_block,0,8,0,0
V7E001,1800059,43,seeker,no_ramp,1,9,0,0
V7E001,1800059,43,hider,no_ramp,0,8,0,0
V7E001,1800059,43,seeker,no_objects,1,9,0,0
V7E001,1800059,43,hider,no_objects,0,8,0,0
V7E001,1800060,43,seeker,full,1,36,3,1
V7E001,1800060,43,hider,full,1,100,0,0
V7E001,1800060,43,seeker,no_block,1,36,0,1
V7E001,1800060,43,hider,no_block,1,100,0,0
V7E001,1800060,43,seeker,no_ramp,1,55,3,0
V7E001,1800060,43,hider,no_ramp,1,100,0,0
V7E001,1800060,43,seeker,no_objects,1,55,0,0
V7E001,1800060,43,hider,no_objects,1,100,0,0
V7E001,1800061,43,seeker,full,1,1,0,0
V7E001,1800061,43,hider,full,0,1,0,0
V7E001,1800061,43,seeker,no_block,1,1,0,0
V7E001,1800061,43,hider,no_block,0,1,0,0
V7E001,1800061,43,seeker,no_ramp,1,1,0,0
V7E001,1800061,43,hider,no_ramp,0,1,0,0
V7E001,1800061,43,seeker,no_objects,1,1,0,0
V7E001,1800061,43,hider,no_objects,0,1,0,0
V7E001,1800062,43,seeker,full,1,1,0,0
V7E001,1800062,43,hider,full,0,1,0,0
V7E001,1800062,43,seeker,no_block,1,1,0,0
V7E001,1800062,43,hider,no_block,0,1,0,0
V7E001,1800062,43,seeker,no_ramp,1,1,0,0
V7E001,1800062,43,hider,no_ramp,0,1,0,0
V7E001,1800062,43,seeker,no_objects,1,1,0,0
V7E001,1800062,43,hider,no_objects,0,1,0,0
V7E001,1800063,43,seeker,full,1,4,0,0
V7E001,1800063,43,hider,full,1,100,0,0
V7E001,1800063,43,seeker,no_block,1,4,0,0
V7E001,1800063,43,hider,no_block,1,100,0,0
V7E001,1800063,43,seeker,no_ramp,1,4,0,0
V7E001,1800063,43,hider,no_ramp,1,100,0,0
V7E001,1800063,43,seeker,no_objects,1,4,0,0
V7E001,1800063,43,hider,no_objects,0,2,0,0
V7E001,1800064,43,seeker,full,1,10,0,0
V7E001,1800064,43,hider,full,1,100,0,0
V7E001,1800064,43,seeker,no_block,1,10,0,0
V7E001,1800064,43,hider,no_block,1,100,0,0
V7E001,1800064,43,seeker,no_ramp,1,10,0,0
V7E001,1800064,43,hider,no_ramp,1,100,0,0
V7E001,1800064,43,seeker,no_objects,1,10,0,0
V7E001,1800064,43,hider,no_objects,1,100,0,0
V7E001,1800065,43,seeker,full,1,7,0,0
V7E001,1800065,43,hider,full,1,100,0,0
V7E001,1800065,43,seeker,no_block,1,7,0,0
V7E001,1800065,43,hider,no_block,1,100,0,0
V7E001,1800065,43,seeker,no_ramp,1,7,0,0
V7E001,1800065,43,hider,no_ramp,1,100,0,0
V7E001,1800065,43,seeker,no_objects,1,7,0,0
V7E001,1800065,43,hider,no_objects,1,100,0,0
V7E001,1800066,43,seeker,full,1,6,0,0
V7E001,1800066,43,hider,full,0,5,0,0
V7E001,1800066,43,seeker,no_block,1,6,0,0
V7E001,1800066,43,hider,no_block,0,5,0,0
V7E001,1800066,43,seeker,no_ramp,1,6,0,0
V7E001,1800066,43,hider,no_ramp,0,5,0,0
V7E001,1800066,43,seeker,no_objects,1,6,0,0
V7E001,1800066,43,hider,no_objects,0,5,0,0
V7E001,1800067,43,seeker,full,1,3,0,0
V7E001,1800067,43,hider,full,1,100,0,0
V7E001,1800067,43,seeker,no_block,1,3,0,0
V7E001,1800067,43,hider,no_block,1,100,0,0
V7E001,1800067,43,seeker,no_ramp,1,3,0,0
V7E001,1800067,43,hider,no_ramp,1,100,0,0
V7E001,1800067,43,seeker,no_objects,1,3,0,0
V7E001,1800067,43,hider,no_objects,1,100,0,0
V7E001,1800068,43,seeker,full,1,2,0,0
V7E001,1800068,43,hider,full,0,2,0,0
V7E001,1800068,43,seeker,no_block,1,2,0,0
V7E001,1800068,43,hider,no_block,0,2,0,0
V7E001,1800068,43,seeker,no_ramp,1,2,0,0
V7E001,1800068,43,hider,no_ramp,0,2,0,0
V7E001,1800068,43,seeker,no_objects,1,2,0,0
V7E001,1800068,43,hider,no_objects,0,2,0,0
V7E001,1800069,43,seeker,full,1,2,0,0
V7E001,1800069,43,hider,full,0,2,0,0
V7E001,1800069,43,seeker,no_block,1,2,0,0
V7E001,1800069,43,hider,no_block,0,2,0,0
V7E001,1800069,43,seeker,no_ramp,1,2,0,0
V7E001,1800069,43,hider,no_ramp,0,2,0,0
V7E001,1800069,43,seeker,no_objects,1,2,0,0
V7E001,1800069,43,hider,no_objects,0,2,0,0
V7E001,1800070,43,seeker,full,1,1,0,0
V7E001,1800070,43,hider,full,0,1,0,0
V7E001,1800070,43,seeker,no_block,1,1,0,0
V7E001,1800070,43,hider,no_block,0,1,0,0
V7E001,1800070,43,seeker,no_ramp,1,1,0,0
V7E001,1800070,43,hider,no_ramp,0,1,0,0
V7E001,1800070,43,seeker,no_objects,1,1,0,0
V7E001,1800070,43,hider,no_objects,0,1,0,0
V7E001,1800071,43,seeker,full,1,22,3,0
V7E001,1800071,43,hider,full,1,100,0,0
V7E001,1800071,43,seeker,no_block,1,22,0,0
V7E001,1800071,43,hider,no_block,1,100,0,0
V7E001,1800071,43,seeker,no_ramp,1,22,3,0
V7E001,1800071,43,hider,no_ramp,1,100,0,0
V7E001,1800071,43,seeker,no_objects,1,22,0,0
V7E001,1800071,43,hider,no_objects,1,100,0,0
V7E001,1800072,43,seeker,full,1,10,0,0
V7E001,1800072,43,hider,full,0,9,0,0
V7E001,1800072,43,seeker,no_block,1,10,0,0
V7E001,1800072,43,hider,no_block,0,8,0,0
V7E001,1800072,43,seeker,no_ramp,1,10,0,0
V7E001,1800072,43,hider,no_ramp,0,9,0,0
V7E001,1800072,43,seeker,no_objects,1,10,0,0
V7E001,1800072,43,hider,no_objects,0,8,0,0
V7E001,1800073,43,seeker,full,1,36,3,1
V7E001,1800073,43,hider,full,1,100,0,0
V7E001,1800073,43,seeker,no_block,1,36,0,1
V7E001,1800073,43,hider,no_block,1,100,0,0
V7E001,1800073,43,seeker,no_ramp,1,55,3,0
V7E001,1800073,43,hider,no_ramp,1,100,0,0
V7E001,1800073,43,seeker,no_objects,1,55,0,0
V7E001,1800073,43,hider,no_objects,1,100,0,0
V7E001,1800074,43,seeker,full,1,45,3,0
V7E001,1800074,43,hider,full,1,100,0,0
V7E001,1800074,43,seeker,no_block,1,45,0,0
V7E001,1800074,43,hider,no_block,1,100,0,0
V7E001,1800074,43,seeker,no_ramp,1,45,3,0
V7E001,1800074,43,hider,no_ramp,1,100,0,0
V7E001,1800074,43,seeker,no_objects,1,45,0,0
V7E001,1800074,43,hider,no_objects,1,100,0,0
V7E001,1800075,43,seeker,full,1,11,0,0
V7E001,1800075,43,hider,full,0,10,0,0
V7E001,1800075,43,seeker,no_block,1,11,0,0
V7E001,1800075,43,hider,no_block,0,10,0,0
V7E001,1800075,43,seeker,no_ramp,1,11,0,0
V7E001,1800075,43,hider,no_ramp,0,10,0,0
V7E001,1800075,43,seeker,no_objects,1,11,0,0
V7E001,1800075,43,hider,no_objects,0,10,0,0
V7E001,1800076,43,seeker,full,1,4,0,0
V7E001,1800076,43,hider,full,1,100,0,0
V7E001,1800076,43,seeker,no_block,1,4,0,0
V7E001,1800076,43,hider,no_block,1,100,0,0
V7E001,1800076,43,seeker,no_ramp,1,4,0,0
V7E001,1800076,43,hider,no_ramp,1,100,0,0
V7E001,1800076,43,seeker,no_objects,1,4,0,0
V7E001,1800076,43,hider,no_objects,1,100,0,0
V7E001,1800077,43,seeker,full,1,1,0,0
V7E001,1800077,43,hider,full,0,1,0,0
V7E001,1800077,43,seeker,no_block,1,1,0,0
V7E001,1800077,43,hider,no_block,0,1,0,0
V7E001,1800077,43,seeker,no_ramp,1,1,0,0
V7E001,1800077,43,hider,no_ramp,0,1,0,0
V7E001,1800077,43,seeker,no_objects,1,1,0,0
V7E001,1800077,43,hider,no_objects,0,1,0,0
V7E001,1800078,43,seeker,full,1,18,2,1
V7E001,1800078,43,hider,full,1,100,0,0
V7E001,1800078,43,seeker,no_block,1,18,0,1
V7E001,1800078,43,hider,no_block,1,100,0,0
V7E001,1800078,43,seeker,no_ramp,1,25,0,0
V7E001,1800078,43,hider,no_ramp,0,24,0,0
V7E001,1800078,43,seeker,no_objects,1,25,0,0
V7E001,1800078,43,hider,no_objects,0,24,0,0
V7E001,1800079,43,seeker,full,1,55,3,2
V7E001,1800079,43,hider,full,1,100,0,0
V7E001,1800079,43,seeker,no_block,1,55,0,2
V7E001,1800079,43,hider,no_block,1,100,0,0
V7E001,1800079,43,seeker,no_ramp,1,53,3,0
V7E001,1800079,43,hider,no_ramp,1,100,0,0
V7E001,1800079,43,seeker,no_objects,1,53,0,0
V7E001,1800079,43,hider,no_objects,1,100,0,0
V7E001,1800080,43,seeker,full,1,4,0,0
V7E001,1800080,43,hider,full,0,3,0,0
V7E001,1800080,43,seeker,no_block,1,4,0,0
V7E001,1800080,43,hider,no_block,0,3,0,0
V7E001,1800080,43,seeker,no_ramp,1,4,0,0
V7E001,1800080,43,hider,no_ramp,0,3,0,0
V7E001,1800080,43,seeker,no_objects,1,4,0,0
V7E001,1800080,43,hider,no_objects,0,3,0,0
V7E001,1800081,43,seeker,full,0,100,2,0
V7E001,1800081,43,hider,full,0,10,1,0
V7E001,1800081,43,seeker,no_block,1,11,0,0
V7E001,1800081,43,hider,no_block,0,10,0,0
V7E001,1800081,43,seeker,no_ramp,0,100,2,0
V7E001,1800081,43,hider,no_ramp,0,10,1,0
V7E001,1800081,43,seeker,no_objects,1,11,0,0
V7E001,1800081,43,hider,no_objects,0,10,0,0
V7E001,1800082,43,seeker,full,1,24,0,1
V7E001,1800082,43,hider,full,0,24,0,0
V7E001,1800082,43,seeker,no_block,1,11,0,0
V7E001,1800082,43,hider,no_block,0,4,0,0
V7E001,1800082,43,seeker,no_ramp,0,100,2,0
V7E001,1800082,43,hider,no_ramp,0,62,1,0
V7E001,1800082,43,seeker,no_objects,1,11,0,0
V7E001,1800082,43,hider,no_objects,0,4,0,0
V7E001,1800083,43,seeker,full,1,5,0,1
V7E001,1800083,43,hider,full,0,5,0,0
V7E001,1800083,43,seeker,no_block,1,5,0,1
V7E001,1800083,43,hider,no_block,0,5,0,0
V7E001,1800083,43,seeker,no_ramp,0,100,2,0
V7E001,1800083,43,hider,no_ramp,0,38,1,0
V7E001,1800083,43,seeker,no_objects,1,26,0,0
V7E001,1800083,43,hider,no_objects,1,100,0,0
V7E001,1800084,43,seeker,full,1,57,3,0
V7E001,1800084,43,hider,full,1,100,0,0
V7E001,1800084,43,seeker,no_block,1,57,0,0
V7E001,1800084,43,hider,no_block,1,100,0,0
V7E001,1800084,43,seeker,no_ramp,1,57,3,0
V7E001,1800084,43,hider,no_ramp,1,100,0,0
V7E001,1800084,43,seeker,no_objects,1,57,0,0
V7E001,1800084,43,hider,no_objects,1,100,0,0
V7E001,1800085,43,seeker,full,1,5,0,1
V7E001,1800085,43,hider,full,0,5,0,0
V7E001,1800085,43,seeker,no_block,1,5,0,1
V7E001,1800085,43,hider,no_block,0,5,0,0
V7E001,1800085,43,seeker,no_ramp,1,36,2,0
V7E001,1800085,43,hider,no_ramp,0,36,1,0
V7E001,1800085,43,seeker,no_objects,1,36,0,0
V7E001,1800085,43,hider,no_objects,0,17,0,0
V7E001,1800086,43,seeker,full,1,42,2,1
V7E001,1800086,43,hider,full,0,41,0,0
V7E001,1800086,43,seeker,no_block,1,42,0,1
V7E001,1800086,43,hider,no_block,0,41,0,0
V7E001,1800086,43,seeker,no_ramp,1,43,0,0
V7E001,1800086,43,hider,no_ramp,0,42,0,0
V7E001,1800086,43,seeker,no_objects,1,43,0,0
V7E001,1800086,43,hider,no_objects,0,42,0,0
V7E001,1800087,43,seeker,full,1,7,0,0
V7E001,1800087,43,hider,full,0,6,0,0
V7E001,1800087,43,seeker,no_block,1,7,0,0
V7E001,1800087,43,hider,no_block,0,6,0,0
V7E001,1800087,43,seeker,no_ramp,1,7,0,0
V7E001,1800087,43,hider,no_ramp,0,6,0,0
V7E001,1800087,43,seeker,no_objects,1,7,0,0
V7E001,1800087,43,hider,no_objects,0,6,0,0
V7E001,1800088,43,seeker,full,1,9,0,0
V7E001,1800088,43,hider,full,1,100,0,0
V7E001,1800088,43,seeker,no_block,1,9,0,0
V7E001,1800088,43,hider,no_block,0,7,0,0
V7E001,1800088,43,seeker,no_ramp,1,9,0,0
V7E001,1800088,43,hider,no_ramp,1,100,0,0
V7E001,1800088,43,seeker,no_objects,1,9,0,0
V7E001,1800088,43,hider,no_objects,0,7,0,0
V7E001,1800089,43,seeker,full,1,59,3,0
V7E001,1800089,43,hider,full,1,100,0,0
V7E001,1800089,43,seeker,no_block,1,59,0,0
V7E001,1800089,43,hider,no_block,1,100,0,0
V7E001,1800089,43,seeker,no_ramp,1,59,3,0
V7E001,1800089,43,hider,no_ramp,1,100,0,0
V7E001,1800089,43,seeker,no_objects,1,59,0,0
V7E001,1800089,43,hider,no_objects,1,100,0,0
V7E001,1800090,43,seeker,full,1,14,2,0
V7E001,1800090,43,hider,full,0,13,0,0
V7E001,1800090,43,seeker,no_block,1,8,0,0
V7E001,1800090,43,hider,no_block,0,7,0,0
V7E001,1800090,43,seeker,no_ramp,1,14,2,0
V7E001,1800090,43,hider,no_ramp,0,13,0,0
V7E001,1800090,43,seeker,no_objects,1,8,0,0
V7E001,1800090,43,hider,no_objects,0,7,0,0
V7E001,1800091,43,seeker,full,1,6,0,0
V7E001,1800091,43,hider,full,1,100,0,0
V7E001,1800091,43,seeker,no_block,1,6,0,0
V7E001,1800091,43,hider,no_block,1,100,0,0
V7E001,1800091,43,seeker,no_ramp,1,6,0,0
V7E001,1800091,43,hider,no_ramp,1,100,0,0
V7E001,1800091,43,seeker,no_objects,1,6,0,0
V7E001,1800091,43,hider,no_objects,1,100,0,0
V7E001,1800092,43,seeker,full,0,100,2,0
V7E001,1800092,43,hider,full,0,26,1,0
V7E001,1800092,43,seeker,no_block,1,14,0,0
V7E001,1800092,43,hider,no_block,1,100,0,0
V7E001,1800092,43,seeker,no_ramp,0,100,2,0
V7E001,1800092,43,hider,no_ramp,0,26,1,0
V7E001,1800092,43,seeker,no_objects,1,14,0,0
V7E001,1800092,43,hider,no_objects,1,100,0,0
V7E001,1800093,43,seeker,full,1,10,0,0
V7E001,1800093,43,hider,full,1,100,0,0
V7E001,1800093,43,seeker,no_block,1,10,0,0
V7E001,1800093,43,hider,no_block,0,8,0,0
V7E001,1800093,43,seeker,no_ramp,1,10,0,0
V7E001,1800093,43,hider,no_ramp,1,100,0,0
V7E001,1800093,43,seeker,no_objects,1,10,0,0
V7E001,1800093,43,hider,no_objects,0,8,0,0
V7E001,1800094,43,seeker,full,1,46,3,0
V7E001,1800094,43,hider,full,1,100,0,0
V7E001,1800094,43,seeker,no_block,1,46,0,0
V7E001,1800094,43,hider,no_block,1,100,0,0
V7E001,1800094,43,seeker,no_ramp,1,46,3,0
V7E001,1800094,43,hider,no_ramp,1,100,0,0
V7E001,1800094,43,seeker,no_objects,1,46,0,0
V7E001,1800094,43,hider,no_objects,1,100,0,0
V7E001,1800095,43,seeker,full,1,9,0,0
V7E001,1800095,43,hider,full,1,100,0,0
V7E001,1800095,43,seeker,no_block,1,9,0,0
V7E001,1800095,43,hider,no_block,1,100,0,0
V7E001,1800095,43,seeker,no_ramp,1,9,0,0
V7E001,1800095,43,hider,no_ramp,1,100,0,0
V7E001,1800095,43,seeker,no_objects,1,9,0,0
V7E001,1800095,43,hider,no_objects,1,100,0,0
V7E001,1800096,43,seeker,full,1,16,0,0
V7E001,1800096,43,hider,full,0,15,0,0
V7E001,1800096,43,seeker,no_block,1,16,0,0
V7E001,1800096,43,hider,no_block,0,15,0,0
V7E001,1800096,43,seeker,no_ramp,1,16,0,0
V7E001,1800096,43,hider,no_ramp,0,15,0,0
V7E001,1800096,43,seeker,no_objects,1,16,0,0
V7E001,1800096,43,hider,no_objects,0,15,0,0
V7E001,1800097,43,seeker,full,1,15,2,1
V7E001,1800097,43,hider,full,0,17,0,0
V7E001,1800097,43,seeker,no_block,1,13,0,1
V7E001,1800097,43,hider,no_block,0,17,0,0
V7E001,1800097,43,seeker,no_ramp,1,22,0,0
V7E001,1800097,43,hider,no_ramp,0,24,0,0
V7E001,1800097,43,seeker,no_objects,1,22,0,0
V7E001,1800097,43,hider,no_objects,0,24,0,0
V7E001,1800098,43,seeker,full,1,25,3,0
V7E001,1800098,43,hider,full,1,100,0,0
V7E001,1800098,43,seeker,no_block,1,25,0,0
V7E001,1800098,43,hider,no_block,1,100,0,0
V7E001,1800098,43,seeker,no_ramp,1,25,3,0
V7E001,1800098,43,hider,no_ramp,1,100,0,0
V7E001,1800098,43,seeker,no_objects,1,25,0,0
V7E001,1800098,43,hider,no_objects,1,100,0,0
V7E001,1800099,43,seeker,full,1,1,0,0
V7E001,1800099,43,hider,full,0,1,0,0
V7E001,1800099,43,seeker,no_block,1,1,0,0
V7E001,1800099,43,hider,no_block,0,1,0,0
V7E001,1800099,43,seeker,no_ramp,1,1,0,0
V7E001,1800099,43,hider,no_ramp,0,1,0,0
V7E001,1800099,43,seeker,no_objects,1,1,0,0
V7E001,1800099,43,hider,no_objects,0,1,0,0
V7E002,1810000,43,seeker,full,1,46,2,1
V7E002,1810000,43,hider,full,0,25,0,0
V7E002,1810000,43,seeker,no_block,1,17,0,0
V7E002,1810000,43,hider,no_block,0,25,0,0
V7E002,1810000,43,seeker,no_ramp,0,100,2,0
V7E002,1810000,43,hider,no_ramp,0,25,0,0
V7E002,1810000,43,seeker,no_objects,1,17,0,0
V7E002,1810000,43,hider,no_objects,0,25,0,0
V7E002,1810001,43,seeker,full,1,1,0,0
V7E002,1810001,43,hider,full,0,1,0,0
V7E002,1810001,43,seeker,no_block,1,1,0,0
V7E002,1810001,43,hider,no_block,0,1,0,0
V7E002,1810001,43,seeker,no_ramp,1,1,0,0
V7E002,1810001,43,hider,no_ramp,0,1,0,0
V7E002,1810001,43,seeker,no_objects,1,1,0,0
V7E002,1810001,43,hider,no_objects,0,1,0,0
V7E002,1810002,43,seeker,full,1,44,2,1
V7E002,1810002,43,hider,full,0,23,0,0
V7E002,1810002,43,seeker,no_block,1,15,0,0
V7E002,1810002,43,hider,no_block,0,23,0,0
V7E002,1810002,43,seeker,no_ramp,0,100,2,0
V7E002,1810002,43,hider,no_ramp,0,23,0,0
V7E002,1810002,43,seeker,no_objects,1,15,0,0
V7E002,1810002,43,hider,no_objects,0,23,0,0
V7E002,1810003,43,seeker,full,1,33,2,1
V7E002,1810003,43,hider,full,0,33,1,0
V7E002,1810003,43,seeker,no_block,1,33,0,1
V7E002,1810003,43,hider,no_block,0,32,0,0
V7E002,1810003,43,seeker,no_ramp,1,38,2,0
V7E002,1810003,43,hider,no_ramp,0,37,1,0
V7E002,1810003,43,seeker,no_objects,1,38,0,0
V7E002,1810003,43,hider,no_objects,0,37,0,0
V7E002,1810004,43,seeker,full,1,33,2,0
V7E002,1810004,43,hider,full,0,30,0,0
V7E002,1810004,43,seeker,no_block,1,29,0,0
V7E002,1810004,43,hider,no_block,1,100,0,0
V7E002,1810004,43,seeker,no_ramp,1,33,2,0
V7E002,1810004,43,hider,no_ramp,0,30,0,0
V7E002,1810004,43,seeker,no_objects,1,33,0,0
V7E002,1810004,43,hider,no_objects,1,100,0,0
V7E002,1810005,43,seeker,full,1,1,0,0
V7E002,1810005,43,hider,full,0,1,0,0
V7E002,1810005,43,seeker,no_block,1,1,0,0
V7E002,1810005,43,hider,no_block,0,1,0,0
V7E002,1810005,43,seeker,no_ramp,1,1,0,0
V7E002,1810005,43,hider,no_ramp,0,1,0,0
V7E002,1810005,43,seeker,no_objects,1,1,0,0
V7E002,1810005,43,hider,no_objects,0,1,0,0
V7E002,1810006,43,seeker,full,1,5,0,0
V7E002,1810006,43,hider,full,0,3,0,0
V7E002,1810006,43,seeker,no_block,1,5,0,0
V7E002,1810006,43,hider,no_block,0,3,0,0
V7E002,1810006,43,seeker,no_ramp,1,5,0,0
V7E002,1810006,43,hider,no_ramp,0,3,0,0
V7E002,1810006,43,seeker,no_objects,1,5,0,0
V7E002,1810006,43,hider,no_objects,0,3,0,0
V7E002,1810007,43,seeker,full,0,100,2,1
V7E002,1810007,43,hider,full,0,38,1,0
V7E002,1810007,43,seeker,no_block,1,36,0,1
V7E002,1810007,43,hider,no_block,0,32,0,0
V7E002,1810007,43,seeker,no_ramp,0,100,2,0
V7E002,1810007,43,hider,no_ramp,0,44,1,0
V7E002,1810007,43,seeker,no_objects,1,45,0,0
V7E002,1810007,43,hider,no_objects,0,43,0,0
V7E002,1810008,43,seeker,full,1,9,0,0
V7E002,1810008,43,hider,full,0,6,0,0
V7E002,1810008,43,seeker,no_block,1,9,0,0
V7E002,1810008,43,hider,no_block,1,100,0,0
V7E002,1810008,43,seeker,no_ramp,1,9,0,0
V7E002,1810008,43,hider,no_ramp,0,6,0,0
V7E002,1810008,43,seeker,no_objects,1,9,0,0
V7E002,1810008,43,hider,no_objects,1,100,0,0
V7E002,1810009,43,seeker,full,1,7,0,0
V7E002,1810009,43,hider,full,0,6,0,0
V7E002,1810009,43,seeker,no_block,1,7,0,0
V7E002,1810009,43,hider,no_block,0,6,0,0
V7E002,1810009,43,seeker,no_ramp,1,7,0,0
V7E002,1810009,43,hider,no_ramp,0,6,0,0
V7E002,1810009,43,seeker,no_objects,1,7,0,0
V7E002,1810009,43,hider,no_objects,0,6,0,0
V7E002,1810010,43,seeker,full,1,9,0,0
V7E002,1810010,43,hider,full,0,20,0,0
V7E002,1810010,43,seeker,no_block,1,9,0,0
V7E002,1810010,43,hider,no_block,0,20,0,0
V7E002,1810010,43,seeker,no_ramp,1,9,0,0
V7E002,1810010,43,hider,no_ramp,0,23,0,0
V7E002,1810010,43,seeker,no_objects,1,9,0,0
V7E002,1810010,43,hider,no_objects,0,23,0,0
V7E002,1810011,43,seeker,full,1,15,0,1
V7E002,1810011,43,hider,full,0,2,0,0
V7E002,1810011,43,seeker,no_block,1,15,0,1
V7E002,1810011,43,hider,no_block,0,5,0,0
V7E002,1810011,43,seeker,no_ramp,1,28,0,0
V7E002,1810011,43,hider,no_ramp,0,2,0,0
V7E002,1810011,43,seeker,no_objects,1,28,0,0
V7E002,1810011,43,hider,no_objects,0,5,0,0
V7E002,1810012,43,seeker,full,1,16,0,0
V7E002,1810012,43,hider,full,0,12,0,0
V7E002,1810012,43,seeker,no_block,1,16,0,0
V7E002,1810012,43,hider,no_block,0,12,0,0
V7E002,1810012,43,seeker,no_ramp,1,16,0,0
V7E002,1810012,43,hider,no_ramp,0,12,0,0
V7E002,1810012,43,seeker,no_objects,1,16,0,0
V7E002,1810012,43,hider,no_objects,0,12,0,0
V7E002,1810013,43,seeker,full,1,1,0,0
V7E002,1810013,43,hider,full,0,1,0,0
V7E002,1810013,43,seeker,no_block,1,1,0,0
V7E002,1810013,43,hider,no_block,0,1,0,0
V7E002,1810013,43,seeker,no_ramp,1,1,0,0
V7E002,1810013,43,hider,no_ramp,0,1,0,0
V7E002,1810013,43,seeker,no_objects,1,1,0,0
V7E002,1810013,43,hider,no_objects,0,1,0,0
V7E002,1810014,43,seeker,full,1,49,3,0
V7E002,1810014,43,hider,full,0,6,0,0
V7E002,1810014,43,seeker,no_block,1,49,0,0
V7E002,1810014,43,hider,no_block,0,9,0,0
V7E002,1810014,43,seeker,no_ramp,1,49,3,0
V7E002,1810014,43,hider,no_ramp,0,6,0,0
V7E002,1810014,43,seeker,no_objects,1,49,0,0
V7E002,1810014,43,hider,no_objects,0,9,0,0
V7E002,1810015,43,seeker,full,1,6,0,0
V7E002,1810015,43,hider,full,0,2,0,0
V7E002,1810015,43,seeker,no_block,1,6,0,0
V7E002,1810015,43,hider,no_block,0,5,0,0
V7E002,1810015,43,seeker,no_ramp,1,6,0,0
V7E002,1810015,43,hider,no_ramp,0,2,0,0
V7E002,1810015,43,seeker,no_objects,1,6,0,0
V7E002,1810015,43,hider,no_objects,0,5,0,0
V7E002,1810016,43,seeker,full,1,9,0,0
V7E002,1810016,43,hider,full,0,7,0,0
V7E002,1810016,43,seeker,no_block,1,9,0,0
V7E002,1810016,43,hider,no_block,0,7,0,0
V7E002,1810016,43,seeker,no_ramp,1,9,0,0
V7E002,1810016,43,hider,no_ramp,0,7,0,0
V7E002,1810016,43,seeker,no_objects,1,9,0,0
V7E002,1810016,43,hider,no_objects,0,7,0,0
V7E002,1810017,43,seeker,full,1,2,0,0
V7E002,1810017,43,hider,full,1,100,0,0
V7E002,1810017,43,seeker,no_block,1,2,0,0
V7E002,1810017,43,hider,no_block,1,100,0,0
V7E002,1810017,43,seeker,no_ramp,1,2,0,0
V7E002,1810017,43,hider,no_ramp,1,100,0,0
V7E002,1810017,43,seeker,no_objects,1,2,0,0
V7E002,1810017,43,hider,no_objects,1,100,0,0
V7E002,1810018,43,seeker,full,1,1,0,0
V7E002,1810018,43,hider,full,0,1,0,0
V7E002,1810018,43,seeker,no_block,1,1,0,0
V7E002,1810018,43,hider,no_block,0,1,0,0
V7E002,1810018,43,seeker,no_ramp,1,1,0,0
V7E002,1810018,43,hider,no_ramp,0,1,0,0
V7E002,1810018,43,seeker,no_objects,1,1,0,0
V7E002,1810018,43,hider,no_objects,0,1,0,0
V7E002,1810019,43,seeker,full,1,15,2,0
V7E002,1810019,43,hider,full,0,15,0,0
V7E002,1810019,43,seeker,no_block,1,15,0,0
V7E002,1810019,43,hider,no_block,0,15,0,0
V7E002,1810019,43,seeker,no_ramp,1,15,2,0
V7E002,1810019,43,hider,no_ramp,0,15,0,0
V7E002,1810019,43,seeker,no_objects,1,15,0,0
V7E002,1810019,43,hider,no_objects,0,15,0,0
V7E002,1810020,43,seeker,full,1,1,0,0
V7E002,1810020,43,hider,full,0,1,0,0
V7E002,1810020,43,seeker,no_block,1,1,0,0
V7E002,1810020,43,hider,no_block,0,1,0,0
V7E002,1810020,43,seeker,no_ramp,1,1,0,0
V7E002,1810020,43,hider,no_ramp,0,1,0,0
V7E002,1810020,43,seeker,no_objects,1,1,0,0
V7E002,1810020,43,hider,no_objects,0,1,0,0
V7E002,1810021,43,seeker,full,1,35,2,0
V7E002,1810021,43,hider,full,0,34,0,0
V7E002,1810021,43,seeker,no_block,1,31,0,0
V7E002,1810021,43,hider,no_block,0,34,0,0
V7E002,1810021,43,seeker,no_ramp,1,35,2,0
V7E002,1810021,43,hider,no_ramp,0,34,0,0
V7E002,1810021,43,seeker,no_objects,1,35,0,0
V7E002,1810021,43,hider,no_objects,0,34,0,0
V7E002,1810022,43,seeker,full,1,33,2,1
V7E002,1810022,43,hider,full,0,33,0,0
V7E002,1810022,43,seeker,no_block,1,33,0,1
V7E002,1810022,43,hider,no_block,0,33,0,0
V7E002,1810022,43,seeker,no_ramp,1,38,2,0
V7E002,1810022,43,hider,no_ramp,0,39,0,0
V7E002,1810022,43,seeker,no_objects,1,38,0,0
V7E002,1810022,43,hider,no_objects,0,39,0,0
V7E002,1810023,43,seeker,full,1,1,0,0
V7E002,1810023,43,hider,full,0,1,0,0
V7E002,1810023,43,seeker,no_block,1,1,0,0
V7E002,1810023,43,hider,no_block,0,1,0,0
V7E002,1810023,43,seeker,no_ramp,1,1,0,0
V7E002,1810023,43,hider,no_ramp,0,1,0,0
V7E002,1810023,43,seeker,no_objects,1,1,0,0
V7E002,1810023,43,hider,no_objects,0,1,0,0
V7E002,1810024,43,seeker,full,1,22,2,0
V7E002,1810024,43,hider,full,0,22,0,0
V7E002,1810024,43,seeker,no_block,1,22,0,0
V7E002,1810024,43,hider,no_block,0,22,0,0
V7E002,1810024,43,seeker,no_ramp,1,22,2,0
V7E002,1810024,43,hider,no_ramp,0,22,0,0
V7E002,1810024,43,seeker,no_objects,1,22,0,0
V7E002,1810024,43,hider,no_objects,0,22,0,0
V7E002,1810025,43,seeker,full,1,34,2,0
V7E002,1810025,43,hider,full,0,33,0,0
V7E002,1810025,43,seeker,no_block,1,30,0,0
V7E002,1810025,43,hider,no_block,0,33,0,0
V7E002,1810025,43,seeker,no_ramp,1,34,2,0
V7E002,1810025,43,hider,no_ramp,0,33,0,0
V7E002,1810025,43,seeker,no_objects,1,34,0,0
V7E002,1810025,43,hider,no_objects,0,33,0,0
V7E002,1810026,43,seeker,full,1,7,0,0
V7E002,1810026,43,hider,full,0,4,0,0
V7E002,1810026,43,seeker,no_block,1,7,0,0
V7E002,1810026,43,hider,no_block,0,4,0,0
V7E002,1810026,43,seeker,no_ramp,1,7,0,0
V7E002,1810026,43,hider,no_ramp,0,4,0,0
V7E002,1810026,43,seeker,no_objects,1,7,0,0
V7E002,1810026,43,hider,no_objects,0,4,0,0
V7E002,1810027,43,seeker,full,1,4,0,0
V7E002,1810027,43,hider,full,0,4,0,0
V7E002,1810027,43,seeker,no_block,1,4,0,0
V7E002,1810027,43,hider,no_block,0,4,0,0
V7E002,1810027,43,seeker,no_ramp,1,4,0,0
V7E002,1810027,43,hider,no_ramp,0,4,0,0
V7E002,1810027,43,seeker,no_objects,1,4,0,0
V7E002,1810027,43,hider,no_objects,0,4,0,0
V7E002,1810028,43,seeker,full,1,50,3,0
V7E002,1810028,43,hider,full,1,100,0,0
V7E002,1810028,43,seeker,no_block,1,50,0,0
V7E002,1810028,43,hider,no_block,1,100,0,0
V7E002,1810028,43,seeker,no_ramp,1,50,3,0
V7E002,1810028,43,hider,no_ramp,1,100,0,0
V7E002,1810028,43,seeker,no_objects,1,50,0,0
V7E002,1810028,43,hider,no_objects,1,100,0,0
V7E002,1810029,43,seeker,full,1,2,0,0
V7E002,1810029,43,hider,full,0,2,0,0
V7E002,1810029,43,seeker,no_block,1,2,0,0
V7E002,1810029,43,hider,no_block,0,2,0,0
V7E002,1810029,43,seeker,no_ramp,1,2,0,0
V7E002,1810029,43,hider,no_ramp,0,2,0,0
V7E002,1810029,43,seeker,no_objects,1,2,0,0
V7E002,1810029,43,hider,no_objects,0,2,0,0
V7E002,1810030,43,seeker,full,1,7,0,0
V7E002,1810030,43,hider,full,1,100,0,0
V7E002,1810030,43,seeker,no_block,1,7,0,0
V7E002,1810030,43,hider,no_block,1,100,0,0
V7E002,1810030,43,seeker,no_ramp,1,7,0,0
V7E002,1810030,43,hider,no_ramp,1,100,0,0
V7E002,1810030,43,seeker,no_objects,1,7,0,0
V7E002,1810030,43,hider,no_objects,1,100,0,0
V7E002,1810031,43,seeker,full,1,19,2,0
V7E002,1810031,43,hider,full,1,100,0,0
V7E002,1810031,43,seeker,no_block,1,19,0,0
V7E002,1810031,43,hider,no_block,1,100,0,0
V7E002,1810031,43,seeker,no_ramp,1,19,2,0
V7E002,1810031,43,hider,no_ramp,1,100,0,0
V7E002,1810031,43,seeker,no_objects,1,19,0,0
V7E002,1810031,43,hider,no_objects,1,100,0,0
V7E002,1810032,43,seeker,full,1,3,0,0
V7E002,1810032,43,hider,full,0,3,0,0
V7E002,1810032,43,seeker,no_block,1,3,0,0
V7E002,1810032,43,hider,no_block,0,3,0,0
V7E002,1810032,43,seeker,no_ramp,1,3,0,0
V7E002,1810032,43,hider,no_ramp,0,3,0,0
V7E002,1810032,43,seeker,no_objects,1,3,0,0
V7E002,1810032,43,hider,no_objects,0,3,0,0
V7E002,1810033,43,seeker,full,1,12,0,0
V7E002,1810033,43,hider,full,1,100,0,0
V7E002,1810033,43,seeker,no_block,1,12,0,0
V7E002,1810033,43,hider,no_block,1,100,0,0
V7E002,1810033,43,seeker,no_ramp,1,12,0,0
V7E002,1810033,43,hider,no_ramp,1,100,0,0
V7E002,1810033,43,seeker,no_objects,1,12,0,0
V7E002,1810033,43,hider,no_objects,1,100,0,0
V7E002,1810034,43,seeker,full,1,51,3,0
V7E002,1810034,43,hider,full,0,50,0,0
V7E002,1810034,43,seeker,no_block,1,51,0,0
V7E002,1810034,43,hider,no_block,0,50,0,0
V7E002,1810034,43,seeker,no_ramp,1,51,3,0
V7E002,1810034,43,hider,no_ramp,0,50,0,0
V7E002,1810034,43,seeker,no_objects,1,51,0,0
V7E002,1810034,43,hider,no_objects,0,50,0,0
V7E002,1810035,43,seeker,full,1,33,2,0
V7E002,1810035,43,hider,full,0,33,0,0
V7E002,1810035,43,seeker,no_block,1,29,0,0
V7E002,1810035,43,hider,no_block,0,33,0,0
V7E002,1810035,43,seeker,no_ramp,1,33,2,0
V7E002,1810035,43,hider,no_ramp,0,33,0,0
V7E002,1810035,43,seeker,no_objects,1,33,0,0
V7E002,1810035,43,hider,no_objects,0,33,0,0
V7E002,1810036,43,seeker,full,0,100,2,1
V7E002,1810036,43,hider,full,0,33,1,0
V7E002,1810036,43,seeker,no_block,1,31,0,1
V7E002,1810036,43,hider,no_block,0,28,0,0
V7E002,1810036,43,seeker,no_ramp,0,100,2,0
V7E002,1810036,43,hider,no_ramp,0,39,1,0
V7E002,1810036,43,seeker,no_objects,1,40,0,0
V7E002,1810036,43,hider,no_objects,0,39,0,0
V7E002,1810037,43,seeker,full,1,44,2,1
V7E002,1810037,43,hider,full,0,23,0,0
V7E002,1810037,43,seeker,no_block,1,19,0,0
V7E002,1810037,43,hider,no_block,0,23,0,0
V7E002,1810037,43,seeker,no_ramp,0,100,2,0
V7E002,1810037,43,hider,no_ramp,0,23,0,0
V7E002,1810037,43,seeker,no_objects,1,19,0,0
V7E002,1810037,43,hider,no_objects,0,23,0,0
V7E002,1810038,43,seeker,full,1,18,2,0
V7E002,1810038,43,hider,full,1,100,0,0
V7E002,1810038,43,seeker,no_block,1,18,0,0
V7E002,1810038,43,hider,no_block,1,100,0,0
V7E002,1810038,43,seeker,no_ramp,1,18,2,0
V7E002,1810038,43,hider,no_ramp,1,100,0,0
V7E002,1810038,43,seeker,no_objects,1,18,0,0
V7E002,1810038,43,hider,no_objects,1,100,0,0
V7E002,1810039,43,seeker,full,1,12,0,0
V7E002,1810039,43,hider,full,0,7,0,0
V7E002,1810039,43,seeker,no_block,1,12,0,0
V7E002,1810039,43,hider,no_block,0,10,0,0
V7E002,1810039,43,seeker,no_ramp,1,12,0,0
V7E002,1810039,43,hider,no_ramp,0,7,0,0
V7E002,1810039,43,seeker,no_objects,1,12,0,0
V7E002,1810039,43,hider,no_objects,0,10,0,0
V7E002,1810040,43,seeker,full,1,2,0,0
V7E002,1810040,43,hider,full,0,2,0,0
V7E002,1810040,43,seeker,no_block,1,2,0,0
V7E002,1810040,43,hider,no_block,0,2,0,0
V7E002,1810040,43,seeker,no_ramp,1,2,0,0
V7E002,1810040,43,hider,no_ramp,0,2,0,0
V7E002,1810040,43,seeker,no_objects,1,2,0,0
V7E002,1810040,43,hider,no_objects,0,2,0,0
V7E002,1810041,43,seeker,full,1,7,0,0
V7E002,1810041,43,hider,full,0,5,0,0
V7E002,1810041,43,seeker,no_block,1,7,0,0
V7E002,1810041,43,hider,no_block,0,5,0,0
V7E002,1810041,43,seeker,no_ramp,1,7,0,0
V7E002,1810041,43,hider,no_ramp,0,5,0,0
V7E002,1810041,43,seeker,no_objects,1,7,0,0
V7E002,1810041,43,hider,no_objects,0,5,0,0
V7E002,1810042,43,seeker,full,1,33,2,1
V7E002,1810042,43,hider,full,0,32,1,0
V7E002,1810042,43,seeker,no_block,1,33,0,1
V7E002,1810042,43,hider,no_block,0,20,0,0
V7E002,1810042,43,seeker,no_ramp,1,38,2,0
V7E002,1810042,43,hider,no_ramp,0,38,1,0
V7E002,1810042,43,seeker,no_objects,1,38,0,0
V7E002,1810042,43,hider,no_objects,0,37,0,0
V7E002,1810043,43,seeker,full,1,8,0,0
V7E002,1810043,43,hider,full,0,3,0,0
V7E002,1810043,43,seeker,no_block,1,8,0,0
V7E002,1810043,43,hider,no_block,0,3,0,0
V7E002,1810043,43,seeker,no_ramp,1,8,0,0
V7E002,1810043,43,hider,no_ramp,0,3,0,0
V7E002,1810043,43,seeker,no_objects,1,8,0,0
V7E002,1810043,43,hider,no_objects,0,3,0,0
V7E002,1810044,43,seeker,full,0,100,2,1
V7E002,1810044,43,hider,full,0,34,1,0
V7E002,1810044,43,seeker,no_block,1,25,0,1
V7E002,1810044,43,hider,no_block,0,33,0,0
V7E002,1810044,43,seeker,no_ramp,0,100,2,0
V7E002,1810044,43,hider,no_ramp,0,38,1,0
V7E002,1810044,43,seeker,no_objects,1,40,0,0
V7E002,1810044,43,hider,no_objects,0,38,0,0
V7E002,1810045,43,seeker,full,1,6,0,0
V7E002,1810045,43,hider,full,1,100,0,0
V7E002,1810045,43,seeker,no_block,1,6,0,0
V7E002,1810045,43,hider,no_block,1,100,0,0
V7E002,1810045,43,seeker,no_ramp,1,6,0,0
V7E002,1810045,43,hider,no_ramp,1,100,0,0
V7E002,1810045,43,seeker,no_objects,1,6,0,0
V7E002,1810045,43,hider,no_objects,1,100,0,0
V7E002,1810046,43,seeker,full,1,2,0,0
V7E002,1810046,43,hider,full,0,2,0,0
V7E002,1810046,43,seeker,no_block,1,2,0,0
V7E002,1810046,43,hider,no_block,0,2,0,0
V7E002,1810046,43,seeker,no_ramp,1,2,0,0
V7E002,1810046,43,hider,no_ramp,0,2,0,0
V7E002,1810046,43,seeker,no_objects,1,2,0,0
V7E002,1810046,43,hider,no_objects,0,2,0,0
V7E002,1810047,43,seeker,full,1,5,0,0
V7E002,1810047,43,hider,full,0,3,0,0
V7E002,1810047,43,seeker,no_block,1,5,0,0
V7E002,1810047,43,hider,no_block,0,3,0,0
V7E002,1810047,43,seeker,no_ramp,1,5,0,0
V7E002,1810047,43,hider,no_ramp,0,3,0,0
V7E002,1810047,43,seeker,no_objects,1,5,0,0
V7E002,1810047,43,hider,no_objects,0,3,0,0
V7E002,1810048,43,seeker,full,1,13,0,0
V7E002,1810048,43,hider,full,0,13,0,0
V7E002,1810048,43,seeker,no_block,1,13,0,0
V7E002,1810048,43,hider,no_block,0,13,0,0
V7E002,1810048,43,seeker,no_ramp,1,13,0,0
V7E002,1810048,43,hider,no_ramp,0,13,0,0
V7E002,1810048,43,seeker,no_objects,1,13,0,0
V7E002,1810048,43,hider,no_objects,0,13,0,0
V7E002,1810049,43,seeker,full,1,6,0,0
V7E002,1810049,43,hider,full,0,6,0,0
V7E002,1810049,43,seeker,no_block,1,6,0,0
V7E002,1810049,43,hider,no_block,0,6,0,0
V7E002,1810049,43,seeker,no_ramp,1,6,0,0
V7E002,1810049,43,hider,no_ramp,0,6,0,0
V7E002,1810049,43,seeker,no_objects,1,6,0,0
V7E002,1810049,43,hider,no_objects,0,6,0,0
V7E002,1810050,43,seeker,full,1,16,0,1
V7E002,1810050,43,hider,full,0,15,0,0
V7E002,1810050,43,seeker,no_block,1,16,0,1
V7E002,1810050,43,hider,no_block,0,15,0,0
V7E002,1810050,43,seeker,no_ramp,1,29,0,0
V7E002,1810050,43,hider,no_ramp,0,27,0,0
V7E002,1810050,43,seeker,no_objects,1,29,0,0
V7E002,1810050,43,hider,no_objects,0,27,0,0
V7E002,1810051,43,seeker,full,1,16,0,0
V7E002,1810051,43,hider,full,0,8,0,0
V7E002,1810051,43,seeker,no_block,1,16,0,0
V7E002,1810051,43,hider,no_block,0,10,0,0
V7E002,1810051,43,seeker,no_ramp,1,16,0,0
V7E002,1810051,43,hider,no_ramp,0,8,0,0
V7E002,1810051,43,seeker,no_objects,1,16,0,0
V7E002,1810051,43,hider,no_objects,0,10,0,0
V7E002,1810052,43,seeker,full,0,100,2,0
V7E002,1810052,43,hider,full,0,22,0,0
V7E002,1810052,43,seeker,no_block,1,23,0,0
V7E002,1810052,43,hider,no_block,0,22,0,0
V7E002,1810052,43,seeker,no_ramp,0,100,2,0
V7E002,1810052,43,hider,no_ramp,0,22,0,0
V7E002,1810052,43,seeker,no_objects,1,23,0,0
V7E002,1810052,43,hider,no_objects,0,22,0,0
V7E002,1810053,43,seeker,full,1,15,0,1
V7E002,1810053,43,hider,full,0,2,0,0
V7E002,1810053,43,seeker,no_block,1,15,0,1
V7E002,1810053,43,hider,no_block,0,5,0,0
V7E002,1810053,43,seeker,no_ramp,1,28,0,0
V7E002,1810053,43,hider,no_ramp,0,2,0,0
V7E002,1810053,43,seeker,no_objects,1,28,0,0
V7E002,1810053,43,hider,no_objects,0,5,0,0
V7E002,1810054,43,seeker,full,1,51,3,0
V7E002,1810054,43,hider,full,0,50,0,0
V7E002,1810054,43,seeker,no_block,1,51,0,0
V7E002,1810054,43,hider,no_block,0,50,0,0
V7E002,1810054,43,seeker,no_ramp,1,51,3,0
V7E002,1810054,43,hider,no_ramp,0,50,0,0
V7E002,1810054,43,seeker,no_objects,1,51,0,0
V7E002,1810054,43,hider,no_objects,0,50,0,0
V7E002,1810055,43,seeker,full,1,12,0,0
V7E002,1810055,43,hider,full,0,5,0,0
V7E002,1810055,43,seeker,no_block,1,12,0,0
V7E002,1810055,43,hider,no_block,0,5,0,0
V7E002,1810055,43,seeker,no_ramp,1,12,0,0
V7E002,1810055,43,hider,no_ramp,0,5,0,0
V7E002,1810055,43,seeker,no_objects,1,12,0,0
V7E002,1810055,43,hider,no_objects,0,5,0,0
V7E002,1810056,43,seeker,full,1,4,0,0
V7E002,1810056,43,hider,full,0,1,0,0
V7E002,1810056,43,seeker,no_block,1,4,0,0
V7E002,1810056,43,hider,no_block,0,2,0,0
V7E002,1810056,43,seeker,no_ramp,1,4,0,0
V7E002,1810056,43,hider,no_ramp,0,1,0,0
V7E002,1810056,43,seeker,no_objects,1,4,0,0
V7E002,1810056,43,hider,no_objects,0,2,0,0
V7E002,1810057,43,seeker,full,1,8,0,0
V7E002,1810057,43,hider,full,0,10,0,0
V7E002,1810057,43,seeker,no_block,1,8,0,0
V7E002,1810057,43,hider,no_block,0,10,0,0
V7E002,1810057,43,seeker,no_ramp,1,8,0,0
V7E002,1810057,43,hider,no_ramp,0,10,0,0
V7E002,1810057,43,seeker,no_objects,1,8,0,0
V7E002,1810057,43,hider,no_objects,0,10,0,0
V7E002,1810058,43,seeker,full,0,100,2,0
V7E002,1810058,43,hider,full,0,23,1,0
V7E002,1810058,43,seeker,no_block,1,24,0,0
V7E002,1810058,43,hider,no_block,0,22,0,0
V7E002,1810058,43,seeker,no_ramp,0,100,2,0
V7E002,1810058,43,hider,no_ramp,0,23,1,0
V7E002,1810058,43,seeker,no_objects,1,24,0,0
V7E002,1810058,43,hider,no_objects,0,22,0,0
V7E002,1810059,43,seeker,full,1,3,0,0
V7E002,1810059,43,hider,full,0,2,0,0
V7E002,1810059,43,seeker,no_block,1,3,0,0
V7E002,1810059,43,hider,no_block,0,2,0,0
V7E002,1810059,43,seeker,no_ramp,1,3,0,0
V7E002,1810059,43,hider,no_ramp,0,2,0,0
V7E002,1810059,43,seeker,no_objects,1,3,0,0
V7E002,1810059,43,hider,no_objects,0,2,0,0
V7E002,1810060,43,seeker,full,1,12,0,0
V7E002,1810060,43,hider,full,0,8,0,0
V7E002,1810060,43,seeker,no_block,1,12,0,0
V7E002,1810060,43,hider,no_block,0,8,0,0
V7E002,1810060,43,seeker,no_ramp,1,12,0,0
V7E002,1810060,43,hider,no_ramp,0,8,0,0
V7E002,1810060,43,seeker,no_objects,1,12,0,0
V7E002,1810060,43,hider,no_objects,0,8,0,0
V7E002,1810061,43,seeker,full,1,22,2,0
V7E002,1810061,43,hider,full,1,100,0,0
V7E002,1810061,43,seeker,no_block,1,22,0,0
V7E002,1810061,43,hider,no_block,1,100,0,0
V7E002,1810061,43,seeker,no_ramp,1,22,2,0
V7E002,1810061,43,hider,no_ramp,1,100,0,0
V7E002,1810061,43,seeker,no_objects,1,22,0,0
V7E002,1810061,43,hider,no_objects,1,100,0,0
V7E002,1810062,43,seeker,full,1,18,0,0
V7E002,1810062,43,hider,full,0,13,0,0
V7E002,1810062,43,seeker,no_block,1,18,0,0
V7E002,1810062,43,hider,no_block,0,13,0,0
V7E002,1810062,43,seeker,no_ramp,1,18,0,0
V7E002,1810062,43,hider,no_ramp,0,13,0,0
V7E002,1810062,43,seeker,no_objects,1,18,0,0
V7E002,1810062,43,hider,no_objects,0,13,0,0
V7E002,1810063,43,seeker,full,1,34,2,0
V7E002,1810063,43,hider,full,0,33,0,0
V7E002,1810063,43,seeker,no_block,1,30,0,0
V7E002,1810063,43,hider,no_block,0,33,0,0
V7E002,1810063,43,seeker,no_ramp,1,34,2,0
V7E002,1810063,43,hider,no_ramp,0,33,0,0
V7E002,1810063,43,seeker,no_objects,1,34,0,0
V7E002,1810063,43,hider,no_objects,0,33,0,0
V7E002,1810064,43,seeker,full,1,18,2,0
V7E002,1810064,43,hider,full,0,30,0,0
V7E002,1810064,43,seeker,no_block,1,18,0,0
V7E002,1810064,43,hider,no_block,0,23,0,0
V7E002,1810064,43,seeker,no_ramp,1,18,2,0
V7E002,1810064,43,hider,no_ramp,0,30,0,0
V7E002,1810064,43,seeker,no_objects,1,18,0,0
V7E002,1810064,43,hider,no_objects,0,23,0,0
V7E002,1810065,43,seeker,full,1,8,0,0
V7E002,1810065,43,hider,full,0,3,0,0
V7E002,1810065,43,seeker,no_block,1,8,0,0
V7E002,1810065,43,hider,no_block,0,6,0,0
V7E002,1810065,43,seeker,no_ramp,1,8,0,0
V7E002,1810065,43,hider,no_ramp,0,3,0,0
V7E002,1810065,43,seeker,no_objects,1,8,0,0
V7E002,1810065,43,hider,no_objects,0,6,0,0
V7E002,1810066,43,seeker,full,1,10,0,0
V7E002,1810066,43,hider,full,0,9,0,0
V7E002,1810066,43,seeker,no_block,1,10,0,0
V7E002,1810066,43,hider,no_block,0,9,0,0
V7E002,1810066,43,seeker,no_ramp,1,10,0,0
V7E002,1810066,43,hider,no_ramp,0,9,0,0
V7E002,1810066,43,seeker,no_objects,1,10,0,0
V7E002,1810066,43,hider,no_objects,0,9,0,0
V7E002,1810067,43,seeker,full,1,38,2,1
V7E002,1810067,43,hider,full,0,38,0,0
V7E002,1810067,43,seeker,no_block,1,38,0,1
V7E002,1810067,43,hider,no_block,0,38,0,0
V7E002,1810067,43,seeker,no_ramp,1,43,2,0
V7E002,1810067,43,hider,no_ramp,0,44,0,0
V7E002,1810067,43,seeker,no_objects,1,43,0,0
V7E002,1810067,43,hider,no_objects,0,44,0,0
V7E002,1810068,43,seeker,full,1,2,0,0
V7E002,1810068,43,hider,full,0,2,0,0
V7E002,1810068,43,seeker,no_block,1,2,0,0
V7E002,1810068,43,hider,no_block,0,2,0,0
V7E002,1810068,43,seeker,no_ramp,1,2,0,0
V7E002,1810068,43,hider,no_ramp,0,2,0,0
V7E002,1810068,43,seeker,no_objects,1,2,0,0
V7E002,1810068,43,hider,no_objects,0,2,0,0
V7E002,1810069,43,seeker,full,1,4,0,0
V7E002,1810069,43,hider,full,1,100,0,0
V7E002,1810069,43,seeker,no_block,1,4,0,0
V7E002,1810069,43,hider,no_block,1,100,0,0
V7E002,1810069,43,seeker,no_ramp,1,4,0,0
V7E002,1810069,43,hider,no_ramp,1,100,0,0
V7E002,1810069,43,seeker,no_objects,1,4,0,0
V7E002,1810069,43,hider,no_objects,1,100,0,0
V7E002,1810070,43,seeker,full,1,1,0,0
V7E002,1810070,43,hider,full,0,1,0,0
V7E002,1810070,43,seeker,no_block,1,1,0,0
V7E002,1810070,43,hider,no_block,0,1,0,0
V7E002,1810070,43,seeker,no_ramp,1,1,0,0
V7E002,1810070,43,hider,no_ramp,0,1,0,0
V7E002,1810070,43,seeker,no_objects,1,1,0,0
V7E002,1810070,43,hider,no_objects,0,1,0,0
V7E002,1810071,43,seeker,full,1,22,2,0
V7E002,1810071,43,hider,full,1,100,0,0
V7E002,1810071,43,seeker,no_block,1,4,0,0
V7E002,1810071,43,hider,no_block,1,100,0,0
V7E002,1810071,43,seeker,no_ramp,1,22,2,0
V7E002,1810071,43,hider,no_ramp,1,100,0,0
V7E002,1810071,43,seeker,no_objects,1,4,0,0
V7E002,1810071,43,hider,no_objects,1,100,0,0
V7E002,1810072,43,seeker,full,1,1,0,0
V7E002,1810072,43,hider,full,0,1,0,0
V7E002,1810072,43,seeker,no_block,1,1,0,0
V7E002,1810072,43,hider,no_block,0,1,0,0
V7E002,1810072,43,seeker,no_ramp,1,1,0,0
V7E002,1810072,43,hider,no_ramp,0,1,0,0
V7E002,1810072,43,seeker,no_objects,1,1,0,0
V7E002,1810072,43,hider,no_objects,0,1,0,0
V7E002,1810073,43,seeker,full,1,12,0,0
V7E002,1810073,43,hider,full,0,7,0,0
V7E002,1810073,43,seeker,no_block,1,12,0,0
V7E002,1810073,43,hider,no_block,0,7,0,0
V7E002,1810073,43,seeker,no_ramp,1,12,0,0
V7E002,1810073,43,hider,no_ramp,0,7,0,0
V7E002,1810073,43,seeker,no_objects,1,12,0,0
V7E002,1810073,43,hider,no_objects,0,7,0,0
V7E002,1810074,43,seeker,full,1,38,2,1
V7E002,1810074,43,hider,full,0,39,0,0
V7E002,1810074,43,seeker,no_block,1,38,0,1
V7E002,1810074,43,hider,no_block,0,39,0,0
V7E002,1810074,43,seeker,no_ramp,1,43,2,0
V7E002,1810074,43,hider,no_ramp,0,43,0,0
V7E002,1810074,43,seeker,no_objects,1,43,0,0
V7E002,1810074,43,hider,no_objects,0,43,0,0
V7E002,1810075,43,seeker,full,1,13,0,0
V7E002,1810075,43,hider,full,0,12,0,0
V7E002,1810075,43,seeker,no_block,1,13,0,0
V7E002,1810075,43,hider,no_block,0,12,0,0
V7E002,1810075,43,seeker,no_ramp,1,13,0,0
V7E002,1810075,43,hider,no_ramp,0,12,0,0
V7E002,1810075,43,seeker,no_objects,1,13,0,0
V7E002,1810075,43,hider,no_objects,0,12,0,0
V7E002,1810076,43,seeker,full,1,1,0,0
V7E002,1810076,43,hider,full,0,1,0,0
V7E002,1810076,43,seeker,no_block,1,1,0,0
V7E002,1810076,43,hider,no_block,0,1,0,0
V7E002,1810076,43,seeker,no_ramp,1,1,0,0
V7E002,1810076,43,hider,no_ramp,0,1,0,0
V7E002,1810076,43,seeker,no_objects,1,1,0,0
V7E002,1810076,43,hider,no_objects,0,1,0,0
V7E002,1810077,43,seeker,full,1,34,2,1
V7E002,1810077,43,hider,full,0,35,0,0
V7E002,1810077,43,seeker,no_block,1,34,0,1
V7E002,1810077,43,hider,no_block,0,35,0,0
V7E002,1810077,43,seeker,no_ramp,1,39,2,0
V7E002,1810077,43,hider,no_ramp,0,39,0,0
V7E002,1810077,43,seeker,no_objects,1,39,0,0
V7E002,1810077,43,hider,no_objects,0,39,0,0
V7E002,1810078,43,seeker,full,0,100,2,0
V7E002,1810078,43,hider,full,0,23,0,0
V7E002,1810078,43,seeker,no_block,1,25,0,0
V7E002,1810078,43,hider,no_block,0,24,0,0
V7E002,1810078,43,seeker,no_ramp,0,100,2,0
V7E002,1810078,43,hider,no_ramp,0,23,0,0
V7E002,1810078,43,seeker,no_objects,1,25,0,0
V7E002,1810078,43,hider,no_objects,0,24,0,0
V7E002,1810079,43,seeker,full,1,8,0,0
V7E002,1810079,43,hider,full,1,100,0,0
V7E002,1810079,43,seeker,no_block,1,8,0,0
V7E002,1810079,43,hider,no_block,1,100,0,0
V7E002,1810079,43,seeker,no_ramp,1,8,0,0
V7E002,1810079,43,hider,no_ramp,1,100,0,0
V7E002,1810079,43,seeker,no_objects,1,8,0,0
V7E002,1810079,43,hider,no_objects,1,100,0,0
V7E002,1810080,43,seeker,full,1,3,0,0
V7E002,1810080,43,hider,full,1,100,0,0
V7E002,1810080,43,seeker,no_block,1,3,0,0
V7E002,1810080,43,hider,no_block,1,100,0,0
V7E002,1810080,43,seeker,no_ramp,1,3,0,0
V7E002,1810080,43,hider,no_ramp,1,100,0,0
V7E002,1810080,43,seeker,no_objects,1,3,0,0
V7E002,1810080,43,hider,no_objects,1,100,0,0
V7E002,1810081,43,seeker,full,1,20,2,0
V7E002,1810081,43,hider,full,0,25,0,0
V7E002,1810081,43,seeker,no_block,1,20,0,0
V7E002,1810081,43,hider,no_block,0,25,0,0
V7E002,1810081,43,seeker,no_ramp,1,20,2,0
V7E002,1810081,43,hider,no_ramp,0,25,0,0
V7E002,1810081,43,seeker,no_objects,1,20,0,0
V7E002,1810081,43,hider,no_objects,0,25,0,0
V7E002,1810082,43,seeker,full,1,1,0,0
V7E002,1810082,43,hider,full,0,1,0,0
V7E002,1810082,43,seeker,no_block,1,1,0,0
V7E002,1810082,43,hider,no_block,0,1,0,0
V7E002,1810082,43,seeker,no_ramp,1,1,0,0
V7E002,1810082,43,hider,no_ramp,0,1,0,0
V7E002,1810082,43,seeker,no_objects,1,1,0,0
V7E002,1810082,43,hider,no_objects,0,1,0,0
V7E002,1810083,43,seeker,full,1,19,2,0
V7E002,1810083,43,hider,full,0,22,0,0
V7E002,1810083,43,seeker,no_block,1,19,0,0
V7E002,1810083,43,hider,no_block,0,24,0,0
V7E002,1810083,43,seeker,no_ramp,1,19,2,0
V7E002,1810083,43,hider,no_ramp,0,22,0,0
V7E002,1810083,43,seeker,no_objects,1,19,0,0
V7E002,1810083,43,hider,no_objects,0,24,0,0
V7E002,1810084,43,seeker,full,1,21,2,0
V7E002,1810084,43,hider,full,0,33,0,0
V7E002,1810084,43,seeker,no_block,1,21,0,0
V7E002,1810084,43,hider,no_block,1,100,0,0
V7E002,1810084,43,seeker,no_ramp,1,21,2,0
V7E002,1810084,43,hider,no_ramp,0,33,0,0
V7E002,1810084,43,seeker,no_objects,1,21,0,0
V7E002,1810084,43,hider,no_objects,1,100,0,0
V7E002,1810085,43,seeker,full,1,4,0,0
V7E002,1810085,43,hider,full,1,100,0,0
V7E002,1810085,43,seeker,no_block,1,4,0,0
V7E002,1810085,43,hider,no_block,1,100,0,0
V7E002,1810085,43,seeker,no_ramp,1,4,0,0
V7E002,1810085,43,hider,no_ramp,1,100,0,0
V7E002,1810085,43,seeker,no_objects,1,4,0,0
V7E002,1810085,43,hider,no_objects,1,100,0,0
V7E002,1810086,43,seeker,full,0,100,2,0
V7E002,1810086,43,hider,full,0,16,1,0
V7E002,1810086,43,seeker,no_block,1,17,0,0
V7E002,1810086,43,hider,no_block,0,15,0,0
V7E002,1810086,43,seeker,no_ramp,0,100,2,0
V7E002,1810086,43,hider,no_ramp,0,16,1,0
V7E002,1810086,43,seeker,no_objects,1,17,0,0
V7E002,1810086,43,hider,no_objects,0,15,0,0
V7E002,1810087,43,seeker,full,0,100,2,1
V7E002,1810087,43,hider,full,0,34,0,0
V7E002,1810087,43,seeker,no_block,1,24,0,1
V7E002,1810087,43,hider,no_block,0,34,0,0
V7E002,1810087,43,seeker,no_ramp,0,100,2,0
V7E002,1810087,43,hider,no_ramp,0,38,0,0
V7E002,1810087,43,seeker,no_objects,1,39,0,0
V7E002,1810087,43,hider,no_objects,0,38,0,0
V7E002,1810088,43,seeker,full,1,1,0,0
V7E002,1810088,43,hider,full,0,1,0,0
V7E002,1810088,43,seeker,no_block,1,1,0,0
V7E002,1810088,43,hider,no_block,0,1,0,0
V7E002,1810088,43,seeker,no_ramp,1,1,0,0
V7E002,1810088,43,hider,no_ramp,0,1,0,0
V7E002,1810088,43,seeker,no_objects,1,1,0,0
V7E002,1810088,43,hider,no_objects,0,1,0,0
V7E002,1810089,43,seeker,full,1,51,3,0
V7E002,1810089,43,hider,full,0,50,0,0
V7E002,1810089,43,seeker,no_block,1,51,0,0
V7E002,1810089,43,hider,no_block,0,50,0,0
V7E002,1810089,43,seeker,no_ramp,1,51,3,0
V7E002,1810089,43,hider,no_ramp,0,50,0,0
V7E002,1810089,43,seeker,no_objects,1,51,0,0
V7E002,1810089,43,hider,no_objects,0,50,0,0
V7E002,1810090,43,seeker,full,0,100,2,1
V7E002,1810090,43,hider,full,0,33,1,0
V7E002,1810090,43,seeker,no_block,1,31,0,1
V7E002,1810090,43,hider,no_block,0,27,0,0
V7E002,1810090,43,seeker,no_ramp,0,100,2,0
V7E002,1810090,43,hider,no_ramp,0,39,1,0
V7E002,1810090,43,seeker,no_objects,1,40,0,0
V7E002,1810090,43,hider,no_objects,0,38,0,0
V7E002,1810091,43,seeker,full,1,2,0,0
V7E002,1810091,43,hider,full,0,2,0,0
V7E002,1810091,43,seeker,no_block,1,2,0,0
V7E002,1810091,43,hider,no_block,0,2,0,0
V7E002,1810091,43,seeker,no_ramp,1,2,0,0
V7E002,1810091,43,hider,no_ramp,0,2,0,0
V7E002,1810091,43,seeker,no_objects,1,2,0,0
V7E002,1810091,43,hider,no_objects,0,2,0,0
V7E002,1810092,43,seeker,full,1,36,2,0
V7E002,1810092,43,hider,full,0,35,0,0
V7E002,1810092,43,seeker,no_block,1,32,0,0
V7E002,1810092,43,hider,no_block,0,35,0,0
V7E002,1810092,43,seeker,no_ramp,1,36,2,0
V7E002,1810092,43,hider,no_ramp,0,35,0,0
V7E002,1810092,43,seeker,no_objects,1,36,0,0
V7E002,1810092,43,hider,no_objects,0,35,0,0
V7E002,1810093,43,seeker,full,1,31,2,0
V7E002,1810093,43,hider,full,0,31,0,0
V7E002,1810093,43,seeker,no_block,1,31,0,0
V7E002,1810093,43,hider,no_block,0,31,0,0
V7E002,1810093,43,seeker,no_ramp,1,31,2,0
V7E002,1810093,43,hider,no_ramp,0,31,0,0
V7E002,1810093,43,seeker,no_objects,1,31,0,0
V7E002,1810093,43,hider,no_objects,0,31,0,0
V7E002,1810094,43,seeker,full,1,9,0,0
V7E002,1810094,43,hider,full,0,7,0,0
V7E002,1810094,43,seeker,no_block,1,9,0,0
V7E002,1810094,43,hider,no_block,0,7,0,0
V7E002,1810094,43,seeker,no_ramp,1,9,0,0
V7E002,1810094,43,hider,no_ramp,0,7,0,0
V7E002,1810094,43,seeker,no_objects,1,9,0,0
V7E002,1810094,43,hider,no_objects,0,7,0,0
V7E002,1810095,43,seeker,full,1,3,0,0
V7E002,1810095,43,hider,full,0,3,0,0
V7E002,1810095,43,seeker,no_block,1,3,0,0
V7E002,1810095,43,hider,no_block,0,3,0,0
V7E002,1810095,43,seeker,no_ramp,1,3,0,0
V7E002,1810095,43,hider,no_ramp,0,3,0,0
V7E002,1810095,43,seeker,no_objects,1,3,0,0
V7E002,1810095,43,hider,no_objects,0,3,0,0
V7E002,1810096,43,seeker,full,1,2,0,0
V7E002,1810096,43,hider,full,0,2,0,0
V7E002,1810096,43,seeker,no_block,1,2,0,0
V7E002,1810096,43,hider,no_block,0,2,0,0
V7E002,1810096,43,seeker,no_ramp,1,2,0,0
V7E002,1810096,43,hider,no_ramp,0,2,0,0
V7E002,1810096,43,seeker,no_objects,1,2,0,0
V7E002,1810096,43,hider,no_objects,0,2,0,0
V7E002,1810097,43,seeker,full,1,2,0,0
V7E002,1810097,43,hider,full,0,2,0,0
V7E002,1810097,43,seeker,no_block,1,2,0,0
V7E002,1810097,43,hider,no_block,0,2,0,0
V7E002,1810097,43,seeker,no_ramp,1,2,0,0
V7E002,1810097,43,hider,no_ramp,0,2,0,0
V7E002,1810097,43,seeker,no_objects,1,2,0,0
V7E002,1810097,43,hider,no_objects,0,2,0,0
V7E002,1810098,43,seeker,full,1,51,3,0
V7E002,1810098,43,hider,full,0,50,0,0
V7E002,1810098,43,seeker,no_block,1,51,0,0
V7E002,1810098,43,hider,no_block,0,50,0,0
V7E002,1810098,43,seeker,no_ramp,1,51,3,0
V7E002,1810098,43,hider,no_ramp,0,50,0,0
V7E002,1810098,43,seeker,no_objects,1,51,0,0
V7E002,1810098,43,hider,no_objects,0,50,0,0
V7E002,1810099,43,seeker,full,1,33,2,0
V7E002,1810099,43,hider,full,0,30,0,0
V7E002,1810099,43,seeker,no_block,1,29,0,0
V7E002,1810099,43,hider,no_block,1,100,0,0
V7E002,1810099,43,seeker,no_ramp,1,33,2,0
V7E002,1810099,43,hider,no_ramp,0,30,0,0
V7E002,1810099,43,seeker,no_objects,1,33,0,0
V7E002,1810099,43,hider,no_objects,1,100,0,0
V7E003,1820000,43,seeker,full,1,4,0,0
V7E003,1820000,43,hider,full,0,3,0,0
V7E003,1820000,43,seeker,no_block,1,4,0,0
V7E003,1820000,43,hider,no_block,0,3,0,0
V7E003,1820000,43,seeker,no_ramp,1,4,0,0
V7E003,1820000,43,hider,no_ramp,0,3,0,0
V7E003,1820000,43,seeker,no_objects,1,4,0,0
V7E003,1820000,43,hider,no_objects,0,3,0,0
V7E003,1820001,43,seeker,full,1,26,2,0
V7E003,1820001,43,hider,full,0,37,0,0
V7E003,1820001,43,seeker,no_block,1,26,0,0
V7E003,1820001,43,hider,no_block,0,37,0,0
V7E003,1820001,43,seeker,no_ramp,1,26,2,0
V7E003,1820001,43,hider,no_ramp,0,37,0,0
V7E003,1820001,43,seeker,no_objects,1,26,0,0
V7E003,1820001,43,hider,no_objects,0,37,0,0
V7E003,1820002,43,seeker,full,1,25,2,0
V7E003,1820002,43,hider,full,0,36,0,0
V7E003,1820002,43,seeker,no_block,1,25,0,0
V7E003,1820002,43,hider,no_block,0,36,0,0
V7E003,1820002,43,seeker,no_ramp,1,25,2,0
V7E003,1820002,43,hider,no_ramp,0,36,0,0
V7E003,1820002,43,seeker,no_objects,1,25,0,0
V7E003,1820002,43,hider,no_objects,0,36,0,0
V7E003,1820003,43,seeker,full,1,33,5,0
V7E003,1820003,43,hider,full,0,26,0,0
V7E003,1820003,43,seeker,no_block,1,33,0,0
V7E003,1820003,43,hider,no_block,0,26,0,0
V7E003,1820003,43,seeker,no_ramp,1,33,5,0
V7E003,1820003,43,hider,no_ramp,0,26,0,0
V7E003,1820003,43,seeker,no_objects,1,33,0,0
V7E003,1820003,43,hider,no_objects,0,26,0,0
V7E003,1820004,43,seeker,full,1,7,2,0
V7E003,1820004,43,hider,full,1,100,0,0
V7E003,1820004,43,seeker,no_block,1,7,0,0
V7E003,1820004,43,hider,no_block,1,100,0,0
V7E003,1820004,43,seeker,no_ramp,1,7,2,0
V7E003,1820004,43,hider,no_ramp,1,100,0,0
V7E003,1820004,43,seeker,no_objects,1,7,0,0
V7E003,1820004,43,hider,no_objects,1,100,0,0
V7E003,1820005,43,seeker,full,1,1,0,0
V7E003,1820005,43,hider,full,0,1,0,0
V7E003,1820005,43,seeker,no_block,1,1,0,0
V7E003,1820005,43,hider,no_block,0,1,0,0
V7E003,1820005,43,seeker,no_ramp,1,1,0,0
V7E003,1820005,43,hider,no_ramp,0,1,0,0
V7E003,1820005,43,seeker,no_objects,1,1,0,0
V7E003,1820005,43,hider,no_objects,0,1,0,0
V7E003,1820006,43,seeker,full,1,6,0,0
V7E003,1820006,43,hider,full,0,4,0,0
V7E003,1820006,43,seeker,no_block,1,6,0,0
V7E003,1820006,43,hider,no_block,0,4,0,0
V7E003,1820006,43,seeker,no_ramp,1,6,0,0
V7E003,1820006,43,hider,no_ramp,0,4,0,0
V7E003,1820006,43,seeker,no_objects,1,6,0,0
V7E003,1820006,43,hider,no_objects,0,4,0,0
V7E003,1820007,43,seeker,full,1,20,2,0
V7E003,1820007,43,hider,full,0,32,0,0
V7E003,1820007,43,seeker,no_block,1,20,0,0
V7E003,1820007,43,hider,no_block,0,32,0,0
V7E003,1820007,43,seeker,no_ramp,1,20,2,0
V7E003,1820007,43,hider,no_ramp,0,32,0,0
V7E003,1820007,43,seeker,no_objects,1,20,0,0
V7E003,1820007,43,hider,no_objects,0,32,0,0
V7E003,1820008,43,seeker,full,1,7,0,0
V7E003,1820008,43,hider,full,1,100,0,0
V7E003,1820008,43,seeker,no_block,1,7,0,0
V7E003,1820008,43,hider,no_block,1,100,0,0
V7E003,1820008,43,seeker,no_ramp,1,7,0,0
V7E003,1820008,43,hider,no_ramp,1,100,0,0
V7E003,1820008,43,seeker,no_objects,1,7,0,0
V7E003,1820008,43,hider,no_objects,1,100,0,0
V7E003,1820009,43,seeker,full,1,34,4,0
V7E003,1820009,43,hider,full,0,33,0,0
V7E003,1820009,43,seeker,no_block,1,34,0,0
V7E003,1820009,43,hider,no_block,0,33,0,0
V7E003,1820009,43,seeker,no_ramp,1,34,4,0
V7E003,1820009,43,hider,no_ramp,0,33,0,0
V7E003,1820009,43,seeker,no_objects,1,34,0,0
V7E003,1820009,43,hider,no_objects,0,33,0,0
V7E003,1820010,43,seeker,full,1,4,0,0
V7E003,1820010,43,hider,full,0,4,2,0
V7E003,1820010,43,seeker,no_block,1,4,0,0
V7E003,1820010,43,hider,no_block,0,4,0,0
V7E003,1820010,43,seeker,no_ramp,1,4,0,0
V7E003,1820010,43,hider,no_ramp,0,4,2,0
V7E003,1820010,43,seeker,no_objects,1,4,0,0
V7E003,1820010,43,hider,no_objects,0,4,0,0
V7E003,1820011,43,seeker,full,1,6,2,0
V7E003,1820011,43,hider,full,0,3,1,0
V7E003,1820011,43,seeker,no_block,1,6,0,0
V7E003,1820011,43,hider,no_block,0,3,0,0
V7E003,1820011,43,seeker,no_ramp,1,6,2,0
V7E003,1820011,43,hider,no_ramp,0,3,1,0
V7E003,1820011,43,seeker,no_objects,1,6,0,0
V7E003,1820011,43,hider,no_objects,0,3,0,0
V7E003,1820012,43,seeker,full,1,16,2,1
V7E003,1820012,43,hider,full,0,9,2,0
V7E003,1820012,43,seeker,no_block,1,16,0,1
V7E003,1820012,43,hider,no_block,0,9,0,0
V7E003,1820012,43,seeker,no_ramp,1,21,2,0
V7E003,1820012,43,hider,no_ramp,1,100,2,0
V7E003,1820012,43,seeker,no_objects,1,21,0,0
V7E003,1820012,43,hider,no_objects,0,13,0,0
V7E003,1820013,43,seeker,full,0,100,1,0
V7E003,1820013,43,hider,full,0,33,0,0
V7E003,1820013,43,seeker,no_block,1,11,0,0
V7E003,1820013,43,hider,no_block,0,33,0,0
V7E003,1820013,43,seeker,no_ramp,0,100,1,0
V7E003,1820013,43,hider,no_ramp,0,33,0,0
V7E003,1820013,43,seeker,no_objects,1,11,0,0
V7E003,1820013,43,hider,no_objects,0,33,0,0
V7E003,1820014,43,seeker,full,1,1,0,0
V7E003,1820014,43,hider,full,0,1,0,0
V7E003,1820014,43,seeker,no_block,1,1,0,0
V7E003,1820014,43,hider,no_block,0,1,0,0
V7E003,1820014,43,seeker,no_ramp,1,1,0,0
V7E003,1820014,43,hider,no_ramp,0,1,0,0
V7E003,1820014,43,seeker,no_objects,1,1,0,0
V7E003,1820014,43,hider,no_objects,0,1,0,0
V7E003,1820015,43,seeker,full,1,13,0,1
V7E003,1820015,43,hider,full,1,100,0,0
V7E003,1820015,43,seeker,no_block,1,13,0,1
V7E003,1820015,43,hider,no_block,1,100,0,0
V7E003,1820015,43,seeker,no_ramp,1,18,0,0
V7E003,1820015,43,hider,no_ramp,1,100,0,0
V7E003,1820015,43,seeker,no_objects,1,18,0,0
V7E003,1820015,43,hider,no_objects,1,100,0,0
V7E003,1820016,43,seeker,full,1,3,0,0
V7E003,1820016,43,hider,full,0,10,0,0
V7E003,1820016,43,seeker,no_block,1,3,0,0
V7E003,1820016,43,hider,no_block,0,10,0,0
V7E003,1820016,43,seeker,no_ramp,1,3,0,0
V7E003,1820016,43,hider,no_ramp,0,10,0,0
V7E003,1820016,43,seeker,no_objects,1,3,0,0
V7E003,1820016,43,hider,no_objects,0,10,0,0
V7E003,1820017,43,seeker,full,1,46,6,1
V7E003,1820017,43,hider,full,0,45,0,0
V7E003,1820017,43,seeker,no_block,1,42,0,1
V7E003,1820017,43,hider,no_block,0,41,0,0
V7E003,1820017,43,seeker,no_ramp,1,5,0,0
V7E003,1820017,43,hider,no_ramp,1,100,0,0
V7E003,1820017,43,seeker,no_objects,1,5,0,0
V7E003,1820017,43,hider,no_objects,1,100,0,0
V7E003,1820018,43,seeker,full,1,49,5,0
V7E003,1820018,43,hider,full,0,47,0,0
V7E003,1820018,43,seeker,no_block,1,49,0,0
V7E003,1820018,43,hider,no_block,0,47,0,0
V7E003,1820018,43,seeker,no_ramp,1,49,5,0
V7E003,1820018,43,hider,no_ramp,0,47,0,0
V7E003,1820018,43,seeker,no_objects,1,49,0,0
V7E003,1820018,43,hider,no_objects,0,47,0,0
V7E003,1820019,43,seeker,full,1,51,6,0
V7E003,1820019,43,hider,full,0,39,0,0
V7E003,1820019,43,seeker,no_block,1,47,0,0
V7E003,1820019,43,hider,no_block,0,35,0,0
V7E003,1820019,43,seeker,no_ramp,1,51,6,0
V7E003,1820019,43,hider,no_ramp,0,39,0,0
V7E003,1820019,43,seeker,no_objects,1,47,0,0
V7E003,1820019,43,hider,no_objects,0,35,0,0
V7E003,1820020,43,seeker,full,1,5,0,0
V7E003,1820020,43,hider,full,1,100,0,0
V7E003,1820020,43,seeker,no_block,1,5,0,0
V7E003,1820020,43,hider,no_block,1,100,0,0
V7E003,1820020,43,seeker,no_ramp,1,5,0,0
V7E003,1820020,43,hider,no_ramp,1,100,0,0
V7E003,1820020,43,seeker,no_objects,1,5,0,0
V7E003,1820020,43,hider,no_objects,1,100,0,0
V7E003,1820021,43,seeker,full,1,47,6,0
V7E003,1820021,43,hider,full,0,43,0,0
V7E003,1820021,43,seeker,no_block,1,43,0,0
V7E003,1820021,43,hider,no_block,0,39,0,0
V7E003,1820021,43,seeker,no_ramp,1,47,6,0
V7E003,1820021,43,hider,no_ramp,0,43,0,0
V7E003,1820021,43,seeker,no_objects,1,43,0,0
V7E003,1820021,43,hider,no_objects,0,39,0,0
V7E003,1820022,43,seeker,full,1,11,0,1
V7E003,1820022,43,hider,full,0,6,0,0
V7E003,1820022,43,seeker,no_block,1,11,0,1
V7E003,1820022,43,hider,no_block,0,6,0,0
V7E003,1820022,43,seeker,no_ramp,1,16,0,0
V7E003,1820022,43,hider,no_ramp,0,9,0,0
V7E003,1820022,43,seeker,no_objects,1,16,0,0
V7E003,1820022,43,hider,no_objects,0,9,0,0
V7E003,1820023,43,seeker,full,1,42,5,0
V7E003,1820023,43,hider,full,0,36,0,0
V7E003,1820023,43,seeker,no_block,1,42,0,0
V7E003,1820023,43,hider,no_block,0,36,0,0
V7E003,1820023,43,seeker,no_ramp,1,42,5,0
V7E003,1820023,43,hider,no_ramp,0,36,0,0
V7E003,1820023,43,seeker,no_objects,1,42,0,0
V7E003,1820023,43,hider,no_objects,0,36,0,0
V7E003,1820024,43,seeker,full,1,4,0,0
V7E003,1820024,43,hider,full,0,2,0,0
V7E003,1820024,43,seeker,no_block,1,4,0,0
V7E003,1820024,43,hider,no_block,0,2,0,0
V7E003,1820024,43,seeker,no_ramp,1,4,0,0
V7E003,1820024,43,hider,no_ramp,0,2,0,0
V7E003,1820024,43,seeker,no_objects,1,4,0,0
V7E003,1820024,43,hider,no_objects,0,2,0,0
V7E003,1820025,43,seeker,full,1,2,0,0
V7E003,1820025,43,hider,full,0,1,0,0
V7E003,1820025,43,seeker,no_block,1,2,0,0
V7E003,1820025,43,hider,no_block,0,1,0,0
V7E003,1820025,43,seeker,no_ramp,1,2,0,0
V7E003,1820025,43,hider,no_ramp,0,1,0,0
V7E003,1820025,43,seeker,no_objects,1,2,0,0
V7E003,1820025,43,hider,no_objects,0,1,0,0
V7E003,1820026,43,seeker,full,1,53,6,0
V7E003,1820026,43,hider,full,0,37,0,0
V7E003,1820026,43,seeker,no_block,1,49,0,0
V7E003,1820026,43,hider,no_block,0,33,0,0
V7E003,1820026,43,seeker,no_ramp,1,53,6,0
V7E003,1820026,43,hider,no_ramp,0,37,0,0
V7E003,1820026,43,seeker,no_objects,1,49,0,0
V7E003,1820026,43,hider,no_objects,0,33,0,0
V7E003,1820027,43,seeker,full,1,51,6,0
V7E003,1820027,43,hider,full,0,50,0,0
V7E003,1820027,43,seeker,no_block,1,47,0,0
V7E003,1820027,43,hider,no_block,0,46,0,0
V7E003,1820027,43,seeker,no_ramp,1,51,6,0
V7E003,1820027,43,hider,no_ramp,0,50,0,0
V7E003,1820027,43,seeker,no_objects,1,47,0,0
V7E003,1820027,43,hider,no_objects,0,46,0,0
V7E003,1820028,43,seeker,full,1,27,2,0
V7E003,1820028,43,hider,full,0,38,0,0
V7E003,1820028,43,seeker,no_block,1,27,0,0
V7E003,1820028,43,hider,no_block,0,38,0,0
V7E003,1820028,43,seeker,no_ramp,1,27,2,0
V7E003,1820028,43,hider,no_ramp,0,38,0,0
V7E003,1820028,43,seeker,no_objects,1,27,0,0
V7E003,1820028,43,hider,no_objects,0,38,0,0
V7E003,1820029,43,seeker,full,1,38,5,0
V7E003,1820029,43,hider,full,0,32,0,0
V7E003,1820029,43,seeker,no_block,1,38,0,0
V7E003,1820029,43,hider,no_block,0,32,0,0
V7E003,1820029,43,seeker,no_ramp,1,38,5,0
V7E003,1820029,43,hider,no_ramp,0,32,0,0
V7E003,1820029,43,seeker,no_objects,1,38,0,0
V7E003,1820029,43,hider,no_objects,0,32,0,0
V7E003,1820030,43,seeker,full,1,11,2,0
V7E003,1820030,43,hider,full,1,100,0,0
V7E003,1820030,43,seeker,no_block,1,11,0,0
V7E003,1820030,43,hider,no_block,1,100,0,0
V7E003,1820030,43,seeker,no_ramp,1,11,2,0
V7E003,1820030,43,hider,no_ramp,1,100,0,0
V7E003,1820030,43,seeker,no_objects,1,11,0,0
V7E003,1820030,43,hider,no_objects,1,100,0,0
V7E003,1820031,43,seeker,full,1,56,6,1
V7E003,1820031,43,hider,full,0,52,0,0
V7E003,1820031,43,seeker,no_block,1,52,0,1
V7E003,1820031,43,hider,no_block,0,48,0,0
V7E003,1820031,43,seeker,no_ramp,1,7,0,0
V7E003,1820031,43,hider,no_ramp,0,5,0,0
V7E003,1820031,43,seeker,no_objects,1,7,0,0
V7E003,1820031,43,hider,no_objects,0,5,0,0
V7E003,1820032,43,seeker,full,1,1,0,0
V7E003,1820032,43,hider,full,0,1,0,0
V7E003,1820032,43,seeker,no_block,1,1,0,0
V7E003,1820032,43,hider,no_block,0,1,0,0
V7E003,1820032,43,seeker,no_ramp,1,1,0,0
V7E003,1820032,43,hider,no_ramp,0,1,0,0
V7E003,1820032,43,seeker,no_objects,1,1,0,0
V7E003,1820032,43,hider,no_objects,0,1,0,0
V7E003,1820033,43,seeker,full,1,47,6,0
V7E003,1820033,43,hider,full,0,43,0,0
V7E003,1820033,43,seeker,no_block,1,43,0,0
V7E003,1820033,43,hider,no_block,0,39,0,0
V7E003,1820033,43,seeker,no_ramp,1,47,6,0
V7E003,1820033,43,hider,no_ramp,0,43,0,0
V7E003,1820033,43,seeker,no_objects,1,43,0,0
V7E003,1820033,43,hider,no_objects,0,39,0,0
V7E003,1820034,43,seeker,full,1,5,2,0
V7E003,1820034,43,hider,full,1,100,0,0
V7E003,1820034,43,seeker,no_block,1,5,0,0
V7E003,1820034,43,hider,no_block,1,100,0,0
V7E003,1820034,43,seeker,no_ramp,1,5,2,0
V7E003,1820034,43,hider,no_ramp,1,100,0,0
V7E003,1820034,43,seeker,no_objects,1,5,0,0
V7E003,1820034,43,hider,no_objects,1,100,0,0
V7E003,1820035,43,seeker,full,1,40,5,0
V7E003,1820035,43,hider,full,0,32,0,0
V7E003,1820035,43,seeker,no_block,1,40,0,0
V7E003,1820035,43,hider,no_block,0,32,0,0
V7E003,1820035,43,seeker,no_ramp,1,40,5,0
V7E003,1820035,43,hider,no_ramp,0,32,0,0
V7E003,1820035,43,seeker,no_objects,1,40,0,0
V7E003,1820035,43,hider,no_objects,0,32,0,0
V7E003,1820036,43,seeker,full,1,9,2,0
V7E003,1820036,43,hider,full,1,100,0,0
V7E003,1820036,43,seeker,no_block,1,9,0,0
V7E003,1820036,43,hider,no_block,1,100,0,0
V7E003,1820036,43,seeker,no_ramp,1,9,2,0
V7E003,1820036,43,hider,no_ramp,1,100,0,0
V7E003,1820036,43,seeker,no_objects,1,9,0,0
V7E003,1820036,43,hider,no_objects,1,100,0,0
V7E003,1820037,43,seeker,full,1,16,2,1
V7E003,1820037,43,hider,full,0,9,2,0
V7E003,1820037,43,seeker,no_block,1,16,0,1
V7E003,1820037,43,hider,no_block,0,9,0,0
V7E003,1820037,43,seeker,no_ramp,1,21,2,0
V7E003,1820037,43,hider,no_ramp,0,14,2,0
V7E003,1820037,43,seeker,no_objects,1,21,0,0
V7E003,1820037,43,hider,no_objects,0,15,0,0
V7E003,1820038,43,seeker,full,1,3,0,0
V7E003,1820038,43,hider,full,0,10,0,0
V7E003,1820038,43,seeker,no_block,1,3,0,0
V7E003,1820038,43,hider,no_block,0,10,0,0
V7E003,1820038,43,seeker,no_ramp,1,3,0,0
V7E003,1820038,43,hider,no_ramp,0,10,0,0
V7E003,1820038,43,seeker,no_objects,1,3,0,0
V7E003,1820038,43,hider,no_objects,0,10,0,0
V7E003,1820039,43,seeker,full,1,21,2,0
V7E003,1820039,43,hider,full,0,33,0,0
V7E003,1820039,43,seeker,no_block,1,21,0,0
V7E003,1820039,43,hider,no_block,0,33,0,0
V7E003,1820039,43,seeker,no_ramp,1,21,2,0
V7E003,1820039,43,hider,no_ramp,0,33,0,0
V7E003,1820039,43,seeker,no_objects,1,21,0,0
V7E003,1820039,43,hider,no_objects,0,33,0,0
V7E003,1820040,43,seeker,full,1,5,0,0
V7E003,1820040,43,hider,full,0,3,0,0
V7E003,1820040,43,seeker,no_block,1,5,0,0
V7E003,1820040,43,hider,no_block,0,3,0,0
V7E003,1820040,43,seeker,no_ramp,1,5,0,0
V7E003,1820040,43,hider,no_ramp,0,3,0,0
V7E003,1820040,43,seeker,no_objects,1,5,0,0
V7E003,1820040,43,hider,no_objects,0,3,0,0
V7E003,1820041,43,seeker,full,1,35,4,0
V7E003,1820041,43,hider,full,0,34,0,0
V7E003,1820041,43,seeker,no_block,1,35,0,0
V7E003,1820041,43,hider,no_block,0,34,0,0
V7E003,1820041,43,seeker,no_ramp,1,35,4,0
V7E003,1820041,43,hider,no_ramp,0,34,0,0
V7E003,1820041,43,seeker,no_objects,1,35,0,0
V7E003,1820041,43,hider,no_objects,0,34,0,0
V7E003,1820042,43,seeker,full,1,6,0,0
V7E003,1820042,43,hider,full,0,5,0,0
V7E003,1820042,43,seeker,no_block,1,6,0,0
V7E003,1820042,43,hider,no_block,0,5,0,0
V7E003,1820042,43,seeker,no_ramp,1,6,0,0
V7E003,1820042,43,hider,no_ramp,0,5,0,0
V7E003,1820042,43,seeker,no_objects,1,6,0,0
V7E003,1820042,43,hider,no_objects,0,5,0,0
V7E003,1820043,43,seeker,full,1,46,5,0
V7E003,1820043,43,hider,full,0,43,0,0
V7E003,1820043,43,seeker,no_block,1,46,0,0
V7E003,1820043,43,hider,no_block,0,43,0,0
V7E003,1820043,43,seeker,no_ramp,1,46,5,0
V7E003,1820043,43,hider,no_ramp,0,43,0,0
V7E003,1820043,43,seeker,no_objects,1,46,0,0
V7E003,1820043,43,hider,no_objects,0,43,0,0
V7E003,1820044,43,seeker,full,1,7,2,0
V7E003,1820044,43,hider,full,1,100,0,0
V7E003,1820044,43,seeker,no_block,1,7,0,0
V7E003,1820044,43,hider,no_block,0,4,0,0
V7E003,1820044,43,seeker,no_ramp,1,7,2,0
V7E003,1820044,43,hider,no_ramp,1,100,0,0
V7E003,1820044,43,seeker,no_objects,1,7,0,0
V7E003,1820044,43,hider,no_objects,0,4,0,0
V7E003,1820045,43,seeker,full,1,12,0,0
V7E003,1820045,43,hider,full,1,100,0,0
V7E003,1820045,43,seeker,no_block,1,12,0,0
V7E003,1820045,43,hider,no_block,1,100,0,0
V7E003,1820045,43,seeker,no_ramp,1,12,0,0
V7E003,1820045,43,hider,no_ramp,1,100,0,0
V7E003,1820045,43,seeker,no_objects,1,12,0,0
V7E003,1820045,43,hider,no_objects,1,100,0,0
V7E003,1820046,43,seeker,full,1,57,6,0
V7E003,1820046,43,hider,full,0,54,0,0
V7E003,1820046,43,seeker,no_block,1,53,0,0
V7E003,1820046,43,hider,no_block,0,50,0,0
V7E003,1820046,43,seeker,no_ramp,1,57,6,0
V7E003,1820046,43,hider,no_ramp,0,54,0,0
V7E003,1820046,43,seeker,no_objects,1,53,0,0
V7E003,1820046,43,hider,no_objects,0,50,0,0
V7E003,1820047,43,seeker,full,1,5,0,0
V7E003,1820047,43,hider,full,1,100,2,0
V7E003,1820047,43,seeker,no_block,1,6,0,0
V7E003,1820047,43,hider,no_block,0,12,0,0
V7E003,1820047,43,seeker,no_ramp,1,5,0,0
V7E003,1820047,43,hider,no_ramp,0,8,2,0
V7E003,1820047,43,seeker,no_objects,1,6,0,0
V7E003,1820047,43,hider,no_objects,1,100,0,0
V7E003,1820048,43,seeker,full,1,4,0,0
V7E003,1820048,43,hider,full,0,8,0,0
V7E003,1820048,43,seeker,no_block,1,4,0,0
V7E003,1820048,43,hider,no_block,0,8,0,0
V7E003,1820048,43,seeker,no_ramp,1,4,0,0
V7E003,1820048,43,hider,no_ramp,0,8,0,0
V7E003,1820048,43,seeker,no_objects,1,4,0,0
V7E003,1820048,43,hider,no_objects,0,8,0,0
V7E003,1820049,43,seeker,full,1,49,6,0
V7E003,1820049,43,hider,full,0,43,0,0
V7E003,1820049,43,seeker,no_block,1,45,0,0
V7E003,1820049,43,hider,no_block,0,39,0,0
V7E003,1820049,43,seeker,no_ramp,1,49,6,0
V7E003,1820049,43,hider,no_ramp,0,43,0,0
V7E003,1820049,43,seeker,no_objects,1,45,0,0
V7E003,1820049,43,hider,no_objects,0,39,0,0
V7E003,1820050,43,seeker,full,1,1,0,0
V7E003,1820050,43,hider,full,0,1,0,0
V7E003,1820050,43,seeker,no_block,1,1,0,0
V7E003,1820050,43,hider,no_block,0,1,0,0
V7E003,1820050,43,seeker,no_ramp,1,1,0,0
V7E003,1820050,43,hider,no_ramp,0,1,0,0
V7E003,1820050,43,seeker,no_objects,1,1,0,0
V7E003,1820050,43,hider,no_objects,0,1,0,0
V7E003,1820051,43,seeker,full,1,44,5,0
V7E003,1820051,43,hider,full,0,36,0,0
V7E003,1820051,43,seeker,no_block,1,44,0,0
V7E003,1820051,43,hider,no_block,0,36,0,0
V7E003,1820051,43,seeker,no_ramp,1,44,5,0
V7E003,1820051,43,hider,no_ramp,0,36,0,0
V7E003,1820051,43,seeker,no_objects,1,44,0,0
V7E003,1820051,43,hider,no_objects,0,36,0,0
V7E003,1820052,43,seeker,full,0,100,1,0
V7E003,1820052,43,hider,full,0,32,0,0
V7E003,1820052,43,seeker,no_block,1,10,0,0
V7E003,1820052,43,hider,no_block,0,32,0,0
V7E003,1820052,43,seeker,no_ramp,0,100,1,0
V7E003,1820052,43,hider,no_ramp,0,32,0,0
V7E003,1820052,43,seeker,no_objects,1,10,0,0
V7E003,1820052,43,hider,no_objects,0,24,0,0
V7E003,1820053,43,seeker,full,1,5,2,0
V7E003,1820053,43,hider,full,1,100,0,0
V7E003,1820053,43,seeker,no_block,1,5,0,0
V7E003,1820053,43,hider,no_block,0,3,0,0
V7E003,1820053,43,seeker,no_ramp,1,5,2,0
V7E003,1820053,43,hider,no_ramp,1,100,0,0
V7E003,1820053,43,seeker,no_objects,1,5,0,0
V7E003,1820053,43,hider,no_objects,0,3,0,0
V7E003,1820054,43,seeker,full,1,7,0,0
V7E003,1820054,43,hider,full,0,11,0,0
V7E003,1820054,43,seeker,no_block,1,7,0,0
V7E003,1820054,43,hider,no_block,0,11,0,0
V7E003,1820054,43,seeker,no_ramp,1,7,0,0
V7E003,1820054,43,hider,no_ramp,0,11,0,0
V7E003,1820054,43,seeker,no_objects,1,7,0,0
V7E003,1820054,43,hider,no_objects,0,11,0,0
V7E003,1820055,43,seeker,full,1,3,0,0
V7E003,1820055,43,hider,full,0,2,0,0
V7E003,1820055,43,seeker,no_block,1,3,0,0
V7E003,1820055,43,hider,no_block,0,2,0,0
V7E003,1820055,43,seeker,no_ramp,1,3,0,0
V7E003,1820055,43,hider,no_ramp,0,2,0,0
V7E003,1820055,43,seeker,no_objects,1,3,0,0
V7E003,1820055,43,hider,no_objects,0,2,0,0
V7E003,1820056,43,seeker,full,1,44,6,0
V7E003,1820056,43,hider,full,0,43,0,0
V7E003,1820056,43,seeker,no_block,1,40,0,0
V7E003,1820056,43,hider,no_block,0,39,0,0
V7E003,1820056,43,seeker,no_ramp,1,44,6,0
V7E003,1820056,43,hider,no_ramp,0,43,0,0
V7E003,1820056,43,seeker,no_objects,1,40,0,0
V7E003,1820056,43,hider,no_objects,0,39,0,0
V7E003,1820057,43,seeker,full,1,11,0,0
V7E003,1820057,43,hider,full,1,100,0,0
V7E003,1820057,43,seeker,no_block,1,11,0,0
V7E003,1820057,43,hider,no_block,1,100,0,0
V7E003,1820057,43,seeker,no_ramp,1,11,0,0
V7E003,1820057,43,hider,no_ramp,1,100,0,0
V7E003,1820057,43,seeker,no_objects,1,11,0,0
V7E003,1820057,43,hider,no_objects,1,100,0,0
V7E003,1820058,43,seeker,full,1,36,4,0
V7E003,1820058,43,hider,full,0,35,0,0
V7E003,1820058,43,seeker,no_block,1,36,0,0
V7E003,1820058,43,hider,no_block,0,35,0,0
V7E003,1820058,43,seeker,no_ramp,1,36,4,0
V7E003,1820058,43,hider,no_ramp,0,35,0,0
V7E003,1820058,43,seeker,no_objects,1,36,0,0
V7E003,1820058,43,hider,no_objects,0,35,0,0
V7E003,1820059,43,seeker,full,1,5,2,0
V7E003,1820059,43,hider,full,1,100,0,0
V7E003,1820059,43,seeker,no_block,1,5,0,0
V7E003,1820059,43,hider,no_block,1,100,0,0
V7E003,1820059,43,seeker,no_ramp,1,5,2,0
V7E003,1820059,43,hider,no_ramp,1,100,0,0
V7E003,1820059,43,seeker,no_objects,1,5,0,0
V7E003,1820059,43,hider,no_objects,1,100,0,0
V7E003,1820060,43,seeker,full,1,1,0,0
V7E003,1820060,43,hider,full,0,1,0,0
V7E003,1820060,43,seeker,no_block,1,1,0,0
V7E003,1820060,43,hider,no_block,0,1,0,0
V7E003,1820060,43,seeker,no_ramp,1,1,0,0
V7E003,1820060,43,hider,no_ramp,0,1,0,0
V7E003,1820060,43,seeker,no_objects,1,1,0,0
V7E003,1820060,43,hider,no_objects,0,1,0,0
V7E003,1820061,43,seeker,full,1,4,0,0
V7E003,1820061,43,hider,full,0,3,0,0
V7E003,1820061,43,seeker,no_block,1,4,0,0
V7E003,1820061,43,hider,no_block,0,3,0,0
V7E003,1820061,43,seeker,no_ramp,1,4,0,0
V7E003,1820061,43,hider,no_ramp,0,3,0,0
V7E003,1820061,43,seeker,no_objects,1,4,0,0
V7E003,1820061,43,hider,no_objects,0,3,0,0
V7E003,1820062,43,seeker,full,1,2,0,0
V7E003,1820062,43,hider,full,0,1,0,0
V7E003,1820062,43,seeker,no_block,1,2,0,0
V7E003,1820062,43,hider,no_block,0,1,0,0
V7E003,1820062,43,seeker,no_ramp,1,2,0,0
V7E003,1820062,43,hider,no_ramp,0,1,0,0
V7E003,1820062,43,seeker,no_objects,1,2,0,0
V7E003,1820062,43,hider,no_objects,0,1,0,0
V7E003,1820063,43,seeker,full,1,7,0,0
V7E003,1820063,43,hider,full,0,5,0,0
V7E003,1820063,43,seeker,no_block,1,7,0,0
V7E003,1820063,43,hider,no_block,0,5,0,0
V7E003,1820063,43,seeker,no_ramp,1,7,0,0
V7E003,1820063,43,hider,no_ramp,0,5,0,0
V7E003,1820063,43,seeker,no_objects,1,7,0,0
V7E003,1820063,43,hider,no_objects,0,5,0,0
V7E003,1820064,43,seeker,full,1,50,6,0
V7E003,1820064,43,hider,full,0,40,0,0
V7E003,1820064,43,seeker,no_block,1,46,0,0
V7E003,1820064,43,hider,no_block,0,36,0,0
V7E003,1820064,43,seeker,no_ramp,1,50,6,0
V7E003,1820064,43,hider,no_ramp,0,40,0,0
V7E003,1820064,43,seeker,no_objects,1,46,0,0
V7E003,1820064,43,hider,no_objects,0,36,0,0
V7E003,1820065,43,seeker,full,1,4,0,0
V7E003,1820065,43,hider,full,0,3,0,0
V7E003,1820065,43,seeker,no_block,1,4,0,0
V7E003,1820065,43,hider,no_block,0,3,0,0
V7E003,1820065,43,seeker,no_ramp,1,4,0,0
V7E003,1820065,43,hider,no_ramp,0,3,0,0
V7E003,1820065,43,seeker,no_objects,1,4,0,0
V7E003,1820065,43,hider,no_objects,0,3,0,0
V7E003,1820066,43,seeker,full,1,12,0,1
V7E003,1820066,43,hider,full,1,100,0,0
V7E003,1820066,43,seeker,no_block,1,12,0,1
V7E003,1820066,43,hider,no_block,1,100,0,0
V7E003,1820066,43,seeker,no_ramp,1,15,0,0
V7E003,1820066,43,hider,no_ramp,1,100,0,0
V7E003,1820066,43,seeker,no_objects,1,15,0,0
V7E003,1820066,43,hider,no_objects,1,100,0,0
V7E003,1820067,43,seeker,full,1,3,0,0
V7E003,1820067,43,hider,full,0,2,0,0
V7E003,1820067,43,seeker,no_block,1,3,0,0
V7E003,1820067,43,hider,no_block,0,2,0,0
V7E003,1820067,43,seeker,no_ramp,1,3,0,0
V7E003,1820067,43,hider,no_ramp,0,2,0,0
V7E003,1820067,43,seeker,no_objects,1,3,0,0
V7E003,1820067,43,hider,no_objects,0,2,0,0
V7E003,1820068,43,seeker,full,1,41,5,0
V7E003,1820068,43,hider,full,0,34,0,0
V7E003,1820068,43,seeker,no_block,1,41,0,0
V7E003,1820068,43,hider,no_block,0,34,0,0
V7E003,1820068,43,seeker,no_ramp,1,41,5,0
V7E003,1820068,43,hider,no_ramp,0,34,0,0
V7E003,1820068,43,seeker,no_objects,1,41,0,0
V7E003,1820068,43,hider,no_objects,0,34,0,0
V7E003,1820069,43,seeker,full,1,18,2,1
V7E003,1820069,43,hider,full,1,100,0,0
V7E003,1820069,43,seeker,no_block,1,18,0,1
V7E003,1820069,43,hider,no_block,1,100,0,0
V7E003,1820069,43,seeker,no_ramp,1,23,2,0
V7E003,1820069,43,hider,no_ramp,1,100,0,0
V7E003,1820069,43,seeker,no_objects,1,23,0,0
V7E003,1820069,43,hider,no_objects,1,100,0,0
V7E003,1820070,43,seeker,full,1,1,0,0
V7E003,1820070,43,hider,full,0,1,0,0
V7E003,1820070,43,seeker,no_block,1,1,0,0
V7E003,1820070,43,hider,no_block,0,1,0,0
V7E003,1820070,43,seeker,no_ramp,1,1,0,0
V7E003,1820070,43,hider,no_ramp,0,1,0,0
V7E003,1820070,43,seeker,no_objects,1,1,0,0
V7E003,1820070,43,hider,no_objects,0,1,0,0
V7E003,1820071,43,seeker,full,1,39,4,0
V7E003,1820071,43,hider,full,0,38,0,0
V7E003,1820071,43,seeker,no_block,1,39,0,0
V7E003,1820071,43,hider,no_block,0,38,0,0
V7E003,1820071,43,seeker,no_ramp,1,39,4,0
V7E003,1820071,43,hider,no_ramp,0,38,0,0
V7E003,1820071,43,seeker,no_objects,1,39,0,0
V7E003,1820071,43,hider,no_objects,0,38,0,0
V7E003,1820072,43,seeker,full,1,53,6,0
V7E003,1820072,43,hider,full,0,52,0,0
V7E003,1820072,43,seeker,no_block,1,49,0,0
V7E003,1820072,43,hider,no_block,0,48,0,0
V7E003,1820072,43,seeker,no_ramp,1,53,6,0
V7E003,1820072,43,hider,no_ramp,0,52,0,0
V7E003,1820072,43,seeker,no_objects,1,49,0,0
V7E003,1820072,43,hider,no_objects,0,48,0,0
V7E003,1820073,43,seeker,full,1,51,6,0
V7E003,1820073,43,hider,full,0,48,0,0
V7E003,1820073,43,seeker,no_block,1,47,0,0
V7E003,1820073,43,hider,no_block,0,44,0,0
V7E003,1820073,43,seeker,no_ramp,1,51,6,0
V7E003,1820073,43,hider,no_ramp,0,48,0,0
V7E003,1820073,43,seeker,no_objects,1,47,0,0
V7E003,1820073,43,hider,no_objects,0,44,0,0
V7E003,1820074,43,seeker,full,1,8,2,0
V7E003,1820074,43,hider,full,1,100,0,0
V7E003,1820074,43,seeker,no_block,1,8,0,0
V7E003,1820074,43,hider,no_block,1,100,0,0
V7E003,1820074,43,seeker,no_ramp,1,8,2,0
V7E003,1820074,43,hider,no_ramp,1,100,0,0
V7E003,1820074,43,seeker,no_objects,1,8,0,0
V7E003,1820074,43,hider,no_objects,1,100,0,0
V7E003,1820075,43,seeker,full,1,14,0,1
V7E003,1820075,43,hider,full,1,100,0,0
V7E003,1820075,43,seeker,no_block,1,14,0,1
V7E003,1820075,43,hider,no_block,1,100,0,0
V7E003,1820075,43,seeker,no_ramp,1,19,0,0
V7E003,1820075,43,hider,no_ramp,1,100,0,0
V7E003,1820075,43,seeker,no_objects,1,19,0,0
V7E003,1820075,43,hider,no_objects,0,16,0,0
V7E003,1820076,43,seeker,full,1,11,0,0
V7E003,1820076,43,hider,full,1,100,0,0
V7E003,1820076,43,seeker,no_block,1,11,0,0
V7E003,1820076,43,hider,no_block,1,100,0,0
V7E003,1820076,43,seeker,no_ramp,1,11,0,0
V7E003,1820076,43,hider,no_ramp,1,100,0,0
V7E003,1820076,43,seeker,no_objects,1,11,0,0
V7E003,1820076,43,hider,no_objects,1,100,0,0
V7E003,1820077,43,seeker,full,1,11,2,0
V7E003,1820077,43,hider,full,1,100,0,0
V7E003,1820077,43,seeker,no_block,1,11,0,0
V7E003,1820077,43,hider,no_block,1,100,0,0
V7E003,1820077,43,seeker,no_ramp,1,11,2,0
V7E003,1820077,43,hider,no_ramp,1,100,0,0
V7E003,1820077,43,seeker,no_objects,1,11,0,0
V7E003,1820077,43,hider,no_objects,1,100,0,0
V7E003,1820078,43,seeker,full,1,47,5,0
V7E003,1820078,43,hider,full,0,45,0,0
V7E003,1820078,43,seeker,no_block,1,47,0,0
V7E003,1820078,43,hider,no_block,0,45,0,0
V7E003,1820078,43,seeker,no_ramp,1,47,5,0
V7E003,1820078,43,hider,no_ramp,0,45,0,0
V7E003,1820078,43,seeker,no_objects,1,47,0,0
V7E003,1820078,43,hider,no_objects,0,45,0,0
V7E003,1820079,43,seeker,full,1,26,2,0
V7E003,1820079,43,hider,full,0,38,0,0
V7E003,1820079,43,seeker,no_block,1,26,0,0
V7E003,1820079,43,hider,no_block,0,38,0,0
V7E003,1820079,43,seeker,no_ramp,1,26,2,0
V7E003,1820079,43,hider,no_ramp,0,38,0,0
V7E003,1820079,43,seeker,no_objects,1,26,0,0
V7E003,1820079,43,hider,no_objects,0,38,0,0
V7E003,1820080,43,seeker,full,1,44,5,0
V7E003,1820080,43,hider,full,0,36,0,0
V7E003,1820080,43,seeker,no_block,1,44,0,0
V7E003,1820080,43,hider,no_block,0,36,0,0
V7E003,1820080,43,seeker,no_ramp,1,44,5,0
V7E003,1820080,43,hider,no_ramp,0,36,0,0
V7E003,1820080,43,seeker,no_objects,1,44,0,0
V7E003,1820080,43,hider,no_objects,0,36,0,0
V7E003,1820081,43,seeker,full,1,24,2,0
V7E003,1820081,43,hider,full,0,36,0,0
V7E003,1820081,43,seeker,no_block,1,24,0,0
V7E003,1820081,43,hider,no_block,0,36,0,0
V7E003,1820081,43,seeker,no_ramp,1,24,2,0
V7E003,1820081,43,hider,no_ramp,0,36,0,0
V7E003,1820081,43,seeker,no_objects,1,24,0,0
V7E003,1820081,43,hider,no_objects,0,36,0,0
V7E003,1820082,43,seeker,full,1,8,2,0
V7E003,1820082,43,hider,full,1,100,0,0
V7E003,1820082,43,seeker,no_block,1,8,0,0
V7E003,1820082,43,hider,no_block,1,100,0,0
V7E003,1820082,43,seeker,no_ramp,1,8,2,0
V7E003,1820082,43,hider,no_ramp,1,100,0,0
V7E003,1820082,43,seeker,no_objects,1,8,0,0
V7E003,1820082,43,hider,no_objects,1,100,0,0
V7E003,1820083,43,seeker,full,1,6,0,0
V7E003,1820083,43,hider,full,1,100,0,0
V7E003,1820083,43,seeker,no_block,1,6,0,0
V7E003,1820083,43,hider,no_block,1,100,0,0
V7E003,1820083,43,seeker,no_ramp,1,6,0,0
V7E003,1820083,43,hider,no_ramp,1,100,0,0
V7E003,1820083,43,seeker,no_objects,1,6,0,0
V7E003,1820083,43,hider,no_objects,1,100,0,0
V7E003,1820084,43,seeker,full,1,4,0,0
V7E003,1820084,43,hider,full,0,3,0,0
V7E003,1820084,43,seeker,no_block,1,4,0,0
V7E003,1820084,43,hider,no_block,0,3,0,0
V7E003,1820084,43,seeker,no_ramp,1,4,0,0
V7E003,1820084,43,hider,no_ramp,0,3,0,0
V7E003,1820084,43,seeker,no_objects,1,4,0,0
V7E003,1820084,43,hider,no_objects,0,3,0,0
V7E003,1820085,43,seeker,full,1,50,6,0
V7E003,1820085,43,hider,full,0,40,0,0
V7E003,1820085,43,seeker,no_block,1,46,0,0
V7E003,1820085,43,hider,no_block,0,36,0,0
V7E003,1820085,43,seeker,no_ramp,1,50,6,0
V7E003,1820085,43,hider,no_ramp,0,40,0,0
V7E003,1820085,43,seeker,no_objects,1,46,0,0
V7E003,1820085,43,hider,no_objects,0,36,0,0
V7E003,1820086,43,seeker,full,1,48,5,0
V7E003,1820086,43,hider,full,0,45,0,0
V7E003,1820086,43,seeker,no_block,1,48,0,0
V7E003,1820086,43,hider,no_block,0,45,0,0
V7E003,1820086,43,seeker,no_ramp,1,48,5,0
V7E003,1820086,43,hider,no_ramp,0,45,0,0
V7E003,1820086,43,seeker,no_objects,1,48,0,0
V7E003,1820086,43,hider,no_objects,0,45,0,0
V7E003,1820087,43,seeker,full,1,24,2,0
V7E003,1820087,43,hider,full,0,35,0,0
V7E003,1820087,43,seeker,no_block,1,24,0,0
V7E003,1820087,43,hider,no_block,0,35,0,0
V7E003,1820087,43,seeker,no_ramp,1,24,2,0
V7E003,1820087,43,hider,no_ramp,0,35,0,0
V7E003,1820087,43,seeker,no_objects,1,24,0,0
V7E003,1820087,43,hider,no_objects,0,35,0,0
V7E003,1820088,43,seeker,full,1,17,0,1
V7E003,1820088,43,hider,full,1,100,0,0
V7E003,1820088,43,seeker,no_block,1,17,0,1
V7E003,1820088,43,hider,no_block,1,100,0,0
V7E003,1820088,43,seeker,no_ramp,1,22,0,0
V7E003,1820088,43,hider,no_ramp,1,100,0,0
V7E003,1820088,43,seeker,no_objects,1,22,0,0
V7E003,1820088,43,hider,no_objects,1,100,0,0
V7E003,1820089,43,seeker,full,1,10,2,0
V7E003,1820089,43,hider,full,1,100,0,0
V7E003,1820089,43,seeker,no_block,1,10,0,0
V7E003,1820089,43,hider,no_block,1,100,0,0
V7E003,1820089,43,seeker,no_ramp,1,10,2,0
V7E003,1820089,43,hider,no_ramp,1,100,0,0
V7E003,1820089,43,seeker,no_objects,1,10,0,0
V7E003,1820089,43,hider,no_objects,1,100,0,0
V7E003,1820090,43,seeker,full,1,49,5,0
V7E003,1820090,43,hider,full,0,46,0,0
V7E003,1820090,43,seeker,no_block,1,49,0,0
V7E003,1820090,43,hider,no_block,0,46,0,0
V7E003,1820090,43,seeker,no_ramp,1,49,5,0
V7E003,1820090,43,hider,no_ramp,0,46,0,0
V7E003,1820090,43,seeker,no_objects,1,49,0,0
V7E003,1820090,43,hider,no_objects,0,46,0,0
V7E003,1820091,43,seeker,full,1,5,0,0
V7E003,1820091,43,hider,full,0,9,0,0
V7E003,1820091,43,seeker,no_block,1,5,0,0
V7E003,1820091,43,hider,no_block,0,9,0,0
V7E003,1820091,43,seeker,no_ramp,1,5,0,0
V7E003,1820091,43,hider,no_ramp,0,9,0,0
V7E003,1820091,43,seeker,no_objects,1,5,0,0
V7E003,1820091,43,hider,no_objects,0,9,0,0
V7E003,1820092,43,seeker,full,1,8,0,0
V7E003,1820092,43,hider,full,0,5,0,0
V7E003,1820092,43,seeker,no_block,1,8,0,0
V7E003,1820092,43,hider,no_block,0,5,0,0
V7E003,1820092,43,seeker,no_ramp,1,8,0,0
V7E003,1820092,43,hider,no_ramp,0,5,0,0
V7E003,1820092,43,seeker,no_objects,1,8,0,0
V7E003,1820092,43,hider,no_objects,0,5,0,0
V7E003,1820093,43,seeker,full,1,36,4,0
V7E003,1820093,43,hider,full,0,35,0,0
V7E003,1820093,43,seeker,no_block,1,36,0,0
V7E003,1820093,43,hider,no_block,0,35,0,0
V7E003,1820093,43,seeker,no_ramp,1,36,4,0
V7E003,1820093,43,hider,no_ramp,0,35,0,0
V7E003,1820093,43,seeker,no_objects,1,36,0,0
V7E003,1820093,43,hider,no_objects,0,35,0,0
V7E003,1820094,43,seeker,full,1,38,4,0
V7E003,1820094,43,hider,full,0,37,0,0
V7E003,1820094,43,seeker,no_block,1,38,0,0
V7E003,1820094,43,hider,no_block,0,37,0,0
V7E003,1820094,43,seeker,no_ramp,1,38,4,0
V7E003,1820094,43,hider,no_ramp,0,37,0,0
V7E003,1820094,43,seeker,no_objects,1,38,0,0
V7E003,1820094,43,hider,no_objects,0,37,0,0
V7E003,1820095,43,seeker,full,1,52,6,0
V7E003,1820095,43,hider,full,0,50,0,0
V7E003,1820095,43,seeker,no_block,1,48,0,0
V7E003,1820095,43,hider,no_block,0,46,0,0
V7E003,1820095,43,seeker,no_ramp,1,52,6,0
V7E003,1820095,43,hider,no_ramp,0,50,0,0
V7E003,1820095,43,seeker,no_objects,1,48,0,0
V7E003,1820095,43,hider,no_objects,0,46,0,0
V7E003,1820096,43,seeker,full,0,100,0,0
V7E003,1820096,43,hider,full,1,100,0,0
V7E003,1820096,43,seeker,no_block,1,3,0,0
V7E003,1820096,43,hider,no_block,0,3,0,0
V7E003,1820096,43,seeker,no_ramp,0,100,0,0
V7E003,1820096,43,hider,no_ramp,1,100,0,0
V7E003,1820096,43,seeker,no_objects,1,3,0,0
V7E003,1820096,43,hider,no_objects,0,3,0,0
V7E003,1820097,43,seeker,full,1,7,0,0
V7E003,1820097,43,hider,full,1,100,0,0
V7E003,1820097,43,seeker,no_block,1,7,0,0
V7E003,1820097,43,hider,no_block,1,100,0,0
V7E003,1820097,43,seeker,no_ramp,1,7,0,0
V7E003,1820097,43,hider,no_ramp,1,100,0,0
V7E003,1820097,43,seeker,no_objects,1,7,0,0
V7E003,1820097,43,hider,no_objects,1,100,0,0
V7E003,1820098,43,seeker,full,1,8,2,1
V7E003,1820098,43,hider,full,0,4,2,0
V7E003,1820098,43,seeker,no_block,1,8,0,1
V7E003,1820098,43,hider,no_block,0,5,0,0
V7E003,1820098,43,seeker,no_ramp,1,27,2,0
V7E003,1820098,43,hider,no_ramp,0,21,2,0
V7E003,1820098,43,seeker,no_objects,1,27,0,0
V7E003,1820098,43,hider,no_objects,0,22,0,0
V7E003,1820099,43,seeker,full,1,17,2,1
V7E003,1820099,43,hider,full,0,11,2,0
V7E003,1820099,43,seeker,no_block,1,17,0,1
V7E003,1820099,43,hider,no_block,0,11,0,0
V7E003,1820099,43,seeker,no_ramp,1,22,2,0
V7E003,1820099,43,hider,no_ramp,1,100,2,0
V7E003,1820099,43,seeker,no_objects,1,22,0,0
V7E003,1820099,43,hider,no_objects,0,15,0,0
V7E004,1830000,43,seeker,full,1,41,0,0
V7E004,1830000,43,hider,full,0,40,2,0
V7E004,1830000,43,seeker,no_block,1,42,0,0
V7E004,1830000,43,hider,no_block,0,41,0,0
V7E004,1830000,43,seeker,no_ramp,1,41,0,0
V7E004,1830000,43,hider,no_ramp,0,40,2,0
V7E004,1830000,43,seeker,no_objects,1,42,0,0
V7E004,1830000,43,hider,no_objects,0,41,0,0
V7E004,1830001,43,seeker,full,1,17,2,0
V7E004,1830001,43,hider,full,1,100,0,0
V7E004,1830001,43,seeker,no_block,1,17,0,0
V7E004,1830001,43,hider,no_block,1,100,0,0
V7E004,1830001,43,seeker,no_ramp,1,17,2,0
V7E004,1830001,43,hider,no_ramp,1,100,0,0
V7E004,1830001,43,seeker,no_objects,1,17,0,0
V7E004,1830001,43,hider,no_objects,1,100,0,0
V7E004,1830002,43,seeker,full,1,50,2,0
V7E004,1830002,43,hider,full,0,46,0,0
V7E004,1830002,43,seeker,no_block,1,50,0,0
V7E004,1830002,43,hider,no_block,0,46,0,0
V7E004,1830002,43,seeker,no_ramp,1,50,2,0
V7E004,1830002,43,hider,no_ramp,1,100,0,0
V7E004,1830002,43,seeker,no_objects,1,50,0,0
V7E004,1830002,43,hider,no_objects,0,46,0,0
V7E004,1830003,43,seeker,full,1,4,0,1
V7E004,1830003,43,hider,full,0,9,2,0
V7E004,1830003,43,seeker,no_block,1,4,0,1
V7E004,1830003,43,hider,no_block,0,10,0,0
V7E004,1830003,43,seeker,no_ramp,1,17,2,0
V7E004,1830003,43,hider,no_ramp,0,11,2,0
V7E004,1830003,43,seeker,no_objects,1,17,0,0
V7E004,1830003,43,hider,no_objects,1,100,0,0
V7E004,1830004,43,seeker,full,1,3,0,0
V7E004,1830004,43,hider,full,1,100,0,0
V7E004,1830004,43,seeker,no_block,1,3,0,0
V7E004,1830004,43,hider,no_block,1,100,0,0
V7E004,1830004,43,seeker,no_ramp,1,3,0,0
V7E004,1830004,43,hider,no_ramp,1,100,0,0
V7E004,1830004,43,seeker,no_objects,1,3,0,0
V7E004,1830004,43,hider,no_objects,1,100,0,0
V7E004,1830005,43,seeker,full,1,42,2,0
V7E004,1830005,43,hider,full,1,100,0,0
V7E004,1830005,43,seeker,no_block,1,42,0,0
V7E004,1830005,43,hider,no_block,0,39,0,0
V7E004,1830005,43,seeker,no_ramp,1,42,2,0
V7E004,1830005,43,hider,no_ramp,1,100,0,0
V7E004,1830005,43,seeker,no_objects,1,42,0,0
V7E004,1830005,43,hider,no_objects,0,39,0,0
V7E004,1830006,43,seeker,full,1,7,0,0
V7E004,1830006,43,hider,full,0,4,0,0
V7E004,1830006,43,seeker,no_block,1,7,0,0
V7E004,1830006,43,hider,no_block,0,4,0,0
V7E004,1830006,43,seeker,no_ramp,1,7,0,0
V7E004,1830006,43,hider,no_ramp,0,4,0,0
V7E004,1830006,43,seeker,no_objects,1,7,0,0
V7E004,1830006,43,hider,no_objects,0,4,0,0
V7E004,1830007,43,seeker,full,1,45,2,0
V7E004,1830007,43,hider,full,0,44,0,0
V7E004,1830007,43,seeker,no_block,1,45,0,0
V7E004,1830007,43,hider,no_block,0,44,0,0
V7E004,1830007,43,seeker,no_ramp,1,45,2,0
V7E004,1830007,43,hider,no_ramp,1,100,0,0
V7E004,1830007,43,seeker,no_objects,1,45,0,0
V7E004,1830007,43,hider,no_objects,0,44,0,0
V7E004,1830008,43,seeker,full,1,4,0,0
V7E004,1830008,43,hider,full,0,3,0,0
V7E004,1830008,43,seeker,no_block,1,4,0,0
V7E004,1830008,43,hider,no_block,0,3,0,0
V7E004,1830008,43,seeker,no_ramp,1,4,0,0
V7E004,1830008,43,hider,no_ramp,0,2,0,0
V7E004,1830008,43,seeker,no_objects,1,4,0,0
V7E004,1830008,43,hider,no_objects,0,3,0,0
V7E004,1830009,43,seeker,full,1,7,0,1
V7E004,1830009,43,hider,full,0,11,2,0
V7E004,1830009,43,seeker,no_block,1,7,0,1
V7E004,1830009,43,hider,no_block,0,12,0,0
V7E004,1830009,43,seeker,no_ramp,1,18,2,0
V7E004,1830009,43,hider,no_ramp,0,13,2,0
V7E004,1830009,43,seeker,no_objects,1,18,0,0
V7E004,1830009,43,hider,no_objects,1,100,0,0
V7E004,1830010,43,seeker,full,1,45,2,0
V7E004,1830010,43,hider,full,0,41,0,0
V7E004,1830010,43,seeker,no_block,1,45,0,0
V7E004,1830010,43,hider,no_block,0,41,0,0
V7E004,1830010,43,seeker,no_ramp,1,45,2,0
V7E004,1830010,43,hider,no_ramp,1,100,0,0
V7E004,1830010,43,seeker,no_objects,1,45,0,0
V7E004,1830010,43,hider,no_objects,0,41,0,0
V7E004,1830011,43,seeker,full,1,35,0,0
V7E004,1830011,43,hider,full,0,34,2,0
V7E004,1830011,43,seeker,no_block,1,36,0,0
V7E004,1830011,43,hider,no_block,0,35,0,0
V7E004,1830011,43,seeker,no_ramp,1,35,0,0
V7E004,1830011,43,hider,no_ramp,0,34,2,0
V7E004,1830011,43,seeker,no_objects,1,36,0,0
V7E004,1830011,43,hider,no_objects,0,35,0,0
V7E004,1830012,43,seeker,full,1,17,2,0
V7E004,1830012,43,hider,full,0,14,0,0
V7E004,1830012,43,seeker,no_block,1,17,0,0
V7E004,1830012,43,hider,no_block,0,14,0,0
V7E004,1830012,43,seeker,no_ramp,1,17,2,0
V7E004,1830012,43,hider,no_ramp,0,14,0,0
V7E004,1830012,43,seeker,no_objects,1,17,0,0
V7E004,1830012,43,hider,no_objects,0,14,0,0
V7E004,1830013,43,seeker,full,1,40,2,0
V7E004,1830013,43,hider,full,0,39,0,0
V7E004,1830013,43,seeker,no_block,1,40,0,0
V7E004,1830013,43,hider,no_block,0,39,0,0
V7E004,1830013,43,seeker,no_ramp,1,40,2,0
V7E004,1830013,43,hider,no_ramp,1,100,0,0
V7E004,1830013,43,seeker,no_objects,1,40,0,0
V7E004,1830013,43,hider,no_objects,0,39,0,0
V7E004,1830014,43,seeker,full,1,4,0,1
V7E004,1830014,43,hider,full,0,4,0,0
V7E004,1830014,43,seeker,no_block,1,4,0,1
V7E004,1830014,43,hider,no_block,0,4,0,0
V7E004,1830014,43,seeker,no_ramp,1,20,2,0
V7E004,1830014,43,hider,no_ramp,0,14,0,0
V7E004,1830014,43,seeker,no_objects,1,20,0,0
V7E004,1830014,43,hider,no_objects,0,19,0,0
V7E004,1830015,43,seeker,full,1,28,0,0
V7E004,1830015,43,hider,full,0,41,2,0
V7E004,1830015,43,seeker,no_block,1,28,0,0
V7E004,1830015,43,hider,no_block,0,36,0,0
V7E004,1830015,43,seeker,no_ramp,1,28,0,0
V7E004,1830015,43,hider,no_ramp,0,41,2,0
V7E004,1830015,43,seeker,no_objects,1,28,0,0
V7E004,1830015,43,hider,no_objects,0,42,0,0
V7E004,1830016,43,seeker,full,1,5,0,0
V7E004,1830016,43,hider,full,0,3,0,0
V7E004,1830016,43,seeker,no_block,1,5,0,0
V7E004,1830016,43,hider,no_block,0,3,0,0
V7E004,1830016,43,seeker,no_ramp,1,5,0,0
V7E004,1830016,43,hider,no_ramp,0,3,0,0
V7E004,1830016,43,seeker,no_objects,1,5,0,0
V7E004,1830016,43,hider,no_objects,0,3,0,0
V7E004,1830017,43,seeker,full,1,3,0,0
V7E004,1830017,43,hider,full,0,8,2,0
V7E004,1830017,43,seeker,no_block,1,3,0,0
V7E004,1830017,43,hider,no_block,0,9,0,0
V7E004,1830017,43,seeker,no_ramp,1,3,0,0
V7E004,1830017,43,hider,no_ramp,0,8,2,0
V7E004,1830017,43,seeker,no_objects,1,3,0,0
V7E004,1830017,43,hider,no_objects,0,9,0,0
V7E004,1830018,43,seeker,full,1,17,0,1
V7E004,1830018,43,hider,full,1,100,0,0
V7E004,1830018,43,seeker,no_block,1,17,0,1
V7E004,1830018,43,hider,no_block,1,100,0,0
V7E004,1830018,43,seeker,no_ramp,1,38,2,0
V7E004,1830018,43,hider,no_ramp,1,100,0,0
V7E004,1830018,43,seeker,no_objects,1,38,0,0
V7E004,1830018,43,hider,no_objects,1,100,0,0
V7E004,1830019,43,seeker,full,0,100,1,0
V7E004,1830019,43,hider,full,1,100,0,0
V7E004,1830019,43,seeker,no_block,1,3,0,0
V7E004,1830019,43,hider,no_block,0,2,0,0
V7E004,1830019,43,seeker,no_ramp,0,100,1,0
V7E004,1830019,43,hider,no_ramp,1,100,0,0
V7E004,1830019,43,seeker,no_objects,1,3,0,0
V7E004,1830019,43,hider,no_objects,0,2,0,0
V7E004,1830020,43,seeker,full,1,13,0,0
V7E004,1830020,43,hider,full,1,100,0,0
V7E004,1830020,43,seeker,no_block,1,13,0,0
V7E004,1830020,43,hider,no_block,1,100,0,0
V7E004,1830020,43,seeker,no_ramp,1,13,0,0
V7E004,1830020,43,hider,no_ramp,1,100,0,0
V7E004,1830020,43,seeker,no_objects,1,13,0,0
V7E004,1830020,43,hider,no_objects,1,100,0,0
V7E004,1830021,43,seeker,full,1,8,0,0
V7E004,1830021,43,hider,full,1,100,0,0
V7E004,1830021,43,seeker,no_block,1,8,0,0
V7E004,1830021,43,hider,no_block,1,100,0,0
V7E004,1830021,43,seeker,no_ramp,1,8,0,0
V7E004,1830021,43,hider,no_ramp,1,100,0,0
V7E004,1830021,43,seeker,no_objects,1,8,0,0
V7E004,1830021,43,hider,no_objects,1,100,0,0
V7E004,1830022,43,seeker,full,1,41,0,0
V7E004,1830022,43,hider,full,0,40,2,0
V7E004,1830022,43,seeker,no_block,1,42,0,0
V7E004,1830022,43,hider,no_block,0,41,0,0
V7E004,1830022,43,seeker,no_ramp,1,41,0,0
V7E004,1830022,43,hider,no_ramp,0,40,2,0
V7E004,1830022,43,seeker,no_objects,1,42,0,0
V7E004,1830022,43,hider,no_objects,0,41,0,0
V7E004,1830023,43,seeker,full,1,50,2,0
V7E004,1830023,43,hider,full,0,46,0,0
V7E004,1830023,43,seeker,no_block,1,50,0,0
V7E004,1830023,43,hider,no_block,0,46,0,0
V7E004,1830023,43,seeker,no_ramp,1,50,2,0
V7E004,1830023,43,hider,no_ramp,0,46,0,0
V7E004,1830023,43,seeker,no_objects,1,50,0,0
V7E004,1830023,43,hider,no_objects,0,46,0,0
V7E004,1830024,43,seeker,full,1,4,0,0
V7E004,1830024,43,hider,full,1,100,0,0
V7E004,1830024,43,seeker,no_block,1,4,0,0
V7E004,1830024,43,hider,no_block,1,100,0,0
V7E004,1830024,43,seeker,no_ramp,1,4,0,0
V7E004,1830024,43,hider,no_ramp,1,100,0,0
V7E004,1830024,43,seeker,no_objects,1,4,0,0
V7E004,1830024,43,hider,no_objects,1,100,0,0
V7E004,1830025,43,seeker,full,1,14,0,1
V7E004,1830025,43,hider,full,1,100,0,0
V7E004,1830025,43,seeker,no_block,1,14,0,1
V7E004,1830025,43,hider,no_block,1,100,0,0
V7E004,1830025,43,seeker,no_ramp,1,37,2,0
V7E004,1830025,43,hider,no_ramp,1,100,0,0
V7E004,1830025,43,seeker,no_objects,1,37,0,0
V7E004,1830025,43,hider,no_objects,1,100,0,0
V7E004,1830026,43,seeker,full,1,1,0,0
V7E004,1830026,43,hider,full,0,1,0,0
V7E004,1830026,43,seeker,no_block,1,1,0,0
V7E004,1830026,43,hider,no_block,0,1,0,0
V7E004,1830026,43,seeker,no_ramp,1,1,0,0
V7E004,1830026,43,hider,no_ramp,0,1,0,0
V7E004,1830026,43,seeker,no_objects,1,1,0,0
V7E004,1830026,43,hider,no_objects,0,1,0,0
V7E004,1830027,43,seeker,full,1,1,0,0
V7E004,1830027,43,hider,full,0,1,0,0
V7E004,1830027,43,seeker,no_block,1,1,0,0
V7E004,1830027,43,hider,no_block,0,1,0,0
V7E004,1830027,43,seeker,no_ramp,1,1,0,0
V7E004,1830027,43,hider,no_ramp,0,1,0,0
V7E004,1830027,43,seeker,no_objects,1,1,0,0
V7E004,1830027,43,hider,no_objects,0,1,0,0
V7E004,1830028,43,seeker,full,1,45,2,0
V7E004,1830028,43,hider,full,0,44,0,0
V7E004,1830028,43,seeker,no_block,1,45,0,0
V7E004,1830028,43,hider,no_block,0,44,0,0
V7E004,1830028,43,seeker,no_ramp,1,45,2,0
V7E004,1830028,43,hider,no_ramp,1,100,0,0
V7E004,1830028,43,seeker,no_objects,1,45,0,0
V7E004,1830028,43,hider,no_objects,0,44,0,0
V7E004,1830029,43,seeker,full,1,23,2,1
V7E004,1830029,43,hider,full,1,100,0,0
V7E004,1830029,43,seeker,no_block,1,23,0,1
V7E004,1830029,43,hider,no_block,1,100,0,0
V7E004,1830029,43,seeker,no_ramp,1,42,2,0
V7E004,1830029,43,hider,no_ramp,1,100,0,0
V7E004,1830029,43,seeker,no_objects,1,42,0,0
V7E004,1830029,43,hider,no_objects,1,100,0,0
V7E004,1830030,43,seeker,full,1,10,0,0
V7E004,1830030,43,hider,full,1,100,0,0
V7E004,1830030,43,seeker,no_block,1,10,0,0
V7E004,1830030,43,hider,no_block,1,100,0,0
V7E004,1830030,43,seeker,no_ramp,1,10,0,0
V7E004,1830030,43,hider,no_ramp,1,100,0,0
V7E004,1830030,43,seeker,no_objects,1,10,0,0
V7E004,1830030,43,hider,no_objects,1,100,0,0
V7E004,1830031,43,seeker,full,1,13,0,1
V7E004,1830031,43,hider,full,1,100,0,0
V7E004,1830031,43,seeker,no_block,1,13,0,1
V7E004,1830031,43,hider,no_block,0,12,0,0
V7E004,1830031,43,seeker,no_ramp,1,30,2,0
V7E004,1830031,43,hider,no_ramp,1,100,0,0
V7E004,1830031,43,seeker,no_objects,1,30,0,0
V7E004,1830031,43,hider,no_objects,1,100,0,0
V7E004,1830032,43,seeker,full,1,33,0,0
V7E004,1830032,43,hider,full,0,43,2,0
V7E004,1830032,43,seeker,no_block,1,33,0,0
V7E004,1830032,43,hider,no_block,0,38,0,0
V7E004,1830032,43,seeker,no_ramp,1,33,0,0
V7E004,1830032,43,hider,no_ramp,0,43,2,0
V7E004,1830032,43,seeker,no_objects,1,33,0,0
V7E004,1830032,43,hider,no_objects,0,44,0,0
V7E004,1830033,43,seeker,full,1,9,0,0
V7E004,1830033,43,hider,full,1,100,0,0
V7E004,1830033,43,seeker,no_block,1,9,0,0
V7E004,1830033,43,hider,no_block,1,100,0,0
V7E004,1830033,43,seeker,no_ramp,1,9,0,0
V7E004,1830033,43,hider,no_ramp,1,100,0,0
V7E004,1830033,43,seeker,no_objects,1,9,0,0
V7E004,1830033,43,hider,no_objects,1,100,0,0
V7E004,1830034,43,seeker,full,1,7,0,1
V7E004,1830034,43,hider,full,0,13,2,0
V7E004,1830034,43,seeker,no_block,1,7,0,1
V7E004,1830034,43,hider,no_block,0,8,0,0
V7E004,1830034,43,seeker,no_ramp,1,24,2,0
V7E004,1830034,43,hider,no_ramp,0,15,2,0
V7E004,1830034,43,seeker,no_objects,1,24,0,0
V7E004,1830034,43,hider,no_objects,0,15,0,0
V7E004,1830035,43,seeker,full,1,5,0,1
V7E004,1830035,43,hider,full,0,9,2,0
V7E004,1830035,43,seeker,no_block,1,5,0,1
V7E004,1830035,43,hider,no_block,0,36,0,0
V7E004,1830035,43,seeker,no_ramp,1,12,2,0
V7E004,1830035,43,hider,no_ramp,0,7,2,0
V7E004,1830035,43,seeker,no_objects,1,12,0,0
V7E004,1830035,43,hider,no_objects,0,10,0,0
V7E004,1830036,43,seeker,full,1,3,0,1
V7E004,1830036,43,hider,full,0,2,0,0
V7E004,1830036,43,seeker,no_block,1,3,0,1
V7E004,1830036,43,hider,no_block,0,2,0,0
V7E004,1830036,43,seeker,no_ramp,1,16,2,0
V7E004,1830036,43,hider,no_ramp,1,100,0,0
V7E004,1830036,43,seeker,no_objects,1,16,0,0
V7E004,1830036,43,hider,no_objects,0,8,0,0
V7E004,1830037,43,seeker,full,1,3,0,0
V7E004,1830037,43,hider,full,0,2,0,0
V7E004,1830037,43,seeker,no_block,1,3,0,0
V7E004,1830037,43,hider,no_block,0,2,0,0
V7E004,1830037,43,seeker,no_ramp,1,3,0,0
V7E004,1830037,43,hider,no_ramp,0,2,0,0
V7E004,1830037,43,seeker,no_objects,1,3,0,0
V7E004,1830037,43,hider,no_objects,0,2,0,0
V7E004,1830038,43,seeker,full,1,1,0,0
V7E004,1830038,43,hider,full,0,1,0,0
V7E004,1830038,43,seeker,no_block,1,1,0,0
V7E004,1830038,43,hider,no_block,0,1,0,0
V7E004,1830038,43,seeker,no_ramp,1,1,0,0
V7E004,1830038,43,hider,no_ramp,0,1,0,0
V7E004,1830038,43,seeker,no_objects,1,1,0,0
V7E004,1830038,43,hider,no_objects,0,1,0,0
V7E004,1830039,43,seeker,full,1,46,2,0
V7E004,1830039,43,hider,full,0,43,0,0
V7E004,1830039,43,seeker,no_block,1,46,0,0
V7E004,1830039,43,hider,no_block,0,43,0,0
V7E004,1830039,43,seeker,no_ramp,1,46,2,0
V7E004,1830039,43,hider,no_ramp,1,100,0,0
V7E004,1830039,43,seeker,no_objects,1,46,0,0
V7E004,1830039,43,hider,no_objects,0,43,0,0
V7E004,1830040,43,seeker,full,1,3,0,0
V7E004,1830040,43,hider,full,0,2,0,0
V7E004,1830040,43,seeker,no_block,1,3,0,0
V7E004,1830040,43,hider,no_block,0,2,0,0
V7E004,1830040,43,seeker,no_ramp,1,3,0,0
V7E004,1830040,43,hider,no_ramp,0,2,0,0
V7E004,1830040,43,seeker,no_objects,1,3,0,0
V7E004,1830040,43,hider,no_objects,0,2,0,0
V7E004,1830041,43,seeker,full,1,7,0,1
V7E004,1830041,43,hider,full,0,14,2,0
V7E004,1830041,43,seeker,no_block,1,7,0,1
V7E004,1830041,43,hider,no_block,0,15,0,0
V7E004,1830041,43,seeker,no_ramp,1,26,2,0
V7E004,1830041,43,hider,no_ramp,0,16,2,0
V7E004,1830041,43,seeker,no_objects,1,26,0,0
V7E004,1830041,43,hider,no_objects,1,100,0,0
V7E004,1830042,43,seeker,full,1,29,0,0
V7E004,1830042,43,hider,full,0,42,2,0
V7E004,1830042,43,seeker,no_block,1,29,0,0
V7E004,1830042,43,hider,no_block,0,39,0,0
V7E004,1830042,43,seeker,no_ramp,1,29,0,0
V7E004,1830042,43,hider,no_ramp,0,42,2,0
V7E004,1830042,43,seeker,no_objects,1,29,0,0
V7E004,1830042,43,hider,no_objects,0,43,0,0
V7E004,1830043,43,seeker,full,1,25,2,1
V7E004,1830043,43,hider,full,1,100,0,0
V7E004,1830043,43,seeker,no_block,1,25,0,1
V7E004,1830043,43,hider,no_block,1,100,0,0
V7E004,1830043,43,seeker,no_ramp,1,46,2,0
V7E004,1830043,43,hider,no_ramp,1,100,0,0
V7E004,1830043,43,seeker,no_objects,1,46,0,0
V7E004,1830043,43,hider,no_objects,1,100,0,0
V7E004,1830044,43,seeker,full,1,6,0,0
V7E004,1830044,43,hider,full,0,4,0,0
V7E004,1830044,43,seeker,no_block,1,6,0,0
V7E004,1830044,43,hider,no_block,0,4,0,0
V7E004,1830044,43,seeker,no_ramp,1,6,0,0
V7E004,1830044,43,hider,no_ramp,0,4,0,0
V7E004,1830044,43,seeker,no_objects,1,6,0,0
V7E004,1830044,43,hider,no_objects,0,4,0,0
V7E004,1830045,43,seeker,full,1,3,0,0
V7E004,1830045,43,hider,full,0,2,0,0
V7E004,1830045,43,seeker,no_block,1,3,0,0
V7E004,1830045,43,hider,no_block,0,2,0,0
V7E004,1830045,43,seeker,no_ramp,1,3,0,0
V7E004,1830045,43,hider,no_ramp,0,2,0,0
V7E004,1830045,43,seeker,no_objects,1,3,0,0
V7E004,1830045,43,hider,no_objects,0,2,0,0
V7E004,1830046,43,seeker,full,1,3,0,0
V7E004,1830046,43,hider,full,0,2,0,0
V7E004,1830046,43,seeker,no_block,1,3,0,0
V7E004,1830046,43,hider,no_block,0,2,0,0
V7E004,1830046,43,seeker,no_ramp,1,3,0,0
V7E004,1830046,43,hider,no_ramp,0,2,0,0
V7E004,1830046,43,seeker,no_objects,1,3,0,0
V7E004,1830046,43,hider,no_objects,0,2,0,0
V7E004,1830047,43,seeker,full,1,2,0,0
V7E004,1830047,43,hider,full,0,2,0,0
V7E004,1830047,43,seeker,no_block,1,2,0,0
V7E004,1830047,43,hider,no_block,0,2,0,0
V7E004,1830047,43,seeker,no_ramp,1,2,0,0
V7E004,1830047,43,hider,no_ramp,0,2,0,0
V7E004,1830047,43,seeker,no_objects,1,2,0,0
V7E004,1830047,43,hider,no_objects,0,2,0,0
V7E004,1830048,43,seeker,full,1,5,0,0
V7E004,1830048,43,hider,full,0,5,2,0
V7E004,1830048,43,seeker,no_block,1,6,0,0
V7E004,1830048,43,hider,no_block,1,100,0,0
V7E004,1830048,43,seeker,no_ramp,1,5,0,0
V7E004,1830048,43,hider,no_ramp,0,5,2,0
V7E004,1830048,43,seeker,no_objects,1,6,0,0
V7E004,1830048,43,hider,no_objects,1,100,0,0
V7E004,1830049,43,seeker,full,1,46,2,0
V7E004,1830049,43,hider,full,0,45,0,0
V7E004,1830049,43,seeker,no_block,1,46,0,0
V7E004,1830049,43,hider,no_block,0,45,0,0
V7E004,1830049,43,seeker,no_ramp,1,46,2,0
V7E004,1830049,43,hider,no_ramp,1,100,0,0
V7E004,1830049,43,seeker,no_objects,1,46,0,0
V7E004,1830049,43,hider,no_objects,0,45,0,0
V7E004,1830050,43,seeker,full,1,9,0,0
V7E004,1830050,43,hider,full,0,41,2,0
V7E004,1830050,43,seeker,no_block,1,9,0,0
V7E004,1830050,43,hider,no_block,0,36,0,0
V7E004,1830050,43,seeker,no_ramp,1,9,0,0
V7E004,1830050,43,hider,no_ramp,0,41,2,0
V7E004,1830050,43,seeker,no_objects,1,9,0,0
V7E004,1830050,43,hider,no_objects,0,42,0,0
V7E004,1830051,43,seeker,full,1,10,0,1
V7E004,1830051,43,hider,full,0,8,2,0
V7E004,1830051,43,seeker,no_block,1,10,0,1
V7E004,1830051,43,hider,no_block,1,100,0,0
V7E004,1830051,43,seeker,no_ramp,1,17,2,0
V7E004,1830051,43,hider,no_ramp,0,8,2,0
V7E004,1830051,43,seeker,no_objects,1,17,0,0
V7E004,1830051,43,hider,no_objects,1,100,0,0
V7E004,1830052,43,seeker,full,1,41,0,0
V7E004,1830052,43,hider,full,0,40,2,0
V7E004,1830052,43,seeker,no_block,1,42,0,0
V7E004,1830052,43,hider,no_block,0,41,0,0
V7E004,1830052,43,seeker,no_ramp,1,41,0,0
V7E004,1830052,43,hider,no_ramp,0,40,2,0
V7E004,1830052,43,seeker,no_objects,1,42,0,0
V7E004,1830052,43,hider,no_objects,0,41,0,0
V7E004,1830053,43,seeker,full,1,4,0,0
V7E004,1830053,43,hider,full,0,3,0,0
V7E004,1830053,43,seeker,no_block,1,4,0,0
V7E004,1830053,43,hider,no_block,0,3,0,0
V7E004,1830053,43,seeker,no_ramp,1,4,0,0
V7E004,1830053,43,hider,no_ramp,0,3,0,0
V7E004,1830053,43,seeker,no_objects,1,4,0,0
V7E004,1830053,43,hider,no_objects,0,3,0,0
V7E004,1830054,43,seeker,full,1,16,0,1
V7E004,1830054,43,hider,full,1,100,0,0
V7E004,1830054,43,seeker,no_block,1,16,0,1
V7E004,1830054,43,hider,no_block,1,100,0,0
V7E004,1830054,43,seeker,no_ramp,1,37,2,0
V7E004,1830054,43,hider,no_ramp,1,100,0,0
V7E004,1830054,43,seeker,no_objects,1,37,0,0
V7E004,1830054,43,hider,no_objects,1,100,0,0
V7E004,1830055,43,seeker,full,1,7,0,1
V7E004,1830055,43,hider,full,0,11,2,0
V7E004,1830055,43,seeker,no_block,1,7,0,1
V7E004,1830055,43,hider,no_block,0,12,0,0
V7E004,1830055,43,seeker,no_ramp,1,18,2,0
V7E004,1830055,43,hider,no_ramp,0,13,2,0
V7E004,1830055,43,seeker,no_objects,1,18,0,0
V7E004,1830055,43,hider,no_objects,1,100,0,0
V7E004,1830056,43,seeker,full,1,5,0,1
V7E004,1830056,43,hider,full,0,9,2,0
V7E004,1830056,43,seeker,no_block,1,5,0,1
V7E004,1830056,43,hider,no_block,0,36,0,0
V7E004,1830056,43,seeker,no_ramp,1,12,2,0
V7E004,1830056,43,hider,no_ramp,0,7,2,0
V7E004,1830056,43,seeker,no_objects,1,12,0,0
V7E004,1830056,43,hider,no_objects,0,10,0,0
V7E004,1830057,43,seeker,full,1,45,2,0
V7E004,1830057,43,hider,full,1,100,0,0
V7E004,1830057,43,seeker,no_block,1,45,0,0
V7E004,1830057,43,hider,no_block,0,43,0,0
V7E004,1830057,43,seeker,no_ramp,1,45,2,0
V7E004,1830057,43,hider,no_ramp,1,100,0,0
V7E004,1830057,43,seeker,no_objects,1,45,0,0
V7E004,1830057,43,hider,no_objects,0,43,0,0
V7E004,1830058,43,seeker,full,1,40,2,0
V7E004,1830058,43,hider,full,1,100,0,0
V7E004,1830058,43,seeker,no_block,1,40,0,0
V7E004,1830058,43,hider,no_block,0,38,0,0
V7E004,1830058,43,seeker,no_ramp,1,40,2,0
V7E004,1830058,43,hider,no_ramp,1,100,0,0
V7E004,1830058,43,seeker,no_objects,1,40,0,0
V7E004,1830058,43,hider,no_objects,0,38,0,0
V7E004,1830059,43,seeker,full,1,33,0,0
V7E004,1830059,43,hider,full,0,43,2,0
V7E004,1830059,43,seeker,no_block,1,33,0,0
V7E004,1830059,43,hider,no_block,0,38,0,0
V7E004,1830059,43,seeker,no_ramp,1,33,0,0
V7E004,1830059,43,hider,no_ramp,0,43,2,0
V7E004,1830059,43,seeker,no_objects,1,33,0,0
V7E004,1830059,43,hider,no_objects,0,44,0,0
V7E004,1830060,43,seeker,full,0,100,1,1
V7E004,1830060,43,hider,full,1,100,0,0
V7E004,1830060,43,seeker,no_block,1,42,0,1
V7E004,1830060,43,hider,no_block,1,100,0,0
V7E004,1830060,43,seeker,no_ramp,1,9,0,0
V7E004,1830060,43,hider,no_ramp,1,100,0,0
V7E004,1830060,43,seeker,no_objects,1,9,0,0
V7E004,1830060,43,hider,no_objects,1,100,0,0
V7E004,1830061,43,seeker,full,1,45,2,0
V7E004,1830061,43,hider,full,1,100,0,0
V7E004,1830061,43,seeker,no_block,1,45,0,0
V7E004,1830061,43,hider,no_block,0,43,0,0
V7E004,1830061,43,seeker,no_ramp,1,45,2,0
V7E004,1830061,43,hider,no_ramp,1,100,0,0
V7E004,1830061,43,seeker,no_objects,1,45,0,0
V7E004,1830061,43,hider,no_objects,0,43,0,0
V7E004,1830062,43,seeker,full,1,23,2,0
V7E004,1830062,43,hider,full,1,100,0,0
V7E004,1830062,43,seeker,no_block,1,23,0,0
V7E004,1830062,43,hider,no_block,0,21,0,0
V7E004,1830062,43,seeker,no_ramp,1,23,2,0
V7E004,1830062,43,hider,no_ramp,1,100,0,0
V7E004,1830062,43,seeker,no_objects,1,23,0,0
V7E004,1830062,43,hider,no_objects,0,21,0,0
V7E004,1830063,43,seeker,full,1,25,2,0
V7E004,1830063,43,hider,full,1,100,0,0
V7E004,1830063,43,seeker,no_block,1,25,0,0
V7E004,1830063,43,hider,no_block,1,100,0,0
V7E004,1830063,43,seeker,no_ramp,1,25,2,0
V7E004,1830063,43,hider,no_ramp,1,100,0,0
V7E004,1830063,43,seeker,no_objects,1,25,0,0
V7E004,1830063,43,hider,no_objects,1,100,0,0
V7E004,1830064,43,seeker,full,1,5,0,0
V7E004,1830064,43,hider,full,0,13,2,0
V7E004,1830064,43,seeker,no_block,1,5,0,0
V7E004,1830064,43,hider,no_block,0,14,0,0
V7E004,1830064,43,seeker,no_ramp,1,5,0,0
V7E004,1830064,43,hider,no_ramp,0,13,2,0
V7E004,1830064,43,seeker,no_objects,1,5,0,0
V7E004,1830064,43,hider,no_objects,0,14,0,0
V7E004,1830065,43,seeker,full,1,15,0,1
V7E004,1830065,43,hider,full,1,100,0,0
V7E004,1830065,43,seeker,no_block,1,15,0,1
V7E004,1830065,43,hider,no_block,1,100,0,0
V7E004,1830065,43,seeker,no_ramp,1,32,2,0
V7E004,1830065,43,hider,no_ramp,1,100,0,0
V7E004,1830065,43,seeker,no_objects,1,32,0,0
V7E004,1830065,43,hider,no_objects,1,100,0,0
V7E004,1830066,43,seeker,full,1,3,0,0
V7E004,1830066,43,hider,full,1,100,0,0
V7E004,1830066,43,seeker,no_block,1,3,0,0
V7E004,1830066,43,hider,no_block,1,100,0,0
V7E004,1830066,43,seeker,no_ramp,1,3,0,0
V7E004,1830066,43,hider,no_ramp,1,100,0,0
V7E004,1830066,43,seeker,no_objects,1,3,0,0
V7E004,1830066,43,hider,no_objects,1,100,0,0
V7E004,1830067,43,seeker,full,1,37,0,0
V7E004,1830067,43,hider,full,0,36,2,0
V7E004,1830067,43,seeker,no_block,1,38,0,0
V7E004,1830067,43,hider,no_block,0,37,0,0
V7E004,1830067,43,seeker,no_ramp,1,37,0,0
V7E004,1830067,43,hider,no_ramp,0,36,2,0
V7E004,1830067,43,seeker,no_objects,1,38,0,0
V7E004,1830067,43,hider,no_objects,0,37,0,0
V7E004,1830068,43,seeker,full,1,42,2,0
V7E004,1830068,43,hider,full,1,100,0,0
V7E004,1830068,43,seeker,no_block,1,42,0,0
V7E004,1830068,43,hider,no_block,0,39,0,0
V7E004,1830068,43,seeker,no_ramp,1,42,2,0
V7E004,1830068,43,hider,no_ramp,1,100,0,0
V7E004,1830068,43,seeker,no_objects,1,42,0,0
V7E004,1830068,43,hider,no_objects,0,39,0,0
V7E004,1830069,43,seeker,full,1,45,2,0
V7E004,1830069,43,hider,full,1,100,0,0
V7E004,1830069,43,seeker,no_block,1,45,0,0
V7E004,1830069,43,hider,no_block,0,42,0,0
V7E004,1830069,43,seeker,no_ramp,1,45,2,0
V7E004,1830069,43,hider,no_ramp,1,100,0,0
V7E004,1830069,43,seeker,no_objects,1,45,0,0
V7E004,1830069,43,hider,no_objects,0,42,0,0
V7E004,1830070,43,seeker,full,1,46,2,0
V7E004,1830070,43,hider,full,1,100,0,0
V7E004,1830070,43,seeker,no_block,1,46,0,0
V7E004,1830070,43,hider,no_block,0,43,0,0
V7E004,1830070,43,seeker,no_ramp,1,46,2,0
V7E004,1830070,43,hider,no_ramp,1,100,0,0
V7E004,1830070,43,seeker,no_objects,1,46,0,0
V7E004,1830070,43,hider,no_objects,0,43,0,0
V7E004,1830071,43,seeker,full,1,46,2,0
V7E004,1830071,43,hider,full,0,44,0,0
V7E004,1830071,43,seeker,no_block,1,46,0,0
V7E004,1830071,43,hider,no_block,0,44,0,0
V7E004,1830071,43,seeker,no_ramp,1,46,2,0
V7E004,1830071,43,hider,no_ramp,1,100,0,0
V7E004,1830071,43,seeker,no_objects,1,46,0,0
V7E004,1830071,43,hider,no_objects,0,40,0,0
V7E004,1830072,43,seeker,full,1,9,0,0
V7E004,1830072,43,hider,full,1,100,0,0
V7E004,1830072,43,seeker,no_block,1,9,0,0
V7E004,1830072,43,hider,no_block,0,10,0,0
V7E004,1830072,43,seeker,no_ramp,1,9,0,0
V7E004,1830072,43,hider,no_ramp,1,100,0,0
V7E004,1830072,43,seeker,no_objects,1,9,0,0
V7E004,1830072,43,hider,no_objects,1,100,0,0
V7E004,1830073,43,seeker,full,1,3,0,0
V7E004,1830073,43,hider,full,0,8,2,0
V7E004,1830073,43,seeker,no_block,1,3,0,0
V7E004,1830073,43,hider,no_block,0,9,0,0
V7E004,1830073,43,seeker,no_ramp,1,3,0,0
V7E004,1830073,43,hider,no_ramp,0,8,2,0
V7E004,1830073,43,seeker,no_objects,1,3,0,0
V7E004,1830073,43,hider,no_objects,0,9,0,0
V7E004,1830074,43,seeker,full,1,47,2,0
V7E004,1830074,43,hider,full,0,46,0,0
V7E004,1830074,43,seeker,no_block,1,47,0,0
V7E004,1830074,43,hider,no_block,0,46,0,0
V7E004,1830074,43,seeker,no_ramp,1,47,2,0
V7E004,1830074,43,hider,no_ramp,1,100,0,0
V7E004,1830074,43,seeker,no_objects,1,47,0,0
V7E004,1830074,43,hider,no_objects,0,46,0,0
V7E004,1830075,43,seeker,full,1,9,0,0
V7E004,1830075,43,hider,full,0,20,2,0
V7E004,1830075,43,seeker,no_block,1,9,0,0
V7E004,1830075,43,hider,no_block,0,15,0,0
V7E004,1830075,43,seeker,no_ramp,1,9,0,0
V7E004,1830075,43,hider,no_ramp,0,20,2,0
V7E004,1830075,43,seeker,no_objects,1,9,0,0
V7E004,1830075,43,hider,no_objects,0,21,0,0
V7E004,1830076,43,seeker,full,1,8,0,0
V7E004,1830076,43,hider,full,1,100,0,0
V7E004,1830076,43,seeker,no_block,1,8,0,0
V7E004,1830076,43,hider,no_block,1,100,0,0
V7E004,1830076,43,seeker,no_ramp,1,8,0,0
V7E004,1830076,43,hider,no_ramp,1,100,0,0
V7E004,1830076,43,seeker,no_objects,1,8,0,0
V7E004,1830076,43,hider,no_objects,1,100,0,0
V7E004,1830077,43,seeker,full,1,41,0,0
V7E004,1830077,43,hider,full,0,40,2,0
V7E004,1830077,43,seeker,no_block,1,42,0,0
V7E004,1830077,43,hider,no_block,0,41,0,0
V7E004,1830077,43,seeker,no_ramp,1,41,0,0
V7E004,1830077,43,hider,no_ramp,0,40,2,0
V7E004,1830077,43,seeker,no_objects,1,42,0,0
V7E004,1830077,43,hider,no_objects,0,41,0,0
V7E004,1830078,43,seeker,full,1,10,0,0
V7E004,1830078,43,hider,full,0,9,2,0
V7E004,1830078,43,seeker,no_block,1,11,0,0
V7E004,1830078,43,hider,no_block,0,10,0,0
V7E004,1830078,43,seeker,no_ramp,1,10,0,0
V7E004,1830078,43,hider,no_ramp,0,9,2,0
V7E004,1830078,43,seeker,no_objects,1,11,0,0
V7E004,1830078,43,hider,no_objects,0,10,0,0
V7E004,1830079,43,seeker,full,1,4,0,0
V7E004,1830079,43,hider,full,0,3,0,0
V7E004,1830079,43,seeker,no_block,1,4,0,0
V7E004,1830079,43,hider,no_block,0,3,0,0
V7E004,1830079,43,seeker,no_ramp,1,4,0,0
V7E004,1830079,43,hider,no_ramp,0,2,0,0
V7E004,1830079,43,seeker,no_objects,1,4,0,0
V7E004,1830079,43,hider,no_objects,0,3,0,0
V7E004,1830080,43,seeker,full,1,24,0,0
V7E004,1830080,43,hider,full,0,36,2,0
V7E004,1830080,43,seeker,no_block,1,24,0,0
V7E004,1830080,43,hider,no_block,0,33,0,0
V7E004,1830080,43,seeker,no_ramp,1,24,0,0
V7E004,1830080,43,hider,no_ramp,0,36,2,0
V7E004,1830080,43,seeker,no_objects,1,24,0,0
V7E004,1830080,43,hider,no_objects,0,37,0,0
V7E004,1830081,43,seeker,full,1,25,2,1
V7E004,1830081,43,hider,full,1,100,0,0
V7E004,1830081,43,seeker,no_block,1,25,0,1
V7E004,1830081,43,hider,no_block,1,100,0,0
V7E004,1830081,43,seeker,no_ramp,1,46,2,0
V7E004,1830081,43,hider,no_ramp,1,100,0,0
V7E004,1830081,43,seeker,no_objects,1,46,0,0
V7E004,1830081,43,hider,no_objects,1,100,0,0
V7E004,1830082,43,seeker,full,1,47,2,0
V7E004,1830082,43,hider,full,1,100,0,0
V7E004,1830082,43,seeker,no_block,1,47,0,0
V7E004,1830082,43,hider,no_block,0,44,0,0
V7E004,1830082,43,seeker,no_ramp,1,47,2,0
V7E004,1830082,43,hider,no_ramp,1,100,0,0
V7E004,1830082,43,seeker,no_objects,1,47,0,0
V7E004,1830082,43,hider,no_objects,0,44,0,0
V7E004,1830083,43,seeker,full,1,13,0,0
V7E004,1830083,43,hider,full,1,100,0,0
V7E004,1830083,43,seeker,no_block,1,13,0,0
V7E004,1830083,43,hider,no_block,1,100,0,0
V7E004,1830083,43,seeker,no_ramp,1,13,0,0
V7E004,1830083,43,hider,no_ramp,1,100,0,0
V7E004,1830083,43,seeker,no_objects,1,13,0,0
V7E004,1830083,43,hider,no_objects,1,100,0,0
V7E004,1830084,43,seeker,full,1,10,0,0
V7E004,1830084,43,hider,full,1,100,0,0
V7E004,1830084,43,seeker,no_block,1,10,0,0
V7E004,1830084,43,hider,no_block,1,100,0,0
V7E004,1830084,43,seeker,no_ramp,1,10,0,0
V7E004,1830084,43,hider,no_ramp,1,100,0,0
V7E004,1830084,43,seeker,no_objects,1,10,0,0
V7E004,1830084,43,hider,no_objects,1,100,0,0
V7E004,1830085,43,seeker,full,1,30,0,0
V7E004,1830085,43,hider,full,0,42,2,0
V7E004,1830085,43,seeker,no_block,1,30,0,0
V7E004,1830085,43,hider,no_block,0,39,0,0
V7E004,1830085,43,seeker,no_ramp,1,30,0,0
V7E004,1830085,43,hider,no_ramp,0,42,2,0
V7E004,1830085,43,seeker,no_objects,1,30,0,0
V7E004,1830085,43,hider,no_objects,0,43,0,0
V7E004,1830086,43,seeker,full,1,13,2,1
V7E004,1830086,43,hider,full,0,7,0,0
V7E004,1830086,43,seeker,no_block,1,13,0,1
V7E004,1830086,43,hider,no_block,0,7,0,0
V7E004,1830086,43,seeker,no_ramp,0,100,2,0
V7E004,1830086,43,hider,no_ramp,0,7,0,0
V7E004,1830086,43,seeker,no_objects,0,100,0,0
V7E004,1830086,43,hider,no_objects,0,7,0,0
V7E004,1830087,43,seeker,full,1,45,2,0
V7E004,1830087,43,hider,full,0,41,0,0
V7E004,1830087,43,seeker,no_block,1,45,0,0
V7E004,1830087,43,hider,no_block,0,41,0,0
V7E004,1830087,43,seeker,no_ramp,1,45,2,0
V7E004,1830087,43,hider,no_ramp,0,41,0,0
V7E004,1830087,43,seeker,no_objects,1,45,0,0
V7E004,1830087,43,hider,no_objects,0,41,0,0
V7E004,1830088,43,seeker,full,1,45,2,1
V7E004,1830088,43,hider,full,1,100,0,0
V7E004,1830088,43,seeker,no_block,1,45,0,1
V7E004,1830088,43,hider,no_block,1,100,0,0
V7E004,1830088,43,seeker,no_ramp,1,12,0,0
V7E004,1830088,43,hider,no_ramp,1,100,0,0
V7E004,1830088,43,seeker,no_objects,1,12,0,0
V7E004,1830088,43,hider,no_objects,1,100,0,0
V7E004,1830089,43,seeker,full,1,48,2,0
V7E004,1830089,43,hider,full,0,46,0,0
V7E004,1830089,43,seeker,no_block,1,48,0,0
V7E004,1830089,43,hider,no_block,0,46,0,0
V7E004,1830089,43,seeker,no_ramp,1,48,2,0
V7E004,1830089,43,hider,no_ramp,1,100,0,0
V7E004,1830089,43,seeker,no_objects,1,48,0,0
V7E004,1830089,43,hider,no_objects,0,46,0,0
V7E004,1830090,43,seeker,full,1,23,2,1
V7E004,1830090,43,hider,full,1,100,0,0
V7E004,1830090,43,seeker,no_block,1,23,0,1
V7E004,1830090,43,hider,no_block,1,100,0,0
V7E004,1830090,43,seeker,no_ramp,1,42,2,0
V7E004,1830090,43,hider,no_ramp,1,100,0,0
V7E004,1830090,43,seeker,no_objects,1,42,0,0
V7E004,1830090,43,hider,no_objects,1,100,0,0
V7E004,1830091,43,seeker,full,1,3,0,1
V7E004,1830091,43,hider,full,0,10,2,0
V7E004,1830091,43,seeker,no_block,1,3,0,1
V7E004,1830091,43,hider,no_block,0,11,0,0
V7E004,1830091,43,seeker,no_ramp,1,20,2,0
V7E004,1830091,43,hider,no_ramp,0,12,2,0
V7E004,1830091,43,seeker,no_objects,1,20,0,0
V7E004,1830091,43,hider,no_objects,1,100,0,0
V7E004,1830092,43,seeker,full,1,3,0,1
V7E004,1830092,43,hider,full,0,2,0,0
V7E004,1830092,43,seeker,no_block,1,3,0,1
V7E004,1830092,43,hider,no_block,0,2,0,0
V7E004,1830092,43,seeker,no_ramp,1,16,2,0
V7E004,1830092,43,hider,no_ramp,0,10,0,0
V7E004,1830092,43,seeker,no_objects,1,16,0,0
V7E004,1830092,43,hider,no_objects,0,9,0,0
V7E004,1830093,43,seeker,full,1,24,2,0
V7E004,1830093,43,hider,full,1,100,0,0
V7E004,1830093,43,seeker,no_block,1,24,0,0
V7E004,1830093,43,hider,no_block,0,21,0,0
V7E004,1830093,43,seeker,no_ramp,1,24,2,0
V7E004,1830093,43,hider,no_ramp,1,100,0,0
V7E004,1830093,43,seeker,no_objects,1,24,0,0
V7E004,1830093,43,hider,no_objects,0,21,0,0
V7E004,1830094,43,seeker,full,1,23,2,0
V7E004,1830094,43,hider,full,1,100,0,0
V7E004,1830094,43,seeker,no_block,1,23,0,0
V7E004,1830094,43,hider,no_block,0,21,0,0
V7E004,1830094,43,seeker,no_ramp,1,23,2,0
V7E004,1830094,43,hider,no_ramp,1,100,0,0
V7E004,1830094,43,seeker,no_objects,1,23,0,0
V7E004,1830094,43,hider,no_objects,0,21,0,0
V7E004,1830095,43,seeker,full,1,48,2,0
V7E004,1830095,43,hider,full,0,45,0,0
V7E004,1830095,43,seeker,no_block,1,48,0,0
V7E004,1830095,43,hider,no_block,0,45,0,0
V7E004,1830095,43,seeker,no_ramp,1,48,2,0
V7E004,1830095,43,hider,no_ramp,1,100,0,0
V7E004,1830095,43,seeker,no_objects,1,48,0,0
V7E004,1830095,43,hider,no_objects,0,45,0,0
V7E004,1830096,43,seeker,full,1,48,2,0
V7E004,1830096,43,hider,full,0,46,0,0
V7E004,1830096,43,seeker,no_block,1,48,0,0
V7E004,1830096,43,hider,no_block,0,46,0,0
V7E004,1830096,43,seeker,no_ramp,1,48,2,0
V7E004,1830096,43,hider,no_ramp,1,100,0,0
V7E004,1830096,43,seeker,no_objects,1,48,0,0
V7E004,1830096,43,hider,no_objects,0,42,0,0
V7E004,1830097,43,seeker,full,1,43,2,0
V7E004,1830097,43,hider,full,1,100,0,0
V7E004,1830097,43,seeker,no_block,1,43,0,0
V7E004,1830097,43,hider,no_block,0,40,0,0
V7E004,1830097,43,seeker,no_ramp,1,43,2,0
V7E004,1830097,43,hider,no_ramp,1,100,0,0
V7E004,1830097,43,seeker,no_objects,1,43,0,0
V7E004,1830097,43,hider,no_objects,0,40,0,0
V7E004,1830098,43,seeker,full,1,4,0,0
V7E004,1830098,43,hider,full,0,2,0,0
V7E004,1830098,43,seeker,no_block,1,4,0,0
V7E004,1830098,43,hider,no_block,0,2,0,0
V7E004,1830098,43,seeker,no_ramp,1,4,0,0
V7E004,1830098,43,hider,no_ramp,0,2,0,0
V7E004,1830098,43,seeker,no_objects,1,4,0,0
V7E004,1830098,43,hider,no_objects,0,2,0,0
V7E004,1830099,43,seeker,full,1,31,0,0
V7E004,1830099,43,hider,full,0,42,2,0
V7E004,1830099,43,seeker,no_block,1,31,0,0
V7E004,1830099,43,hider,no_block,0,37,0,0
V7E004,1830099,43,seeker,no_ramp,1,31,0,0
V7E004,1830099,43,hider,no_ramp,0,42,2,0
V7E004,1830099,43,seeker,no_objects,1,31,0,0
V7E004,1830099,43,hider,no_objects,0,43,0,0
V7E005,1840000,43,seeker,full,1,13,0,0
V7E005,1840000,43,hider,full,0,7,0,0
V7E005,1840000,43,seeker,no_block,1,13,0,0
V7E005,1840000,43,hider,no_block,0,7,0,0
V7E005,1840000,43,seeker,no_ramp,1,13,0,0
V7E005,1840000,43,hider,no_ramp,0,7,0,0
V7E005,1840000,43,seeker,no_objects,1,13,0,0
V7E005,1840000,43,hider,no_objects,0,7,0,0
V7E005,1840001,43,seeker,full,1,6,2,0
V7E005,1840001,43,hider,full,0,13,0,0
V7E005,1840001,43,seeker,no_block,1,6,0,0
V7E005,1840001,43,hider,no_block,0,13,0,0
V7E005,1840001,43,seeker,no_ramp,1,6,2,0
V7E005,1840001,43,hider,no_ramp,0,13,0,0
V7E005,1840001,43,seeker,no_objects,1,6,0,0
V7E005,1840001,43,hider,no_objects,0,13,0,0
V7E005,1840002,43,seeker,full,1,14,2,0
V7E005,1840002,43,hider,full,0,14,0,0
V7E005,1840002,43,seeker,no_block,1,10,0,0
V7E005,1840002,43,hider,no_block,0,10,0,0
V7E005,1840002,43,seeker,no_ramp,1,14,2,0
V7E005,1840002,43,hider,no_ramp,0,14,0,0
V7E005,1840002,43,seeker,no_objects,1,10,0,0
V7E005,1840002,43,hider,no_objects,0,10,0,0
V7E005,1840003,43,seeker,full,1,12,2,0
V7E005,1840003,43,hider,full,0,16,0,0
V7E005,1840003,43,seeker,no_block,1,12,0,0
V7E005,1840003,43,hider,no_block,0,12,0,0
V7E005,1840003,43,seeker,no_ramp,1,12,2,0
V7E005,1840003,43,hider,no_ramp,0,16,0,0
V7E005,1840003,43,seeker,no_objects,1,12,0,0
V7E005,1840003,43,hider,no_objects,0,12,0,0
V7E005,1840004,43,seeker,full,1,3,0,0
V7E005,1840004,43,hider,full,0,8,0,1
V7E005,1840004,43,seeker,no_block,1,3,0,0
V7E005,1840004,43,hider,no_block,0,8,0,1
V7E005,1840004,43,seeker,no_ramp,1,3,0,0
V7E005,1840004,43,hider,no_ramp,1,100,0,0
V7E005,1840004,43,seeker,no_objects,1,3,0,0
V7E005,1840004,43,hider,no_objects,1,100,0,0
V7E005,1840005,43,seeker,full,1,5,0,0
V7E005,1840005,43,hider,full,0,8,0,0
V7E005,1840005,43,seeker,no_block,1,5,0,0
V7E005,1840005,43,hider,no_block,0,8,0,0
V7E005,1840005,43,seeker,no_ramp,1,5,0,0
V7E005,1840005,43,hider,no_ramp,0,8,0,0
V7E005,1840005,43,seeker,no_objects,1,5,0,0
V7E005,1840005,43,hider,no_objects,0,8,0,0
V7E005,1840006,43,seeker,full,1,9,0,0
V7E005,1840006,43,hider,full,0,6,0,0
V7E005,1840006,43,seeker,no_block,1,9,0,0
V7E005,1840006,43,hider,no_block,0,6,0,0
V7E005,1840006,43,seeker,no_ramp,1,9,0,0
V7E005,1840006,43,hider,no_ramp,0,6,0,0
V7E005,1840006,43,seeker,no_objects,1,9,0,0
V7E005,1840006,43,hider,no_objects,0,6,0,0
V7E005,1840007,43,seeker,full,1,12,2,0
V7E005,1840007,43,hider,full,1,100,0,0
V7E005,1840007,43,seeker,no_block,1,12,0,0
V7E005,1840007,43,hider,no_block,1,100,0,0
V7E005,1840007,43,seeker,no_ramp,1,12,2,0
V7E005,1840007,43,hider,no_ramp,1,100,0,0
V7E005,1840007,43,seeker,no_objects,1,12,0,0
V7E005,1840007,43,hider,no_objects,1,100,0,0
V7E005,1840008,43,seeker,full,1,12,2,0
V7E005,1840008,43,hider,full,0,16,0,0
V7E005,1840008,43,seeker,no_block,1,12,0,0
V7E005,1840008,43,hider,no_block,0,12,0,0
V7E005,1840008,43,seeker,no_ramp,1,12,2,0
V7E005,1840008,43,hider,no_ramp,0,16,0,0
V7E005,1840008,43,seeker,no_objects,1,12,0,0
V7E005,1840008,43,hider,no_objects,0,12,0,0
V7E005,1840009,43,seeker,full,1,3,0,0
V7E005,1840009,43,hider,full,0,2,0,0
V7E005,1840009,43,seeker,no_block,1,3,0,0
V7E005,1840009,43,hider,no_block,0,2,0,0
V7E005,1840009,43,seeker,no_ramp,1,3,0,0
V7E005,1840009,43,hider,no_ramp,0,2,0,0
V7E005,1840009,43,seeker,no_objects,1,3,0,0
V7E005,1840009,43,hider,no_objects,0,2,0,0
V7E005,1840010,43,seeker,full,1,33,2,1
V7E005,1840010,43,hider,full,0,31,0,0
V7E005,1840010,43,seeker,no_block,1,33,0,1
V7E005,1840010,43,hider,no_block,0,31,0,0
V7E005,1840010,43,seeker,no_ramp,1,50,2,0
V7E005,1840010,43,hider,no_ramp,1,100,0,0
V7E005,1840010,43,seeker,no_objects,1,50,0,0
V7E005,1840010,43,hider,no_objects,1,100,0,0
V7E005,1840011,43,seeker,full,1,13,0,0
V7E005,1840011,43,hider,full,0,50,0,0
V7E005,1840011,43,seeker,no_block,1,13,0,0
V7E005,1840011,43,hider,no_block,0,52,0,0
V7E005,1840011,43,seeker,no_ramp,1,13,0,0
V7E005,1840011,43,hider,no_ramp,0,49,0,0
V7E005,1840011,43,seeker,no_objects,1,13,0,0
V7E005,1840011,43,hider,no_objects,0,51,0,0
V7E005,1840012,43,seeker,full,1,17,2,0
V7E005,1840012,43,hider,full,0,25,0,0
V7E005,1840012,43,seeker,no_block,1,17,0,0
V7E005,1840012,43,hider,no_block,0,25,0,0
V7E005,1840012,43,seeker,no_ramp,1,17,2,0
V7E005,1840012,43,hider,no_ramp,1,100,0,0
V7E005,1840012,43,seeker,no_objects,1,17,0,0
V7E005,1840012,43,hider,no_objects,1,100,0,0
V7E005,1840013,43,seeker,full,1,1,0,0
V7E005,1840013,43,hider,full,0,1,0,0
V7E005,1840013,43,seeker,no_block,1,1,0,0
V7E005,1840013,43,hider,no_block,0,1,0,0
V7E005,1840013,43,seeker,no_ramp,1,1,0,0
V7E005,1840013,43,hider,no_ramp,0,1,0,0
V7E005,1840013,43,seeker,no_objects,1,1,0,0
V7E005,1840013,43,hider,no_objects,0,1,0,0
V7E005,1840014,43,seeker,full,1,50,2,1
V7E005,1840014,43,hider,full,0,47,0,0
V7E005,1840014,43,seeker,no_block,1,52,0,1
V7E005,1840014,43,hider,no_block,0,49,0,0
V7E005,1840014,43,seeker,no_ramp,1,47,2,0
V7E005,1840014,43,hider,no_ramp,0,46,0,0
V7E005,1840014,43,seeker,no_objects,1,49,0,0
V7E005,1840014,43,hider,no_objects,0,48,0,0
V7E005,1840015,43,seeker,full,1,38,2,0
V7E005,1840015,43,hider,full,1,100,0,0
V7E005,1840015,43,seeker,no_block,1,40,0,0
V7E005,1840015,43,hider,no_block,1,100,0,0
V7E005,1840015,43,seeker,no_ramp,1,38,2,0
V7E005,1840015,43,hider,no_ramp,1,100,0,0
V7E005,1840015,43,seeker,no_objects,1,40,0,0
V7E005,1840015,43,hider,no_objects,1,100,0,0
V7E005,1840016,43,seeker,full,1,10,0,0
V7E005,1840016,43,hider,full,0,9,0,1
V7E005,1840016,43,seeker,no_block,1,10,0,0
V7E005,1840016,43,hider,no_block,0,9,0,1
V7E005,1840016,43,seeker,no_ramp,1,11,0,0
V7E005,1840016,43,hider,no_ramp,1,100,0,0
V7E005,1840016,43,seeker,no_objects,1,11,0,0
V7E005,1840016,43,hider,no_objects,1,100,0,0
V7E005,1840017,43,seeker,full,1,28,2,1
V7E005,1840017,43,hider,full,0,23,0,0
V7E005,1840017,43,seeker,no_block,1,28,0,1
V7E005,1840017,43,hider,no_block,0,23,0,0
V7E005,1840017,43,seeker,no_ramp,1,27,2,0
V7E005,1840017,43,hider,no_ramp,0,28,0,0
V7E005,1840017,43,seeker,no_objects,1,27,0,0
V7E005,1840017,43,hider,no_objects,0,28,0,0
V7E005,1840018,43,seeker,full,1,6,0,0
V7E005,1840018,43,hider,full,0,11,0,1
V7E005,1840018,43,seeker,no_block,1,6,0,0
V7E005,1840018,43,hider,no_block,0,11,0,1
V7E005,1840018,43,seeker,no_ramp,1,6,0,0
V7E005,1840018,43,hider,no_ramp,1,100,0,0
V7E005,1840018,43,seeker,no_objects,1,6,0,0
V7E005,1840018,43,hider,no_objects,1,100,0,0
V7E005,1840019,43,seeker,full,1,2,0,0
V7E005,1840019,43,hider,full,0,1,0,0
V7E005,1840019,43,seeker,no_block,1,2,0,0
V7E005,1840019,43,hider,no_block,0,1,0,0
V7E005,1840019,43,seeker,no_ramp,1,2,0,0
V7E005,1840019,43,hider,no_ramp,0,1,0,0
V7E005,1840019,43,seeker,no_objects,1,2,0,0
V7E005,1840019,43,hider,no_objects,0,1,0,0
V7E005,1840020,43,seeker,full,1,15,2,0
V7E005,1840020,43,hider,full,1,100,0,0
V7E005,1840020,43,seeker,no_block,1,11,0,0
V7E005,1840020,43,hider,no_block,1,100,0,0
V7E005,1840020,43,seeker,no_ramp,1,15,2,0
V7E005,1840020,43,hider,no_ramp,1,100,0,0
V7E005,1840020,43,seeker,no_objects,1,11,0,0
V7E005,1840020,43,hider,no_objects,1,100,0,0
V7E005,1840021,43,seeker,full,1,8,0,0
V7E005,1840021,43,hider,full,0,5,0,0
V7E005,1840021,43,seeker,no_block,1,8,0,0
V7E005,1840021,43,hider,no_block,0,5,0,0
V7E005,1840021,43,seeker,no_ramp,1,8,0,0
V7E005,1840021,43,hider,no_ramp,0,5,0,0
V7E005,1840021,43,seeker,no_objects,1,8,0,0
V7E005,1840021,43,hider,no_objects,0,5,0,0
V7E005,1840022,43,seeker,full,1,5,0,0
V7E005,1840022,43,hider,full,1,100,0,1
V7E005,1840022,43,seeker,no_block,1,5,0,0
V7E005,1840022,43,hider,no_block,1,100,0,1
V7E005,1840022,43,seeker,no_ramp,1,8,0,0
V7E005,1840022,43,hider,no_ramp,1,100,0,0
V7E005,1840022,43,seeker,no_objects,1,8,0,0
V7E005,1840022,43,hider,no_objects,1,100,0,0
V7E005,1840023,43,seeker,full,1,9,0,0
V7E005,1840023,43,hider,full,0,7,0,0
V7E005,1840023,43,seeker,no_block,1,9,0,0
V7E005,1840023,43,hider,no_block,0,7,0,0
V7E005,1840023,43,seeker,no_ramp,1,9,0,0
V7E005,1840023,43,hider,no_ramp,0,7,0,0
V7E005,1840023,43,seeker,no_objects,1,9,0,0
V7E005,1840023,43,hider,no_objects,0,7,0,0
V7E005,1840024,43,seeker,full,1,16,0,0
V7E005,1840024,43,hider,full,0,15,0,0
V7E005,1840024,43,seeker,no_block,1,16,0,0
V7E005,1840024,43,hider,no_block,0,15,0,0
V7E005,1840024,43,seeker,no_ramp,1,16,0,0
V7E005,1840024,43,hider,no_ramp,0,15,0,0
V7E005,1840024,43,seeker,no_objects,1,16,0,0
V7E005,1840024,43,hider,no_objects,0,15,0,0
V7E005,1840025,43,seeker,full,1,1,0,0
V7E005,1840025,43,hider,full,0,1,0,0
V7E005,1840025,43,seeker,no_block,1,1,0,0
V7E005,1840025,43,hider,no_block,0,1,0,0
V7E005,1840025,43,seeker,no_ramp,1,1,0,0
V7E005,1840025,43,hider,no_ramp,0,1,0,0
V7E005,1840025,43,seeker,no_objects,1,1,0,0
V7E005,1840025,43,hider,no_objects,0,1,0,0
V7E005,1840026,43,seeker,full,1,44,2,1
V7E005,1840026,43,hider,full,0,43,0,1
V7E005,1840026,43,seeker,no_block,1,46,0,1
V7E005,1840026,43,hider,no_block,0,45,0,1
V7E005,1840026,43,seeker,no_ramp,1,36,2,0
V7E005,1840026,43,hider,no_ramp,1,100,0,0
V7E005,1840026,43,seeker,no_objects,1,38,0,0
V7E005,1840026,43,hider,no_objects,1,100,0,0
V7E005,1840027,43,seeker,full,1,43,2,1
V7E005,1840027,43,hider,full,0,42,0,1
V7E005,1840027,43,seeker,no_block,1,45,0,1
V7E005,1840027,43,hider,no_block,0,44,0,1
V7E005,1840027,43,seeker,no_ramp,1,35,2,0
V7E005,1840027,43,hider,no_ramp,1,100,0,0
V7E005,1840027,43,seeker,no_objects,1,37,0,0
V7E005,1840027,43,hider,no_objects,1,100,0,0
V7E005,1840028,43,seeker,full,1,6,0,0
V7E005,1840028,43,hider,full,0,42,0,0
V7E005,1840028,43,seeker,no_block,1,6,0,0
V7E005,1840028,43,hider,no_block,0,44,0,0
V7E005,1840028,43,seeker,no_ramp,1,6,0,0
V7E005,1840028,43,hider,no_ramp,0,53,0,0
V7E005,1840028,43,seeker,no_objects,1,6,0,0
V7E005,1840028,43,hider,no_objects,0,55,0,0
V7E005,1840029,43,seeker,full,1,39,2,1
V7E005,1840029,43,hider,full,0,37,0,0
V7E005,1840029,43,seeker,no_block,1,41,0,1
V7E005,1840029,43,hider,no_block,0,39,0,0
V7E005,1840029,43,seeker,no_ramp,1,56,2,0
V7E005,1840029,43,hider,no_ramp,1,100,0,0
V7E005,1840029,43,seeker,no_objects,1,58,0,0
V7E005,1840029,43,hider,no_objects,1,100,0,0
V7E005,1840030,43,seeker,full,1,2,0,0
V7E005,1840030,43,hider,full,0,2,0,0
V7E005,1840030,43,seeker,no_block,1,2,0,0
V7E005,1840030,43,hider,no_block,0,2,0,0
V7E005,1840030,43,seeker,no_ramp,1,2,0,0
V7E005,1840030,43,hider,no_ramp,0,2,0,0
V7E005,1840030,43,seeker,no_objects,1,2,0,0
V7E005,1840030,43,hider,no_objects,0,2,0,0
V7E005,1840031,43,seeker,full,1,44,2,1
V7E005,1840031,43,hider,full,0,42,0,0
V7E005,1840031,43,seeker,no_block,1,46,0,1
V7E005,1840031,43,hider,no_block,0,44,0,0
V7E005,1840031,43,seeker,no_ramp,1,61,2,0
V7E005,1840031,43,hider,no_ramp,0,47,0,0
V7E005,1840031,43,seeker,no_objects,1,63,0,0
V7E005,1840031,43,hider,no_objects,0,49,0,0
V7E005,1840032,43,seeker,full,1,13,2,0
V7E005,1840032,43,hider,full,0,24,0,0
V7E005,1840032,43,seeker,no_block,1,13,0,0
V7E005,1840032,43,hider,no_block,0,24,0,0
V7E005,1840032,43,seeker,no_ramp,1,13,2,0
V7E005,1840032,43,hider,no_ramp,0,35,0,0
V7E005,1840032,43,seeker,no_objects,1,13,0,0
V7E005,1840032,43,hider,no_objects,0,24,0,0
V7E005,1840033,43,seeker,full,1,26,2,0
V7E005,1840033,43,hider,full,0,25,0,0
V7E005,1840033,43,seeker,no_block,1,26,0,0
V7E005,1840033,43,hider,no_block,0,25,0,0
V7E005,1840033,43,seeker,no_ramp,1,26,2,0
V7E005,1840033,43,hider,no_ramp,0,25,0,0
V7E005,1840033,43,seeker,no_objects,1,26,0,0
V7E005,1840033,43,hider,no_objects,0,25,0,0
V7E005,1840034,43,seeker,full,1,18,0,0
V7E005,1840034,43,hider,full,0,6,0,0
V7E005,1840034,43,seeker,no_block,1,18,0,0
V7E005,1840034,43,hider,no_block,0,6,0,0
V7E005,1840034,43,seeker,no_ramp,1,18,0,0
V7E005,1840034,43,hider,no_ramp,0,6,0,0
V7E005,1840034,43,seeker,no_objects,1,18,0,0
V7E005,1840034,43,hider,no_objects,0,6,0,0
V7E005,1840035,43,seeker,full,1,16,2,0
V7E005,1840035,43,hider,full,0,24,0,0
V7E005,1840035,43,seeker,no_block,1,16,0,0
V7E005,1840035,43,hider,no_block,0,24,0,0
V7E005,1840035,43,seeker,no_ramp,1,16,2,0
V7E005,1840035,43,hider,no_ramp,0,35,0,0
V7E005,1840035,43,seeker,no_objects,1,16,0,0
V7E005,1840035,43,hider,no_objects,0,35,0,0
V7E005,1840036,43,seeker,full,1,2,0,0
V7E005,1840036,43,hider,full,0,2,0,0
V7E005,1840036,43,seeker,no_block,1,2,0,0
V7E005,1840036,43,hider,no_block,0,2,0,0
V7E005,1840036,43,seeker,no_ramp,1,2,0,0
V7E005,1840036,43,hider,no_ramp,0,2,0,0
V7E005,1840036,43,seeker,no_objects,1,2,0,0
V7E005,1840036,43,hider,no_objects,0,2,0,0
V7E005,1840037,43,seeker,full,1,6,0,0
V7E005,1840037,43,hider,full,1,100,0,0
V7E005,1840037,43,seeker,no_block,1,6,0,0
V7E005,1840037,43,hider,no_block,1,100,0,0
V7E005,1840037,43,seeker,no_ramp,1,6,0,0
V7E005,1840037,43,hider,no_ramp,1,100,0,0
V7E005,1840037,43,seeker,no_objects,1,6,0,0
V7E005,1840037,43,hider,no_objects,1,100,0,0
V7E005,1840038,43,seeker,full,1,35,2,1
V7E005,1840038,43,hider,full,0,32,0,0
V7E005,1840038,43,seeker,no_block,1,35,0,1
V7E005,1840038,43,hider,no_block,0,32,0,0
V7E005,1840038,43,seeker,no_ramp,1,32,2,0
V7E005,1840038,43,hider,no_ramp,0,31,0,0
V7E005,1840038,43,seeker,no_objects,1,32,0,0
V7E005,1840038,43,hider,no_objects,0,31,0,0
V7E005,1840039,43,seeker,full,1,3,0,0
V7E005,1840039,43,hider,full,0,2,0,0
V7E005,1840039,43,seeker,no_block,1,3,0,0
V7E005,1840039,43,hider,no_block,0,2,0,0
V7E005,1840039,43,seeker,no_ramp,1,3,0,0
V7E005,1840039,43,hider,no_ramp,0,2,0,0
V7E005,1840039,43,seeker,no_objects,1,3,0,0
V7E005,1840039,43,hider,no_objects,0,2,0,0
V7E005,1840040,43,seeker,full,1,7,0,0
V7E005,1840040,43,hider,full,0,6,0,0
V7E005,1840040,43,seeker,no_block,1,7,0,0
V7E005,1840040,43,hider,no_block,0,6,0,0
V7E005,1840040,43,seeker,no_ramp,1,7,0,0
V7E005,1840040,43,hider,no_ramp,0,6,0,0
V7E005,1840040,43,seeker,no_objects,1,7,0,0
V7E005,1840040,43,hider,no_objects,0,6,0,0
V7E005,1840041,43,seeker,full,1,1,0,0
V7E005,1840041,43,hider,full,0,1,0,0
V7E005,1840041,43,seeker,no_block,1,1,0,0
V7E005,1840041,43,hider,no_block,0,1,0,0
V7E005,1840041,43,seeker,no_ramp,1,1,0,0
V7E005,1840041,43,hider,no_ramp,0,1,0,0
V7E005,1840041,43,seeker,no_objects,1,1,0,0
V7E005,1840041,43,hider,no_objects,0,1,0,0
V7E005,1840042,43,seeker,full,1,8,0,0
V7E005,1840042,43,hider,full,0,7,0,0
V7E005,1840042,43,seeker,no_block,1,8,0,0
V7E005,1840042,43,hider,no_block,0,7,0,0
V7E005,1840042,43,seeker,no_ramp,1,8,0,0
V7E005,1840042,43,hider,no_ramp,0,7,0,0
V7E005,1840042,43,seeker,no_objects,1,8,0,0
V7E005,1840042,43,hider,no_objects,0,7,0,0
V7E005,1840043,43,seeker,full,1,5,0,0
V7E005,1840043,43,hider,full,0,3,0,0
V7E005,1840043,43,seeker,no_block,1,5,0,0
V7E005,1840043,43,hider,no_block,0,3,0,0
V7E005,1840043,43,seeker,no_ramp,1,5,0,0
V7E005,1840043,43,hider,no_ramp,0,3,0,0
V7E005,1840043,43,seeker,no_objects,1,5,0,0
V7E005,1840043,43,hider,no_objects,0,3,0,0
V7E005,1840044,43,seeker,full,1,52,2,0
V7E005,1840044,43,hider,full,1,100,0,0
V7E005,1840044,43,seeker,no_block,1,54,0,0
V7E005,1840044,43,hider,no_block,1,100,0,0
V7E005,1840044,43,seeker,no_ramp,1,52,2,0
V7E005,1840044,43,hider,no_ramp,1,100,0,0
V7E005,1840044,43,seeker,no_objects,1,54,0,0
V7E005,1840044,43,hider,no_objects,1,100,0,0
V7E005,1840045,43,seeker,full,1,26,2,0
V7E005,1840045,43,hider,full,0,25,0,0
V7E005,1840045,43,seeker,no_block,1,26,0,0
V7E005,1840045,43,hider,no_block,0,25,0,0
V7E005,1840045,43,seeker,no_ramp,1,26,2,0
V7E005,1840045,43,hider,no_ramp,0,25,0,0
V7E005,1840045,43,seeker,no_objects,1,26,0,0
V7E005,1840045,43,hider,no_objects,0,25,0,0
V7E005,1840046,43,seeker,full,1,8,0,0
V7E005,1840046,43,hider,full,0,6,0,0
V7E005,1840046,43,seeker,no_block,1,8,0,0
V7E005,1840046,43,hider,no_block,0,6,0,0
V7E005,1840046,43,seeker,no_ramp,1,8,0,0
V7E005,1840046,43,hider,no_ramp,0,6,0,0
V7E005,1840046,43,seeker,no_objects,1,8,0,0
V7E005,1840046,43,hider,no_objects,0,6,0,0
V7E005,1840047,43,seeker,full,1,12,2,0
V7E005,1840047,43,hider,full,0,20,0,0
V7E005,1840047,43,seeker,no_block,1,12,0,0
V7E005,1840047,43,hider,no_block,0,20,0,0
V7E005,1840047,43,seeker,no_ramp,1,12,2,0
V7E005,1840047,43,hider,no_ramp,0,20,0,0
V7E005,1840047,43,seeker,no_objects,1,12,0,0
V7E005,1840047,43,hider,no_objects,0,20,0,0
V7E005,1840048,43,seeker,full,1,3,0,0
V7E005,1840048,43,hider,full,0,3,0,0
V7E005,1840048,43,seeker,no_block,1,3,0,0
V7E005,1840048,43,hider,no_block,0,3,0,0
V7E005,1840048,43,seeker,no_ramp,1,3,0,0
V7E005,1840048,43,hider,no_ramp,0,3,0,0
V7E005,1840048,43,seeker,no_objects,1,3,0,0
V7E005,1840048,43,hider,no_objects,0,3,0,0
V7E005,1840049,43,seeker,full,1,3,0,0
V7E005,1840049,43,hider,full,1,100,0,0
V7E005,1840049,43,seeker,no_block,1,3,0,0
V7E005,1840049,43,hider,no_block,1,100,0,0
V7E005,1840049,43,seeker,no_ramp,1,3,0,0
V7E005,1840049,43,hider,no_ramp,1,100,0,0
V7E005,1840049,43,seeker,no_objects,1,3,0,0
V7E005,1840049,43,hider,no_objects,1,100,0,0
V7E005,1840050,43,seeker,full,1,49,2,1
V7E005,1840050,43,hider,full,1,100,0,0
V7E005,1840050,43,seeker,no_block,1,51,0,1
V7E005,1840050,43,hider,no_block,1,100,0,0
V7E005,1840050,43,seeker,no_ramp,1,58,2,0
V7E005,1840050,43,hider,no_ramp,1,100,0,0
V7E005,1840050,43,seeker,no_objects,1,60,0,0
V7E005,1840050,43,hider,no_objects,1,100,0,0
V7E005,1840051,43,seeker,full,1,6,0,0
V7E005,1840051,43,hider,full,0,4,0,0
V7E005,1840051,43,seeker,no_block,1,6,0,0
V7E005,1840051,43,hider,no_block,0,4,0,0
V7E005,1840051,43,seeker,no_ramp,1,6,0,0
V7E005,1840051,43,hider,no_ramp,0,4,0,0
V7E005,1840051,43,seeker,no_objects,1,6,0,0
V7E005,1840051,43,hider,no_objects,0,4,0,0
V7E005,1840052,43,seeker,full,1,32,2,1
V7E005,1840052,43,hider,full,0,31,0,1
V7E005,1840052,43,seeker,no_block,1,32,0,1
V7E005,1840052,43,hider,no_block,0,31,0,1
V7E005,1840052,43,seeker,no_ramp,1,24,2,0
V7E005,1840052,43,hider,no_ramp,1,100,0,0
V7E005,1840052,43,seeker,no_objects,1,24,0,0
V7E005,1840052,43,hider,no_objects,1,100,0,0
V7E005,1840053,43,seeker,full,1,6,0,0
V7E005,1840053,43,hider,full,0,11,0,0
V7E005,1840053,43,seeker,no_block,1,6,0,0
V7E005,1840053,43,hider,no_block,0,11,0,0
V7E005,1840053,43,seeker,no_ramp,1,6,0,0
V7E005,1840053,43,hider,no_ramp,0,11,0,0
V7E005,1840053,43,seeker,no_objects,1,6,0,0
V7E005,1840053,43,hider,no_objects,0,11,0,0
V7E005,1840054,43,seeker,full,1,9,0,0
V7E005,1840054,43,hider,full,0,8,0,0
V7E005,1840054,43,seeker,no_block,1,9,0,0
V7E005,1840054,43,hider,no_block,0,8,0,0
V7E005,1840054,43,seeker,no_ramp,1,9,0,0
V7E005,1840054,43,hider,no_ramp,0,8,0,0
V7E005,1840054,43,seeker,no_objects,1,9,0,0
V7E005,1840054,43,hider,no_objects,0,8,0,0
V7E005,1840055,43,seeker,full,1,19,2,0
V7E005,1840055,43,hider,full,0,18,0,0
V7E005,1840055,43,seeker,no_block,1,19,0,0
V7E005,1840055,43,hider,no_block,0,18,0,0
V7E005,1840055,43,seeker,no_ramp,1,19,2,0
V7E005,1840055,43,hider,no_ramp,0,18,0,0
V7E005,1840055,43,seeker,no_objects,1,19,0,0
V7E005,1840055,43,hider,no_objects,0,18,0,0
V7E005,1840056,43,seeker,full,1,1,0,0
V7E005,1840056,43,hider,full,0,1,0,0
V7E005,1840056,43,seeker,no_block,1,1,0,0
V7E005,1840056,43,hider,no_block,0,1,0,0
V7E005,1840056,43,seeker,no_ramp,1,1,0,0
V7E005,1840056,43,hider,no_ramp,0,1,0,0
V7E005,1840056,43,seeker,no_objects,1,1,0,0
V7E005,1840056,43,hider,no_objects,0,1,0,0
V7E005,1840057,43,seeker,full,1,5,0,0
V7E005,1840057,43,hider,full,0,8,0,0
V7E005,1840057,43,seeker,no_block,1,5,0,0
V7E005,1840057,43,hider,no_block,0,8,0,0
V7E005,1840057,43,seeker,no_ramp,1,5,0,0
V7E005,1840057,43,hider,no_ramp,0,8,0,0
V7E005,1840057,43,seeker,no_objects,1,5,0,0
V7E005,1840057,43,hider,no_objects,0,8,0,0
V7E005,1840058,43,seeker,full,1,25,2,0
V7E005,1840058,43,hider,full,0,24,0,0
V7E005,1840058,43,seeker,no_block,1,25,0,0
V7E005,1840058,43,hider,no_block,0,24,0,0
V7E005,1840058,43,seeker,no_ramp,1,25,2,0
V7E005,1840058,43,hider,no_ramp,0,24,0,0
V7E005,1840058,43,seeker,no_objects,1,25,0,0
V7E005,1840058,43,hider,no_objects,0,24,0,0
V7E005,1840059,43,seeker,full,1,8,0,0
V7E005,1840059,43,hider,full,0,46,0,1
V7E005,1840059,43,seeker,no_block,1,8,0,0
V7E005,1840059,43,hider,no_block,0,48,0,1
V7E005,1840059,43,seeker,no_ramp,1,8,0,0
V7E005,1840059,43,hider,no_ramp,1,100,0,0
V7E005,1840059,43,seeker,no_objects,1,8,0,0
V7E005,1840059,43,hider,no_objects,1,100,0,0
V7E005,1840060,43,seeker,full,1,52,2,0
V7E005,1840060,43,hider,full,0,49,0,0
V7E005,1840060,43,seeker,no_block,1,54,0,0
V7E005,1840060,43,hider,no_block,0,51,0,0
V7E005,1840060,43,seeker,no_ramp,1,52,2,0
V7E005,1840060,43,hider,no_ramp,0,49,0,0
V7E005,1840060,43,seeker,no_objects,1,54,0,0
V7E005,1840060,43,hider,no_objects,0,51,0,0
V7E005,1840061,43,seeker,full,1,6,0,0
V7E005,1840061,43,hider,full,0,42,0,0
V7E005,1840061,43,seeker,no_block,1,6,0,0
V7E005,1840061,43,hider,no_block,0,44,0,0
V7E005,1840061,43,seeker,no_ramp,1,6,0,0
V7E005,1840061,43,hider,no_ramp,0,53,0,0
V7E005,1840061,43,seeker,no_objects,1,6,0,0
V7E005,1840061,43,hider,no_objects,0,55,0,0
V7E005,1840062,43,seeker,full,1,6,0,0
V7E005,1840062,43,hider,full,0,11,0,0
V7E005,1840062,43,seeker,no_block,1,6,0,0
V7E005,1840062,43,hider,no_block,0,11,0,0
V7E005,1840062,43,seeker,no_ramp,1,6,0,0
V7E005,1840062,43,hider,no_ramp,0,11,0,0
V7E005,1840062,43,seeker,no_objects,1,6,0,0
V7E005,1840062,43,hider,no_objects,0,11,0,0
V7E005,1840063,43,seeker,full,1,3,0,0
V7E005,1840063,43,hider,full,0,3,0,0
V7E005,1840063,43,seeker,no_block,1,3,0,0
V7E005,1840063,43,hider,no_block,0,3,0,0
V7E005,1840063,43,seeker,no_ramp,1,3,0,0
V7E005,1840063,43,hider,no_ramp,0,3,0,0
V7E005,1840063,43,seeker,no_objects,1,3,0,0
V7E005,1840063,43,hider,no_objects,0,3,0,0
V7E005,1840064,43,seeker,full,1,1,0,0
V7E005,1840064,43,hider,full,0,1,0,0
V7E005,1840064,43,seeker,no_block,1,1,0,0
V7E005,1840064,43,hider,no_block,0,1,0,0
V7E005,1840064,43,seeker,no_ramp,1,1,0,0
V7E005,1840064,43,hider,no_ramp,0,1,0,0
V7E005,1840064,43,seeker,no_objects,1,1,0,0
V7E005,1840064,43,hider,no_objects,0,1,0,0
V7E005,1840065,43,seeker,full,1,2,0,0
V7E005,1840065,43,hider,full,0,2,0,0
V7E005,1840065,43,seeker,no_block,1,2,0,0
V7E005,1840065,43,hider,no_block,0,2,0,0
V7E005,1840065,43,seeker,no_ramp,1,2,0,0
V7E005,1840065,43,hider,no_ramp,0,2,0,0
V7E005,1840065,43,seeker,no_objects,1,2,0,0
V7E005,1840065,43,hider,no_objects,0,2,0,0
V7E005,1840066,43,seeker,full,0,100,0,1
V7E005,1840066,43,hider,full,0,64,0,0
V7E005,1840066,43,seeker,no_block,1,3,0,0
V7E005,1840066,43,hider,no_block,1,100,0,0
V7E005,1840066,43,seeker,no_ramp,0,100,0,0
V7E005,1840066,43,hider,no_ramp,1,100,0,0
V7E005,1840066,43,seeker,no_objects,1,3,0,0
V7E005,1840066,43,hider,no_objects,1,100,0,0
V7E005,1840067,43,seeker,full,1,2,0,0
V7E005,1840067,43,hider,full,0,2,0,0
V7E005,1840067,43,seeker,no_block,1,2,0,0
V7E005,1840067,43,hider,no_block,0,2,0,0
V7E005,1840067,43,seeker,no_ramp,1,2,0,0
V7E005,1840067,43,hider,no_ramp,0,2,0,0
V7E005,1840067,43,seeker,no_objects,1,2,0,0
V7E005,1840067,43,hider,no_objects,0,2,0,0
V7E005,1840068,43,seeker,full,1,7,0,0
V7E005,1840068,43,hider,full,0,5,0,0
V7E005,1840068,43,seeker,no_block,1,7,0,0
V7E005,1840068,43,hider,no_block,0,5,0,0
V7E005,1840068,43,seeker,no_ramp,1,7,0,0
V7E005,1840068,43,hider,no_ramp,0,5,0,0
V7E005,1840068,43,seeker,no_objects,1,7,0,0
V7E005,1840068,43,hider,no_objects,0,5,0,0
V7E005,1840069,43,seeker,full,1,37,2,0
V7E005,1840069,43,hider,full,0,36,0,0
V7E005,1840069,43,seeker,no_block,1,39,0,0
V7E005,1840069,43,hider,no_block,0,38,0,0
V7E005,1840069,43,seeker,no_ramp,1,37,2,0
V7E005,1840069,43,hider,no_ramp,0,36,0,0
V7E005,1840069,43,seeker,no_objects,1,39,0,0
V7E005,1840069,43,hider,no_objects,0,38,0,0
V7E005,1840070,43,seeker,full,1,21,2,0
V7E005,1840070,43,hider,full,0,29,0,1
V7E005,1840070,43,seeker,no_block,1,21,0,0
V7E005,1840070,43,hider,no_block,0,29,0,1
V7E005,1840070,43,seeker,no_ramp,1,21,2,0
V7E005,1840070,43,hider,no_ramp,1,100,0,0
V7E005,1840070,43,seeker,no_objects,1,21,0,0
V7E005,1840070,43,hider,no_objects,1,100,0,0
V7E005,1840071,43,seeker,full,1,9,0,0
V7E005,1840071,43,hider,full,1,100,0,0
V7E005,1840071,43,seeker,no_block,1,9,0,0
V7E005,1840071,43,hider,no_block,1,100,0,0
V7E005,1840071,43,seeker,no_ramp,1,9,0,0
V7E005,1840071,43,hider,no_ramp,1,100,0,0
V7E005,1840071,43,seeker,no_objects,1,9,0,0
V7E005,1840071,43,hider,no_objects,1,100,0,0
V7E005,1840072,43,seeker,full,1,37,2,0
V7E005,1840072,43,hider,full,0,36,0,0
V7E005,1840072,43,seeker,no_block,1,39,0,0
V7E005,1840072,43,hider,no_block,0,38,0,0
V7E005,1840072,43,seeker,no_ramp,1,37,2,0
V7E005,1840072,43,hider,no_ramp,0,36,0,0
V7E005,1840072,43,seeker,no_objects,1,39,0,0
V7E005,1840072,43,hider,no_objects,0,38,0,0
V7E005,1840073,43,seeker,full,1,4,0,1
V7E005,1840073,43,hider,full,0,5,0,1
V7E005,1840073,43,seeker,no_block,1,4,0,1
V7E005,1840073,43,hider,no_block,0,5,0,1
V7E005,1840073,43,seeker,no_ramp,1,2,0,0
V7E005,1840073,43,hider,no_ramp,1,100,0,0
V7E005,1840073,43,seeker,no_objects,1,2,0,0
V7E005,1840073,43,hider,no_objects,1,100,0,0
V7E005,1840074,43,seeker,full,1,40,2,0
V7E005,1840074,43,hider,full,1,100,0,0
V7E005,1840074,43,seeker,no_block,1,42,0,0
V7E005,1840074,43,hider,no_block,1,100,0,0
V7E005,1840074,43,seeker,no_ramp,1,40,2,0
V7E005,1840074,43,hider,no_ramp,1,100,0,0
V7E005,1840074,43,seeker,no_objects,1,42,0,0
V7E005,1840074,43,hider,no_objects,1,100,0,0
V7E005,1840075,43,seeker,full,1,3,0,0
V7E005,1840075,43,hider,full,0,2,0,0
V7E005,1840075,43,seeker,no_block,1,3,0,0
V7E005,1840075,43,hider,no_block,0,2,0,0
V7E005,1840075,43,seeker,no_ramp,1,3,0,0
V7E005,1840075,43,hider,no_ramp,0,2,0,0
V7E005,1840075,43,seeker,no_objects,1,3,0,0
V7E005,1840075,43,hider,no_objects,0,2,0,0
V7E005,1840076,43,seeker,full,1,11,2,0
V7E005,1840076,43,hider,full,0,13,0,0
V7E005,1840076,43,seeker,no_block,1,7,0,0
V7E005,1840076,43,hider,no_block,0,9,0,0
V7E005,1840076,43,seeker,no_ramp,1,11,2,0
V7E005,1840076,43,hider,no_ramp,0,13,0,0
V7E005,1840076,43,seeker,no_objects,1,7,0,0
V7E005,1840076,43,hider,no_objects,0,9,0,0
V7E005,1840077,43,seeker,full,1,22,2,0
V7E005,1840077,43,hider,full,0,22,0,0
V7E005,1840077,43,seeker,no_block,1,18,0,0
V7E005,1840077,43,hider,no_block,0,18,0,0
V7E005,1840077,43,seeker,no_ramp,1,22,2,0
V7E005,1840077,43,hider,no_ramp,0,22,0,0
V7E005,1840077,43,seeker,no_objects,1,18,0,0
V7E005,1840077,43,hider,no_objects,0,18,0,0
V7E005,1840078,43,seeker,full,1,8,0,0
V7E005,1840078,43,hider,full,0,5,0,0
V7E005,1840078,43,seeker,no_block,1,8,0,0
V7E005,1840078,43,hider,no_block,0,5,0,0
V7E005,1840078,43,seeker,no_ramp,1,8,0,0
V7E005,1840078,43,hider,no_ramp,0,5,0,0
V7E005,1840078,43,seeker,no_objects,1,8,0,0
V7E005,1840078,43,hider,no_objects,0,5,0,0
V7E005,1840079,43,seeker,full,1,8,1,0
V7E005,1840079,43,hider,full,0,11,0,0
V7E005,1840079,43,seeker,no_block,1,8,0,0
V7E005,1840079,43,hider,no_block,0,11,0,0
V7E005,1840079,43,seeker,no_ramp,1,8,1,0
V7E005,1840079,43,hider,no_ramp,0,11,0,0
V7E005,1840079,43,seeker,no_objects,1,8,0,0
V7E005,1840079,43,hider,no_objects,0,11,0,0
V7E005,1840080,43,seeker,full,1,9,0,0
V7E005,1840080,43,hider,full,0,5,0,0
V7E005,1840080,43,seeker,no_block,1,9,0,0
V7E005,1840080,43,hider,no_block,0,5,0,0
V7E005,1840080,43,seeker,no_ramp,1,9,0,0
V7E005,1840080,43,hider,no_ramp,0,5,0,0
V7E005,1840080,43,seeker,no_objects,1,9,0,0
V7E005,1840080,43,hider,no_objects,0,5,0,0
V7E005,1840081,43,seeker,full,1,3,0,0
V7E005,1840081,43,hider,full,0,8,0,0
V7E005,1840081,43,seeker,no_block,1,3,0,0
V7E005,1840081,43,hider,no_block,0,8,0,0
V7E005,1840081,43,seeker,no_ramp,1,3,0,0
V7E005,1840081,43,hider,no_ramp,0,8,0,0
V7E005,1840081,43,seeker,no_objects,1,3,0,0
V7E005,1840081,43,hider,no_objects,0,8,0,0
V7E005,1840082,43,seeker,full,1,3,0,0
V7E005,1840082,43,hider,full,0,2,0,0
V7E005,1840082,43,seeker,no_block,1,3,0,0
V7E005,1840082,43,hider,no_block,0,2,0,0
V7E005,1840082,43,seeker,no_ramp,1,3,0,0
V7E005,1840082,43,hider,no_ramp,0,2,0,0
V7E005,1840082,43,seeker,no_objects,1,3,0,0
V7E005,1840082,43,hider,no_objects,0,2,0,0
V7E005,1840083,43,seeker,full,1,3,0,0
V7E005,1840083,43,hider,full,0,3,0,0
V7E005,1840083,43,seeker,no_block,1,3,0,0
V7E005,1840083,43,hider,no_block,0,3,0,0
V7E005,1840083,43,seeker,no_ramp,1,3,0,0
V7E005,1840083,43,hider,no_ramp,0,3,0,0
V7E005,1840083,43,seeker,no_objects,1,3,0,0
V7E005,1840083,43,hider,no_objects,0,3,0,0
V7E005,1840084,43,seeker,full,1,6,0,0
V7E005,1840084,43,hider,full,0,42,0,0
V7E005,1840084,43,seeker,no_block,1,6,0,0
V7E005,1840084,43,hider,no_block,0,44,0,0
V7E005,1840084,43,seeker,no_ramp,1,6,0,0
V7E005,1840084,43,hider,no_ramp,0,42,0,0
V7E005,1840084,43,seeker,no_objects,1,6,0,0
V7E005,1840084,43,hider,no_objects,0,44,0,0
V7E005,1840085,43,seeker,full,1,31,2,0
V7E005,1840085,43,hider,full,0,42,0,1
V7E005,1840085,43,seeker,no_block,1,33,0,0
V7E005,1840085,43,hider,no_block,0,44,0,1
V7E005,1840085,43,seeker,no_ramp,1,31,2,0
V7E005,1840085,43,hider,no_ramp,1,100,0,0
V7E005,1840085,43,seeker,no_objects,1,33,0,0
V7E005,1840085,43,hider,no_objects,1,100,0,0
V7E005,1840086,43,seeker,full,1,12,2,0
V7E005,1840086,43,hider,full,1,100,0,0
V7E005,1840086,43,seeker,no_block,1,12,0,0
V7E005,1840086,43,hider,no_block,1,100,0,0
V7E005,1840086,43,seeker,no_ramp,1,12,2,0
V7E005,1840086,43,hider,no_ramp,1,100,0,0
V7E005,1840086,43,seeker,no_objects,1,12,0,0
V7E005,1840086,43,hider,no_objects,1,100,0,0
V7E005,1840087,43,seeker,full,1,3,0,0
V7E005,1840087,43,hider,full,0,8,0,0
V7E005,1840087,43,seeker,no_block,1,3,0,0
V7E005,1840087,43,hider,no_block,0,8,0,0
V7E005,1840087,43,seeker,no_ramp,1,3,0,0
V7E005,1840087,43,hider,no_ramp,0,8,0,0
V7E005,1840087,43,seeker,no_objects,1,3,0,0
V7E005,1840087,43,hider,no_objects,0,8,0,0
V7E005,1840088,43,seeker,full,1,32,2,0
V7E005,1840088,43,hider,full,0,31,0,0
V7E005,1840088,43,seeker,no_block,1,34,0,0
V7E005,1840088,43,hider,no_block,0,33,0,0
V7E005,1840088,43,seeker,no_ramp,1,32,2,0
V7E005,1840088,43,hider,no_ramp,0,31,0,0
V7E005,1840088,43,seeker,no_objects,1,34,0,0
V7E005,1840088,43,hider,no_objects,0,33,0,0
V7E005,1840089,43,seeker,full,1,1,0,0
V7E005,1840089,43,hider,full,0,1,0,0
V7E005,1840089,43,seeker,no_block,1,1,0,0
V7E005,1840089,43,hider,no_block,0,1,0,0
V7E005,1840089,43,seeker,no_ramp,1,1,0,0
V7E005,1840089,43,hider,no_ramp,0,1,0,0
V7E005,1840089,43,seeker,no_objects,1,1,0,0
V7E005,1840089,43,hider,no_objects,0,1,0,0
V7E005,1840090,43,seeker,full,1,11,0,0
V7E005,1840090,43,hider,full,0,50,0,0
V7E005,1840090,43,seeker,no_block,1,11,0,0
V7E005,1840090,43,hider,no_block,0,52,0,0
V7E005,1840090,43,seeker,no_ramp,1,11,0,0
V7E005,1840090,43,hider,no_ramp,0,49,0,0
V7E005,1840090,43,seeker,no_objects,1,11,0,0
V7E005,1840090,43,hider,no_objects,0,51,0,0
V7E005,1840091,43,seeker,full,1,13,0,0
V7E005,1840091,43,hider,full,0,50,0,0
V7E005,1840091,43,seeker,no_block,1,13,0,0
V7E005,1840091,43,hider,no_block,0,52,0,0
V7E005,1840091,43,seeker,no_ramp,1,13,0,0
V7E005,1840091,43,hider,no_ramp,0,49,0,0
V7E005,1840091,43,seeker,no_objects,1,13,0,0
V7E005,1840091,43,hider,no_objects,0,51,0,0
V7E005,1840092,43,seeker,full,1,23,0,1
V7E005,1840092,43,hider,full,0,22,0,0
V7E005,1840092,43,seeker,no_block,1,23,0,1
V7E005,1840092,43,hider,no_block,0,22,0,0
V7E005,1840092,43,seeker,no_ramp,1,42,0,0
V7E005,1840092,43,hider,no_ramp,1,100,0,0
V7E005,1840092,43,seeker,no_objects,1,42,0,0
V7E005,1840092,43,hider,no_objects,1,100,0,0
V7E005,1840093,43,seeker,full,1,19,2,0
V7E005,1840093,43,hider,full,0,20,0,0
V7E005,1840093,43,seeker,no_block,1,15,0,0
V7E005,1840093,43,hider,no_block,0,16,0,0
V7E005,1840093,43,seeker,no_ramp,1,19,2,0
V7E005,1840093,43,hider,no_ramp,0,20,0,0
V7E005,1840093,43,seeker,no_objects,1,15,0,0
V7E005,1840093,43,hider,no_objects,0,16,0,0
V7E005,1840094,43,seeker,full,1,1,0,0
V7E005,1840094,43,hider,full,0,1,0,0
V7E005,1840094,43,seeker,no_block,1,1,0,0
V7E005,1840094,43,hider,no_block,0,1,0,0
V7E005,1840094,43,seeker,no_ramp,1,1,0,0
V7E005,1840094,43,hider,no_ramp,0,1,0,0
V7E005,1840094,43,seeker,no_objects,1,1,0,0
V7E005,1840094,43,hider,no_objects,0,1,0,0
V7E005,1840095,43,seeker,full,1,16,2,0
V7E005,1840095,43,hider,full,1,100,0,0
V7E005,1840095,43,seeker,no_block,1,16,0,0
V7E005,1840095,43,hider,no_block,1,100,0,0
V7E005,1840095,43,seeker,no_ramp,1,16,2,0
V7E005,1840095,43,hider,no_ramp,1,100,0,0
V7E005,1840095,43,seeker,no_objects,1,16,0,0
V7E005,1840095,43,hider,no_objects,1,100,0,0
V7E005,1840096,43,seeker,full,1,28,2,1
V7E005,1840096,43,hider,full,0,26,0,0
V7E005,1840096,43,seeker,no_block,1,28,0,1
V7E005,1840096,43,hider,no_block,0,26,0,0
V7E005,1840096,43,seeker,no_ramp,1,45,2,0
V7E005,1840096,43,hider,no_ramp,0,31,0,0
V7E005,1840096,43,seeker,no_objects,1,45,0,0
V7E005,1840096,43,hider,no_objects,0,31,0,0
V7E005,1840097,43,seeker,full,1,11,0,0
V7E005,1840097,43,hider,full,0,48,0,0
V7E005,1840097,43,seeker,no_block,1,11,0,0
V7E005,1840097,43,hider,no_block,0,50,0,0
V7E005,1840097,43,seeker,no_ramp,1,11,0,0
V7E005,1840097,43,hider,no_ramp,0,47,0,0
V7E005,1840097,43,seeker,no_objects,1,11,0,0
V7E005,1840097,43,hider,no_objects,0,49,0,0
V7E005,1840098,43,seeker,full,1,12,0,0
V7E005,1840098,43,hider,full,0,49,0,0
V7E005,1840098,43,seeker,no_block,1,12,0,0
V7E005,1840098,43,hider,no_block,0,51,0,0
V7E005,1840098,43,seeker,no_ramp,1,12,0,0
V7E005,1840098,43,hider,no_ramp,0,48,0,0
V7E005,1840098,43,seeker,no_objects,1,12,0,0
V7E005,1840098,43,hider,no_objects,0,50,0,0
V7E005,1840099,43,seeker,full,1,15,2,0
V7E005,1840099,43,hider,full,1,100,0,0
V7E005,1840099,43,seeker,no_block,1,11,0,0
V7E005,1840099,43,hider,no_block,1,100,0,0
V7E005,1840099,43,seeker,no_ramp,1,15,2,0
V7E005,1840099,43,hider,no_ramp,1,100,0,0
V7E005,1840099,43,seeker,no_objects,1,11,0,0
V7E005,1840099,43,hider,no_objects,1,100,0,0
V7E006,1850000,43,seeker,full,1,43,5,0
V7E006,1850000,43,hider,full,1,100,0,0
V7E006,1850000,43,seeker,no_block,1,43,0,0
V7E006,1850000,43,hider,no_block,1,100,0,0
V7E006,1850000,43,seeker,no_ramp,1,43,5,0
V7E006,1850000,43,hider,no_ramp,1,100,0,0
V7E006,1850000,43,seeker,no_objects,1,43,0,0
V7E006,1850000,43,hider,no_objects,1,100,0,0
V7E006,1850001,43,seeker,full,1,22,0,0
V7E006,1850001,43,hider,full,1,100,0,0
V7E006,1850001,43,seeker,no_block,1,22,0,0
V7E006,1850001,43,hider,no_block,0,21,0,0
V7E006,1850001,43,seeker,no_ramp,1,22,0,0
V7E006,1850001,43,hider,no_ramp,1,100,0,0
V7E006,1850001,43,seeker,no_objects,1,22,0,0
V7E006,1850001,43,hider,no_objects,0,21,0,0
V7E006,1850002,43,seeker,full,1,9,0,0
V7E006,1850002,43,hider,full,0,11,0,0
V7E006,1850002,43,seeker,no_block,1,9,0,0
V7E006,1850002,43,hider,no_block,0,11,0,0
V7E006,1850002,43,seeker,no_ramp,1,9,0,0
V7E006,1850002,43,hider,no_ramp,0,11,0,0
V7E006,1850002,43,seeker,no_objects,1,9,0,0
V7E006,1850002,43,hider,no_objects,0,11,0,0
V7E006,1850003,43,seeker,full,1,4,0,0
V7E006,1850003,43,hider,full,0,3,0,0
V7E006,1850003,43,seeker,no_block,1,4,0,0
V7E006,1850003,43,hider,no_block,0,3,0,0
V7E006,1850003,43,seeker,no_ramp,1,4,0,0
V7E006,1850003,43,hider,no_ramp,0,3,0,0
V7E006,1850003,43,seeker,no_objects,1,4,0,0
V7E006,1850003,43,hider,no_objects,0,3,0,0
V7E006,1850004,43,seeker,full,1,22,5,0
V7E006,1850004,43,hider,full,1,100,0,0
V7E006,1850004,43,seeker,no_block,1,22,0,0
V7E006,1850004,43,hider,no_block,1,100,0,0
V7E006,1850004,43,seeker,no_ramp,1,22,5,0
V7E006,1850004,43,hider,no_ramp,1,100,0,0
V7E006,1850004,43,seeker,no_objects,1,22,0,0
V7E006,1850004,43,hider,no_objects,1,100,0,0
V7E006,1850005,43,seeker,full,1,26,2,0
V7E006,1850005,43,hider,full,0,26,0,0
V7E006,1850005,43,seeker,no_block,1,26,0,0
V7E006,1850005,43,hider,no_block,1,100,0,0
V7E006,1850005,43,seeker,no_ramp,1,26,2,0
V7E006,1850005,43,hider,no_ramp,0,26,0,0
V7E006,1850005,43,seeker,no_objects,1,26,0,0
V7E006,1850005,43,hider,no_objects,1,100,0,0
V7E006,1850006,43,seeker,full,1,3,0,0
V7E006,1850006,43,hider,full,1,100,0,0
V7E006,1850006,43,seeker,no_block,1,3,0,0
V7E006,1850006,43,hider,no_block,1,100,0,0
V7E006,1850006,43,seeker,no_ramp,1,3,0,0
V7E006,1850006,43,hider,no_ramp,1,100,0,0
V7E006,1850006,43,seeker,no_objects,1,3,0,0
V7E006,1850006,43,hider,no_objects,1,100,0,0
V7E006,1850007,43,seeker,full,1,16,2,0
V7E006,1850007,43,hider,full,0,15,0,0
V7E006,1850007,43,seeker,no_block,1,16,0,0
V7E006,1850007,43,hider,no_block,0,15,0,0
V7E006,1850007,43,seeker,no_ramp,1,16,2,0
V7E006,1850007,43,hider,no_ramp,0,15,0,0
V7E006,1850007,43,seeker,no_objects,1,16,0,0
V7E006,1850007,43,hider,no_objects,0,15,0,0
V7E006,1850008,43,seeker,full,0,100,4,1
V7E006,1850008,43,hider,full,1,100,0,0
V7E006,1850008,43,seeker,no_block,1,21,0,1
V7E006,1850008,43,hider,no_block,1,100,0,0
V7E006,1850008,43,seeker,no_ramp,0,100,4,0
V7E006,1850008,43,hider,no_ramp,1,100,0,0
V7E006,1850008,43,seeker,no_objects,1,24,0,0
V7E006,1850008,43,hider,no_objects,1,100,0,0
V7E006,1850009,43,seeker,full,1,4,0,0
V7E006,1850009,43,hider,full,0,2,0,0
V7E006,1850009,43,seeker,no_block,1,4,0,0
V7E006,1850009,43,hider,no_block,0,2,0,0
V7E006,1850009,43,seeker,no_ramp,1,4,0,0
V7E006,1850009,43,hider,no_ramp,0,2,0,0
V7E006,1850009,43,seeker,no_objects,1,4,0,0
V7E006,1850009,43,hider,no_objects,0,2,0,0
V7E006,1850010,43,seeker,full,1,21,2,0
V7E006,1850010,43,hider,full,0,21,0,0
V7E006,1850010,43,seeker,no_block,1,21,0,0
V7E006,1850010,43,hider,no_block,0,21,0,0
V7E006,1850010,43,seeker,no_ramp,1,21,2,0
V7E006,1850010,43,hider,no_ramp,0,21,0,0
V7E006,1850010,43,seeker,no_objects,1,21,0,0
V7E006,1850010,43,hider,no_objects,0,21,0,0
V7E006,1850011,43,seeker,full,1,28,2,0
V7E006,1850011,43,hider,full,1,100,0,0
V7E006,1850011,43,seeker,no_block,1,28,0,0
V7E006,1850011,43,hider,no_block,1,100,0,0
V7E006,1850011,43,seeker,no_ramp,1,28,2,0
V7E006,1850011,43,hider,no_ramp,1,100,0,0
V7E006,1850011,43,seeker,no_objects,1,28,0,0
V7E006,1850011,43,hider,no_objects,1,100,0,0
V7E006,1850012,43,seeker,full,1,14,0,0
V7E006,1850012,43,hider,full,0,14,0,0
V7E006,1850012,43,seeker,no_block,1,14,0,0
V7E006,1850012,43,hider,no_block,0,14,0,0
V7E006,1850012,43,seeker,no_ramp,1,14,0,0
V7E006,1850012,43,hider,no_ramp,0,14,0,0
V7E006,1850012,43,seeker,no_objects,1,14,0,0
V7E006,1850012,43,hider,no_objects,0,14,0,0
V7E006,1850013,43,seeker,full,1,33,5,0
V7E006,1850013,43,hider,full,1,100,0,0
V7E006,1850013,43,seeker,no_block,1,33,0,0
V7E006,1850013,43,hider,no_block,1,100,0,0
V7E006,1850013,43,seeker,no_ramp,1,33,5,0
V7E006,1850013,43,hider,no_ramp,1,100,0,0
V7E006,1850013,43,seeker,no_objects,1,33,0,0
V7E006,1850013,43,hider,no_objects,1,100,0,0
V7E006,1850014,43,seeker,full,1,4,0,0
V7E006,1850014,43,hider,full,1,100,0,0
V7E006,1850014,43,seeker,no_block,1,4,0,0
V7E006,1850014,43,hider,no_block,1,100,0,0
V7E006,1850014,43,seeker,no_ramp,1,4,0,0
V7E006,1850014,43,hider,no_ramp,1,100,0,0
V7E006,1850014,43,seeker,no_objects,1,4,0,0
V7E006,1850014,43,hider,no_objects,1,100,0,0
V7E006,1850015,43,seeker,full,1,17,5,0
V7E006,1850015,43,hider,full,1,100,0,0
V7E006,1850015,43,seeker,no_block,1,17,0,0
V7E006,1850015,43,hider,no_block,1,100,0,0
V7E006,1850015,43,seeker,no_ramp,1,17,5,0
V7E006,1850015,43,hider,no_ramp,1,100,0,0
V7E006,1850015,43,seeker,no_objects,1,17,0,0
V7E006,1850015,43,hider,no_objects,1,100,0,0
V7E006,1850016,43,seeker,full,1,8,0,0
V7E006,1850016,43,hider,full,0,8,0,0
V7E006,1850016,43,seeker,no_block,1,8,0,0
V7E006,1850016,43,hider,no_block,0,8,0,0
V7E006,1850016,43,seeker,no_ramp,1,8,0,0
V7E006,1850016,43,hider,no_ramp,0,8,0,0
V7E006,1850016,43,seeker,no_objects,1,8,0,0
V7E006,1850016,43,hider,no_objects,0,8,0,0
V7E006,1850017,43,seeker,full,1,9,0,0
V7E006,1850017,43,hider,full,0,38,0,0
V7E006,1850017,43,seeker,no_block,1,9,0,0
V7E006,1850017,43,hider,no_block,0,32,0,0
V7E006,1850017,43,seeker,no_ramp,1,9,0,0
V7E006,1850017,43,hider,no_ramp,0,38,0,0
V7E006,1850017,43,seeker,no_objects,1,9,0,0
V7E006,1850017,43,hider,no_objects,0,38,0,0
V7E006,1850018,43,seeker,full,1,9,0,0
V7E006,1850018,43,hider,full,0,11,0,0
V7E006,1850018,43,seeker,no_block,1,9,0,0
V7E006,1850018,43,hider,no_block,0,11,0,0
V7E006,1850018,43,seeker,no_ramp,1,9,0,0
V7E006,1850018,43,hider,no_ramp,0,11,0,0
V7E006,1850018,43,seeker,no_objects,1,9,0,0
V7E006,1850018,43,hider,no_objects,0,11,0,0
V7E006,1850019,43,seeker,full,1,9,0,0
V7E006,1850019,43,hider,full,1,100,0,1
V7E006,1850019,43,seeker,no_block,1,9,0,0
V7E006,1850019,43,hider,no_block,1,100,0,0
V7E006,1850019,43,seeker,no_ramp,1,9,0,0
V7E006,1850019,43,hider,no_ramp,1,100,0,0
V7E006,1850019,43,seeker,no_objects,1,9,0,0
V7E006,1850019,43,hider,no_objects,1,100,0,0
V7E006,1850020,43,seeker,full,1,5,0,0
V7E006,1850020,43,hider,full,0,5,0,0
V7E006,1850020,43,seeker,no_block,1,5,0,0
V7E006,1850020,43,hider,no_block,0,5,0,0
V7E006,1850020,43,seeker,no_ramp,1,5,0,0
V7E006,1850020,43,hider,no_ramp,0,5,0,0
V7E006,1850020,43,seeker,no_objects,1,5,0,0
V7E006,1850020,43,hider,no_objects,0,5,0,0
V7E006,1850021,43,seeker,full,1,22,5,0
V7E006,1850021,43,hider,full,1,100,0,0
V7E006,1850021,43,seeker,no_block,1,22,0,0
V7E006,1850021,43,hider,no_block,1,100,0,0
V7E006,1850021,43,seeker,no_ramp,1,22,5,0
V7E006,1850021,43,hider,no_ramp,1,100,0,0
V7E006,1850021,43,seeker,no_objects,1,22,0,0
V7E006,1850021,43,hider,no_objects,1,100,0,0
V7E006,1850022,43,seeker,full,1,43,5,0
V7E006,1850022,43,hider,full,0,43,0,0
V7E006,1850022,43,seeker,no_block,1,43,0,0
V7E006,1850022,43,hider,no_block,0,43,0,0
V7E006,1850022,43,seeker,no_ramp,1,43,5,0
V7E006,1850022,43,hider,no_ramp,0,43,0,0
V7E006,1850022,43,seeker,no_objects,1,43,0,0
V7E006,1850022,43,hider,no_objects,0,43,0,0
V7E006,1850023,43,seeker,full,1,35,5,0
V7E006,1850023,43,hider,full,1,100,0,0
V7E006,1850023,43,seeker,no_block,1,35,0,0
V7E006,1850023,43,hider,no_block,1,100,0,0
V7E006,1850023,43,seeker,no_ramp,1,35,5,0
V7E006,1850023,43,hider,no_ramp,1,100,0,0
V7E006,1850023,43,seeker,no_objects,1,35,0,0
V7E006,1850023,43,hider,no_objects,1,100,0,0
V7E006,1850024,43,seeker,full,1,4,0,0
V7E006,1850024,43,hider,full,0,4,0,0
V7E006,1850024,43,seeker,no_block,1,4,0,0
V7E006,1850024,43,hider,no_block,0,4,0,0
V7E006,1850024,43,seeker,no_ramp,1,4,0,0
V7E006,1850024,43,hider,no_ramp,0,4,0,0
V7E006,1850024,43,seeker,no_objects,1,4,0,0
V7E006,1850024,43,hider,no_objects,0,4,0,0
V7E006,1850025,43,seeker,full,1,27,5,0
V7E006,1850025,43,hider,full,1,100,0,0
V7E006,1850025,43,seeker,no_block,1,27,0,0
V7E006,1850025,43,hider,no_block,0,28,0,0
V7E006,1850025,43,seeker,no_ramp,1,27,5,0
V7E006,1850025,43,hider,no_ramp,0,28,0,0
V7E006,1850025,43,seeker,no_objects,1,27,0,0
V7E006,1850025,43,hider,no_objects,0,28,0,0
V7E006,1850026,43,seeker,full,1,6,0,0
V7E006,1850026,43,hider,full,1,100,0,0
V7E006,1850026,43,seeker,no_block,1,6,0,0
V7E006,1850026,43,hider,no_block,1,100,0,0
V7E006,1850026,43,seeker,no_ramp,1,6,0,0
V7E006,1850026,43,hider,no_ramp,1,100,0,0
V7E006,1850026,43,seeker,no_objects,1,6,0,0
V7E006,1850026,43,hider,no_objects,1,100,0,0
V7E006,1850027,43,seeker,full,1,18,5,0
V7E006,1850027,43,hider,full,1,100,0,0
V7E006,1850027,43,seeker,no_block,1,18,0,0
V7E006,1850027,43,hider,no_block,1,100,0,0
V7E006,1850027,43,seeker,no_ramp,1,18,5,0
V7E006,1850027,43,hider,no_ramp,1,100,0,0
V7E006,1850027,43,seeker,no_objects,1,18,0,0
V7E006,1850027,43,hider,no_objects,1,100,0,0
V7E006,1850028,43,seeker,full,1,13,5,0
V7E006,1850028,43,hider,full,1,100,0,0
V7E006,1850028,43,seeker,no_block,1,13,0,0
V7E006,1850028,43,hider,no_block,1,100,0,0
V7E006,1850028,43,seeker,no_ramp,1,13,5,0
V7E006,1850028,43,hider,no_ramp,1,100,0,0
V7E006,1850028,43,seeker,no_objects,1,13,0,0
V7E006,1850028,43,hider,no_objects,1,100,0,0
V7E006,1850029,43,seeker,full,1,28,2,0
V7E006,1850029,43,hider,full,0,29,0,0
V7E006,1850029,43,seeker,no_block,1,28,0,0
V7E006,1850029,43,hider,no_block,0,23,0,0
V7E006,1850029,43,seeker,no_ramp,1,28,2,0
V7E006,1850029,43,hider,no_ramp,0,29,0,0
V7E006,1850029,43,seeker,no_objects,1,28,0,0
V7E006,1850029,43,hider,no_objects,0,29,0,0
V7E006,1850030,43,seeker,full,1,34,2,0
V7E006,1850030,43,hider,full,1,100,0,0
V7E006,1850030,43,seeker,no_block,1,34,0,0
V7E006,1850030,43,hider,no_block,1,100,0,0
V7E006,1850030,43,seeker,no_ramp,1,34,2,0
V7E006,1850030,43,hider,no_ramp,1,100,0,0
V7E006,1850030,43,seeker,no_objects,1,34,0,0
V7E006,1850030,43,hider,no_objects,1,100,0,0
V7E006,1850031,43,seeker,full,1,14,2,0
V7E006,1850031,43,hider,full,1,100,0,0
V7E006,1850031,43,seeker,no_block,1,14,0,0
V7E006,1850031,43,hider,no_block,1,100,0,0
V7E006,1850031,43,seeker,no_ramp,1,14,2,0
V7E006,1850031,43,hider,no_ramp,1,100,0,0
V7E006,1850031,43,seeker,no_objects,1,14,0,0
V7E006,1850031,43,hider,no_objects,1,100,0,0
V7E006,1850032,43,seeker,full,1,17,5,0
V7E006,1850032,43,hider,full,1,100,0,0
V7E006,1850032,43,seeker,no_block,1,17,0,0
V7E006,1850032,43,hider,no_block,1,100,0,0
V7E006,1850032,43,seeker,no_ramp,1,17,5,0
V7E006,1850032,43,hider,no_ramp,1,100,0,0
V7E006,1850032,43,seeker,no_objects,1,17,0,0
V7E006,1850032,43,hider,no_objects,1,100,0,0
V7E006,1850033,43,seeker,full,1,3,0,0
V7E006,1850033,43,hider,full,0,2,0,0
V7E006,1850033,43,seeker,no_block,1,3,0,0
V7E006,1850033,43,hider,no_block,0,2,0,0
V7E006,1850033,43,seeker,no_ramp,1,3,0,0
V7E006,1850033,43,hider,no_ramp,0,2,0,0
V7E006,1850033,43,seeker,no_objects,1,3,0,0
V7E006,1850033,43,hider,no_objects,0,2,0,0
V7E006,1850034,43,seeker,full,1,15,2,0
V7E006,1850034,43,hider,full,1,100,0,0
V7E006,1850034,43,seeker,no_block,1,15,0,0
V7E006,1850034,43,hider,no_block,1,100,0,0
V7E006,1850034,43,seeker,no_ramp,1,15,2,0
V7E006,1850034,43,hider,no_ramp,1,100,0,0
V7E006,1850034,43,seeker,no_objects,1,15,0,0
V7E006,1850034,43,hider,no_objects,1,100,0,0
V7E006,1850035,43,seeker,full,1,42,5,0
V7E006,1850035,43,hider,full,0,42,0,0
V7E006,1850035,43,seeker,no_block,1,42,0,0
V7E006,1850035,43,hider,no_block,0,42,0,0
V7E006,1850035,43,seeker,no_ramp,1,42,5,0
V7E006,1850035,43,hider,no_ramp,0,42,0,0
V7E006,1850035,43,seeker,no_objects,1,42,0,0
V7E006,1850035,43,hider,no_objects,0,42,0,0
V7E006,1850036,43,seeker,full,1,14,2,0
V7E006,1850036,43,hider,full,1,100,0,0
V7E006,1850036,43,seeker,no_block,1,14,0,0
V7E006,1850036,43,hider,no_block,1,100,0,0
V7E006,1850036,43,seeker,no_ramp,1,14,2,0
V7E006,1850036,43,hider,no_ramp,1,100,0,0
V7E006,1850036,43,seeker,no_objects,1,14,0,0
V7E006,1850036,43,hider,no_objects,1,100,0,0
V7E006,1850037,43,seeker,full,1,31,2,0
V7E006,1850037,43,hider,full,1,100,0,0
V7E006,1850037,43,seeker,no_block,1,31,0,0
V7E006,1850037,43,hider,no_block,1,100,0,0
V7E006,1850037,43,seeker,no_ramp,1,31,2,0
V7E006,1850037,43,hider,no_ramp,1,100,0,0
V7E006,1850037,43,seeker,no_objects,1,31,0,0
V7E006,1850037,43,hider,no_objects,1,100,0,0
V7E006,1850038,43,seeker,full,1,34,2,0
V7E006,1850038,43,hider,full,0,33,0,0
V7E006,1850038,43,seeker,no_block,1,34,0,0
V7E006,1850038,43,hider,no_block,0,33,0,0
V7E006,1850038,43,seeker,no_ramp,1,34,2,0
V7E006,1850038,43,hider,no_ramp,0,33,0,0
V7E006,1850038,43,seeker,no_objects,1,34,0,0
V7E006,1850038,43,hider,no_objects,0,33,0,0
V7E006,1850039,43,seeker,full,1,26,0,0
V7E006,1850039,43,hider,full,1,100,0,0
V7E006,1850039,43,seeker,no_block,1,26,0,0
V7E006,1850039,43,hider,no_block,1,100,0,0
V7E006,1850039,43,seeker,no_ramp,1,26,0,0
V7E006,1850039,43,hider,no_ramp,1,100,0,0
V7E006,1850039,43,seeker,no_objects,1,26,0,0
V7E006,1850039,43,hider,no_objects,1,100,0,0
V7E006,1850040,43,seeker,full,1,14,2,0
V7E006,1850040,43,hider,full,0,13,0,0
V7E006,1850040,43,seeker,no_block,1,14,0,0
V7E006,1850040,43,hider,no_block,1,100,0,0
V7E006,1850040,43,seeker,no_ramp,1,14,2,0
V7E006,1850040,43,hider,no_ramp,0,13,0,0
V7E006,1850040,43,seeker,no_objects,1,14,0,0
V7E006,1850040,43,hider,no_objects,1,100,0,0
V7E006,1850041,43,seeker,full,1,1,0,0
V7E006,1850041,43,hider,full,0,1,0,0
V7E006,1850041,43,seeker,no_block,1,1,0,0
V7E006,1850041,43,hider,no_block,0,1,0,0
V7E006,1850041,43,seeker,no_ramp,1,1,0,0
V7E006,1850041,43,hider,no_ramp,0,1,0,0
V7E006,1850041,43,seeker,no_objects,1,1,0,0
V7E006,1850041,43,hider,no_objects,0,1,0,0
V7E006,1850042,43,seeker,full,1,16,0,0
V7E006,1850042,43,hider,full,0,34,0,0
V7E006,1850042,43,seeker,no_block,1,16,0,0
V7E006,1850042,43,hider,no_block,0,34,0,0
V7E006,1850042,43,seeker,no_ramp,1,16,0,0
V7E006,1850042,43,hider,no_ramp,0,34,0,0
V7E006,1850042,43,seeker,no_objects,1,16,0,0
V7E006,1850042,43,hider,no_objects,0,34,0,0
V7E006,1850043,43,seeker,full,1,6,0,0
V7E006,1850043,43,hider,full,1,100,0,0
V7E006,1850043,43,seeker,no_block,1,6,0,0
V7E006,1850043,43,hider,no_block,1,100,0,0
V7E006,1850043,43,seeker,no_ramp,1,6,0,0
V7E006,1850043,43,hider,no_ramp,1,100,0,0
V7E006,1850043,43,seeker,no_objects,1,6,0,0
V7E006,1850043,43,hider,no_objects,1,100,0,0
V7E006,1850044,43,seeker,full,1,13,2,0
V7E006,1850044,43,hider,full,0,14,0,0
V7E006,1850044,43,seeker,no_block,1,13,0,0
V7E006,1850044,43,hider,no_block,0,7,0,0
V7E006,1850044,43,seeker,no_ramp,1,13,2,0
V7E006,1850044,43,hider,no_ramp,0,19,0,0
V7E006,1850044,43,seeker,no_objects,1,13,0,0
V7E006,1850044,43,hider,no_objects,0,14,0,0
V7E006,1850045,43,seeker,full,1,40,2,0
V7E006,1850045,43,hider,full,1,100,0,0
V7E006,1850045,43,seeker,no_block,1,40,0,0
V7E006,1850045,43,hider,no_block,1,100,0,0
V7E006,1850045,43,seeker,no_ramp,1,40,2,0
V7E006,1850045,43,hider,no_ramp,1,100,0,0
V7E006,1850045,43,seeker,no_objects,1,40,0,0
V7E006,1850045,43,hider,no_objects,1,100,0,0
V7E006,1850046,43,seeker,full,1,2,0,0
V7E006,1850046,43,hider,full,0,2,0,0
V7E006,1850046,43,seeker,no_block,1,2,0,0
V7E006,1850046,43,hider,no_block,0,2,0,0
V7E006,1850046,43,seeker,no_ramp,1,2,0,0
V7E006,1850046,43,hider,no_ramp,0,2,0,0
V7E006,1850046,43,seeker,no_objects,1,2,0,0
V7E006,1850046,43,hider,no_objects,0,2,0,0
V7E006,1850047,43,seeker,full,1,31,2,0
V7E006,1850047,43,hider,full,1,100,0,0
V7E006,1850047,43,seeker,no_block,1,31,0,0
V7E006,1850047,43,hider,no_block,1,100,0,0
V7E006,1850047,43,seeker,no_ramp,1,31,2,0
V7E006,1850047,43,hider,no_ramp,1,100,0,0
V7E006,1850047,43,seeker,no_objects,1,31,0,0
V7E006,1850047,43,hider,no_objects,1,100,0,0
V7E006,1850048,43,seeker,full,1,22,5,0
V7E006,1850048,43,hider,full,1,100,0,0
V7E006,1850048,43,seeker,no_block,1,22,0,0
V7E006,1850048,43,hider,no_block,1,100,0,0
V7E006,1850048,43,seeker,no_ramp,1,22,5,0
V7E006,1850048,43,hider,no_ramp,1,100,0,0
V7E006,1850048,43,seeker,no_objects,1,22,0,0
V7E006,1850048,43,hider,no_objects,1,100,0,0
V7E006,1850049,43,seeker,full,1,17,2,0
V7E006,1850049,43,hider,full,1,100,0,0
V7E006,1850049,43,seeker,no_block,1,17,0,0
V7E006,1850049,43,hider,no_block,1,100,0,0
V7E006,1850049,43,seeker,no_ramp,1,17,2,0
V7E006,1850049,43,hider,no_ramp,1,100,0,0
V7E006,1850049,43,seeker,no_objects,1,17,0,0
V7E006,1850049,43,hider,no_objects,1,100,0,0
V7E006,1850050,43,seeker,full,1,29,0,0
V7E006,1850050,43,hider,full,0,30,0,0
V7E006,1850050,43,seeker,no_block,1,29,0,0
V7E006,1850050,43,hider,no_block,0,30,0,0
V7E006,1850050,43,seeker,no_ramp,1,29,0,0
V7E006,1850050,43,hider,no_ramp,0,30,0,0
V7E006,1850050,43,seeker,no_objects,1,29,0,0
V7E006,1850050,43,hider,no_objects,0,30,0,0
V7E006,1850051,43,seeker,full,1,29,0,0
V7E006,1850051,43,hider,full,0,30,0,0
V7E006,1850051,43,seeker,no_block,1,29,0,0
V7E006,1850051,43,hider,no_block,0,30,0,0
V7E006,1850051,43,seeker,no_ramp,1,29,0,0
V7E006,1850051,43,hider,no_ramp,0,30,0,0
V7E006,1850051,43,seeker,no_objects,1,29,0,0
V7E006,1850051,43,hider,no_objects,0,30,0,0
V7E006,1850052,43,seeker,full,1,13,0,0
V7E006,1850052,43,hider,full,0,14,0,0
V7E006,1850052,43,seeker,no_block,1,13,0,0
V7E006,1850052,43,hider,no_block,0,14,0,0
V7E006,1850052,43,seeker,no_ramp,1,13,0,0
V7E006,1850052,43,hider,no_ramp,0,14,0,0
V7E006,1850052,43,seeker,no_objects,1,13,0,0
V7E006,1850052,43,hider,no_objects,0,14,0,0
V7E006,1850053,43,seeker,full,1,29,2,0
V7E006,1850053,43,hider,full,0,29,0,0
V7E006,1850053,43,seeker,no_block,1,29,0,0
V7E006,1850053,43,hider,no_block,0,31,0,0
V7E006,1850053,43,seeker,no_ramp,1,29,2,0
V7E006,1850053,43,hider,no_ramp,0,29,0,0
V7E006,1850053,43,seeker,no_objects,1,29,0,0
V7E006,1850053,43,hider,no_objects,0,31,0,0
V7E006,1850054,43,seeker,full,1,11,2,0
V7E006,1850054,43,hider,full,0,10,0,0
V7E006,1850054,43,seeker,no_block,1,11,0,0
V7E006,1850054,43,hider,no_block,0,10,0,0
V7E006,1850054,43,seeker,no_ramp,1,11,2,0
V7E006,1850054,43,hider,no_ramp,0,10,0,0
V7E006,1850054,43,seeker,no_objects,1,11,0,0
V7E006,1850054,43,hider,no_objects,0,10,0,0
V7E006,1850055,43,seeker,full,1,31,2,0
V7E006,1850055,43,hider,full,0,30,0,0
V7E006,1850055,43,seeker,no_block,1,31,0,0
V7E006,1850055,43,hider,no_block,0,30,0,0
V7E006,1850055,43,seeker,no_ramp,1,31,2,0
V7E006,1850055,43,hider,no_ramp,0,30,0,0
V7E006,1850055,43,seeker,no_objects,1,31,0,0
V7E006,1850055,43,hider,no_objects,0,30,0,0
V7E006,1850056,43,seeker,full,1,14,2,0
V7E006,1850056,43,hider,full,0,14,0,0
V7E006,1850056,43,seeker,no_block,1,14,0,0
V7E006,1850056,43,hider,no_block,0,14,0,0
V7E006,1850056,43,seeker,no_ramp,1,14,2,0
V7E006,1850056,43,hider,no_ramp,0,14,0,0
V7E006,1850056,43,seeker,no_objects,1,14,0,0
V7E006,1850056,43,hider,no_objects,0,14,0,0
V7E006,1850057,43,seeker,full,1,32,5,0
V7E006,1850057,43,hider,full,1,100,0,0
V7E006,1850057,43,seeker,no_block,1,32,0,0
V7E006,1850057,43,hider,no_block,1,100,0,0
V7E006,1850057,43,seeker,no_ramp,1,32,5,0
V7E006,1850057,43,hider,no_ramp,0,38,0,0
V7E006,1850057,43,seeker,no_objects,1,32,0,0
V7E006,1850057,43,hider,no_objects,1,100,0,0
V7E006,1850058,43,seeker,full,1,25,2,0
V7E006,1850058,43,hider,full,0,25,0,0
V7E006,1850058,43,seeker,no_block,1,25,0,0
V7E006,1850058,43,hider,no_block,0,27,0,0
V7E006,1850058,43,seeker,no_ramp,1,25,2,0
V7E006,1850058,43,hider,no_ramp,0,25,0,0
V7E006,1850058,43,seeker,no_objects,1,25,0,0
V7E006,1850058,43,hider,no_objects,0,27,0,0
V7E006,1850059,43,seeker,full,1,25,2,0
V7E006,1850059,43,hider,full,0,24,0,0
V7E006,1850059,43,seeker,no_block,1,25,0,0
V7E006,1850059,43,hider,no_block,0,24,0,0
V7E006,1850059,43,seeker,no_ramp,1,25,2,0
V7E006,1850059,43,hider,no_ramp,1,100,0,0
V7E006,1850059,43,seeker,no_objects,1,25,0,0
V7E006,1850059,43,hider,no_objects,0,24,0,0
V7E006,1850060,43,seeker,full,1,39,2,0
V7E006,1850060,43,hider,full,0,33,0,0
V7E006,1850060,43,seeker,no_block,1,39,0,0
V7E006,1850060,43,hider,no_block,0,33,0,0
V7E006,1850060,43,seeker,no_ramp,1,39,2,0
V7E006,1850060,43,hider,no_ramp,0,33,0,0
V7E006,1850060,43,seeker,no_objects,1,39,0,0
V7E006,1850060,43,hider,no_objects,0,33,0,0
V7E006,1850061,43,seeker,full,1,24,2,0
V7E006,1850061,43,hider,full,1,100,0,0
V7E006,1850061,43,seeker,no_block,1,24,0,0
V7E006,1850061,43,hider,no_block,1,100,0,0
V7E006,1850061,43,seeker,no_ramp,1,24,2,0
V7E006,1850061,43,hider,no_ramp,1,100,0,0
V7E006,1850061,43,seeker,no_objects,1,24,0,0
V7E006,1850061,43,hider,no_objects,1,100,0,0
V7E006,1850062,43,seeker,full,1,15,2,0
V7E006,1850062,43,hider,full,0,15,0,0
V7E006,1850062,43,seeker,no_block,1,15,0,0
V7E006,1850062,43,hider,no_block,1,100,0,0
V7E006,1850062,43,seeker,no_ramp,1,15,2,0
V7E006,1850062,43,hider,no_ramp,0,15,0,0
V7E006,1850062,43,seeker,no_objects,1,15,0,0
V7E006,1850062,43,hider,no_objects,1,100,0,0
V7E006,1850063,43,seeker,full,1,6,0,0
V7E006,1850063,43,hider,full,0,6,0,0
V7E006,1850063,43,seeker,no_block,1,6,0,0
V7E006,1850063,43,hider,no_block,0,6,0,0
V7E006,1850063,43,seeker,no_ramp,1,6,0,0
V7E006,1850063,43,hider,no_ramp,0,6,0,0
V7E006,1850063,43,seeker,no_objects,1,6,0,0
V7E006,1850063,43,hider,no_objects,0,6,0,0
V7E006,1850064,43,seeker,full,1,25,2,0
V7E006,1850064,43,hider,full,0,24,0,0
V7E006,1850064,43,seeker,no_block,1,25,0,0
V7E006,1850064,43,hider,no_block,0,24,0,0
V7E006,1850064,43,seeker,no_ramp,1,25,2,0
V7E006,1850064,43,hider,no_ramp,0,24,0,0
V7E006,1850064,43,seeker,no_objects,1,25,0,0
V7E006,1850064,43,hider,no_objects,0,24,0,0
V7E006,1850065,43,seeker,full,1,6,0,0
V7E006,1850065,43,hider,full,1,100,0,0
V7E006,1850065,43,seeker,no_block,1,6,0,0
V7E006,1850065,43,hider,no_block,1,100,0,0
V7E006,1850065,43,seeker,no_ramp,1,6,0,0
V7E006,1850065,43,hider,no_ramp,1,100,0,0
V7E006,1850065,43,seeker,no_objects,1,6,0,0
V7E006,1850065,43,hider,no_objects,1,100,0,0
V7E006,1850066,43,seeker,full,1,24,5,1
V7E006,1850066,43,hider,full,1,100,0,0
V7E006,1850066,43,seeker,no_block,1,22,0,1
V7E006,1850066,43,hider,no_block,1,100,0,0
V7E006,1850066,43,seeker,no_ramp,1,25,5,0
V7E006,1850066,43,hider,no_ramp,1,100,0,0
V7E006,1850066,43,seeker,no_objects,1,25,0,0
V7E006,1850066,43,hider,no_objects,1,100,0,0
V7E006,1850067,43,seeker,full,1,24,5,1
V7E006,1850067,43,hider,full,1,100,0,0
V7E006,1850067,43,seeker,no_block,1,24,0,1
V7E006,1850067,43,hider,no_block,0,27,0,0
V7E006,1850067,43,seeker,no_ramp,1,27,5,0
V7E006,1850067,43,hider,no_ramp,0,31,0,0
V7E006,1850067,43,seeker,no_objects,1,27,0,0
V7E006,1850067,43,hider,no_objects,1,100,0,0
V7E006,1850068,43,seeker,full,1,19,0,0
V7E006,1850068,43,hider,full,0,18,2,0
V7E006,1850068,43,seeker,no_block,1,20,0,0
V7E006,1850068,43,hider,no_block,0,20,0,0
V7E006,1850068,43,seeker,no_ramp,1,19,0,0
V7E006,1850068,43,hider,no_ramp,0,18,2,0
V7E006,1850068,43,seeker,no_objects,1,20,0,0
V7E006,1850068,43,hider,no_objects,0,20,0,0
V7E006,1850069,43,seeker,full,1,14,0,0
V7E006,1850069,43,hider,full,1,100,0,0
V7E006,1850069,43,seeker,no_block,1,14,0,0
V7E006,1850069,43,hider,no_block,1,100,0,0
V7E006,1850069,43,seeker,no_ramp,1,14,0,0
V7E006,1850069,43,hider,no_ramp,1,100,0,0
V7E006,1850069,43,seeker,no_objects,1,14,0,0
V7E006,1850069,43,hider,no_objects,1,100,0,0
V7E006,1850070,43,seeker,full,1,37,2,0
V7E006,1850070,43,hider,full,1,100,0,0
V7E006,1850070,43,seeker,no_block,1,37,0,0
V7E006,1850070,43,hider,no_block,1,100,0,0
V7E006,1850070,43,seeker,no_ramp,1,37,2,0
V7E006,1850070,43,hider,no_ramp,1,100,0,0
V7E006,1850070,43,seeker,no_objects,1,37,0,0
V7E006,1850070,43,hider,no_objects,1,100,0,0
V7E006,1850071,43,seeker,full,1,36,5,0
V7E006,1850071,43,hider,full,1,100,0,0
V7E006,1850071,43,seeker,no_block,1,36,0,0
V7E006,1850071,43,hider,no_block,1,100,0,0
V7E006,1850071,43,seeker,no_ramp,1,36,5,0
V7E006,1850071,43,hider,no_ramp,1,100,0,0
V7E006,1850071,43,seeker,no_objects,1,36,0,0
V7E006,1850071,43,hider,no_objects,1,100,0,0
V7E006,1850072,43,seeker,full,1,24,5,0
V7E006,1850072,43,hider,full,0,24,0,0
V7E006,1850072,43,seeker,no_block,1,24,0,0
V7E006,1850072,43,hider,no_block,0,24,0,0
V7E006,1850072,43,seeker,no_ramp,1,24,5,0
V7E006,1850072,43,hider,no_ramp,0,24,0,0
V7E006,1850072,43,seeker,no_objects,1,24,0,0
V7E006,1850072,43,hider,no_objects,0,24,0,0
V7E006,1850073,43,seeker,full,1,15,2,0
V7E006,1850073,43,hider,full,0,14,0,0
V7E006,1850073,43,seeker,no_block,1,15,0,0
V7E006,1850073,43,hider,no_block,0,14,0,0
V7E006,1850073,43,seeker,no_ramp,1,15,2,0
V7E006,1850073,43,hider,no_ramp,0,14,0,0
V7E006,1850073,43,seeker,no_objects,1,15,0,0
V7E006,1850073,43,hider,no_objects,0,14,0,0
V7E006,1850074,43,seeker,full,1,3,0,0
V7E006,1850074,43,hider,full,1,100,0,0
V7E006,1850074,43,seeker,no_block,1,3,0,0
V7E006,1850074,43,hider,no_block,1,100,0,0
V7E006,1850074,43,seeker,no_ramp,1,3,0,0
V7E006,1850074,43,hider,no_ramp,1,100,0,0
V7E006,1850074,43,seeker,no_objects,1,3,0,0
V7E006,1850074,43,hider,no_objects,1,100,0,0
V7E006,1850075,43,seeker,full,1,14,0,0
V7E006,1850075,43,hider,full,0,14,0,0
V7E006,1850075,43,seeker,no_block,1,14,0,0
V7E006,1850075,43,hider,no_block,0,14,0,0
V7E006,1850075,43,seeker,no_ramp,1,14,0,0
V7E006,1850075,43,hider,no_ramp,0,14,0,0
V7E006,1850075,43,seeker,no_objects,1,14,0,0
V7E006,1850075,43,hider,no_objects,0,14,0,0
V7E006,1850076,43,seeker,full,1,27,5,0
V7E006,1850076,43,hider,full,1,100,0,0
V7E006,1850076,43,seeker,no_block,1,27,0,0
V7E006,1850076,43,hider,no_block,1,100,0,0
V7E006,1850076,43,seeker,no_ramp,1,27,5,0
V7E006,1850076,43,hider,no_ramp,1,100,0,0
V7E006,1850076,43,seeker,no_objects,1,27,0,0
V7E006,1850076,43,hider,no_objects,1,100,0,0
V7E006,1850077,43,seeker,full,1,34,5,0
V7E006,1850077,43,hider,full,1,100,0,0
V7E006,1850077,43,seeker,no_block,1,34,0,0
V7E006,1850077,43,hider,no_block,1,100,0,0
V7E006,1850077,43,seeker,no_ramp,1,34,5,0
V7E006,1850077,43,hider,no_ramp,1,100,0,0
V7E006,1850077,43,seeker,no_objects,1,34,0,0
V7E006,1850077,43,hider,no_objects,1,100,0,0
V7E006,1850078,43,seeker,full,1,6,0,0
V7E006,1850078,43,hider,full,0,4,0,0
V7E006,1850078,43,seeker,no_block,1,6,0,0
V7E006,1850078,43,hider,no_block,0,4,0,0
V7E006,1850078,43,seeker,no_ramp,1,6,0,0
V7E006,1850078,43,hider,no_ramp,0,4,0,0
V7E006,1850078,43,seeker,no_objects,1,6,0,0
V7E006,1850078,43,hider,no_objects,0,4,0,0
V7E006,1850079,43,seeker,full,1,9,0,0
V7E006,1850079,43,hider,full,0,5,0,0
V7E006,1850079,43,seeker,no_block,1,9,0,0
V7E006,1850079,43,hider,no_block,0,9,0,0
V7E006,1850079,43,seeker,no_ramp,1,9,0,0
V7E006,1850079,43,hider,no_ramp,0,5,0,0
V7E006,1850079,43,seeker,no_objects,1,9,0,0
V7E006,1850079,43,hider,no_objects,0,5,0,0
V7E006,1850080,43,seeker,full,1,1,0,0
V7E006,1850080,43,hider,full,0,1,0,0
V7E006,1850080,43,seeker,no_block,1,1,0,0
V7E006,1850080,43,hider,no_block,0,1,0,0
V7E006,1850080,43,seeker,no_ramp,1,1,0,0
V7E006,1850080,43,hider,no_ramp,0,1,0,0
V7E006,1850080,43,seeker,no_objects,1,1,0,0
V7E006,1850080,43,hider,no_objects,0,1,0,0
V7E006,1850081,43,seeker,full,1,1,0,0
V7E006,1850081,43,hider,full,0,1,0,0
V7E006,1850081,43,seeker,no_block,1,1,0,0
V7E006,1850081,43,hider,no_block,0,1,0,0
V7E006,1850081,43,seeker,no_ramp,1,1,0,0
V7E006,1850081,43,hider,no_ramp,0,1,0,0
V7E006,1850081,43,seeker,no_objects,1,1,0,0
V7E006,1850081,43,hider,no_objects,0,1,0,0
V7E006,1850082,43,seeker,full,1,28,2,0
V7E006,1850082,43,hider,full,0,29,0,0
V7E006,1850082,43,seeker,no_block,1,28,0,0
V7E006,1850082,43,hider,no_block,0,23,0,0
V7E006,1850082,43,seeker,no_ramp,1,28,2,0
V7E006,1850082,43,hider,no_ramp,0,29,0,0
V7E006,1850082,43,seeker,no_objects,1,28,0,0
V7E006,1850082,43,hider,no_objects,0,29,0,0
V7E006,1850083,43,seeker,full,1,19,0,0
V7E006,1850083,43,hider,full,0,17,0,0
V7E006,1850083,43,seeker,no_block,1,19,0,0
V7E006,1850083,43,hider,no_block,0,17,0,0
V7E006,1850083,43,seeker,no_ramp,1,19,0,0
V7E006,1850083,43,hider,no_ramp,0,17,0,0
V7E006,1850083,43,seeker,no_objects,1,19,0,0
V7E006,1850083,43,hider,no_objects,0,17,0,0
V7E006,1850084,43,seeker,full,1,24,2,0
V7E006,1850084,43,hider,full,0,23,0,0
V7E006,1850084,43,seeker,no_block,1,24,0,0
V7E006,1850084,43,hider,no_block,0,23,0,0
V7E006,1850084,43,seeker,no_ramp,1,24,2,0
V7E006,1850084,43,hider,no_ramp,0,23,0,0
V7E006,1850084,43,seeker,no_objects,1,24,0,0
V7E006,1850084,43,hider,no_objects,0,23,0,0
V7E006,1850085,43,seeker,full,1,22,2,0
V7E006,1850085,43,hider,full,1,100,0,0
V7E006,1850085,43,seeker,no_block,1,22,0,0
V7E006,1850085,43,hider,no_block,0,32,0,1
V7E006,1850085,43,seeker,no_ramp,1,22,2,0
V7E006,1850085,43,hider,no_ramp,1,100,0,0
V7E006,1850085,43,seeker,no_objects,1,22,0,0
V7E006,1850085,43,hider,no_objects,1,100,0,0
V7E006,1850086,43,seeker,full,0,100,4,0
V7E006,1850086,43,hider,full,1,100,0,0
V7E006,1850086,43,seeker,no_block,1,11,0,0
V7E006,1850086,43,hider,no_block,1,100,0,0
V7E006,1850086,43,seeker,no_ramp,0,100,4,0
V7E006,1850086,43,hider,no_ramp,1,100,0,0
V7E006,1850086,43,seeker,no_objects,1,11,0,0
V7E006,1850086,43,hider,no_objects,1,100,0,0
V7E006,1850087,43,seeker,full,1,7,2,0
V7E006,1850087,43,hider,full,1,100,0,0
V7E006,1850087,43,seeker,no_block,1,7,0,0
V7E006,1850087,43,hider,no_block,1,100,0,0
V7E006,1850087,43,seeker,no_ramp,1,7,2,0
V7E006,1850087,43,hider,no_ramp,1,100,0,0
V7E006,1850087,43,seeker,no_objects,1,7,0,0
V7E006,1850087,43,hider,no_objects,1,100,0,0
V7E006,1850088,43,seeker,full,1,22,5,0
V7E006,1850088,43,hider,full,1,100,0,0
V7E006,1850088,43,seeker,no_block,1,22,0,0
V7E006,1850088,43,hider,no_block,1,100,0,0
V7E006,1850088,43,seeker,no_ramp,1,22,5,0
V7E006,1850088,43,hider,no_ramp,1,100,0,0
V7E006,1850088,43,seeker,no_objects,1,22,0,0
V7E006,1850088,43,hider,no_objects,1,100,0,0
V7E006,1850089,43,seeker,full,1,3,0,0
V7E006,1850089,43,hider,full,0,6,0,0
V7E006,1850089,43,seeker,no_block,1,3,0,0
V7E006,1850089,43,hider,no_block,0,6,0,0
V7E006,1850089,43,seeker,no_ramp,1,3,0,0
V7E006,1850089,43,hider,no_ramp,0,6,0,0
V7E006,1850089,43,seeker,no_objects,1,3,0,0
V7E006,1850089,43,hider,no_objects,0,6,0,0
V7E006,1850090,43,seeker,full,1,35,5,0
V7E006,1850090,43,hider,full,1,100,0,0
V7E006,1850090,43,seeker,no_block,1,35,0,0
V7E006,1850090,43,hider,no_block,1,100,0,0
V7E006,1850090,43,seeker,no_ramp,1,35,5,0
V7E006,1850090,43,hider,no_ramp,1,100,0,0
V7E006,1850090,43,seeker,no_objects,1,35,0,0
V7E006,1850090,43,hider,no_objects,1,100,0,0
V7E006,1850091,43,seeker,full,1,14,2,0
V7E006,1850091,43,hider,full,0,14,0,0
V7E006,1850091,43,seeker,no_block,1,14,0,0
V7E006,1850091,43,hider,no_block,0,14,0,0
V7E006,1850091,43,seeker,no_ramp,1,14,2,0
V7E006,1850091,43,hider,no_ramp,0,14,0,0
V7E006,1850091,43,seeker,no_objects,1,14,0,0
V7E006,1850091,43,hider,no_objects,0,14,0,0
V7E006,1850092,43,seeker,full,1,19,5,0
V7E006,1850092,43,hider,full,1,100,0,0
V7E006,1850092,43,seeker,no_block,1,19,0,0
V7E006,1850092,43,hider,no_block,1,100,0,0
V7E006,1850092,43,seeker,no_ramp,1,19,5,0
V7E006,1850092,43,hider,no_ramp,1,100,0,0
V7E006,1850092,43,seeker,no_objects,1,19,0,0
V7E006,1850092,43,hider,no_objects,1,100,0,0
V7E006,1850093,43,seeker,full,1,4,0,0
V7E006,1850093,43,hider,full,1,100,0,0
V7E006,1850093,43,seeker,no_block,1,4,0,0
V7E006,1850093,43,hider,no_block,1,100,0,0
V7E006,1850093,43,seeker,no_ramp,1,4,0,0
V7E006,1850093,43,hider,no_ramp,1,100,0,0
V7E006,1850093,43,seeker,no_objects,1,4,0,0
V7E006,1850093,43,hider,no_objects,1,100,0,0
V7E006,1850094,43,seeker,full,1,15,2,0
V7E006,1850094,43,hider,full,1,100,0,0
V7E006,1850094,43,seeker,no_block,1,15,0,0
V7E006,1850094,43,hider,no_block,1,100,0,0
V7E006,1850094,43,seeker,no_ramp,1,15,2,0
V7E006,1850094,43,hider,no_ramp,1,100,0,0
V7E006,1850094,43,seeker,no_objects,1,15,0,0
V7E006,1850094,43,hider,no_objects,1,100,0,0
V7E006,1850095,43,seeker,full,1,30,2,0
V7E006,1850095,43,hider,full,1,100,0,0
V7E006,1850095,43,seeker,no_block,1,30,0,0
V7E006,1850095,43,hider,no_block,1,100,0,0
V7E006,1850095,43,seeker,no_ramp,1,30,2,0
V7E006,1850095,43,hider,no_ramp,1,100,0,0
V7E006,1850095,43,seeker,no_objects,1,30,0,0
V7E006,1850095,43,hider,no_objects,1,100,0,0
V7E006,1850096,43,seeker,full,1,24,2,0
V7E006,1850096,43,hider,full,1,100,0,0
V7E006,1850096,43,seeker,no_block,1,24,0,0
V7E006,1850096,43,hider,no_block,1,100,0,0
V7E006,1850096,43,seeker,no_ramp,1,24,2,0
V7E006,1850096,43,hider,no_ramp,1,100,0,0
V7E006,1850096,43,seeker,no_objects,1,24,0,0
V7E006,1850096,43,hider,no_objects,1,100,0,0
V7E006,1850097,43,seeker,full,1,7,2,0
V7E006,1850097,43,hider,full,0,6,0,0
V7E006,1850097,43,seeker,no_block,1,7,0,0
V7E006,1850097,43,hider,no_block,0,6,0,0
V7E006,1850097,43,seeker,no_ramp,1,7,2,0
V7E006,1850097,43,hider,no_ramp,0,6,0,0
V7E006,1850097,43,seeker,no_objects,1,7,0,0
V7E006,1850097,43,hider,no_objects,0,6,0,0
V7E006,1850098,43,seeker,full,1,25,2,0
V7E006,1850098,43,hider,full,0,31,0,0
V7E006,1850098,43,seeker,no_block,1,25,0,0
V7E006,1850098,43,hider,no_block,0,31,0,0
V7E006,1850098,43,seeker,no_ramp,1,25,2,0
V7E006,1850098,43,hider,no_ramp,0,31,0,0
V7E006,1850098,43,seeker,no_objects,1,25,0,0
V7E006,1850098,43,hider,no_objects,0,31,0,0
V7E006,1850099,43,seeker,full,1,26,2,0
V7E006,1850099,43,hider,full,1,100,0,0
V7E006,1850099,43,seeker,no_block,1,26,0,0
V7E006,1850099,43,hider,no_block,1,100,0,0
V7E006,1850099,43,seeker,no_ramp,1,26,2,0
V7E006,1850099,43,hider,no_ramp,1,100,0,0
V7E006,1850099,43,seeker,no_objects,1,26,0,0
V7E006,1850099,43,hider,no_objects,1,100,0,0
V7E007,1860000,43,seeker,full,1,32,2,0
V7E007,1860000,43,hider,full,1,100,0,0
V7E007,1860000,43,seeker,no_block,1,32,0,0
V7E007,1860000,43,hider,no_block,1,100,0,0
V7E007,1860000,43,seeker,no_ramp,1,32,2,0
V7E007,1860000,43,hider,no_ramp,1,100,0,0
V7E007,1860000,43,seeker,no_objects,1,32,0,0
V7E007,1860000,43,hider,no_objects,1,100,0,0
V7E007,1860001,43,seeker,full,1,49,2,0
V7E007,1860001,43,hider,full,1,100,0,0
V7E007,1860001,43,seeker,no_block,1,49,0,0
V7E007,1860001,43,hider,no_block,1,100,0,0
V7E007,1860001,43,seeker,no_ramp,1,49,2,0
V7E007,1860001,43,hider,no_ramp,1,100,0,0
V7E007,1860001,43,seeker,no_objects,1,49,0,0
V7E007,1860001,43,hider,no_objects,1,100,0,0
V7E007,1860002,43,seeker,full,1,6,0,0
V7E007,1860002,43,hider,full,0,4,0,0
V7E007,1860002,43,seeker,no_block,1,6,0,0
V7E007,1860002,43,hider,no_block,0,4,0,0
V7E007,1860002,43,seeker,no_ramp,1,6,0,0
V7E007,1860002,43,hider,no_ramp,0,4,0,0
V7E007,1860002,43,seeker,no_objects,1,6,0,0
V7E007,1860002,43,hider,no_objects,0,4,0,0
V7E007,1860003,43,seeker,full,1,17,3,1
V7E007,1860003,43,hider,full,1,100,0,0
V7E007,1860003,43,seeker,no_block,1,17,0,1
V7E007,1860003,43,hider,no_block,1,100,0,0
V7E007,1860003,43,seeker,no_ramp,1,22,0,0
V7E007,1860003,43,hider,no_ramp,1,100,0,0
V7E007,1860003,43,seeker,no_objects,1,22,0,0
V7E007,1860003,43,hider,no_objects,0,21,0,0
V7E007,1860004,43,seeker,full,1,1,0,0
V7E007,1860004,43,hider,full,0,1,0,0
V7E007,1860004,43,seeker,no_block,1,1,0,0
V7E007,1860004,43,hider,no_block,0,1,0,0
V7E007,1860004,43,seeker,no_ramp,1,1,0,0
V7E007,1860004,43,hider,no_ramp,0,1,0,0
V7E007,1860004,43,seeker,no_objects,1,1,0,0
V7E007,1860004,43,hider,no_objects,0,1,0,0
V7E007,1860005,43,seeker,full,1,3,0,0
V7E007,1860005,43,hider,full,1,100,0,0
V7E007,1860005,43,seeker,no_block,1,3,0,0
V7E007,1860005,43,hider,no_block,1,100,0,0
V7E007,1860005,43,seeker,no_ramp,1,3,0,0
V7E007,1860005,43,hider,no_ramp,0,5,0,0
V7E007,1860005,43,seeker,no_objects,1,3,0,0
V7E007,1860005,43,hider,no_objects,0,5,0,0
V7E007,1860006,43,seeker,full,1,44,5,1
V7E007,1860006,43,hider,full,1,100,0,0
V7E007,1860006,43,seeker,no_block,1,46,0,1
V7E007,1860006,43,hider,no_block,1,100,0,0
V7E007,1860006,43,seeker,no_ramp,1,45,2,0
V7E007,1860006,43,hider,no_ramp,1,100,0,0
V7E007,1860006,43,seeker,no_objects,1,45,0,0
V7E007,1860006,43,hider,no_objects,0,47,0,0
V7E007,1860007,43,seeker,full,1,13,3,1
V7E007,1860007,43,hider,full,1,100,0,0
V7E007,1860007,43,seeker,no_block,1,13,0,1
V7E007,1860007,43,hider,no_block,1,100,0,0
V7E007,1860007,43,seeker,no_ramp,1,18,0,0
V7E007,1860007,43,hider,no_ramp,0,19,0,0
V7E007,1860007,43,seeker,no_objects,1,18,0,0
V7E007,1860007,43,hider,no_objects,1,100,0,0
V7E007,1860008,43,seeker,full,1,14,5,0
V7E007,1860008,43,hider,full,1,100,0,0
V7E007,1860008,43,seeker,no_block,1,10,0,0
V7E007,1860008,43,hider,no_block,1,100,0,0
V7E007,1860008,43,seeker,no_ramp,1,14,5,0
V7E007,1860008,43,hider,no_ramp,1,100,0,0
V7E007,1860008,43,seeker,no_objects,1,10,0,0
V7E007,1860008,43,hider,no_objects,1,100,0,0
V7E007,1860009,43,seeker,full,1,8,0,0
V7E007,1860009,43,hider,full,0,5,0,0
V7E007,1860009,43,seeker,no_block,1,8,0,0
V7E007,1860009,43,hider,no_block,0,5,0,0
V7E007,1860009,43,seeker,no_ramp,1,8,0,0
V7E007,1860009,43,hider,no_ramp,0,5,0,0
V7E007,1860009,43,seeker,no_objects,1,8,0,0
V7E007,1860009,43,hider,no_objects,0,5,0,0
V7E007,1860010,43,seeker,full,1,26,2,0
V7E007,1860010,43,hider,full,1,100,0,0
V7E007,1860010,43,seeker,no_block,1,26,0,0
V7E007,1860010,43,hider,no_block,1,100,0,0
V7E007,1860010,43,seeker,no_ramp,1,26,2,0
V7E007,1860010,43,hider,no_ramp,0,23,0,0
V7E007,1860010,43,seeker,no_objects,1,26,0,0
V7E007,1860010,43,hider,no_objects,0,23,0,0
V7E007,1860011,43,seeker,full,1,12,4,1
V7E007,1860011,43,hider,full,0,16,0,0
V7E007,1860011,43,seeker,no_block,1,12,0,1
V7E007,1860011,43,hider,no_block,1,100,0,0
V7E007,1860011,43,seeker,no_ramp,1,15,0,0
V7E007,1860011,43,hider,no_ramp,1,100,0,0
V7E007,1860011,43,seeker,no_objects,1,15,0,0
V7E007,1860011,43,hider,no_objects,1,100,0,0
V7E007,1860012,43,seeker,full,1,2,0,0
V7E007,1860012,43,hider,full,1,100,0,0
V7E007,1860012,43,seeker,no_block,1,2,0,0
V7E007,1860012,43,hider,no_block,1,100,0,0
V7E007,1860012,43,seeker,no_ramp,1,2,0,0
V7E007,1860012,43,hider,no_ramp,0,3,0,0
V7E007,1860012,43,seeker,no_objects,1,2,0,0
V7E007,1860012,43,hider,no_objects,1,100,0,0
V7E007,1860013,43,seeker,full,1,6,0,1
V7E007,1860013,43,hider,full,0,6,0,0
V7E007,1860013,43,seeker,no_block,1,6,0,1
V7E007,1860013,43,hider,no_block,0,6,0,0
V7E007,1860013,43,seeker,no_ramp,1,23,2,0
V7E007,1860013,43,hider,no_ramp,0,23,0,0
V7E007,1860013,43,seeker,no_objects,1,23,0,0
V7E007,1860013,43,hider,no_objects,1,100,0,0
V7E007,1860014,43,seeker,full,1,6,0,0
V7E007,1860014,43,hider,full,1,100,0,0
V7E007,1860014,43,seeker,no_block,1,6,0,0
V7E007,1860014,43,hider,no_block,1,100,0,0
V7E007,1860014,43,seeker,no_ramp,1,6,0,0
V7E007,1860014,43,hider,no_ramp,1,100,0,0
V7E007,1860014,43,seeker,no_objects,1,6,0,0
V7E007,1860014,43,hider,no_objects,1,100,0,0
V7E007,1860015,43,seeker,full,1,7,0,0
V7E007,1860015,43,hider,full,1,100,0,0
V7E007,1860015,43,seeker,no_block,1,7,0,0
V7E007,1860015,43,hider,no_block,1,100,0,0
V7E007,1860015,43,seeker,no_ramp,1,7,0,0
V7E007,1860015,43,hider,no_ramp,1,100,0,0
V7E007,1860015,43,seeker,no_objects,1,7,0,0
V7E007,1860015,43,hider,no_objects,1,100,0,0
V7E007,1860016,43,seeker,full,1,4,0,0
V7E007,1860016,43,hider,full,0,2,0,0
V7E007,1860016,43,seeker,no_block,1,4,0,0
V7E007,1860016,43,hider,no_block,0,2,0,0
V7E007,1860016,43,seeker,no_ramp,1,4,0,0
V7E007,1860016,43,hider,no_ramp,0,2,0,0
V7E007,1860016,43,seeker,no_objects,1,4,0,0
V7E007,1860016,43,hider,no_objects,0,2,0,0
V7E007,1860017,43,seeker,full,1,4,0,0
V7E007,1860017,43,hider,full,1,100,0,0
V7E007,1860017,43,seeker,no_block,1,4,0,0
V7E007,1860017,43,hider,no_block,1,100,0,0
V7E007,1860017,43,seeker,no_ramp,1,4,0,0
V7E007,1860017,43,hider,no_ramp,1,100,0,0
V7E007,1860017,43,seeker,no_objects,1,4,0,0
V7E007,1860017,43,hider,no_objects,1,100,0,0
V7E007,1860018,43,seeker,full,1,27,2,0
V7E007,1860018,43,hider,full,1,100,0,0
V7E007,1860018,43,seeker,no_block,1,27,0,0
V7E007,1860018,43,hider,no_block,1,100,0,0
V7E007,1860018,43,seeker,no_ramp,1,27,2,0
V7E007,1860018,43,hider,no_ramp,1,100,0,0
V7E007,1860018,43,seeker,no_objects,1,27,0,0
V7E007,1860018,43,hider,no_objects,1,100,0,0
V7E007,1860019,43,seeker,full,1,18,2,0
V7E007,1860019,43,hider,full,1,100,0,0
V7E007,1860019,43,seeker,no_block,1,18,0,0
V7E007,1860019,43,hider,no_block,1,100,0,0
V7E007,1860019,43,seeker,no_ramp,1,18,2,0
V7E007,1860019,43,hider,no_ramp,1,100,0,0
V7E007,1860019,43,seeker,no_objects,1,18,0,0
V7E007,1860019,43,hider,no_objects,1,100,0,0
V7E007,1860020,43,seeker,full,1,1,0,0
V7E007,1860020,43,hider,full,0,1,0,0
V7E007,1860020,43,seeker,no_block,1,1,0,0
V7E007,1860020,43,hider,no_block,0,1,0,0
V7E007,1860020,43,seeker,no_ramp,1,1,0,0
V7E007,1860020,43,hider,no_ramp,0,1,0,0
V7E007,1860020,43,seeker,no_objects,1,1,0,0
V7E007,1860020,43,hider,no_objects,0,1,0,0
V7E007,1860021,43,seeker,full,1,46,5,1
V7E007,1860021,43,hider,full,1,100,0,0
V7E007,1860021,43,seeker,no_block,1,48,0,1
V7E007,1860021,43,hider,no_block,1,100,0,0
V7E007,1860021,43,seeker,no_ramp,1,47,2,0
V7E007,1860021,43,hider,no_ramp,1,100,0,0
V7E007,1860021,43,seeker,no_objects,1,47,0,0
V7E007,1860021,43,hider,no_objects,1,100,0,0
V7E007,1860022,43,seeker,full,1,44,5,1
V7E007,1860022,43,hider,full,1,100,0,0
V7E007,1860022,43,seeker,no_block,1,46,0,1
V7E007,1860022,43,hider,no_block,1,100,0,0
V7E007,1860022,43,seeker,no_ramp,1,45,2,0
V7E007,1860022,43,hider,no_ramp,1,100,0,0
V7E007,1860022,43,seeker,no_objects,1,45,0,0
V7E007,1860022,43,hider,no_objects,1,100,0,0
V7E007,1860023,43,seeker,full,1,5,0,0
V7E007,1860023,43,hider,full,1,100,0,0
V7E007,1860023,43,seeker,no_block,1,5,0,0
V7E007,1860023,43,hider,no_block,1,100,0,0
V7E007,1860023,43,seeker,no_ramp,1,5,0,0
V7E007,1860023,43,hider,no_ramp,1,100,0,0
V7E007,1860023,43,seeker,no_objects,1,5,0,0
V7E007,1860023,43,hider,no_objects,1,100,0,0
V7E007,1860024,43,seeker,full,1,10,4,0
V7E007,1860024,43,hider,full,0,14,0,0
V7E007,1860024,43,seeker,no_block,1,6,0,0
V7E007,1860024,43,hider,no_block,0,10,0,0
V7E007,1860024,43,seeker,no_ramp,1,10,4,0
V7E007,1860024,43,hider,no_ramp,1,100,0,0
V7E007,1860024,43,seeker,no_objects,1,6,0,0
V7E007,1860024,43,hider,no_objects,0,10,0,0
V7E007,1860025,43,seeker,full,1,32,5,0
V7E007,1860025,43,hider,full,1,100,0,0
V7E007,1860025,43,seeker,no_block,1,34,0,0
V7E007,1860025,43,hider,no_block,1,100,0,0
V7E007,1860025,43,seeker,no_ramp,1,32,5,0
V7E007,1860025,43,hider,no_ramp,1,100,0,0
V7E007,1860025,43,seeker,no_objects,1,34,0,0
V7E007,1860025,43,hider,no_objects,1,100,0,0
V7E007,1860026,43,seeker,full,1,2,0,0
V7E007,1860026,43,hider,full,1,100,0,0
V7E007,1860026,43,seeker,no_block,1,2,0,0
V7E007,1860026,43,hider,no_block,1,100,0,0
V7E007,1860026,43,seeker,no_ramp,1,2,0,0
V7E007,1860026,43,hider,no_ramp,1,100,0,0
V7E007,1860026,43,seeker,no_objects,1,2,0,0
V7E007,1860026,43,hider,no_objects,1,100,0,0
V7E007,1860027,43,seeker,full,1,1,0,0
V7E007,1860027,43,hider,full,0,1,0,0
V7E007,1860027,43,seeker,no_block,1,1,0,0
V7E007,1860027,43,hider,no_block,0,1,0,0
V7E007,1860027,43,seeker,no_ramp,1,1,0,0
V7E007,1860027,43,hider,no_ramp,0,1,0,0
V7E007,1860027,43,seeker,no_objects,1,1,0,0
V7E007,1860027,43,hider,no_objects,0,1,0,0
V7E007,1860028,43,seeker,full,1,8,0,0
V7E007,1860028,43,hider,full,1,100,0,0
V7E007,1860028,43,seeker,no_block,1,8,0,0
V7E007,1860028,43,hider,no_block,1,100,0,0
V7E007,1860028,43,seeker,no_ramp,1,8,0,0
V7E007,1860028,43,hider,no_ramp,1,100,0,0
V7E007,1860028,43,seeker,no_objects,1,8,0,0
V7E007,1860028,43,hider,no_objects,1,100,0,0
V7E007,1860029,43,seeker,full,1,57,5,1
V7E007,1860029,43,hider,full,1,100,0,0
V7E007,1860029,43,seeker,no_block,1,57,0,1
V7E007,1860029,43,hider,no_block,1,100,0,0
V7E007,1860029,43,seeker,no_ramp,1,48,2,0
V7E007,1860029,43,hider,no_ramp,1,100,0,0
V7E007,1860029,43,seeker,no_objects,1,48,0,0
V7E007,1860029,43,hider,no_objects,1,100,0,0
V7E007,1860030,43,seeker,full,1,4,0,0
V7E007,1860030,43,hider,full,0,3,0,0
V7E007,1860030,43,seeker,no_block,1,4,0,0
V7E007,1860030,43,hider,no_block,0,3,0,0
V7E007,1860030,43,seeker,no_ramp,1,4,0,0
V7E007,1860030,43,hider,no_ramp,0,3,0,0
V7E007,1860030,43,seeker,no_objects,1,4,0,0
V7E007,1860030,43,hider,no_objects,0,3,0,0
V7E007,1860031,43,seeker,full,1,28,2,0
V7E007,1860031,43,hider,full,1,100,0,0
V7E007,1860031,43,seeker,no_block,1,28,0,0
V7E007,1860031,43,hider,no_block,1,100,0,0
V7E007,1860031,43,seeker,no_ramp,1,28,2,0
V7E007,1860031,43,hider,no_ramp,1,100,0,0
V7E007,1860031,43,seeker,no_objects,1,28,0,0
V7E007,1860031,43,hider,no_objects,1,100,0,0
V7E007,1860032,43,seeker,full,1,7,0,0
V7E007,1860032,43,hider,full,1,100,0,0
V7E007,1860032,43,seeker,no_block,1,7,0,0
V7E007,1860032,43,hider,no_block,1,100,0,0
V7E007,1860032,43,seeker,no_ramp,1,7,0,0
V7E007,1860032,43,hider,no_ramp,1,100,0,0
V7E007,1860032,43,seeker,no_objects,1,7,0,0
V7E007,1860032,43,hider,no_objects,1,100,0,0
V7E007,1860033,43,seeker,full,1,7,0,0
V7E007,1860033,43,hider,full,1,100,0,0
V7E007,1860033,43,seeker,no_block,1,7,0,0
V7E007,1860033,43,hider,no_block,1,100,0,0
V7E007,1860033,43,seeker,no_ramp,1,7,0,0
V7E007,1860033,43,hider,no_ramp,1,100,0,0
V7E007,1860033,43,seeker,no_objects,1,7,0,0
V7E007,1860033,43,hider,no_objects,1,100,0,0
V7E007,1860034,43,seeker,full,1,10,0,1
V7E007,1860034,43,hider,full,1,100,0,0
V7E007,1860034,43,seeker,no_block,1,10,0,1
V7E007,1860034,43,hider,no_block,1,100,0,0
V7E007,1860034,43,seeker,no_ramp,1,25,2,0
V7E007,1860034,43,hider,no_ramp,0,25,0,0
V7E007,1860034,43,seeker,no_objects,1,25,0,0
V7E007,1860034,43,hider,no_objects,0,24,0,0
V7E007,1860035,43,seeker,full,1,6,0,0
V7E007,1860035,43,hider,full,0,4,0,0
V7E007,1860035,43,seeker,no_block,1,6,0,0
V7E007,1860035,43,hider,no_block,0,4,0,0
V7E007,1860035,43,seeker,no_ramp,1,6,0,0
V7E007,1860035,43,hider,no_ramp,0,4,0,0
V7E007,1860035,43,seeker,no_objects,1,6,0,0
V7E007,1860035,43,hider,no_objects,0,4,0,0
V7E007,1860036,43,seeker,full,1,6,0,0
V7E007,1860036,43,hider,full,1,100,0,0
V7E007,1860036,43,seeker,no_block,1,6,0,0
V7E007,1860036,43,hider,no_block,1,100,0,0
V7E007,1860036,43,seeker,no_ramp,1,6,0,0
V7E007,1860036,43,hider,no_ramp,1,100,0,0
V7E007,1860036,43,seeker,no_objects,1,6,0,0
V7E007,1860036,43,hider,no_objects,1,100,0,0
V7E007,1860037,43,seeker,full,1,11,0,0
V7E007,1860037,43,hider,full,1,100,0,0
V7E007,1860037,43,seeker,no_block,1,11,0,0
V7E007,1860037,43,hider,no_block,1,100,0,0
V7E007,1860037,43,seeker,no_ramp,1,11,0,0
V7E007,1860037,43,hider,no_ramp,1,100,0,0
V7E007,1860037,43,seeker,no_objects,1,11,0,0
V7E007,1860037,43,hider,no_objects,1,100,0,0
V7E007,1860038,43,seeker,full,1,11,0,0
V7E007,1860038,43,hider,full,1,100,0,0
V7E007,1860038,43,seeker,no_block,1,11,0,0
V7E007,1860038,43,hider,no_block,1,100,0,0
V7E007,1860038,43,seeker,no_ramp,1,11,0,0
V7E007,1860038,43,hider,no_ramp,1,100,0,0
V7E007,1860038,43,seeker,no_objects,1,11,0,0
V7E007,1860038,43,hider,no_objects,1,100,0,0
V7E007,1860039,43,seeker,full,1,6,0,0
V7E007,1860039,43,hider,full,1,100,0,0
V7E007,1860039,43,seeker,no_block,1,6,0,0
V7E007,1860039,43,hider,no_block,1,100,0,0
V7E007,1860039,43,seeker,no_ramp,1,6,0,0
V7E007,1860039,43,hider,no_ramp,0,10,0,0
V7E007,1860039,43,seeker,no_objects,1,6,0,0
V7E007,1860039,43,hider,no_objects,0,12,0,0
V7E007,1860040,43,seeker,full,1,1,0,1
V7E007,1860040,43,hider,full,0,1,0,0
V7E007,1860040,43,seeker,no_block,1,1,0,1
V7E007,1860040,43,hider,no_block,0,1,0,0
V7E007,1860040,43,seeker,no_ramp,1,16,2,0
V7E007,1860040,43,hider,no_ramp,0,15,0,0
V7E007,1860040,43,seeker,no_objects,1,16,0,0
V7E007,1860040,43,hider,no_objects,0,15,0,0
V7E007,1860041,43,seeker,full,1,3,0,0
V7E007,1860041,43,hider,full,0,2,0,0
V7E007,1860041,43,seeker,no_block,1,3,0,0
V7E007,1860041,43,hider,no_block,0,2,0,0
V7E007,1860041,43,seeker,no_ramp,1,3,0,0
V7E007,1860041,43,hider,no_ramp,0,2,0,0
V7E007,1860041,43,seeker,no_objects,1,3,0,0
V7E007,1860041,43,hider,no_objects,0,2,0,0
V7E007,1860042,43,seeker,full,1,2,0,0
V7E007,1860042,43,hider,full,0,2,0,0
V7E007,1860042,43,seeker,no_block,1,2,0,0
V7E007,1860042,43,hider,no_block,0,2,0,0
V7E007,1860042,43,seeker,no_ramp,1,2,0,0
V7E007,1860042,43,hider,no_ramp,0,2,0,0
V7E007,1860042,43,seeker,no_objects,1,2,0,0
V7E007,1860042,43,hider,no_objects,0,2,0,0
V7E007,1860043,43,seeker,full,1,6,0,0
V7E007,1860043,43,hider,full,0,4,0,0
V7E007,1860043,43,seeker,no_block,1,6,0,0
V7E007,1860043,43,hider,no_block,0,4,0,0
V7E007,1860043,43,seeker,no_ramp,1,6,0,0
V7E007,1860043,43,hider,no_ramp,0,4,0,0
V7E007,1860043,43,seeker,no_objects,1,6,0,0
V7E007,1860043,43,hider,no_objects,0,4,0,0
V7E007,1860044,43,seeker,full,1,10,5,0
V7E007,1860044,43,hider,full,1,100,0,0
V7E007,1860044,43,seeker,no_block,1,10,0,0
V7E007,1860044,43,hider,no_block,1,100,0,0
V7E007,1860044,43,seeker,no_ramp,1,10,5,0
V7E007,1860044,43,hider,no_ramp,1,100,0,0
V7E007,1860044,43,seeker,no_objects,1,10,0,0
V7E007,1860044,43,hider,no_objects,1,100,0,0
V7E007,1860045,43,seeker,full,1,8,0,0
V7E007,1860045,43,hider,full,1,100,0,0
V7E007,1860045,43,seeker,no_block,1,8,0,0
V7E007,1860045,43,hider,no_block,1,100,0,0
V7E007,1860045,43,seeker,no_ramp,1,8,0,0
V7E007,1860045,43,hider,no_ramp,1,100,0,0
V7E007,1860045,43,seeker,no_objects,1,8,0,0
V7E007,1860045,43,hider,no_objects,1,100,0,0
V7E007,1860046,43,seeker,full,1,7,0,0
V7E007,1860046,43,hider,full,0,4,0,0
V7E007,1860046,43,seeker,no_block,1,7,0,0
V7E007,1860046,43,hider,no_block,0,4,0,0
V7E007,1860046,43,seeker,no_ramp,1,7,0,0
V7E007,1860046,43,hider,no_ramp,0,4,0,0
V7E007,1860046,43,seeker,no_objects,1,7,0,0
V7E007,1860046,43,hider,no_objects,0,4,0,0
V7E007,1860047,43,seeker,full,1,3,0,0
V7E007,1860047,43,hider,full,0,7,0,0
V7E007,1860047,43,seeker,no_block,1,3,0,0
V7E007,1860047,43,hider,no_block,0,7,0,0
V7E007,1860047,43,seeker,no_ramp,1,3,0,0
V7E007,1860047,43,hider,no_ramp,0,7,0,0
V7E007,1860047,43,seeker,no_objects,1,3,0,0
V7E007,1860047,43,hider,no_objects,0,7,0,0
V7E007,1860048,43,seeker,full,1,1,0,0
V7E007,1860048,43,hider,full,0,1,0,0
V7E007,1860048,43,seeker,no_block,1,1,0,0
V7E007,1860048,43,hider,no_block,0,1,0,0
V7E007,1860048,43,seeker,no_ramp,1,1,0,0
V7E007,1860048,43,hider,no_ramp,0,1,0,0
V7E007,1860048,43,seeker,no_objects,1,1,0,0
V7E007,1860048,43,hider,no_objects,0,1,0,0
V7E007,1860049,43,seeker,full,1,13,0,0
V7E007,1860049,43,hider,full,1,100,0,0
V7E007,1860049,43,seeker,no_block,1,13,0,0
V7E007,1860049,43,hider,no_block,1,100,0,0
V7E007,1860049,43,seeker,no_ramp,1,13,0,0
V7E007,1860049,43,hider,no_ramp,1,100,0,0
V7E007,1860049,43,seeker,no_objects,1,13,0,0
V7E007,1860049,43,hider,no_objects,1,100,0,0
V7E007,1860050,43,seeker,full,1,7,0,0
V7E007,1860050,43,hider,full,1,100,0,0
V7E007,1860050,43,seeker,no_block,1,7,0,0
V7E007,1860050,43,hider,no_block,1,100,0,0
V7E007,1860050,43,seeker,no_ramp,1,7,0,0
V7E007,1860050,43,hider,no_ramp,1,100,0,0
V7E007,1860050,43,seeker,no_objects,1,7,0,0
V7E007,1860050,43,hider,no_objects,1,100,0,0
V7E007,1860051,43,seeker,full,1,47,2,0
V7E007,1860051,43,hider,full,1,100,0,0
V7E007,1860051,43,seeker,no_block,1,47,0,0
V7E007,1860051,43,hider,no_block,1,100,0,0
V7E007,1860051,43,seeker,no_ramp,1,47,2,0
V7E007,1860051,43,hider,no_ramp,1,100,0,0
V7E007,1860051,43,seeker,no_objects,1,47,0,0
V7E007,1860051,43,hider,no_objects,0,49,0,0
V7E007,1860052,43,seeker,full,1,6,0,0
V7E007,1860052,43,hider,full,1,100,0,0
V7E007,1860052,43,seeker,no_block,1,6,0,0
V7E007,1860052,43,hider,no_block,1,100,0,0
V7E007,1860052,43,seeker,no_ramp,1,6,0,0
V7E007,1860052,43,hider,no_ramp,1,100,0,0
V7E007,1860052,43,seeker,no_objects,1,6,0,0
V7E007,1860052,43,hider,no_objects,1,100,0,0
V7E007,1860053,43,seeker,full,1,31,2,0
V7E007,1860053,43,hider,full,1,100,0,0
V7E007,1860053,43,seeker,no_block,1,31,0,0
V7E007,1860053,43,hider,no_block,1,100,0,0
V7E007,1860053,43,seeker,no_ramp,1,31,2,0
V7E007,1860053,43,hider,no_ramp,0,48,0,0
V7E007,1860053,43,seeker,no_objects,1,31,0,0
V7E007,1860053,43,hider,no_objects,0,48,0,0
V7E007,1860054,43,seeker,full,1,12,0,1
V7E007,1860054,43,hider,full,1,100,0,0
V7E007,1860054,43,seeker,no_block,1,12,0,1
V7E007,1860054,43,hider,no_block,1,100,0,0
V7E007,1860054,43,seeker,no_ramp,1,29,2,0
V7E007,1860054,43,hider,no_ramp,0,28,0,0
V7E007,1860054,43,seeker,no_objects,1,29,0,0
V7E007,1860054,43,hider,no_objects,0,28,0,0
V7E007,1860055,43,seeker,full,1,8,0,0
V7E007,1860055,43,hider,full,1,100,0,0
V7E007,1860055,43,seeker,no_block,1,8,0,0
V7E007,1860055,43,hider,no_block,1,100,0,0
V7E007,1860055,43,seeker,no_ramp,1,8,0,0
V7E007,1860055,43,hider,no_ramp,1,100,0,0
V7E007,1860055,43,seeker,no_objects,1,8,0,0
V7E007,1860055,43,hider,no_objects,1,100,0,0
V7E007,1860056,43,seeker,full,1,9,0,0
V7E007,1860056,43,hider,full,1,100,0,0
V7E007,1860056,43,seeker,no_block,1,9,0,0
V7E007,1860056,43,hider,no_block,1,100,0,0
V7E007,1860056,43,seeker,no_ramp,1,9,0,0
V7E007,1860056,43,hider,no_ramp,1,100,0,0
V7E007,1860056,43,seeker,no_objects,1,9,0,0
V7E007,1860056,43,hider,no_objects,1,100,0,0
V7E007,1860057,43,seeker,full,1,30,2,0
V7E007,1860057,43,hider,full,1,100,0,0
V7E007,1860057,43,seeker,no_block,1,30,0,0
V7E007,1860057,43,hider,no_block,1,100,0,0
V7E007,1860057,43,seeker,no_ramp,1,30,2,0
V7E007,1860057,43,hider,no_ramp,0,49,0,0
V7E007,1860057,43,seeker,no_objects,1,30,0,0
V7E007,1860057,43,hider,no_objects,0,49,0,0
V7E007,1860058,43,seeker,full,1,9,2,1
V7E007,1860058,43,hider,full,0,15,0,0
V7E007,1860058,43,seeker,no_block,1,9,0,1
V7E007,1860058,43,hider,no_block,0,15,0,0
V7E007,1860058,43,seeker,no_ramp,1,16,0,0
V7E007,1860058,43,hider,no_ramp,1,100,0,0
V7E007,1860058,43,seeker,no_objects,1,16,0,0
V7E007,1860058,43,hider,no_objects,0,14,0,0
V7E007,1860059,43,seeker,full,1,31,5,0
V7E007,1860059,43,hider,full,1,100,0,0
V7E007,1860059,43,seeker,no_block,1,33,0,0
V7E007,1860059,43,hider,no_block,1,100,0,0
V7E007,1860059,43,seeker,no_ramp,1,31,5,0
V7E007,1860059,43,hider,no_ramp,1,100,0,0
V7E007,1860059,43,seeker,no_objects,1,33,0,0
V7E007,1860059,43,hider,no_objects,1,100,0,0
V7E007,1860060,43,seeker,full,1,17,4,1
V7E007,1860060,43,hider,full,1,100,0,0
V7E007,1860060,43,seeker,no_block,1,17,0,1
V7E007,1860060,43,hider,no_block,1,100,0,0
V7E007,1860060,43,seeker,no_ramp,1,20,0,0
V7E007,1860060,43,hider,no_ramp,0,20,0,0
V7E007,1860060,43,seeker,no_objects,1,20,0,0
V7E007,1860060,43,hider,no_objects,0,20,0,0
V7E007,1860061,43,seeker,full,1,5,0,0
V7E007,1860061,43,hider,full,1,100,0,0
V7E007,1860061,43,seeker,no_block,1,5,0,0
V7E007,1860061,43,hider,no_block,1,100,0,0
V7E007,1860061,43,seeker,no_ramp,1,5,0,0
V7E007,1860061,43,hider,no_ramp,1,100,0,0
V7E007,1860061,43,seeker,no_objects,1,5,0,0
V7E007,1860061,43,hider,no_objects,1,100,0,0
V7E007,1860062,43,seeker,full,1,32,2,0
V7E007,1860062,43,hider,full,1,100,0,0
V7E007,1860062,43,seeker,no_block,1,32,0,0
V7E007,1860062,43,hider,no_block,1,100,0,0
V7E007,1860062,43,seeker,no_ramp,1,32,2,0
V7E007,1860062,43,hider,no_ramp,0,49,0,0
V7E007,1860062,43,seeker,no_objects,1,32,0,0
V7E007,1860062,43,hider,no_objects,0,49,0,0
V7E007,1860063,43,seeker,full,1,5,0,0
V7E007,1860063,43,hider,full,0,3,0,0
V7E007,1860063,43,seeker,no_block,1,5,0,0
V7E007,1860063,43,hider,no_block,0,3,0,0
V7E007,1860063,43,seeker,no_ramp,1,5,0,0
V7E007,1860063,43,hider,no_ramp,0,3,0,0
V7E007,1860063,43,seeker,no_objects,1,5,0,0
V7E007,1860063,43,hider,no_objects,0,3,0,0
V7E007,1860064,43,seeker,full,1,11,0,1
V7E007,1860064,43,hider,full,0,11,0,0
V7E007,1860064,43,seeker,no_block,1,11,0,1
V7E007,1860064,43,hider,no_block,0,11,0,0
V7E007,1860064,43,seeker,no_ramp,1,28,2,0
V7E007,1860064,43,hider,no_ramp,0,27,0,0
V7E007,1860064,43,seeker,no_objects,1,28,0,0
V7E007,1860064,43,hider,no_objects,0,27,0,0
V7E007,1860065,43,seeker,full,1,1,0,0
V7E007,1860065,43,hider,full,0,1,0,0
V7E007,1860065,43,seeker,no_block,1,1,0,0
V7E007,1860065,43,hider,no_block,0,1,0,0
V7E007,1860065,43,seeker,no_ramp,1,1,0,0
V7E007,1860065,43,hider,no_ramp,0,1,0,0
V7E007,1860065,43,seeker,no_objects,1,1,0,0
V7E007,1860065,43,hider,no_objects,0,1,0,0
V7E007,1860066,43,seeker,full,1,11,5,0
V7E007,1860066,43,hider,full,1,100,0,0
V7E007,1860066,43,seeker,no_block,1,11,0,0
V7E007,1860066,43,hider,no_block,1,100,0,0
V7E007,1860066,43,seeker,no_ramp,1,11,5,0
V7E007,1860066,43,hider,no_ramp,1,100,0,0
V7E007,1860066,43,seeker,no_objects,1,11,0,0
V7E007,1860066,43,hider,no_objects,1,100,0,0
V7E007,1860067,43,seeker,full,1,32,2,0
V7E007,1860067,43,hider,full,1,100,0,0
V7E007,1860067,43,seeker,no_block,1,32,0,0
V7E007,1860067,43,hider,no_block,1,100,0,0
V7E007,1860067,43,seeker,no_ramp,1,32,2,0
V7E007,1860067,43,hider,no_ramp,1,100,0,0
V7E007,1860067,43,seeker,no_objects,1,32,0,0
V7E007,1860067,43,hider,no_objects,1,100,0,0
V7E007,1860068,43,seeker,full,1,7,0,1
V7E007,1860068,43,hider,full,0,7,0,0
V7E007,1860068,43,seeker,no_block,1,7,0,1
V7E007,1860068,43,hider,no_block,0,7,0,0
V7E007,1860068,43,seeker,no_ramp,1,22,2,0
V7E007,1860068,43,hider,no_ramp,0,23,0,0
V7E007,1860068,43,seeker,no_objects,1,22,0,0
V7E007,1860068,43,hider,no_objects,0,21,0,0
V7E007,1860069,43,seeker,full,1,12,0,0
V7E007,1860069,43,hider,full,1,100,0,0
V7E007,1860069,43,seeker,no_block,1,12,0,0
V7E007,1860069,43,hider,no_block,1,100,0,0
V7E007,1860069,43,seeker,no_ramp,1,12,0,0
V7E007,1860069,43,hider,no_ramp,1,100,0,0
V7E007,1860069,43,seeker,no_objects,1,12,0,0
V7E007,1860069,43,hider,no_objects,1,100,0,0
V7E007,1860070,43,seeker,full,1,5,0,0
V7E007,1860070,43,hider,full,1,100,0,0
V7E007,1860070,43,seeker,no_block,1,5,0,0
V7E007,1860070,43,hider,no_block,1,100,0,0
V7E007,1860070,43,seeker,no_ramp,1,5,0,0
V7E007,1860070,43,hider,no_ramp,1,100,0,0
V7E007,1860070,43,seeker,no_objects,1,5,0,0
V7E007,1860070,43,hider,no_objects,1,100,0,0
V7E007,1860071,43,seeker,full,1,16,2,0
V7E007,1860071,43,hider,full,0,16,0,0
V7E007,1860071,43,seeker,no_block,1,16,0,0
V7E007,1860071,43,hider,no_block,0,16,0,0
V7E007,1860071,43,seeker,no_ramp,1,16,2,0
V7E007,1860071,43,hider,no_ramp,0,16,0,0
V7E007,1860071,43,seeker,no_objects,1,16,0,0
V7E007,1860071,43,hider,no_objects,0,16,0,0
V7E007,1860072,43,seeker,full,1,11,5,0
V7E007,1860072,43,hider,full,1,100,0,0
V7E007,1860072,43,seeker,no_block,1,11,0,0
V7E007,1860072,43,hider,no_block,1,100,0,0
V7E007,1860072,43,seeker,no_ramp,1,11,5,0
V7E007,1860072,43,hider,no_ramp,1,100,0,0
V7E007,1860072,43,seeker,no_objects,1,11,0,0
V7E007,1860072,43,hider,no_objects,1,100,0,0
V7E007,1860073,43,seeker,full,1,30,2,0
V7E007,1860073,43,hider,full,1,100,0,0
V7E007,1860073,43,seeker,no_block,1,30,0,0
V7E007,1860073,43,hider,no_block,1,100,0,0
V7E007,1860073,43,seeker,no_ramp,1,30,2,0
V7E007,1860073,43,hider,no_ramp,0,47,0,0
V7E007,1860073,43,seeker,no_objects,1,30,0,0
V7E007,1860073,43,hider,no_objects,0,47,0,0
V7E007,1860074,43,seeker,full,1,8,0,0
V7E007,1860074,43,hider,full,1,100,0,0
V7E007,1860074,43,seeker,no_block,1,8,0,0
V7E007,1860074,43,hider,no_block,1,100,0,0
V7E007,1860074,43,seeker,no_ramp,1,8,0,0
V7E007,1860074,43,hider,no_ramp,1,100,0,0
V7E007,1860074,43,seeker,no_objects,1,8,0,0
V7E007,1860074,43,hider,no_objects,1,100,0,0
V7E007,1860075,43,seeker,full,1,46,2,0
V7E007,1860075,43,hider,full,1,100,0,0
V7E007,1860075,43,seeker,no_block,1,46,0,0
V7E007,1860075,43,hider,no_block,1,100,0,0
V7E007,1860075,43,seeker,no_ramp,1,46,2,0
V7E007,1860075,43,hider,no_ramp,1,100,0,0
V7E007,1860075,43,seeker,no_objects,1,46,0,0
V7E007,1860075,43,hider,no_objects,0,48,0,0
V7E007,1860076,43,seeker,full,1,29,2,0
V7E007,1860076,43,hider,full,1,100,0,0
V7E007,1860076,43,seeker,no_block,1,29,0,0
V7E007,1860076,43,hider,no_block,1,100,0,0
V7E007,1860076,43,seeker,no_ramp,1,29,2,0
V7E007,1860076,43,hider,no_ramp,1,100,0,0
V7E007,1860076,43,seeker,no_objects,1,29,0,0
V7E007,1860076,43,hider,no_objects,1,100,0,0
V7E007,1860077,43,seeker,full,1,4,2,0
V7E007,1860077,43,hider,full,0,4,0,0
V7E007,1860077,43,seeker,no_block,1,4,0,0
V7E007,1860077,43,hider,no_block,0,3,0,0
V7E007,1860077,43,seeker,no_ramp,1,4,2,0
V7E007,1860077,43,hider,no_ramp,0,4,0,0
V7E007,1860077,43,seeker,no_objects,1,4,0,0
V7E007,1860077,43,hider,no_objects,0,3,0,0
V7E007,1860078,43,seeker,full,1,9,3,1
V7E007,1860078,43,hider,full,1,100,0,0
V7E007,1860078,43,seeker,no_block,1,9,0,1
V7E007,1860078,43,hider,no_block,1,100,0,0
V7E007,1860078,43,seeker,no_ramp,1,14,0,0
V7E007,1860078,43,hider,no_ramp,1,100,0,0
V7E007,1860078,43,seeker,no_objects,1,14,0,0
V7E007,1860078,43,hider,no_objects,0,13,0,0
V7E007,1860079,43,seeker,full,1,25,2,0
V7E007,1860079,43,hider,full,0,21,0,0
V7E007,1860079,43,seeker,no_block,1,25,0,0
V7E007,1860079,43,hider,no_block,0,21,0,0
V7E007,1860079,43,seeker,no_ramp,1,25,2,0
V7E007,1860079,43,hider,no_ramp,0,22,0,0
V7E007,1860079,43,seeker,no_objects,1,25,0,0
V7E007,1860079,43,hider,no_objects,1,100,0,0
V7E007,1860080,43,seeker,full,1,5,0,0
V7E007,1860080,43,hider,full,0,3,0,0
V7E007,1860080,43,seeker,no_block,1,5,0,0
V7E007,1860080,43,hider,no_block,0,3,0,0
V7E007,1860080,43,seeker,no_ramp,1,5,0,0
V7E007,1860080,43,hider,no_ramp,1,100,0,0
V7E007,1860080,43,seeker,no_objects,1,5,0,0
V7E007,1860080,43,hider,no_objects,0,3,0,0
V7E007,1860081,43,seeker,full,1,17,2,1
V7E007,1860081,43,hider,full,0,24,0,0
V7E007,1860081,43,seeker,no_block,1,17,0,1
V7E007,1860081,43,hider,no_block,1,100,0,0
V7E007,1860081,43,seeker,no_ramp,1,24,0,0
V7E007,1860081,43,hider,no_ramp,1,100,0,0
V7E007,1860081,43,seeker,no_objects,1,24,0,0
V7E007,1860081,43,hider,no_objects,1,100,0,0
V7E007,1860082,43,seeker,full,1,7,2,0
V7E007,1860082,43,hider,full,0,8,0,0
V7E007,1860082,43,seeker,no_block,1,7,0,0
V7E007,1860082,43,hider,no_block,0,6,0,0
V7E007,1860082,43,seeker,no_ramp,1,7,2,0
V7E007,1860082,43,hider,no_ramp,0,8,0,0
V7E007,1860082,43,seeker,no_objects,1,7,0,0
V7E007,1860082,43,hider,no_objects,0,6,0,0
V7E007,1860083,43,seeker,full,1,24,2,0
V7E007,1860083,43,hider,full,0,20,0,0
V7E007,1860083,43,seeker,no_block,1,24,0,0
V7E007,1860083,43,hider,no_block,0,20,0,0
V7E007,1860083,43,seeker,no_ramp,1,24,2,0
V7E007,1860083,43,hider,no_ramp,0,20,0,0
V7E007,1860083,43,seeker,no_objects,1,24,0,0
V7E007,1860083,43,hider,no_objects,0,20,0,0
V7E007,1860084,43,seeker,full,1,10,2,0
V7E007,1860084,43,hider,full,0,10,0,0
V7E007,1860084,43,seeker,no_block,1,10,0,0
V7E007,1860084,43,hider,no_block,0,8,0,0
V7E007,1860084,43,seeker,no_ramp,1,10,2,0
V7E007,1860084,43,hider,no_ramp,0,10,0,0
V7E007,1860084,43,seeker,no_objects,1,10,0,0
V7E007,1860084,43,hider,no_objects,1,100,0,0
V7E007,1860085,43,seeker,full,1,1,0,0
V7E007,1860085,43,hider,full,0,1,0,0
V7E007,1860085,43,seeker,no_block,1,1,0,0
V7E007,1860085,43,hider,no_block,0,1,0,0
V7E007,1860085,43,seeker,no_ramp,1,1,0,0
V7E007,1860085,43,hider,no_ramp,0,1,0,0
V7E007,1860085,43,seeker,no_objects,1,1,0,0
V7E007,1860085,43,hider,no_objects,0,1,0,0
V7E007,1860086,43,seeker,full,1,12,3,1
V7E007,1860086,43,hider,full,1,100,0,0
V7E007,1860086,43,seeker,no_block,1,12,0,1
V7E007,1860086,43,hider,no_block,1,100,0,0
V7E007,1860086,43,seeker,no_ramp,1,17,0,0
V7E007,1860086,43,hider,no_ramp,1,100,0,0
V7E007,1860086,43,seeker,no_objects,1,17,0,0
V7E007,1860086,43,hider,no_objects,0,16,0,0
V7E007,1860087,43,seeker,full,1,8,0,0
V7E007,1860087,43,hider,full,1,100,0,0
V7E007,1860087,43,seeker,no_block,1,8,0,0
V7E007,1860087,43,hider,no_block,1,100,0,0
V7E007,1860087,43,seeker,no_ramp,1,8,0,0
V7E007,1860087,43,hider,no_ramp,1,100,0,0
V7E007,1860087,43,seeker,no_objects,1,8,0,0
V7E007,1860087,43,hider,no_objects,1,100,0,0
V7E007,1860088,43,seeker,full,1,1,0,0
V7E007,1860088,43,hider,full,0,1,0,0
V7E007,1860088,43,seeker,no_block,1,1,0,0
V7E007,1860088,43,hider,no_block,0,1,0,0
V7E007,1860088,43,seeker,no_ramp,1,1,0,0
V7E007,1860088,43,hider,no_ramp,0,1,0,0
V7E007,1860088,43,seeker,no_objects,1,1,0,0
V7E007,1860088,43,hider,no_objects,0,1,0,0
V7E007,1860089,43,seeker,full,1,5,0,1
V7E007,1860089,43,hider,full,0,6,0,0
V7E007,1860089,43,seeker,no_block,1,5,0,1
V7E007,1860089,43,hider,no_block,0,6,0,0
V7E007,1860089,43,seeker,no_ramp,1,22,2,0
V7E007,1860089,43,hider,no_ramp,0,22,0,0
V7E007,1860089,43,seeker,no_objects,1,22,0,0
V7E007,1860089,43,hider,no_objects,1,100,0,0
V7E007,1860090,43,seeker,full,1,16,2,1
V7E007,1860090,43,hider,full,0,22,0,0
V7E007,1860090,43,seeker,no_block,1,16,0,1
V7E007,1860090,43,hider,no_block,1,100,0,0
V7E007,1860090,43,seeker,no_ramp,1,23,0,0
V7E007,1860090,43,hider,no_ramp,1,100,0,0
V7E007,1860090,43,seeker,no_objects,1,23,0,0
V7E007,1860090,43,hider,no_objects,0,23,0,0
V7E007,1860091,43,seeker,full,1,1,0,0
V7E007,1860091,43,hider,full,0,1,0,0
V7E007,1860091,43,seeker,no_block,1,1,0,0
V7E007,1860091,43,hider,no_block,0,1,0,0
V7E007,1860091,43,seeker,no_ramp,1,1,0,0
V7E007,1860091,43,hider,no_ramp,0,1,0,0
V7E007,1860091,43,seeker,no_objects,1,1,0,0
V7E007,1860091,43,hider,no_objects,0,1,0,0
V7E007,1860092,43,seeker,full,1,1,0,0
V7E007,1860092,43,hider,full,0,1,0,0
V7E007,1860092,43,seeker,no_block,1,1,0,0
V7E007,1860092,43,hider,no_block,0,1,0,0
V7E007,1860092,43,seeker,no_ramp,1,1,0,0
V7E007,1860092,43,hider,no_ramp,0,1,0,0
V7E007,1860092,43,seeker,no_objects,1,1,0,0
V7E007,1860092,43,hider,no_objects,0,1,0,0
V7E007,1860093,43,seeker,full,1,32,2,0
V7E007,1860093,43,hider,full,1,100,0,0
V7E007,1860093,43,seeker,no_block,1,32,0,0
V7E007,1860093,43,hider,no_block,1,100,0,0
V7E007,1860093,43,seeker,no_ramp,1,32,2,0
V7E007,1860093,43,hider,no_ramp,1,100,0,0
V7E007,1860093,43,seeker,no_objects,1,32,0,0
V7E007,1860093,43,hider,no_objects,1,100,0,0
V7E007,1860094,43,seeker,full,1,44,5,1
V7E007,1860094,43,hider,full,1,100,0,0
V7E007,1860094,43,seeker,no_block,1,46,0,1
V7E007,1860094,43,hider,no_block,1,100,0,0
V7E007,1860094,43,seeker,no_ramp,1,45,2,0
V7E007,1860094,43,hider,no_ramp,1,100,0,0
V7E007,1860094,43,seeker,no_objects,1,45,0,0
V7E007,1860094,43,hider,no_objects,1,100,0,0
V7E007,1860095,43,seeker,full,1,2,0,0
V7E007,1860095,43,hider,full,0,1,0,0
V7E007,1860095,43,seeker,no_block,1,2,0,0
V7E007,1860095,43,hider,no_block,0,1,0,0
V7E007,1860095,43,seeker,no_ramp,1,2,0,0
V7E007,1860095,43,hider,no_ramp,0,1,0,0
V7E007,1860095,43,seeker,no_objects,1,2,0,0
V7E007,1860095,43,hider,no_objects,0,1,0,0
V7E007,1860096,43,seeker,full,1,1,0,0
V7E007,1860096,43,hider,full,0,1,0,0
V7E007,1860096,43,seeker,no_block,1,1,0,0
V7E007,1860096,43,hider,no_block,0,1,0,0
V7E007,1860096,43,seeker,no_ramp,1,1,0,0
V7E007,1860096,43,hider,no_ramp,0,1,0,0
V7E007,1860096,43,seeker,no_objects,1,1,0,0
V7E007,1860096,43,hider,no_objects,0,1,0,0
V7E007,1860097,43,seeker,full,1,10,2,1
V7E007,1860097,43,hider,full,0,16,0,0
V7E007,1860097,43,seeker,no_block,1,10,0,1
V7E007,1860097,43,hider,no_block,0,16,0,0
V7E007,1860097,43,seeker,no_ramp,1,17,0,0
V7E007,1860097,43,hider,no_ramp,1,100,0,0
V7E007,1860097,43,seeker,no_objects,1,17,0,0
V7E007,1860097,43,hider,no_objects,0,17,0,0
V7E007,1860098,43,seeker,full,1,27,5,0
V7E007,1860098,43,hider,full,1,100,0,0
V7E007,1860098,43,seeker,no_block,1,29,0,0
V7E007,1860098,43,hider,no_block,1,100,0,0
V7E007,1860098,43,seeker,no_ramp,1,27,5,0
V7E007,1860098,43,hider,no_ramp,1,100,0,0
V7E007,1860098,43,seeker,no_objects,1,29,0,0
V7E007,1860098,43,hider,no_objects,1,100,0,0
V7E007,1860099,43,seeker,full,1,48,5,1
V7E007,1860099,43,hider,full,1,100,0,0
V7E007,1860099,43,seeker,no_block,1,50,0,1
V7E007,1860099,43,hider,no_block,1,100,0,0
V7E007,1860099,43,seeker,no_ramp,1,49,2,0
V7E007,1860099,43,hider,no_ramp,1,100,0,0
V7E007,1860099,43,seeker,no_objects,1,49,0,0
V7E007,1860099,43,hider,no_objects,1,100,0,0
V7E008,1870000,43,seeker,full,0,100,1,0
V7E008,1870000,43,hider,full,1,100,1,0
V7E008,1870000,43,seeker,no_block,1,7,0,0
V7E008,1870000,43,hider,no_block,0,5,0,0
V7E008,1870000,43,seeker,no_ramp,0,100,1,0
V7E008,1870000,43,hider,no_ramp,0,13,1,0
V7E008,1870000,43,seeker,no_objects,1,7,0,0
V7E008,1870000,43,hider,no_objects,0,5,0,0
V7E008,1870001,43,seeker,full,1,47,6,0
V7E008,1870001,43,hider,full,0,45,0,0
V7E008,1870001,43,seeker,no_block,1,39,0,0
V7E008,1870001,43,hider,no_block,1,100,0,0
V7E008,1870001,43,seeker,no_ramp,1,47,6,0
V7E008,1870001,43,hider,no_ramp,0,45,0,0
V7E008,1870001,43,seeker,no_objects,1,39,0,0
V7E008,1870001,43,hider,no_objects,1,100,0,0
V7E008,1870002,43,seeker,full,1,37,2,1
V7E008,1870002,43,hider,full,0,47,0,0
V7E008,1870002,43,seeker,no_block,1,23,0,1
V7E008,1870002,43,hider,no_block,1,100,0,0
V7E008,1870002,43,seeker,no_ramp,1,32,2,0
V7E008,1870002,43,hider,no_ramp,0,44,0,0
V7E008,1870002,43,seeker,no_objects,1,18,0,0
V7E008,1870002,43,hider,no_objects,0,16,0,0
V7E008,1870003,43,seeker,full,1,2,0,0
V7E008,1870003,43,hider,full,0,2,0,0
V7E008,1870003,43,seeker,no_block,1,2,0,0
V7E008,1870003,43,hider,no_block,0,2,0,0
V7E008,1870003,43,seeker,no_ramp,1,2,0,0
V7E008,1870003,43,hider,no_ramp,0,2,0,0
V7E008,1870003,43,seeker,no_objects,1,2,0,0
V7E008,1870003,43,hider,no_objects,0,2,0,0
V7E008,1870004,43,seeker,full,1,51,5,1
V7E008,1870004,43,hider,full,0,50,0,0
V7E008,1870004,43,seeker,no_block,1,45,0,1
V7E008,1870004,43,hider,no_block,0,44,0,0
V7E008,1870004,43,seeker,no_ramp,1,40,5,0
V7E008,1870004,43,hider,no_ramp,0,40,0,0
V7E008,1870004,43,seeker,no_objects,1,34,0,0
V7E008,1870004,43,hider,no_objects,0,35,0,0
V7E008,1870005,43,seeker,full,1,17,0,1
V7E008,1870005,43,hider,full,1,100,3,0
V7E008,1870005,43,seeker,no_block,1,18,0,1
V7E008,1870005,43,hider,no_block,1,100,0,0
V7E008,1870005,43,seeker,no_ramp,1,8,0,0
V7E008,1870005,43,hider,no_ramp,0,14,3,0
V7E008,1870005,43,seeker,no_objects,1,9,0,0
V7E008,1870005,43,hider,no_objects,0,8,0,0
V7E008,1870006,43,seeker,full,1,37,2,1
V7E008,1870006,43,hider,full,0,47,0,0
V7E008,1870006,43,seeker,no_block,1,21,0,1
V7E008,1870006,43,hider,no_block,1,100,0,0
V7E008,1870006,43,seeker,no_ramp,1,32,2,0
V7E008,1870006,43,hider,no_ramp,0,40,1,0
V7E008,1870006,43,seeker,no_objects,1,18,0,0
V7E008,1870006,43,hider,no_objects,0,10,0,0
V7E008,1870007,43,seeker,full,0,100,1,0
V7E008,1870007,43,hider,full,0,15,3,0
V7E008,1870007,43,seeker,no_block,1,17,0,0
V7E008,1870007,43,hider,no_block,1,100,0,0
V7E008,1870007,43,seeker,no_ramp,0,100,1,0
V7E008,1870007,43,hider,no_ramp,0,15,3,0
V7E008,1870007,43,seeker,no_objects,1,17,0,0
V7E008,1870007,43,hider,no_objects,1,100,0,0
V7E008,1870008,43,seeker,full,0,100,1,0
V7E008,1870008,43,hider,full,1,100,0,0
V7E008,1870008,43,seeker,no_block,1,10,0,0
V7E008,1870008,43,hider,no_block,1,100,0,0
V7E008,1870008,43,seeker,no_ramp,0,100,1,0
V7E008,1870008,43,hider,no_ramp,1,100,0,0
V7E008,1870008,43,seeker,no_objects,1,10,0,0
V7E008,1870008,43,hider,no_objects,1,100,0,0
V7E008,1870009,43,seeker,full,1,14,0,0
V7E008,1870009,43,hider,full,0,2,0,0
V7E008,1870009,43,seeker,no_block,1,14,0,0
V7E008,1870009,43,hider,no_block,0,2,0,0
V7E008,1870009,43,seeker,no_ramp,1,14,0,0
V7E008,1870009,43,hider,no_ramp,0,9,0,0
V7E008,1870009,43,seeker,no_objects,1,14,0,0
V7E008,1870009,43,hider,no_objects,0,9,0,0
V7E008,1870010,43,seeker,full,0,100,1,0
V7E008,1870010,43,hider,full,1,100,1,0
V7E008,1870010,43,seeker,no_block,1,11,0,0
V7E008,1870010,43,hider,no_block,0,7,0,0
V7E008,1870010,43,seeker,no_ramp,0,100,1,0
V7E008,1870010,43,hider,no_ramp,1,100,1,0
V7E008,1870010,43,seeker,no_objects,1,11,0,0
V7E008,1870010,43,hider,no_objects,0,7,0,0
V7E008,1870011,43,seeker,full,1,49,6,1
V7E008,1870011,43,hider,full,0,47,0,0
V7E008,1870011,43,seeker,no_block,1,41,0,1
V7E008,1870011,43,hider,no_block,1,100,0,0
V7E008,1870011,43,seeker,no_ramp,1,36,6,0
V7E008,1870011,43,hider,no_ramp,0,38,0,0
V7E008,1870011,43,seeker,no_objects,1,32,0,0
V7E008,1870011,43,hider,no_objects,0,32,0,0
V7E008,1870012,43,seeker,full,1,4,0,0
V7E008,1870012,43,hider,full,0,3,0,0
V7E008,1870012,43,seeker,no_block,1,4,0,0
V7E008,1870012,43,hider,no_block,0,3,0,0
V7E008,1870012,43,seeker,no_ramp,1,4,0,0
V7E008,1870012,43,hider,no_ramp,0,3,0,0
V7E008,1870012,43,seeker,no_objects,1,4,0,0
V7E008,1870012,43,hider,no_objects,0,3,0,0
V7E008,1870013,43,seeker,full,1,39,3,1
V7E008,1870013,43,hider,full,0,47,0,0
V7E008,1870013,43,seeker,no_block,1,39,0,1
V7E008,1870013,43,hider,no_block,0,41,0,0
V7E008,1870013,43,seeker,no_ramp,1,34,3,0
V7E008,1870013,43,hider,no_ramp,1,100,1,0
V7E008,1870013,43,seeker,no_objects,1,34,0,0
V7E008,1870013,43,hider,no_objects,0,17,0,0
V7E008,1870014,43,seeker,full,1,41,2,0
V7E008,1870014,43,hider,full,0,46,0,0
V7E008,1870014,43,seeker,no_block,1,17,0,0
V7E008,1870014,43,hider,no_block,1,100,0,0
V7E008,1870014,43,seeker,no_ramp,1,41,2,0
V7E008,1870014,43,hider,no_ramp,0,44,1,0
V7E008,1870014,43,seeker,no_objects,1,17,0,0
V7E008,1870014,43,hider,no_objects,0,12,0,0
V7E008,1870015,43,seeker,full,1,5,0,1
V7E008,1870015,43,hider,full,1,100,0,0
V7E008,1870015,43,seeker,no_block,1,5,0,1
V7E008,1870015,43,hider,no_block,1,100,0,0
V7E008,1870015,43,seeker,no_ramp,1,14,0,0
V7E008,1870015,43,hider,no_ramp,1,100,3,0
V7E008,1870015,43,seeker,no_objects,1,14,0,0
V7E008,1870015,43,hider,no_objects,1,100,0,0
V7E008,1870016,43,seeker,full,0,100,1,0
V7E008,1870016,43,hider,full,1,100,0,0
V7E008,1870016,43,seeker,no_block,1,8,0,0
V7E008,1870016,43,hider,no_block,1,100,0,0
V7E008,1870016,43,seeker,no_ramp,0,100,1,0
V7E008,1870016,43,hider,no_ramp,1,100,0,0
V7E008,1870016,43,seeker,no_objects,1,8,0,0
V7E008,1870016,43,hider,no_objects,1,100,0,0
V7E008,1870017,43,seeker,full,1,7,0,0
V7E008,1870017,43,hider,full,0,5,3,0
V7E008,1870017,43,seeker,no_block,1,8,0,0
V7E008,1870017,43,hider,no_block,0,5,0,0
V7E008,1870017,43,seeker,no_ramp,1,7,0,0
V7E008,1870017,43,hider,no_ramp,0,5,3,0
V7E008,1870017,43,seeker,no_objects,1,8,0,0
V7E008,1870017,43,hider,no_objects,0,5,0,0
V7E008,1870018,43,seeker,full,1,40,2,0
V7E008,1870018,43,hider,full,1,100,1,0
V7E008,1870018,43,seeker,no_block,1,38,0,0
V7E008,1870018,43,hider,no_block,0,19,0,0
V7E008,1870018,43,seeker,no_ramp,1,40,2,0
V7E008,1870018,43,hider,no_ramp,0,41,1,0
V7E008,1870018,43,seeker,no_objects,1,38,0,0
V7E008,1870018,43,hider,no_objects,0,20,0,0
V7E008,1870019,43,seeker,full,1,44,5,1
V7E008,1870019,43,hider,full,0,48,0,0
V7E008,1870019,43,seeker,no_block,1,44,0,1
V7E008,1870019,43,hider,no_block,0,43,0,0
V7E008,1870019,43,seeker,no_ramp,1,39,5,0
V7E008,1870019,43,hider,no_ramp,0,43,0,0
V7E008,1870019,43,seeker,no_objects,1,39,0,0
V7E008,1870019,43,hider,no_objects,0,36,0,0
V7E008,1870020,43,seeker,full,1,52,5,1
V7E008,1870020,43,hider,full,0,52,0,0
V7E008,1870020,43,seeker,no_block,1,46,0,1
V7E008,1870020,43,hider,no_block,0,47,0,0
V7E008,1870020,43,seeker,no_ramp,1,41,5,0
V7E008,1870020,43,hider,no_ramp,0,40,0,0
V7E008,1870020,43,seeker,no_objects,1,35,0,0
V7E008,1870020,43,hider,no_objects,0,34,0,0
V7E008,1870021,43,seeker,full,1,5,0,0
V7E008,1870021,43,hider,full,0,4,0,0
V7E008,1870021,43,seeker,no_block,1,5,0,0
V7E008,1870021,43,hider,no_block,0,4,0,0
V7E008,1870021,43,seeker,no_ramp,1,5,0,0
V7E008,1870021,43,hider,no_ramp,0,4,0,0
V7E008,1870021,43,seeker,no_objects,1,5,0,0
V7E008,1870021,43,hider,no_objects,0,4,0,0
V7E008,1870022,43,seeker,full,1,3,0,0
V7E008,1870022,43,hider,full,0,2,0,0
V7E008,1870022,43,seeker,no_block,1,3,0,0
V7E008,1870022,43,hider,no_block,0,2,0,0
V7E008,1870022,43,seeker,no_ramp,1,3,0,0
V7E008,1870022,43,hider,no_ramp,0,2,0,0
V7E008,1870022,43,seeker,no_objects,1,3,0,0
V7E008,1870022,43,hider,no_objects,0,2,0,0
V7E008,1870023,43,seeker,full,0,100,1,0
V7E008,1870023,43,hider,full,1,100,0,0
V7E008,1870023,43,seeker,no_block,1,10,0,0
V7E008,1870023,43,hider,no_block,1,100,0,0
V7E008,1870023,43,seeker,no_ramp,0,100,1,0
V7E008,1870023,43,hider,no_ramp,1,100,0,0
V7E008,1870023,43,seeker,no_objects,1,10,0,0
V7E008,1870023,43,hider,no_objects,1,100,0,0
V7E008,1870024,43,seeker,full,1,40,3,1
V7E008,1870024,43,hider,full,1,100,1,0
V7E008,1870024,43,seeker,no_block,1,40,0,1
V7E008,1870024,43,hider,no_block,0,13,0,0
V7E008,1870024,43,seeker,no_ramp,1,33,3,0
V7E008,1870024,43,hider,no_ramp,0,33,1,0
V7E008,1870024,43,seeker,no_objects,1,33,0,0
V7E008,1870024,43,hider,no_objects,0,16,0,0
V7E008,1870025,43,seeker,full,1,2,0,0
V7E008,1870025,43,hider,full,0,1,0,0
V7E008,1870025,43,seeker,no_block,1,2,0,0
V7E008,1870025,43,hider,no_block,0,1,0,0
V7E008,1870025,43,seeker,no_ramp,1,2,0,0
V7E008,1870025,43,hider,no_ramp,0,2,0,0
V7E008,1870025,43,seeker,no_objects,1,2,0,0
V7E008,1870025,43,hider,no_objects,0,1,0,0
V7E008,1870026,43,seeker,full,0,100,1,0
V7E008,1870026,43,hider,full,1,100,0,0
V7E008,1870026,43,seeker,no_block,1,14,0,0
V7E008,1870026,43,hider,no_block,1,100,0,0
V7E008,1870026,43,seeker,no_ramp,0,100,1,0
V7E008,1870026,43,hider,no_ramp,0,8,3,0
V7E008,1870026,43,seeker,no_objects,1,14,0,0
V7E008,1870026,43,hider,no_objects,0,8,0,0
V7E008,1870027,43,seeker,full,0,100,1,0
V7E008,1870027,43,hider,full,1,100,0,0
V7E008,1870027,43,seeker,no_block,1,9,0,0
V7E008,1870027,43,hider,no_block,0,5,0,0
V7E008,1870027,43,seeker,no_ramp,0,100,1,0
V7E008,1870027,43,hider,no_ramp,1,100,0,0
V7E008,1870027,43,seeker,no_objects,1,9,0,0
V7E008,1870027,43,hider,no_objects,0,5,0,0
V7E008,1870028,43,seeker,full,1,11,0,1
V7E008,1870028,43,hider,full,1,100,3,0
V7E008,1870028,43,seeker,no_block,1,11,0,1
V7E008,1870028,43,hider,no_block,1,100,0,0
V7E008,1870028,43,seeker,no_ramp,1,16,0,0
V7E008,1870028,43,hider,no_ramp,1,100,3,0
V7E008,1870028,43,seeker,no_objects,1,16,0,0
V7E008,1870028,43,hider,no_objects,0,13,0,0
V7E008,1870029,43,seeker,full,1,44,2,0
V7E008,1870029,43,hider,full,0,49,0,0
V7E008,1870029,43,seeker,no_block,1,20,0,0
V7E008,1870029,43,hider,no_block,0,43,0,0
V7E008,1870029,43,seeker,no_ramp,1,44,2,0
V7E008,1870029,43,hider,no_ramp,0,47,1,0
V7E008,1870029,43,seeker,no_objects,1,20,0,0
V7E008,1870029,43,hider,no_objects,0,15,0,0
V7E008,1870030,43,seeker,full,1,7,0,1
V7E008,1870030,43,hider,full,1,100,3,0
V7E008,1870030,43,seeker,no_block,1,7,0,1
V7E008,1870030,43,hider,no_block,1,100,0,0
V7E008,1870030,43,seeker,no_ramp,1,18,0,0
V7E008,1870030,43,hider,no_ramp,1,100,3,0
V7E008,1870030,43,seeker,no_objects,1,18,0,0
V7E008,1870030,43,hider,no_objects,0,41,0,0
V7E008,1870031,43,seeker,full,0,100,1,0
V7E008,1870031,43,hider,full,1,100,0,0
V7E008,1870031,43,seeker,no_block,1,6,0,0
V7E008,1870031,43,hider,no_block,0,3,0,0
V7E008,1870031,43,seeker,no_ramp,0,100,1,0
V7E008,1870031,43,hider,no_ramp,1,100,0,0
V7E008,1870031,43,seeker,no_objects,1,6,0,0
V7E008,1870031,43,hider,no_objects,0,3,0,0
V7E008,1870032,43,seeker,full,1,40,2,0
V7E008,1870032,43,hider,full,0,45,0,0
V7E008,1870032,43,seeker,no_block,1,8,0,0
V7E008,1870032,43,hider,no_block,0,11,0,0
V7E008,1870032,43,seeker,no_ramp,1,40,2,0
V7E008,1870032,43,hider,no_ramp,0,43,1,0
V7E008,1870032,43,seeker,no_objects,1,8,0,0
V7E008,1870032,43,hider,no_objects,0,7,0,0
V7E008,1870033,43,seeker,full,0,100,1,0
V7E008,1870033,43,hider,full,1,100,0,0
V7E008,1870033,43,seeker,no_block,1,13,0,0
V7E008,1870033,43,hider,no_block,1,100,0,0
V7E008,1870033,43,seeker,no_ramp,0,100,1,0
V7E008,1870033,43,hider,no_ramp,1,100,0,0
V7E008,1870033,43,seeker,no_objects,1,13,0,0
V7E008,1870033,43,hider,no_objects,1,100,0,0
V7E008,1870034,43,seeker,full,1,2,0,0
V7E008,1870034,43,hider,full,1,100,0,0
V7E008,1870034,43,seeker,no_block,1,2,0,0
V7E008,1870034,43,hider,no_block,1,100,0,0
V7E008,1870034,43,seeker,no_ramp,1,2,0,0
V7E008,1870034,43,hider,no_ramp,1,100,0,0
V7E008,1870034,43,seeker,no_objects,1,2,0,0
V7E008,1870034,43,hider,no_objects,1,100,0,0
V7E008,1870035,43,seeker,full,0,100,1,0
V7E008,1870035,43,hider,full,0,4,1,0
V7E008,1870035,43,seeker,no_block,1,6,0,0
V7E008,1870035,43,hider,no_block,0,4,0,0
V7E008,1870035,43,seeker,no_ramp,0,100,1,0
V7E008,1870035,43,hider,no_ramp,0,4,1,0
V7E008,1870035,43,seeker,no_objects,1,6,0,0
V7E008,1870035,43,hider,no_objects,0,4,0,0
V7E008,1870036,43,seeker,full,0,100,1,0
V7E008,1870036,43,hider,full,1,100,1,0
V7E008,1870036,43,seeker,no_block,1,11,0,0
V7E008,1870036,43,hider,no_block,0,7,0,0
V7E008,1870036,43,seeker,no_ramp,0,100,1,0
V7E008,1870036,43,hider,no_ramp,1,100,1,0
V7E008,1870036,43,seeker,no_objects,1,11,0,0
V7E008,1870036,43,hider,no_objects,0,7,0,0
V7E008,1870037,43,seeker,full,1,2,0,0
V7E008,1870037,43,hider,full,0,1,0,0
V7E008,1870037,43,seeker,no_block,1,2,0,0
V7E008,1870037,43,hider,no_block,0,1,0,0
V7E008,1870037,43,seeker,no_ramp,1,2,0,0
V7E008,1870037,43,hider,no_ramp,0,1,0,0
V7E008,1870037,43,seeker,no_objects,1,2,0,0
V7E008,1870037,43,hider,no_objects,0,1,0,0
V7E008,1870038,43,seeker,full,1,1,0,0
V7E008,1870038,43,hider,full,0,1,0,0
V7E008,1870038,43,seeker,no_block,1,1,0,0
V7E008,1870038,43,hider,no_block,0,1,0,0
V7E008,1870038,43,seeker,no_ramp,1,1,0,0
V7E008,1870038,43,hider,no_ramp,0,1,0,0
V7E008,1870038,43,seeker,no_objects,1,1,0,0
V7E008,1870038,43,hider,no_objects,0,1,0,0
V7E008,1870039,43,seeker,full,1,38,2,0
V7E008,1870039,43,hider,full,1,100,1,0
V7E008,1870039,43,seeker,no_block,1,36,0,0
V7E008,1870039,43,hider,no_block,0,17,0,0
V7E008,1870039,43,seeker,no_ramp,1,38,2,0
V7E008,1870039,43,hider,no_ramp,0,39,1,0
V7E008,1870039,43,seeker,no_objects,1,36,0,0
V7E008,1870039,43,hider,no_objects,0,18,0,0
V7E008,1870040,43,seeker,full,0,100,1,0
V7E008,1870040,43,hider,full,1,100,0,0
V7E008,1870040,43,seeker,no_block,1,14,0,0
V7E008,1870040,43,hider,no_block,1,100,0,0
V7E008,1870040,43,seeker,no_ramp,0,100,1,0
V7E008,1870040,43,hider,no_ramp,1,100,0,0
V7E008,1870040,43,seeker,no_objects,1,14,0,0
V7E008,1870040,43,hider,no_objects,1,100,0,0
V7E008,1870041,43,seeker,full,1,6,0,1
V7E008,1870041,43,hider,full,1,100,3,0
V7E008,1870041,43,seeker,no_block,1,6,0,1
V7E008,1870041,43,hider,no_block,1,100,0,0
V7E008,1870041,43,seeker,no_ramp,1,15,0,0
V7E008,1870041,43,hider,no_ramp,1,100,3,0
V7E008,1870041,43,seeker,no_objects,1,15,0,0
V7E008,1870041,43,hider,no_objects,1,100,0,0
V7E008,1870042,43,seeker,full,1,6,0,1
V7E008,1870042,43,hider,full,1,100,3,0
V7E008,1870042,43,seeker,no_block,1,6,0,1
V7E008,1870042,43,hider,no_block,1,100,0,0
V7E008,1870042,43,seeker,no_ramp,1,15,0,0
V7E008,1870042,43,hider,no_ramp,1,100,3,0
V7E008,1870042,43,seeker,no_objects,1,15,0,0
V7E008,1870042,43,hider,no_objects,0,16,0,0
V7E008,1870043,43,seeker,full,1,5,0,0
V7E008,1870043,43,hider,full,0,3,0,0
V7E008,1870043,43,seeker,no_block,1,5,0,0
V7E008,1870043,43,hider,no_block,0,3,0,0
V7E008,1870043,43,seeker,no_ramp,1,5,0,0
V7E008,1870043,43,hider,no_ramp,0,3,0,0
V7E008,1870043,43,seeker,no_objects,1,5,0,0
V7E008,1870043,43,hider,no_objects,0,3,0,0
V7E008,1870044,43,seeker,full,1,5,0,0
V7E008,1870044,43,hider,full,1,100,3,0
V7E008,1870044,43,seeker,no_block,1,5,0,0
V7E008,1870044,43,hider,no_block,1,100,0,0
V7E008,1870044,43,seeker,no_ramp,1,5,0,0
V7E008,1870044,43,hider,no_ramp,1,100,3,0
V7E008,1870044,43,seeker,no_objects,1,5,0,0
V7E008,1870044,43,hider,no_objects,0,15,0,0
V7E008,1870045,43,seeker,full,1,44,5,1
V7E008,1870045,43,hider,full,0,48,0,0
V7E008,1870045,43,seeker,no_block,1,44,0,1
V7E008,1870045,43,hider,no_block,0,43,0,0
V7E008,1870045,43,seeker,no_ramp,1,35,5,0
V7E008,1870045,43,hider,no_ramp,0,38,0,0
V7E008,1870045,43,seeker,no_objects,1,35,0,0
V7E008,1870045,43,hider,no_objects,0,32,0,0
V7E008,1870046,43,seeker,full,1,1,0,0
V7E008,1870046,43,hider,full,0,1,0,0
V7E008,1870046,43,seeker,no_block,1,1,0,0
V7E008,1870046,43,hider,no_block,0,1,0,0
V7E008,1870046,43,seeker,no_ramp,1,1,0,0
V7E008,1870046,43,hider,no_ramp,0,1,0,0
V7E008,1870046,43,seeker,no_objects,1,1,0,0
V7E008,1870046,43,hider,no_objects,0,1,0,0
V7E008,1870047,43,seeker,full,1,4,0,0
V7E008,1870047,43,hider,full,0,3,0,0
V7E008,1870047,43,seeker,no_block,1,4,0,0
V7E008,1870047,43,hider,no_block,0,3,0,0
V7E008,1870047,43,seeker,no_ramp,1,4,0,0
V7E008,1870047,43,hider,no_ramp,0,3,0,0
V7E008,1870047,43,seeker,no_objects,1,4,0,0
V7E008,1870047,43,hider,no_objects,0,3,0,0
V7E008,1870048,43,seeker,full,1,44,5,0
V7E008,1870048,43,hider,full,0,48,0,0
V7E008,1870048,43,seeker,no_block,1,44,0,0
V7E008,1870048,43,hider,no_block,0,43,0,0
V7E008,1870048,43,seeker,no_ramp,1,44,5,0
V7E008,1870048,43,hider,no_ramp,0,48,0,0
V7E008,1870048,43,seeker,no_objects,1,44,0,0
V7E008,1870048,43,hider,no_objects,0,43,0,0
V7E008,1870049,43,seeker,full,1,35,2,0
V7E008,1870049,43,hider,full,0,45,0,0
V7E008,1870049,43,seeker,no_block,1,17,0,0
V7E008,1870049,43,hider,no_block,1,100,0,0
V7E008,1870049,43,seeker,no_ramp,1,35,2,0
V7E008,1870049,43,hider,no_ramp,0,43,1,0
V7E008,1870049,43,seeker,no_objects,1,17,0,0
V7E008,1870049,43,hider,no_objects,0,15,0,0
V7E008,1870050,43,seeker,full,1,39,3,1
V7E008,1870050,43,hider,full,0,47,0,0
V7E008,1870050,43,seeker,no_block,1,39,0,1
V7E008,1870050,43,hider,no_block,0,41,0,0
V7E008,1870050,43,seeker,no_ramp,1,34,3,0
V7E008,1870050,43,hider,no_ramp,1,100,1,0
V7E008,1870050,43,seeker,no_objects,1,34,0,0
V7E008,1870050,43,hider,no_objects,0,17,0,0
V7E008,1870051,43,seeker,full,1,4,0,0
V7E008,1870051,43,hider,full,0,2,0,0
V7E008,1870051,43,seeker,no_block,1,4,0,0
V7E008,1870051,43,hider,no_block,0,2,0,0
V7E008,1870051,43,seeker,no_ramp,1,4,0,0
V7E008,1870051,43,hider,no_ramp,0,2,0,0
V7E008,1870051,43,seeker,no_objects,1,4,0,0
V7E008,1870051,43,hider,no_objects,0,2,0,0
V7E008,1870052,43,seeker,full,1,15,0,0
V7E008,1870052,43,hider,full,1,100,3,0
V7E008,1870052,43,seeker,no_block,1,16,0,0
V7E008,1870052,43,hider,no_block,1,100,0,0
V7E008,1870052,43,seeker,no_ramp,1,15,0,0
V7E008,1870052,43,hider,no_ramp,1,100,3,0
V7E008,1870052,43,seeker,no_objects,1,16,0,0
V7E008,1870052,43,hider,no_objects,0,41,0,0
V7E008,1870053,43,seeker,full,0,100,1,0
V7E008,1870053,43,hider,full,1,100,1,0
V7E008,1870053,43,seeker,no_block,1,12,0,0
V7E008,1870053,43,hider,no_block,1,100,0,0
V7E008,1870053,43,seeker,no_ramp,0,100,1,0
V7E008,1870053,43,hider,no_ramp,1,100,1,0
V7E008,1870053,43,seeker,no_objects,1,12,0,0
V7E008,1870053,43,hider,no_objects,0,8,0,0
V7E008,1870054,43,seeker,full,1,37,2,1
V7E008,1870054,43,hider,full,0,47,0,0
V7E008,1870054,43,seeker,no_block,1,21,0,1
V7E008,1870054,43,hider,no_block,1,100,0,0
V7E008,1870054,43,seeker,no_ramp,1,32,2,0
V7E008,1870054,43,hider,no_ramp,0,44,0,0
V7E008,1870054,43,seeker,no_objects,1,18,0,0
V7E008,1870054,43,hider,no_objects,0,16,0,0
V7E008,1870055,43,seeker,full,1,41,3,0
V7E008,1870055,43,hider,full,1,100,1,0
V7E008,1870055,43,seeker,no_block,1,41,0,0
V7E008,1870055,43,hider,no_block,0,20,0,0
V7E008,1870055,43,seeker,no_ramp,1,41,3,0
V7E008,1870055,43,hider,no_ramp,0,41,1,0
V7E008,1870055,43,seeker,no_objects,1,41,0,0
V7E008,1870055,43,hider,no_objects,0,20,0,0
V7E008,1870056,43,seeker,full,0,100,1,0
V7E008,1870056,43,hider,full,0,8,3,0
V7E008,1870056,43,seeker,no_block,1,14,0,0
V7E008,1870056,43,hider,no_block,0,14,0,0
V7E008,1870056,43,seeker,no_ramp,0,100,1,0
V7E008,1870056,43,hider,no_ramp,0,8,3,0
V7E008,1870056,43,seeker,no_objects,1,14,0,0
V7E008,1870056,43,hider,no_objects,1,100,0,0
V7E008,1870057,43,seeker,full,1,4,0,0
V7E008,1870057,43,hider,full,0,3,0,0
V7E008,1870057,43,seeker,no_block,1,4,0,0
V7E008,1870057,43,hider,no_block,0,3,0,0
V7E008,1870057,43,seeker,no_ramp,1,4,0,0
V7E008,1870057,43,hider,no_ramp,0,3,0,0
V7E008,1870057,43,seeker,no_objects,1,4,0,0
V7E008,1870057,43,hider,no_objects,0,3,0,0
V7E008,1870058,43,seeker,full,1,47,5,0
V7E008,1870058,43,hider,full,0,47,0,0
V7E008,1870058,43,seeker,no_block,1,41,0,0
V7E008,1870058,43,hider,no_block,0,42,0,0
V7E008,1870058,43,seeker,no_ramp,1,47,5,0
V7E008,1870058,43,hider,no_ramp,0,47,0,0
V7E008,1870058,43,seeker,no_objects,1,41,0,0
V7E008,1870058,43,hider,no_objects,0,42,0,0
V7E008,1870059,43,seeker,full,1,6,0,0
V7E008,1870059,43,hider,full,1,100,3,0
V7E008,1870059,43,seeker,no_block,1,7,0,0
V7E008,1870059,43,hider,no_block,1,100,0,0
V7E008,1870059,43,seeker,no_ramp,1,6,0,0
V7E008,1870059,43,hider,no_ramp,0,12,3,0
V7E008,1870059,43,seeker,no_objects,1,7,0,0
V7E008,1870059,43,hider,no_objects,0,6,0,0
V7E008,1870060,43,seeker,full,1,11,0,0
V7E008,1870060,43,hider,full,1,100,0,0
V7E008,1870060,43,seeker,no_block,1,11,0,0
V7E008,1870060,43,hider,no_block,1,100,0,0
V7E008,1870060,43,seeker,no_ramp,1,11,0,0
V7E008,1870060,43,hider,no_ramp,1,100,0,0
V7E008,1870060,43,seeker,no_objects,1,11,0,0
V7E008,1870060,43,hider,no_objects,1,100,0,0
V7E008,1870061,43,seeker,full,1,39,2,1
V7E008,1870061,43,hider,full,0,49,0,0
V7E008,1870061,43,seeker,no_block,1,21,0,1
V7E008,1870061,43,hider,no_block,1,100,0,0
V7E008,1870061,43,seeker,no_ramp,1,26,2,0
V7E008,1870061,43,hider,no_ramp,0,38,0,0
V7E008,1870061,43,seeker,no_objects,1,12,0,0
V7E008,1870061,43,hider,no_objects,0,10,0,0
V7E008,1870062,43,seeker,full,0,100,1,0
V7E008,1870062,43,hider,full,1,100,0,0
V7E008,1870062,43,seeker,no_block,1,9,0,0
V7E008,1870062,43,hider,no_block,1,100,0,0
V7E008,1870062,43,seeker,no_ramp,0,100,1,0
V7E008,1870062,43,hider,no_ramp,1,100,0,0
V7E008,1870062,43,seeker,no_objects,1,9,0,0
V7E008,1870062,43,hider,no_objects,0,6,0,0
V7E008,1870063,43,seeker,full,0,100,1,0
V7E008,1870063,43,hider,full,1,100,0,0
V7E008,1870063,43,seeker,no_block,1,7,0,0
V7E008,1870063,43,hider,no_block,1,100,0,0
V7E008,1870063,43,seeker,no_ramp,0,100,1,0
V7E008,1870063,43,hider,no_ramp,1,100,0,0
V7E008,1870063,43,seeker,no_objects,1,7,0,0
V7E008,1870063,43,hider,no_objects,0,5,0,0
V7E008,1870064,43,seeker,full,1,7,0,1
V7E008,1870064,43,hider,full,1,100,3,0
V7E008,1870064,43,seeker,no_block,1,7,0,1
V7E008,1870064,43,hider,no_block,1,100,0,0
V7E008,1870064,43,seeker,no_ramp,1,14,0,0
V7E008,1870064,43,hider,no_ramp,1,100,3,0
V7E008,1870064,43,seeker,no_objects,1,14,0,0
V7E008,1870064,43,hider,no_objects,1,100,0,0
V7E008,1870065,43,seeker,full,1,7,0,1
V7E008,1870065,43,hider,full,1,100,3,0
V7E008,1870065,43,seeker,no_block,1,7,0,1
V7E008,1870065,43,hider,no_block,1,100,0,0
V7E008,1870065,43,seeker,no_ramp,1,16,0,0
V7E008,1870065,43,hider,no_ramp,1,100,3,0
V7E008,1870065,43,seeker,no_objects,1,16,0,0
V7E008,1870065,43,hider,no_objects,0,39,0,0
V7E008,1870066,43,seeker,full,0,100,1,0
V7E008,1870066,43,hider,full,1,100,4,0
V7E008,1870066,43,seeker,no_block,1,5,0,0
V7E008,1870066,43,hider,no_block,0,4,0,0
V7E008,1870066,43,seeker,no_ramp,0,100,1,0
V7E008,1870066,43,hider,no_ramp,0,5,1,0
V7E008,1870066,43,seeker,no_objects,1,5,0,0
V7E008,1870066,43,hider,no_objects,0,4,0,0
V7E008,1870067,43,seeker,full,1,7,0,0
V7E008,1870067,43,hider,full,1,100,0,0
V7E008,1870067,43,seeker,no_block,1,7,0,0
V7E008,1870067,43,hider,no_block,1,100,0,0
V7E008,1870067,43,seeker,no_ramp,1,7,0,0
V7E008,1870067,43,hider,no_ramp,0,7,0,0
V7E008,1870067,43,seeker,no_objects,1,7,0,0
V7E008,1870067,43,hider,no_objects,0,7,0,0
V7E008,1870068,43,seeker,full,1,1,0,0
V7E008,1870068,43,hider,full,0,1,0,0
V7E008,1870068,43,seeker,no_block,1,1,0,0
V7E008,1870068,43,hider,no_block,0,1,0,0
V7E008,1870068,43,seeker,no_ramp,1,1,0,0
V7E008,1870068,43,hider,no_ramp,0,1,0,0
V7E008,1870068,43,seeker,no_objects,1,1,0,0
V7E008,1870068,43,hider,no_objects,0,1,0,0
V7E008,1870069,43,seeker,full,0,100,1,0
V7E008,1870069,43,hider,full,1,100,0,0
V7E008,1870069,43,seeker,no_block,1,8,0,0
V7E008,1870069,43,hider,no_block,1,100,0,0
V7E008,1870069,43,seeker,no_ramp,0,100,1,0
V7E008,1870069,43,hider,no_ramp,1,100,0,0
V7E008,1870069,43,seeker,no_objects,1,8,0,0
V7E008,1870069,43,hider,no_objects,1,100,0,0
V7E008,1870070,43,seeker,full,1,5,0,0
V7E008,1870070,43,hider,full,0,4,0,0
V7E008,1870070,43,seeker,no_block,1,5,0,0
V7E008,1870070,43,hider,no_block,0,4,0,0
V7E008,1870070,43,seeker,no_ramp,1,5,0,0
V7E008,1870070,43,hider,no_ramp,0,4,0,0
V7E008,1870070,43,seeker,no_objects,1,5,0,0
V7E008,1870070,43,hider,no_objects,0,4,0,0
V7E008,1870071,43,seeker,full,1,8,0,0
V7E008,1870071,43,hider,full,1,100,0,0
V7E008,1870071,43,seeker,no_block,1,8,0,0
V7E008,1870071,43,hider,no_block,1,100,0,0
V7E008,1870071,43,seeker,no_ramp,1,8,0,0
V7E008,1870071,43,hider,no_ramp,0,8,0,0
V7E008,1870071,43,seeker,no_objects,1,8,0,0
V7E008,1870071,43,hider,no_objects,0,8,0,0
V7E008,1870072,43,seeker,full,1,3,0,0
V7E008,1870072,43,hider,full,0,9,0,0
V7E008,1870072,43,seeker,no_block,1,3,0,0
V7E008,1870072,43,hider,no_block,0,7,0,0
V7E008,1870072,43,seeker,no_ramp,1,3,0,0
V7E008,1870072,43,hider,no_ramp,0,3,0,0
V7E008,1870072,43,seeker,no_objects,1,3,0,0
V7E008,1870072,43,hider,no_objects,1,100,0,0
V7E008,1870073,43,seeker,full,1,50,5,0
V7E008,1870073,43,hider,full,0,50,0,0
V7E008,1870073,43,seeker,no_block,1,44,0,0
V7E008,1870073,43,hider,no_block,0,45,0,0
V7E008,1870073,43,seeker,no_ramp,1,50,5,0
V7E008,1870073,43,hider,no_ramp,0,50,0,0
V7E008,1870073,43,seeker,no_objects,1,44,0,0
V7E008,1870073,43,hider,no_objects,0,45,0,0
V7E008,1870074,43,seeker,full,1,41,3,0
V7E008,1870074,43,hider,full,0,49,0,0
V7E008,1870074,43,seeker,no_block,1,41,0,0
V7E008,1870074,43,hider,no_block,0,43,0,0
V7E008,1870074,43,seeker,no_ramp,1,41,3,0
V7E008,1870074,43,hider,no_ramp,1,100,1,0
V7E008,1870074,43,seeker,no_objects,1,41,0,0
V7E008,1870074,43,hider,no_objects,0,16,0,0
V7E008,1870075,43,seeker,full,1,41,2,1
V7E008,1870075,43,hider,full,0,50,0,0
V7E008,1870075,43,seeker,no_block,1,35,0,1
V7E008,1870075,43,hider,no_block,0,44,0,0
V7E008,1870075,43,seeker,no_ramp,1,30,2,0
V7E008,1870075,43,hider,no_ramp,1,100,1,0
V7E008,1870075,43,seeker,no_objects,1,16,0,0
V7E008,1870075,43,hider,no_objects,0,14,0,0
V7E008,1870076,43,seeker,full,1,48,5,1
V7E008,1870076,43,hider,full,0,47,0,0
V7E008,1870076,43,seeker,no_block,1,42,0,1
V7E008,1870076,43,hider,no_block,0,41,0,0
V7E008,1870076,43,seeker,no_ramp,0,100,6,0
V7E008,1870076,43,hider,no_ramp,0,43,0,0
V7E008,1870076,43,seeker,no_objects,1,37,0,0
V7E008,1870076,43,hider,no_objects,0,38,0,0
V7E008,1870077,43,seeker,full,1,6,0,0
V7E008,1870077,43,hider,full,1,100,0,0
V7E008,1870077,43,seeker,no_block,1,6,0,0
V7E008,1870077,43,hider,no_block,1,100,0,0
V7E008,1870077,43,seeker,no_ramp,1,6,0,0
V7E008,1870077,43,hider,no_ramp,1,100,0,0
V7E008,1870077,43,seeker,no_objects,1,6,0,0
V7E008,1870077,43,hider,no_objects,1,100,0,0
V7E008,1870078,43,seeker,full,0,100,1,0
V7E008,1870078,43,hider,full,1,100,0,0
V7E008,1870078,43,seeker,no_block,1,10,0,0
V7E008,1870078,43,hider,no_block,1,100,0,0
V7E008,1870078,43,seeker,no_ramp,0,100,1,0
V7E008,1870078,43,hider,no_ramp,1,100,0,0
V7E008,1870078,43,seeker,no_objects,1,10,0,0
V7E008,1870078,43,hider,no_objects,1,100,0,0
V7E008,1870079,43,seeker,full,1,8,0,1
V7E008,1870079,43,hider,full,1,100,3,0
V7E008,1870079,43,seeker,no_block,1,8,0,1
V7E008,1870079,43,hider,no_block,1,100,0,0
V7E008,1870079,43,seeker,no_ramp,1,15,0,0
V7E008,1870079,43,hider,no_ramp,1,100,3,0
V7E008,1870079,43,seeker,no_objects,1,15,0,0
V7E008,1870079,43,hider,no_objects,0,38,0,0
V7E008,1870080,43,seeker,full,1,39,2,0
V7E008,1870080,43,hider,full,1,100,1,0
V7E008,1870080,43,seeker,no_block,1,37,0,0
V7E008,1870080,43,hider,no_block,0,19,0,0
V7E008,1870080,43,seeker,no_ramp,1,39,2,0
V7E008,1870080,43,hider,no_ramp,0,40,1,0
V7E008,1870080,43,seeker,no_objects,1,37,0,0
V7E008,1870080,43,hider,no_objects,0,19,0,0
V7E008,1870081,43,seeker,full,0,100,1,0
V7E008,1870081,43,hider,full,1,100,0,0
V7E008,1870081,43,seeker,no_block,1,9,0,0
V7E008,1870081,43,hider,no_block,1,100,0,0
V7E008,1870081,43,seeker,no_ramp,0,100,1,0
V7E008,1870081,43,hider,no_ramp,0,5,2,0
V7E008,1870081,43,seeker,no_objects,1,9,0,0
V7E008,1870081,43,hider,no_objects,0,5,0,0
V7E008,1870082,43,seeker,full,1,7,0,0
V7E008,1870082,43,hider,full,0,7,0,0
V7E008,1870082,43,seeker,no_block,1,7,0,0
V7E008,1870082,43,hider,no_block,0,7,0,0
V7E008,1870082,43,seeker,no_ramp,1,7,0,0
V7E008,1870082,43,hider,no_ramp,0,7,0,0
V7E008,1870082,43,seeker,no_objects,1,7,0,0
V7E008,1870082,43,hider,no_objects,0,7,0,0
V7E008,1870083,43,seeker,full,0,100,1,0
V7E008,1870083,43,hider,full,1,100,0,0
V7E008,1870083,43,seeker,no_block,1,6,0,0
V7E008,1870083,43,hider,no_block,1,100,0,0
V7E008,1870083,43,seeker,no_ramp,0,100,1,0
V7E008,1870083,43,hider,no_ramp,1,100,0,0
V7E008,1870083,43,seeker,no_objects,1,6,0,0
V7E008,1870083,43,hider,no_objects,0,4,0,0
V7E008,1870084,43,seeker,full,1,3,0,0
V7E008,1870084,43,hider,full,0,2,0,0
V7E008,1870084,43,seeker,no_block,1,3,0,0
V7E008,1870084,43,hider,no_block,0,2,0,0
V7E008,1870084,43,seeker,no_ramp,1,3,0,0
V7E008,1870084,43,hider,no_ramp,0,2,0,0
V7E008,1870084,43,seeker,no_objects,1,3,0,0
V7E008,1870084,43,hider,no_objects,0,2,0,0
V7E008,1870085,43,seeker,full,1,5,0,0
V7E008,1870085,43,hider,full,0,3,0,0
V7E008,1870085,43,seeker,no_block,1,5,0,0
V7E008,1870085,43,hider,no_block,0,3,0,0
V7E008,1870085,43,seeker,no_ramp,1,5,0,0
V7E008,1870085,43,hider,no_ramp,0,3,0,0
V7E008,1870085,43,seeker,no_objects,1,5,0,0
V7E008,1870085,43,hider,no_objects,0,3,0,0
V7E008,1870086,43,seeker,full,0,100,1,0
V7E008,1870086,43,hider,full,1,100,0,0
V7E008,1870086,43,seeker,no_block,1,13,0,0
V7E008,1870086,43,hider,no_block,1,100,0,0
V7E008,1870086,43,seeker,no_ramp,0,100,1,0
V7E008,1870086,43,hider,no_ramp,1,100,0,0
V7E008,1870086,43,seeker,no_objects,1,13,0,0
V7E008,1870086,43,hider,no_objects,0,12,0,0
V7E008,1870087,43,seeker,full,0,100,1,0
V7E008,1870087,43,hider,full,1,100,1,0
V7E008,1870087,43,seeker,no_block,1,9,0,0
V7E008,1870087,43,hider,no_block,0,5,0,0
V7E008,1870087,43,seeker,no_ramp,0,100,1,0
V7E008,1870087,43,hider,no_ramp,1,100,1,0
V7E008,1870087,43,seeker,no_objects,1,9,0,0
V7E008,1870087,43,hider,no_objects,0,5,0,0
V7E008,1870088,43,seeker,full,1,48,5,1
V7E008,1870088,43,hider,full,0,48,0,0
V7E008,1870088,43,seeker,no_block,1,42,0,1
V7E008,1870088,43,hider,no_block,0,43,0,0
V7E008,1870088,43,seeker,no_ramp,0,100,6,0
V7E008,1870088,43,hider,no_ramp,0,42,0,0
V7E008,1870088,43,seeker,no_objects,1,37,0,0
V7E008,1870088,43,hider,no_objects,0,36,0,0
V7E008,1870089,43,seeker,full,1,8,0,1
V7E008,1870089,43,hider,full,1,100,3,0
V7E008,1870089,43,seeker,no_block,1,8,0,1
V7E008,1870089,43,hider,no_block,1,100,0,0
V7E008,1870089,43,seeker,no_ramp,1,11,0,0
V7E008,1870089,43,hider,no_ramp,1,100,3,0
V7E008,1870089,43,seeker,no_objects,1,11,0,0
V7E008,1870089,43,hider,no_objects,0,34,0,0
V7E008,1870090,43,seeker,full,1,15,0,0
V7E008,1870090,43,hider,full,0,5,0,0
V7E008,1870090,43,seeker,no_block,1,15,0,0
V7E008,1870090,43,hider,no_block,0,5,0,0
V7E008,1870090,43,seeker,no_ramp,1,15,0,0
V7E008,1870090,43,hider,no_ramp,0,9,0,0
V7E008,1870090,43,seeker,no_objects,1,15,0,0
V7E008,1870090,43,hider,no_objects,0,9,0,0
V7E008,1870091,43,seeker,full,0,100,1,0
V7E008,1870091,43,hider,full,1,100,0,0
V7E008,1870091,43,seeker,no_block,1,10,0,0
V7E008,1870091,43,hider,no_block,1,100,0,0
V7E008,1870091,43,seeker,no_ramp,0,100,1,0
V7E008,1870091,43,hider,no_ramp,0,6,3,0
V7E008,1870091,43,seeker,no_objects,1,10,0,0
V7E008,1870091,43,hider,no_objects,0,6,0,0
V7E008,1870092,43,seeker,full,1,7,0,0
V7E008,1870092,43,hider,full,1,100,0,0
V7E008,1870092,43,seeker,no_block,1,7,0,0
V7E008,1870092,43,hider,no_block,1,100,0,0
V7E008,1870092,43,seeker,no_ramp,1,7,0,0
V7E008,1870092,43,hider,no_ramp,0,7,0,0
V7E008,1870092,43,seeker,no_objects,1,7,0,0
V7E008,1870092,43,hider,no_objects,0,7,0,0
V7E008,1870093,43,seeker,full,1,7,0,1
V7E008,1870093,43,hider,full,1,100,0,0
V7E008,1870093,43,seeker,no_block,1,7,0,1
V7E008,1870093,43,hider,no_block,1,100,0,0
V7E008,1870093,43,seeker,no_ramp,1,10,0,0
V7E008,1870093,43,hider,no_ramp,1,100,3,0
V7E008,1870093,43,seeker,no_objects,1,10,0,0
V7E008,1870093,43,hider,no_objects,1,100,0,0
V7E008,1870094,43,seeker,full,1,6,0,0
V7E008,1870094,43,hider,full,0,7,0,0
V7E008,1870094,43,seeker,no_block,1,6,0,0
V7E008,1870094,43,hider,no_block,0,7,0,0
V7E008,1870094,43,seeker,no_ramp,1,6,0,0
V7E008,1870094,43,hider,no_ramp,0,7,0,0
V7E008,1870094,43,seeker,no_objects,1,6,0,0
V7E008,1870094,43,hider,no_objects,0,7,0,0
V7E008,1870095,43,seeker,full,1,48,6,1
V7E008,1870095,43,hider,full,0,46,0,0
V7E008,1870095,43,seeker,no_block,1,40,0,1
V7E008,1870095,43,hider,no_block,1,100,0,0
V7E008,1870095,43,seeker,no_ramp,1,45,6,0
V7E008,1870095,43,hider,no_ramp,0,44,0,0
V7E008,1870095,43,seeker,no_objects,1,37,0,0
V7E008,1870095,43,hider,no_objects,0,39,0,0
V7E008,1870096,43,seeker,full,1,5,0,0
V7E008,1870096,43,hider,full,0,4,0,0
V7E008,1870096,43,seeker,no_block,1,5,0,0
V7E008,1870096,43,hider,no_block,0,4,0,0
V7E008,1870096,43,seeker,no_ramp,1,5,0,0
V7E008,1870096,43,hider,no_ramp,0,4,0,0
V7E008,1870096,43,seeker,no_objects,1,5,0,0
V7E008,1870096,43,hider,no_objects,0,4,0,0
V7E008,1870097,43,seeker,full,0,100,1,0
V7E008,1870097,43,hider,full,1,100,0,0
V7E008,1870097,43,seeker,no_block,1,5,0,0
V7E008,1870097,43,hider,no_block,1,100,0,0
V7E008,1870097,43,seeker,no_ramp,0,100,1,0
V7E008,1870097,43,hider,no_ramp,1,100,0,0
V7E008,1870097,43,seeker,no_objects,1,5,0,0
V7E008,1870097,43,hider,no_objects,1,100,0,0
V7E008,1870098,43,seeker,full,1,40,2,1
V7E008,1870098,43,hider,full,0,45,0,0
V7E008,1870098,43,seeker,no_block,1,18,0,1
V7E008,1870098,43,hider,no_block,0,39,0,0
V7E008,1870098,43,seeker,no_ramp,1,35,2,0
V7E008,1870098,43,hider,no_ramp,0,41,0,0
V7E008,1870098,43,seeker,no_objects,1,15,0,0
V7E008,1870098,43,hider,no_objects,0,14,0,0
V7E008,1870099,43,seeker,full,1,5,0,0
V7E008,1870099,43,hider,full,0,3,0,0
V7E008,1870099,43,seeker,no_block,1,5,0,0
V7E008,1870099,43,hider,no_block,0,3,0,0
V7E008,1870099,43,seeker,no_ramp,1,5,0,0
V7E008,1870099,43,hider,no_ramp,0,3,0,0
V7E008,1870099,43,seeker,no_objects,1,5,0,0
V7E008,1870099,43,hider,no_objects,0,3,0,0
V7E009,1880000,43,seeker,full,0,100,4,0
V7E009,1880000,43,hider,full,1,100,0,0
V7E009,1880000,43,seeker,no_block,1,27,0,0
V7E009,1880000,43,hider,no_block,1,100,0,0
V7E009,1880000,43,seeker,no_ramp,0,100,4,0
V7E009,1880000,43,hider,no_ramp,1,100,0,0
V7E009,1880000,43,seeker,no_objects,1,27,0,0
V7E009,1880000,43,hider,no_objects,1,100,0,0
V7E009,1880001,43,seeker,full,1,10,0,1
V7E009,1880001,43,hider,full,1,100,0,1
V7E009,1880001,43,seeker,no_block,1,10,0,1
V7E009,1880001,43,hider,no_block,1,100,0,1
V7E009,1880001,43,seeker,no_ramp,1,4,0,0
V7E009,1880001,43,hider,no_ramp,0,2,0,0
V7E009,1880001,43,seeker,no_objects,1,4,0,0
V7E009,1880001,43,hider,no_objects,0,2,0,0
V7E009,1880002,43,seeker,full,1,22,0,0
V7E009,1880002,43,hider,full,0,18,0,0
V7E009,1880002,43,seeker,no_block,1,22,0,0
V7E009,1880002,43,hider,no_block,0,18,0,0
V7E009,1880002,43,seeker,no_ramp,1,22,0,0
V7E009,1880002,43,hider,no_ramp,0,18,0,0
V7E009,1880002,43,seeker,no_objects,1,22,0,0
V7E009,1880002,43,hider,no_objects,0,18,0,0
V7E009,1880003,43,seeker,full,1,29,2,1
V7E009,1880003,43,hider,full,1,100,0,0
V7E009,1880003,43,seeker,no_block,1,29,0,1
V7E009,1880003,43,hider,no_block,1,100,0,0
V7E009,1880003,43,seeker,no_ramp,0,100,4,0
V7E009,1880003,43,hider,no_ramp,1,100,0,0
V7E009,1880003,43,seeker,no_objects,1,32,0,0
V7E009,1880003,43,hider,no_objects,1,100,0,0
V7E009,1880004,43,seeker,full,1,6,0,0
V7E009,1880004,43,hider,full,1,100,0,0
V7E009,1880004,43,seeker,no_block,1,6,0,0
V7E009,1880004,43,hider,no_block,1,100,0,0
V7E009,1880004,43,seeker,no_ramp,1,6,0,0
V7E009,1880004,43,hider,no_ramp,1,100,0,0
V7E009,1880004,43,seeker,no_objects,1,6,0,0
V7E009,1880004,43,hider,no_objects,1,100,0,0
V7E009,1880005,43,seeker,full,1,3,0,0
V7E009,1880005,43,hider,full,0,2,0,0
V7E009,1880005,43,seeker,no_block,1,3,0,0
V7E009,1880005,43,hider,no_block,0,2,0,0
V7E009,1880005,43,seeker,no_ramp,1,3,0,0
V7E009,1880005,43,hider,no_ramp,0,2,0,0
V7E009,1880005,43,seeker,no_objects,1,3,0,0
V7E009,1880005,43,hider,no_objects,0,2,0,0
V7E009,1880006,43,seeker,full,1,37,4,0
V7E009,1880006,43,hider,full,1,100,0,0
V7E009,1880006,43,seeker,no_block,1,39,0,0
V7E009,1880006,43,hider,no_block,1,100,0,0
V7E009,1880006,43,seeker,no_ramp,1,37,4,0
V7E009,1880006,43,hider,no_ramp,1,100,0,0
V7E009,1880006,43,seeker,no_objects,1,41,0,0
V7E009,1880006,43,hider,no_objects,1,100,0,0
V7E009,1880007,43,seeker,full,1,2,0,0
V7E009,1880007,43,hider,full,0,2,0,0
V7E009,1880007,43,seeker,no_block,1,2,0,0
V7E009,1880007,43,hider,no_block,0,2,0,0
V7E009,1880007,43,seeker,no_ramp,1,2,0,0
V7E009,1880007,43,hider,no_ramp,0,2,0,0
V7E009,1880007,43,seeker,no_objects,1,2,0,0
V7E009,1880007,43,hider,no_objects,0,2,0,0
V7E009,1880008,43,seeker,full,1,7,0,0
V7E009,1880008,43,hider,full,1,100,0,0
V7E009,1880008,43,seeker,no_block,1,7,0,0
V7E009,1880008,43,hider,no_block,1,100,0,0
V7E009,1880008,43,seeker,no_ramp,1,7,0,0
V7E009,1880008,43,hider,no_ramp,1,100,0,0
V7E009,1880008,43,seeker,no_objects,1,7,0,0
V7E009,1880008,43,hider,no_objects,1,100,0,0
V7E009,1880009,43,seeker,full,1,1,0,0
V7E009,1880009,43,hider,full,0,1,0,0
V7E009,1880009,43,seeker,no_block,1,1,0,0
V7E009,1880009,43,hider,no_block,0,1,0,0
V7E009,1880009,43,seeker,no_ramp,1,1,0,0
V7E009,1880009,43,hider,no_ramp,0,1,0,0
V7E009,1880009,43,seeker,no_objects,1,1,0,0
V7E009,1880009,43,hider,no_objects,0,1,0,0
V7E009,1880010,43,seeker,full,1,21,0,0
V7E009,1880010,43,hider,full,0,19,0,0
V7E009,1880010,43,seeker,no_block,1,21,0,0
V7E009,1880010,43,hider,no_block,0,19,0,0
V7E009,1880010,43,seeker,no_ramp,1,21,0,0
V7E009,1880010,43,hider,no_ramp,0,19,0,0
V7E009,1880010,43,seeker,no_objects,1,21,0,0
V7E009,1880010,43,hider,no_objects,0,19,0,0
V7E009,1880011,43,seeker,full,1,18,2,0
V7E009,1880011,43,hider,full,1,100,0,0
V7E009,1880011,43,seeker,no_block,1,14,0,0
V7E009,1880011,43,hider,no_block,1,100,0,0
V7E009,1880011,43,seeker,no_ramp,1,18,2,0
V7E009,1880011,43,hider,no_ramp,1,100,0,0
V7E009,1880011,43,seeker,no_objects,1,14,0,0
V7E009,1880011,43,hider,no_objects,1,100,0,0
V7E009,1880012,43,seeker,full,1,17,0,0
V7E009,1880012,43,hider,full,0,16,4,0
V7E009,1880012,43,seeker,no_block,1,18,0,0
V7E009,1880012,43,hider,no_block,0,16,0,0
V7E009,1880012,43,seeker,no_ramp,1,17,0,0
V7E009,1880012,43,hider,no_ramp,0,16,4,0
V7E009,1880012,43,seeker,no_objects,1,18,0,0
V7E009,1880012,43,hider,no_objects,0,16,0,0
V7E009,1880013,43,seeker,full,1,1,0,0
V7E009,1880013,43,hider,full,0,1,0,0
V7E009,1880013,43,seeker,no_block,1,1,0,0
V7E009,1880013,43,hider,no_block,0,1,0,0
V7E009,1880013,43,seeker,no_ramp,1,1,0,0
V7E009,1880013,43,hider,no_ramp,0,1,0,0
V7E009,1880013,43,seeker,no_objects,1,1,0,0
V7E009,1880013,43,hider,no_objects,0,1,0,0
V7E009,1880014,43,seeker,full,1,17,0,1
V7E009,1880014,43,hider,full,1,100,0,0
V7E009,1880014,43,seeker,no_block,1,10,0,0
V7E009,1880014,43,hider,no_block,1,100,0,0
V7E009,1880014,43,seeker,no_ramp,1,22,2,0
V7E009,1880014,43,hider,no_ramp,1,100,0,0
V7E009,1880014,43,seeker,no_objects,1,10,0,0
V7E009,1880014,43,hider,no_objects,1,100,0,0
V7E009,1880015,43,seeker,full,0,100,0,0
V7E009,1880015,43,hider,full,1,100,1,0
V7E009,1880015,43,seeker,no_block,1,3,0,0
V7E009,1880015,43,hider,no_block,0,3,0,0
V7E009,1880015,43,seeker,no_ramp,0,100,0,0
V7E009,1880015,43,hider,no_ramp,1,100,1,0
V7E009,1880015,43,seeker,no_objects,1,3,0,0
V7E009,1880015,43,hider,no_objects,0,3,0,0
V7E009,1880016,43,seeker,full,1,20,0,0
V7E009,1880016,43,hider,full,1,100,0,0
V7E009,1880016,43,seeker,no_block,1,20,0,0
V7E009,1880016,43,hider,no_block,1,100,0,0
V7E009,1880016,43,seeker,no_ramp,1,20,0,0
V7E009,1880016,43,hider,no_ramp,1,100,0,0
V7E009,1880016,43,seeker,no_objects,1,20,0,0
V7E009,1880016,43,hider,no_objects,1,100,0,0
V7E009,1880017,43,seeker,full,1,24,0,0
V7E009,1880017,43,hider,full,0,22,0,0
V7E009,1880017,43,seeker,no_block,1,24,0,0
V7E009,1880017,43,hider,no_block,0,22,0,0
V7E009,1880017,43,seeker,no_ramp,1,24,0,0
V7E009,1880017,43,hider,no_ramp,0,22,0,0
V7E009,1880017,43,seeker,no_objects,1,24,0,0
V7E009,1880017,43,hider,no_objects,0,22,0,0
V7E009,1880018,43,seeker,full,1,28,4,1
V7E009,1880018,43,hider,full,1,100,0,0
V7E009,1880018,43,seeker,no_block,1,26,0,1
V7E009,1880018,43,hider,no_block,1,100,0,0
V7E009,1880018,43,seeker,no_ramp,0,100,4,0
V7E009,1880018,43,hider,no_ramp,1,100,0,0
V7E009,1880018,43,seeker,no_objects,1,29,0,0
V7E009,1880018,43,hider,no_objects,1,100,0,0
V7E009,1880019,43,seeker,full,1,22,0,0
V7E009,1880019,43,hider,full,0,21,0,0
V7E009,1880019,43,seeker,no_block,1,22,0,0
V7E009,1880019,43,hider,no_block,0,21,0,0
V7E009,1880019,43,seeker,no_ramp,1,22,0,0
V7E009,1880019,43,hider,no_ramp,0,21,0,0
V7E009,1880019,43,seeker,no_objects,1,22,0,0
V7E009,1880019,43,hider,no_objects,0,21,0,0
V7E009,1880020,43,seeker,full,1,12,0,0
V7E009,1880020,43,hider,full,1,100,0,0
V7E009,1880020,43,seeker,no_block,1,12,0,0
V7E009,1880020,43,hider,no_block,1,100,0,0
V7E009,1880020,43,seeker,no_ramp,1,12,0,0
V7E009,1880020,43,hider,no_ramp,1,100,0,0
V7E009,1880020,43,seeker,no_objects,1,12,0,0
V7E009,1880020,43,hider,no_objects,1,100,0,0
V7E009,1880021,43,seeker,full,1,18,2,0
V7E009,1880021,43,hider,full,1,100,0,0
V7E009,1880021,43,seeker,no_block,1,12,0,0
V7E009,1880021,43,hider,no_block,1,100,0,0
V7E009,1880021,43,seeker,no_ramp,1,18,2,0
V7E009,1880021,43,hider,no_ramp,1,100,0,0
V7E009,1880021,43,seeker,no_objects,1,12,0,0
V7E009,1880021,43,hider,no_objects,1,100,0,0
V7E009,1880022,43,seeker,full,1,5,2,0
V7E009,1880022,43,hider,full,0,5,0,0
V7E009,1880022,43,seeker,no_block,1,5,0,0
V7E009,1880022,43,hider,no_block,0,5,0,0
V7E009,1880022,43,seeker,no_ramp,1,5,2,0
V7E009,1880022,43,hider,no_ramp,0,5,0,0
V7E009,1880022,43,seeker,no_objects,1,5,0,0
V7E009,1880022,43,hider,no_objects,0,5,0,0
V7E009,1880023,43,seeker,full,1,23,2,0
V7E009,1880023,43,hider,full,0,23,0,0
V7E009,1880023,43,seeker,no_block,1,23,0,0
V7E009,1880023,43,hider,no_block,0,23,0,0
V7E009,1880023,43,seeker,no_ramp,1,23,2,0
V7E009,1880023,43,hider,no_ramp,0,23,0,0
V7E009,1880023,43,seeker,no_objects,1,23,0,0
V7E009,1880023,43,hider,no_objects,0,23,0,0
V7E009,1880024,43,seeker,full,1,27,0,0
V7E009,1880024,43,hider,full,0,23,0,0
V7E009,1880024,43,seeker,no_block,1,27,0,0
V7E009,1880024,43,hider,no_block,0,23,0,0
V7E009,1880024,43,seeker,no_ramp,1,27,0,0
V7E009,1880024,43,hider,no_ramp,0,23,0,0
V7E009,1880024,43,seeker,no_objects,1,27,0,0
V7E009,1880024,43,hider,no_objects,0,23,0,0
V7E009,1880025,43,seeker,full,1,1,0,0
V7E009,1880025,43,hider,full,0,1,0,0
V7E009,1880025,43,seeker,no_block,1,1,0,0
V7E009,1880025,43,hider,no_block,0,1,0,0
V7E009,1880025,43,seeker,no_ramp,1,1,0,0
V7E009,1880025,43,hider,no_ramp,0,1,0,0
V7E009,1880025,43,seeker,no_objects,1,1,0,0
V7E009,1880025,43,hider,no_objects,0,1,0,0
V7E009,1880026,43,seeker,full,1,28,4,0
V7E009,1880026,43,hider,full,1,100,0,0
V7E009,1880026,43,seeker,no_block,1,30,0,0
V7E009,1880026,43,hider,no_block,1,100,0,0
V7E009,1880026,43,seeker,no_ramp,1,28,4,0
V7E009,1880026,43,hider,no_ramp,1,100,0,0
V7E009,1880026,43,seeker,no_objects,1,30,0,0
V7E009,1880026,43,hider,no_objects,1,100,0,0
V7E009,1880027,43,seeker,full,1,16,0,1
V7E009,1880027,43,hider,full,1,100,0,0
V7E009,1880027,43,seeker,no_block,1,9,0,0
V7E009,1880027,43,hider,no_block,1,100,0,0
V7E009,1880027,43,seeker,no_ramp,1,23,2,0
V7E009,1880027,43,hider,no_ramp,1,100,0,0
V7E009,1880027,43,seeker,no_objects,1,9,0,0
V7E009,1880027,43,hider,no_objects,1,100,0,0
V7E009,1880028,43,seeker,full,1,3,0,0
V7E009,1880028,43,hider,full,0,3,0,0
V7E009,1880028,43,seeker,no_block,1,3,0,0
V7E009,1880028,43,hider,no_block,0,3,0,0
V7E009,1880028,43,seeker,no_ramp,1,3,0,0
V7E009,1880028,43,hider,no_ramp,0,3,0,0
V7E009,1880028,43,seeker,no_objects,1,3,0,0
V7E009,1880028,43,hider,no_objects,0,3,0,0
V7E009,1880029,43,seeker,full,1,22,1,1
V7E009,1880029,43,hider,full,1,100,0,0
V7E009,1880029,43,seeker,no_block,1,22,0,1
V7E009,1880029,43,hider,no_block,1,100,0,0
V7E009,1880029,43,seeker,no_ramp,0,100,4,0
V7E009,1880029,43,hider,no_ramp,1,100,0,0
V7E009,1880029,43,seeker,no_objects,1,27,0,0
V7E009,1880029,43,hider,no_objects,1,100,0,0
V7E009,1880030,43,seeker,full,1,5,2,0
V7E009,1880030,43,hider,full,1,100,0,0
V7E009,1880030,43,seeker,no_block,1,5,0,0
V7E009,1880030,43,hider,no_block,1,100,0,0
V7E009,1880030,43,seeker,no_ramp,1,5,2,0
V7E009,1880030,43,hider,no_ramp,1,100,0,0
V7E009,1880030,43,seeker,no_objects,1,5,0,0
V7E009,1880030,43,hider,no_objects,1,100,0,0
V7E009,1880031,43,seeker,full,1,10,0,0
V7E009,1880031,43,hider,full,0,8,0,1
V7E009,1880031,43,seeker,no_block,1,10,0,0
V7E009,1880031,43,hider,no_block,0,8,0,1
V7E009,1880031,43,seeker,no_ramp,1,23,2,0
V7E009,1880031,43,hider,no_ramp,0,22,0,0
V7E009,1880031,43,seeker,no_objects,1,23,0,0
V7E009,1880031,43,hider,no_objects,0,20,0,0
V7E009,1880032,43,seeker,full,0,100,4,0
V7E009,1880032,43,hider,full,1,100,0,0
V7E009,1880032,43,seeker,no_block,1,25,0,0
V7E009,1880032,43,hider,no_block,1,100,0,0
V7E009,1880032,43,seeker,no_ramp,0,100,4,0
V7E009,1880032,43,hider,no_ramp,1,100,0,0
V7E009,1880032,43,seeker,no_objects,1,25,0,0
V7E009,1880032,43,hider,no_objects,1,100,0,0
V7E009,1880033,43,seeker,full,1,25,2,1
V7E009,1880033,43,hider,full,1,100,0,0
V7E009,1880033,43,seeker,no_block,1,25,0,1
V7E009,1880033,43,hider,no_block,1,100,0,0
V7E009,1880033,43,seeker,no_ramp,0,100,4,0
V7E009,1880033,43,hider,no_ramp,1,100,0,0
V7E009,1880033,43,seeker,no_objects,1,28,0,0
V7E009,1880033,43,hider,no_objects,1,100,0,0
V7E009,1880034,43,seeker,full,1,5,0,0
V7E009,1880034,43,hider,full,1,100,0,0
V7E009,1880034,43,seeker,no_block,1,5,0,0
V7E009,1880034,43,hider,no_block,1,100,0,0
V7E009,1880034,43,seeker,no_ramp,1,5,0,0
V7E009,1880034,43,hider,no_ramp,1,100,0,0
V7E009,1880034,43,seeker,no_objects,1,5,0,0
V7E009,1880034,43,hider,no_objects,1,100,0,0
V7E009,1880035,43,seeker,full,1,2,0,0
V7E009,1880035,43,hider,full,1,100,0,0
V7E009,1880035,43,seeker,no_block,1,2,0,0
V7E009,1880035,43,hider,no_block,1,100,0,0
V7E009,1880035,43,seeker,no_ramp,1,2,0,0
V7E009,1880035,43,hider,no_ramp,1,100,0,0
V7E009,1880035,43,seeker,no_objects,1,2,0,0
V7E009,1880035,43,hider,no_objects,1,100,0,0
V7E009,1880036,43,seeker,full,1,14,0,0
V7E009,1880036,43,hider,full,1,100,0,0
V7E009,1880036,43,seeker,no_block,1,14,0,0
V7E009,1880036,43,hider,no_block,1,100,0,0
V7E009,1880036,43,seeker,no_ramp,1,14,0,0
V7E009,1880036,43,hider,no_ramp,1,100,0,0
V7E009,1880036,43,seeker,no_objects,1,14,0,0
V7E009,1880036,43,hider,no_objects,1,100,0,0
V7E009,1880037,43,seeker,full,1,22,0,0
V7E009,1880037,43,hider,full,0,20,0,0
V7E009,1880037,43,seeker,no_block,1,22,0,0
V7E009,1880037,43,hider,no_block,0,19,0,0
V7E009,1880037,43,seeker,no_ramp,1,22,0,0
V7E009,1880037,43,hider,no_ramp,0,19,0,0
V7E009,1880037,43,seeker,no_objects,1,22,0,0
V7E009,1880037,43,hider,no_objects,0,19,0,0
V7E009,1880038,43,seeker,full,1,3,0,0
V7E009,1880038,43,hider,full,1,100,0,0
V7E009,1880038,43,seeker,no_block,1,3,0,0
V7E009,1880038,43,hider,no_block,1,100,0,0
V7E009,1880038,43,seeker,no_ramp,1,3,0,0
V7E009,1880038,43,hider,no_ramp,1,100,0,0
V7E009,1880038,43,seeker,no_objects,1,3,0,0
V7E009,1880038,43,hider,no_objects,1,100,0,0
V7E009,1880039,43,seeker,full,1,8,2,0
V7E009,1880039,43,hider,full,1,100,0,0
V7E009,1880039,43,seeker,no_block,1,8,0,0
V7E009,1880039,43,hider,no_block,1,100,0,0
V7E009,1880039,43,seeker,no_ramp,1,8,2,0
V7E009,1880039,43,hider,no_ramp,1,100,0,0
V7E009,1880039,43,seeker,no_objects,1,8,0,0
V7E009,1880039,43,hider,no_objects,1,100,0,0
V7E009,1880040,43,seeker,full,1,24,1,1
V7E009,1880040,43,hider,full,1,100,0,0
V7E009,1880040,43,seeker,no_block,1,24,0,1
V7E009,1880040,43,hider,no_block,1,100,0,0
V7E009,1880040,43,seeker,no_ramp,0,100,4,0
V7E009,1880040,43,hider,no_ramp,1,100,0,0
V7E009,1880040,43,seeker,no_objects,1,29,0,0
V7E009,1880040,43,hider,no_objects,1,100,0,0
V7E009,1880041,43,seeker,full,1,7,0,0
V7E009,1880041,43,hider,full,1,100,0,0
V7E009,1880041,43,seeker,no_block,1,7,0,0
V7E009,1880041,43,hider,no_block,1,100,0,0
V7E009,1880041,43,seeker,no_ramp,1,7,0,0
V7E009,1880041,43,hider,no_ramp,1,100,0,0
V7E009,1880041,43,seeker,no_objects,1,7,0,0
V7E009,1880041,43,hider,no_objects,1,100,0,0
V7E009,1880042,43,seeker,full,1,1,0,0
V7E009,1880042,43,hider,full,0,1,0,0
V7E009,1880042,43,seeker,no_block,1,1,0,0
V7E009,1880042,43,hider,no_block,0,1,0,0
V7E009,1880042,43,seeker,no_ramp,1,1,0,0
V7E009,1880042,43,hider,no_ramp,0,1,0,0
V7E009,1880042,43,seeker,no_objects,1,1,0,0
V7E009,1880042,43,hider,no_objects,0,1,0,0
V7E009,1880043,43,seeker,full,1,23,1,1
V7E009,1880043,43,hider,full,1,100,0,0
V7E009,1880043,43,seeker,no_block,1,23,0,1
V7E009,1880043,43,hider,no_block,1,100,0,0
V7E009,1880043,43,seeker,no_ramp,0,100,4,0
V7E009,1880043,43,hider,no_ramp,1,100,0,0
V7E009,1880043,43,seeker,no_objects,1,28,0,0
V7E009,1880043,43,hider,no_objects,1,100,0,0
V7E009,1880044,43,seeker,full,1,11,0,1
V7E009,1880044,43,hider,full,1,100,0,1
V7E009,1880044,43,seeker,no_block,1,11,0,1
V7E009,1880044,43,hider,no_block,1,100,0,1
V7E009,1880044,43,seeker,no_ramp,1,5,0,0
V7E009,1880044,43,hider,no_ramp,0,4,0,0
V7E009,1880044,43,seeker,no_objects,1,5,0,0
V7E009,1880044,43,hider,no_objects,0,4,0,0
V7E009,1880045,43,seeker,full,1,44,4,1
V7E009,1880045,43,hider,full,1,100,0,0
V7E009,1880045,43,seeker,no_block,1,36,0,1
V7E009,1880045,43,hider,no_block,1,100,0,0
V7E009,1880045,43,seeker,no_ramp,0,100,4,0
V7E009,1880045,43,hider,no_ramp,1,100,0,0
V7E009,1880045,43,seeker,no_objects,0,100,0,0
V7E009,1880045,43,hider,no_objects,1,100,0,0
V7E009,1880046,43,seeker,full,0,100,4,0
V7E009,1880046,43,hider,full,1,100,0,0
V7E009,1880046,43,seeker,no_block,1,26,0,0
V7E009,1880046,43,hider,no_block,1,100,0,0
V7E009,1880046,43,seeker,no_ramp,0,100,4,0
V7E009,1880046,43,hider,no_ramp,1,100,0,0
V7E009,1880046,43,seeker,no_objects,1,26,0,0
V7E009,1880046,43,hider,no_objects,1,100,0,0
V7E009,1880047,43,seeker,full,1,4,0,0
V7E009,1880047,43,hider,full,1,100,0,0
V7E009,1880047,43,seeker,no_block,1,4,0,0
V7E009,1880047,43,hider,no_block,1,100,0,0
V7E009,1880047,43,seeker,no_ramp,1,4,0,0
V7E009,1880047,43,hider,no_ramp,1,100,0,0
V7E009,1880047,43,seeker,no_objects,1,4,0,0
V7E009,1880047,43,hider,no_objects,1,100,0,0
V7E009,1880048,43,seeker,full,1,24,2,1
V7E009,1880048,43,hider,full,1,100,0,0
V7E009,1880048,43,seeker,no_block,1,24,0,1
V7E009,1880048,43,hider,no_block,1,100,0,0
V7E009,1880048,43,seeker,no_ramp,0,100,4,0
V7E009,1880048,43,hider,no_ramp,1,100,0,0
V7E009,1880048,43,seeker,no_objects,1,27,0,0
V7E009,1880048,43,hider,no_objects,1,100,0,0
V7E009,1880049,43,seeker,full,1,2,1,0
V7E009,1880049,43,hider,full,0,2,1,0
V7E009,1880049,43,seeker,no_block,1,2,0,0
V7E009,1880049,43,hider,no_block,0,2,0,0
V7E009,1880049,43,seeker,no_ramp,1,2,1,0
V7E009,1880049,43,hider,no_ramp,0,2,1,0
V7E009,1880049,43,seeker,no_objects,1,2,0,0
V7E009,1880049,43,hider,no_objects,0,2,0,0
V7E009,1880050,43,seeker,full,1,3,0,0
V7E009,1880050,43,hider,full,1,100,0,0
V7E009,1880050,43,seeker,no_block,1,3,0,0
V7E009,1880050,43,hider,no_block,1,100,0,0
V7E009,1880050,43,seeker,no_ramp,1,3,0,0
V7E009,1880050,43,hider,no_ramp,1,100,0,0
V7E009,1880050,43,seeker,no_objects,1,3,0,0
V7E009,1880050,43,hider,no_objects,1,100,0,0
V7E009,1880051,43,seeker,full,1,1,0,0
V7E009,1880051,43,hider,full,0,1,0,0
V7E009,1880051,43,seeker,no_block,1,1,0,0
V7E009,1880051,43,hider,no_block,0,1,0,0
V7E009,1880051,43,seeker,no_ramp,1,1,0,0
V7E009,1880051,43,hider,no_ramp,0,1,0,0
V7E009,1880051,43,seeker,no_objects,1,1,0,0
V7E009,1880051,43,hider,no_objects,0,1,0,0
V7E009,1880052,43,seeker,full,0,100,4,0
V7E009,1880052,43,hider,full,1,100,0,0
V7E009,1880052,43,seeker,no_block,1,25,0,0
V7E009,1880052,43,hider,no_block,1,100,0,0
V7E009,1880052,43,seeker,no_ramp,0,100,4,0
V7E009,1880052,43,hider,no_ramp,1,100,0,0
V7E009,1880052,43,seeker,no_objects,1,25,0,0
V7E009,1880052,43,hider,no_objects,1,100,0,0
V7E009,1880053,43,seeker,full,1,19,2,0
V7E009,1880053,43,hider,full,0,17,4,0
V7E009,1880053,43,seeker,no_block,1,19,0,0
V7E009,1880053,43,hider,no_block,0,17,0,0
V7E009,1880053,43,seeker,no_ramp,1,19,2,0
V7E009,1880053,43,hider,no_ramp,0,17,4,0
V7E009,1880053,43,seeker,no_objects,1,19,0,0
V7E009,1880053,43,hider,no_objects,0,17,0,0
V7E009,1880054,43,seeker,full,1,7,0,0
V7E009,1880054,43,hider,full,1,100,0,0
V7E009,1880054,43,seeker,no_block,1,7,0,0
V7E009,1880054,43,hider,no_block,1,100,0,0
V7E009,1880054,43,seeker,no_ramp,1,7,0,0
V7E009,1880054,43,hider,no_ramp,1,100,0,0
V7E009,1880054,43,seeker,no_objects,1,7,0,0
V7E009,1880054,43,hider,no_objects,1,100,0,0
V7E009,1880055,43,seeker,full,1,27,4,0
V7E009,1880055,43,hider,full,0,26,0,0
V7E009,1880055,43,seeker,no_block,1,29,0,0
V7E009,1880055,43,hider,no_block,0,28,0,0
V7E009,1880055,43,seeker,no_ramp,1,27,4,0
V7E009,1880055,43,hider,no_ramp,0,26,0,0
V7E009,1880055,43,seeker,no_objects,1,29,0,0
V7E009,1880055,43,hider,no_objects,0,28,0,0
V7E009,1880056,43,seeker,full,1,1,0,0
V7E009,1880056,43,hider,full,0,1,0,0
V7E009,1880056,43,seeker,no_block,1,1,0,0
V7E009,1880056,43,hider,no_block,0,1,0,0
V7E009,1880056,43,seeker,no_ramp,1,1,0,0
V7E009,1880056,43,hider,no_ramp,0,1,0,0
V7E009,1880056,43,seeker,no_objects,1,1,0,0
V7E009,1880056,43,hider,no_objects,0,1,0,0
V7E009,1880057,43,seeker,full,1,19,0,0
V7E009,1880057,43,hider,full,0,17,0,0
V7E009,1880057,43,seeker,no_block,1,19,0,0
V7E009,1880057,43,hider,no_block,0,17,0,0
V7E009,1880057,43,seeker,no_ramp,1,19,0,0
V7E009,1880057,43,hider,no_ramp,0,17,0,0
V7E009,1880057,43,seeker,no_objects,1,19,0,0
V7E009,1880057,43,hider,no_objects,0,17,0,0
V7E009,1880058,43,seeker,full,1,26,4,0
V7E009,1880058,43,hider,full,1,100,0,0
V7E009,1880058,43,seeker,no_block,1,23,0,1
V7E009,1880058,43,hider,no_block,1,100,0,0
V7E009,1880058,43,seeker,no_ramp,1,26,4,0
V7E009,1880058,43,hider,no_ramp,1,100,0,0
V7E009,1880058,43,seeker,no_objects,1,28,0,0
V7E009,1880058,43,hider,no_objects,1,100,0,0
V7E009,1880059,43,seeker,full,1,2,0,0
V7E009,1880059,43,hider,full,0,1,0,0
V7E009,1880059,43,seeker,no_block,1,2,0,0
V7E009,1880059,43,hider,no_block,0,1,0,0
V7E009,1880059,43,seeker,no_ramp,1,2,0,0
V7E009,1880059,43,hider,no_ramp,0,1,0,0
V7E009,1880059,43,seeker,no_objects,1,2,0,0
V7E009,1880059,43,hider,no_objects,0,1,0,0
V7E009,1880060,43,seeker,full,1,7,0,0
V7E009,1880060,43,hider,full,0,5,0,0
V7E009,1880060,43,seeker,no_block,1,7,0,0
V7E009,1880060,43,hider,no_block,0,5,0,0
V7E009,1880060,43,seeker,no_ramp,1,7,0,0
V7E009,1880060,43,hider,no_ramp,0,5,0,0
V7E009,1880060,43,seeker,no_objects,1,7,0,0
V7E009,1880060,43,hider,no_objects,0,5,0,0
V7E009,1880061,43,seeker,full,0,100,4,1
V7E009,1880061,43,hider,full,1,100,0,0
V7E009,1880061,43,seeker,no_block,0,100,0,1
V7E009,1880061,43,hider,no_block,1,100,0,0
V7E009,1880061,43,seeker,no_ramp,1,36,4,0
V7E009,1880061,43,hider,no_ramp,1,100,0,0
V7E009,1880061,43,seeker,no_objects,0,100,0,0
V7E009,1880061,43,hider,no_objects,1,100,0,0
V7E009,1880062,43,seeker,full,1,11,2,0
V7E009,1880062,43,hider,full,1,100,0,0
V7E009,1880062,43,seeker,no_block,1,5,0,0
V7E009,1880062,43,hider,no_block,1,100,0,0
V7E009,1880062,43,seeker,no_ramp,1,11,2,0
V7E009,1880062,43,hider,no_ramp,1,100,0,0
V7E009,1880062,43,seeker,no_objects,1,5,0,0
V7E009,1880062,43,hider,no_objects,1,100,0,0
V7E009,1880063,43,seeker,full,1,5,2,0
V7E009,1880063,43,hider,full,0,5,0,0
V7E009,1880063,43,seeker,no_block,1,5,0,0
V7E009,1880063,43,hider,no_block,0,5,0,0
V7E009,1880063,43,seeker,no_ramp,1,5,2,0
V7E009,1880063,43,hider,no_ramp,0,5,0,0
V7E009,1880063,43,seeker,no_objects,1,5,0,0
V7E009,1880063,43,hider,no_objects,0,5,0,0
V7E009,1880064,43,seeker,full,1,2,0,0
V7E009,1880064,43,hider,full,1,100,0,0
V7E009,1880064,43,seeker,no_block,1,2,0,0
V7E009,1880064,43,hider,no_block,1,100,0,0
V7E009,1880064,43,seeker,no_ramp,1,2,0,0
V7E009,1880064,43,hider,no_ramp,1,100,0,0
V7E009,1880064,43,seeker,no_objects,1,2,0,0
V7E009,1880064,43,hider,no_objects,1,100,0,0
V7E009,1880065,43,seeker,full,1,28,4,1
V7E009,1880065,43,hider,full,1,100,0,0
V7E009,1880065,43,seeker,no_block,1,20,0,1
V7E009,1880065,43,hider,no_block,1,100,0,0
V7E009,1880065,43,seeker,no_ramp,1,29,4,0
V7E009,1880065,43,hider,no_ramp,1,100,0,0
V7E009,1880065,43,seeker,no_objects,1,31,0,0
V7E009,1880065,43,hider,no_objects,1,100,0,0
V7E009,1880066,43,seeker,full,1,6,0,0
V7E009,1880066,43,hider,full,1,100,0,0
V7E009,1880066,43,seeker,no_block,1,6,0,0
V7E009,1880066,43,hider,no_block,1,100,0,0
V7E009,1880066,43,seeker,no_ramp,1,6,0,0
V7E009,1880066,43,hider,no_ramp,1,100,0,0
V7E009,1880066,43,seeker,no_objects,1,6,0,0
V7E009,1880066,43,hider,no_objects,1,100,0,0
V7E009,1880067,43,seeker,full,1,23,0,0
V7E009,1880067,43,hider,full,0,21,0,0
V7E009,1880067,43,seeker,no_block,1,23,0,0
V7E009,1880067,43,hider,no_block,0,21,0,0
V7E009,1880067,43,seeker,no_ramp,1,23,0,0
V7E009,1880067,43,hider,no_ramp,0,21,0,0
V7E009,1880067,43,seeker,no_objects,1,23,0,0
V7E009,1880067,43,hider,no_objects,0,21,0,0
V7E009,1880068,43,seeker,full,1,4,0,0
V7E009,1880068,43,hider,full,0,3,0,0
V7E009,1880068,43,seeker,no_block,1,4,0,0
V7E009,1880068,43,hider,no_block,0,3,0,0
V7E009,1880068,43,seeker,no_ramp,1,4,0,0
V7E009,1880068,43,hider,no_ramp,0,3,0,0
V7E009,1880068,43,seeker,no_objects,1,4,0,0
V7E009,1880068,43,hider,no_objects,0,3,0,0
V7E009,1880069,43,seeker,full,1,21,2,0
V7E009,1880069,43,hider,full,0,21,0,0
V7E009,1880069,43,seeker,no_block,1,21,0,0
V7E009,1880069,43,hider,no_block,0,21,0,0
V7E009,1880069,43,seeker,no_ramp,1,21,2,0
V7E009,1880069,43,hider,no_ramp,0,21,0,0
V7E009,1880069,43,seeker,no_objects,1,21,0,0
V7E009,1880069,43,hider,no_objects,0,21,0,0
V7E009,1880070,43,seeker,full,1,3,0,0
V7E009,1880070,43,hider,full,0,2,0,0
V7E009,1880070,43,seeker,no_block,1,3,0,0
V7E009,1880070,43,hider,no_block,0,2,0,0
V7E009,1880070,43,seeker,no_ramp,1,3,0,0
V7E009,1880070,43,hider,no_ramp,0,2,0,0
V7E009,1880070,43,seeker,no_objects,1,3,0,0
V7E009,1880070,43,hider,no_objects,0,2,0,0
V7E009,1880071,43,seeker,full,1,37,4,1
V7E009,1880071,43,hider,full,1,100,0,0
V7E009,1880071,43,seeker,no_block,1,29,0,1
V7E009,1880071,43,hider,no_block,1,100,0,0
V7E009,1880071,43,seeker,no_ramp,1,34,4,0
V7E009,1880071,43,hider,no_ramp,1,100,0,0
V7E009,1880071,43,seeker,no_objects,1,36,0,0
V7E009,1880071,43,hider,no_objects,1,100,0,0
V7E009,1880072,43,seeker,full,1,2,0,0
V7E009,1880072,43,hider,full,1,100,0,0
V7E009,1880072,43,seeker,no_block,1,2,0,0
V7E009,1880072,43,hider,no_block,1,100,0,0
V7E009,1880072,43,seeker,no_ramp,1,2,0,0
V7E009,1880072,43,hider,no_ramp,1,100,0,0
V7E009,1880072,43,seeker,no_objects,1,2,0,0
V7E009,1880072,43,hider,no_objects,1,100,0,0
V7E009,1880073,43,seeker,full,1,20,3,1
V7E009,1880073,43,hider,full,0,15,0,1
V7E009,1880073,43,seeker,no_block,1,14,0,1
V7E009,1880073,43,hider,no_block,0,15,0,1
V7E009,1880073,43,seeker,no_ramp,1,4,2,0
V7E009,1880073,43,hider,no_ramp,0,2,0,0
V7E009,1880073,43,seeker,no_objects,1,4,0,0
V7E009,1880073,43,hider,no_objects,0,2,0,0
V7E009,1880074,43,seeker,full,1,21,2,0
V7E009,1880074,43,hider,full,1,100,0,0
V7E009,1880074,43,seeker,no_block,1,9,0,0
V7E009,1880074,43,hider,no_block,1,100,0,0
V7E009,1880074,43,seeker,no_ramp,1,21,2,0
V7E009,1880074,43,hider,no_ramp,1,100,0,0
V7E009,1880074,43,seeker,no_objects,1,9,0,0
V7E009,1880074,43,hider,no_objects,1,100,0,0
V7E009,1880075,43,seeker,full,1,12,0,0
V7E009,1880075,43,hider,full,1,100,0,0
V7E009,1880075,43,seeker,no_block,1,12,0,0
V7E009,1880075,43,hider,no_block,1,100,0,0
V7E009,1880075,43,seeker,no_ramp,1,12,0,0
V7E009,1880075,43,hider,no_ramp,1,100,0,0
V7E009,1880075,43,seeker,no_objects,1,12,0,0
V7E009,1880075,43,hider,no_objects,1,100,0,0
V7E009,1880076,43,seeker,full,1,7,0,0
V7E009,1880076,43,hider,full,0,6,4,0
V7E009,1880076,43,seeker,no_block,1,8,0,0
V7E009,1880076,43,hider,no_block,0,7,0,0
V7E009,1880076,43,seeker,no_ramp,1,7,0,0
V7E009,1880076,43,hider,no_ramp,0,6,4,0
V7E009,1880076,43,seeker,no_objects,1,8,0,0
V7E009,1880076,43,hider,no_objects,0,7,0,0
V7E009,1880077,43,seeker,full,1,5,0,0
V7E009,1880077,43,hider,full,0,4,0,0
V7E009,1880077,43,seeker,no_block,1,5,0,0
V7E009,1880077,43,hider,no_block,0,4,0,0
V7E009,1880077,43,seeker,no_ramp,1,5,0,0
V7E009,1880077,43,hider,no_ramp,0,4,0,0
V7E009,1880077,43,seeker,no_objects,1,5,0,0
V7E009,1880077,43,hider,no_objects,0,4,0,0
V7E009,1880078,43,seeker,full,1,20,0,0
V7E009,1880078,43,hider,full,0,16,0,0
V7E009,1880078,43,seeker,no_block,1,20,0,0
V7E009,1880078,43,hider,no_block,0,16,0,0
V7E009,1880078,43,seeker,no_ramp,1,20,0,0
V7E009,1880078,43,hider,no_ramp,0,16,0,0
V7E009,1880078,43,seeker,no_objects,1,20,0,0
V7E009,1880078,43,hider,no_objects,0,16,0,0
V7E009,1880079,43,seeker,full,1,8,2,0
V7E009,1880079,43,hider,full,1,100,1,0
V7E009,1880079,43,seeker,no_block,1,8,0,0
V7E009,1880079,43,hider,no_block,0,5,0,0
V7E009,1880079,43,seeker,no_ramp,1,8,2,0
V7E009,1880079,43,hider,no_ramp,1,100,1,0
V7E009,1880079,43,seeker,no_objects,1,8,0,0
V7E009,1880079,43,hider,no_objects,0,5,0,0
V7E009,1880080,43,seeker,full,1,47,4,1
V7E009,1880080,43,hider,full,1,100,0,0
V7E009,1880080,43,seeker,no_block,1,37,0,1
V7E009,1880080,43,hider,no_block,1,100,0,0
V7E009,1880080,43,seeker,no_ramp,0,100,4,0
V7E009,1880080,43,hider,no_ramp,1,100,0,0
V7E009,1880080,43,seeker,no_objects,0,100,0,0
V7E009,1880080,43,hider,no_objects,1,100,0,0
V7E009,1880081,43,seeker,full,1,11,0,0
V7E009,1880081,43,hider,full,0,7,0,0
V7E009,1880081,43,seeker,no_block,1,11,0,0
V7E009,1880081,43,hider,no_block,0,7,0,0
V7E009,1880081,43,seeker,no_ramp,1,11,0,0
V7E009,1880081,43,hider,no_ramp,0,7,0,0
V7E009,1880081,43,seeker,no_objects,1,11,0,0
V7E009,1880081,43,hider,no_objects,0,7,0,0
V7E009,1880082,43,seeker,full,1,2,0,0
V7E009,1880082,43,hider,full,0,2,0,0
V7E009,1880082,43,seeker,no_block,1,2,0,0
V7E009,1880082,43,hider,no_block,0,2,0,0
V7E009,1880082,43,seeker,no_ramp,1,2,0,0
V7E009,1880082,43,hider,no_ramp,0,2,0,0
V7E009,1880082,43,seeker,no_objects,1,2,0,0
V7E009,1880082,43,hider,no_objects,0,2,0,0
V7E009,1880083,43,seeker,full,1,27,2,1
V7E009,1880083,43,hider,full,1,100,0,0
V7E009,1880083,43,seeker,no_block,1,27,0,1
V7E009,1880083,43,hider,no_block,1,100,0,0
V7E009,1880083,43,seeker,no_ramp,0,100,4,0
V7E009,1880083,43,hider,no_ramp,1,100,0,0
V7E009,1880083,43,seeker,no_objects,1,30,0,0
V7E009,1880083,43,hider,no_objects,1,100,0,0
V7E009,1880084,43,seeker,full,1,10,0,0
V7E009,1880084,43,hider,full,1,100,0,0
V7E009,1880084,43,seeker,no_block,1,10,0,0
V7E009,1880084,43,hider,no_block,1,100,0,0
V7E009,1880084,43,seeker,no_ramp,1,10,0,0
V7E009,1880084,43,hider,no_ramp,1,100,0,0
V7E009,1880084,43,seeker,no_objects,1,10,0,0
V7E009,1880084,43,hider,no_objects,1,100,0,0
V7E009,1880085,43,seeker,full,1,14,2,0
V7E009,1880085,43,hider,full,1,100,0,0
V7E009,1880085,43,seeker,no_block,1,14,0,0
V7E009,1880085,43,hider,no_block,1,100,0,0
V7E009,1880085,43,seeker,no_ramp,1,14,2,0
V7E009,1880085,43,hider,no_ramp,1,100,0,0
V7E009,1880085,43,seeker,no_objects,1,14,0,0
V7E009,1880085,43,hider,no_objects,1,100,0,0
V7E009,1880086,43,seeker,full,1,22,2,0
V7E009,1880086,43,hider,full,1,100,0,0
V7E009,1880086,43,seeker,no_block,1,22,0,0
V7E009,1880086,43,hider,no_block,1,100,0,0
V7E009,1880086,43,seeker,no_ramp,1,22,2,0
V7E009,1880086,43,hider,no_ramp,1,100,0,0
V7E009,1880086,43,seeker,no_objects,1,22,0,0
V7E009,1880086,43,hider,no_objects,1,100,0,0
V7E009,1880087,43,seeker,full,1,1,0,0
V7E009,1880087,43,hider,full,0,1,0,0
V7E009,1880087,43,seeker,no_block,1,1,0,0
V7E009,1880087,43,hider,no_block,0,1,0,0
V7E009,1880087,43,seeker,no_ramp,1,1,0,0
V7E009,1880087,43,hider,no_ramp,0,1,0,0
V7E009,1880087,43,seeker,no_objects,1,1,0,0
V7E009,1880087,43,hider,no_objects,0,1,0,0
V7E009,1880088,43,seeker,full,1,4,2,0
V7E009,1880088,43,hider,full,1,100,0,0
V7E009,1880088,43,seeker,no_block,1,4,0,0
V7E009,1880088,43,hider,no_block,0,2,0,0
V7E009,1880088,43,seeker,no_ramp,1,4,2,0
V7E009,1880088,43,hider,no_ramp,1,100,0,0
V7E009,1880088,43,seeker,no_objects,1,4,0,0
V7E009,1880088,43,hider,no_objects,0,2,0,0
V7E009,1880089,43,seeker,full,1,6,0,0
V7E009,1880089,43,hider,full,1,100,0,0
V7E009,1880089,43,seeker,no_block,1,6,0,0
V7E009,1880089,43,hider,no_block,1,100,0,0
V7E009,1880089,43,seeker,no_ramp,1,6,0,0
V7E009,1880089,43,hider,no_ramp,1,100,0,0
V7E009,1880089,43,seeker,no_objects,1,6,0,0
V7E009,1880089,43,hider,no_objects,1,100,0,0
V7E009,1880090,43,seeker,full,1,3,0,0
V7E009,1880090,43,hider,full,0,3,0,0
V7E009,1880090,43,seeker,no_block,1,3,0,0
V7E009,1880090,43,hider,no_block,0,3,0,0
V7E009,1880090,43,seeker,no_ramp,1,3,0,0
V7E009,1880090,43,hider,no_ramp,0,3,0,0
V7E009,1880090,43,seeker,no_objects,1,3,0,0
V7E009,1880090,43,hider,no_objects,0,3,0,0
V7E009,1880091,43,seeker,full,1,15,0,0
V7E009,1880091,43,hider,full,1,100,0,0
V7E009,1880091,43,seeker,no_block,1,15,0,0
V7E009,1880091,43,hider,no_block,1,100,0,0
V7E009,1880091,43,seeker,no_ramp,1,15,0,0
V7E009,1880091,43,hider,no_ramp,1,100,0,0
V7E009,1880091,43,seeker,no_objects,1,15,0,0
V7E009,1880091,43,hider,no_objects,1,100,0,0
V7E009,1880092,43,seeker,full,1,8,0,0
V7E009,1880092,43,hider,full,0,3,0,1
V7E009,1880092,43,seeker,no_block,1,8,0,0
V7E009,1880092,43,hider,no_block,0,3,0,1
V7E009,1880092,43,seeker,no_ramp,1,9,2,0
V7E009,1880092,43,hider,no_ramp,0,8,0,0
V7E009,1880092,43,seeker,no_objects,1,9,0,0
V7E009,1880092,43,hider,no_objects,0,5,0,0
V7E009,1880093,43,seeker,full,1,3,0,0
V7E009,1880093,43,hider,full,0,2,0,0
V7E009,1880093,43,seeker,no_block,1,3,0,0
V7E009,1880093,43,hider,no_block,0,2,0,0
V7E009,1880093,43,seeker,no_ramp,1,3,0,0
V7E009,1880093,43,hider,no_ramp,0,2,0,0
V7E009,1880093,43,seeker,no_objects,1,3,0,0
V7E009,1880093,43,hider,no_objects,0,2,0,0
V7E009,1880094,43,seeker,full,1,1,0,0
V7E009,1880094,43,hider,full,0,1,0,0
V7E009,1880094,43,seeker,no_block,1,1,0,0
V7E009,1880094,43,hider,no_block,0,1,0,0
V7E009,1880094,43,seeker,no_ramp,1,1,0,0
V7E009,1880094,43,hider,no_ramp,0,1,0,0
V7E009,1880094,43,seeker,no_objects,1,1,0,0
V7E009,1880094,43,hider,no_objects,0,1,0,0
V7E009,1880095,43,seeker,full,1,20,0,0
V7E009,1880095,43,hider,full,0,19,4,0
V7E009,1880095,43,seeker,no_block,1,21,0,0
V7E009,1880095,43,hider,no_block,0,19,0,0
V7E009,1880095,43,seeker,no_ramp,1,20,0,0
V7E009,1880095,43,hider,no_ramp,0,19,4,0
V7E009,1880095,43,seeker,no_objects,1,21,0,0
V7E009,1880095,43,hider,no_objects,0,19,0,0
V7E009,1880096,43,seeker,full,0,100,4,0
V7E009,1880096,43,hider,full,1,100,0,0
V7E009,1880096,43,seeker,no_block,1,25,0,0
V7E009,1880096,43,hider,no_block,1,100,0,0
V7E009,1880096,43,seeker,no_ramp,0,100,4,0
V7E009,1880096,43,hider,no_ramp,1,100,0,0
V7E009,1880096,43,seeker,no_objects,1,25,0,0
V7E009,1880096,43,hider,no_objects,1,100,0,0
V7E009,1880097,43,seeker,full,1,5,2,0
V7E009,1880097,43,hider,full,0,4,1,0
V7E009,1880097,43,seeker,no_block,1,5,0,0
V7E009,1880097,43,hider,no_block,0,4,0,0
V7E009,1880097,43,seeker,no_ramp,1,5,2,0
V7E009,1880097,43,hider,no_ramp,0,4,1,0
V7E009,1880097,43,seeker,no_objects,1,5,0,0
V7E009,1880097,43,hider,no_objects,0,4,0,0
V7E009,1880098,43,seeker,full,1,7,0,0
V7E009,1880098,43,hider,full,0,6,0,0
V7E009,1880098,43,seeker,no_block,1,7,0,0
V7E009,1880098,43,hider,no_block,1,100,0,0
V7E009,1880098,43,seeker,no_ramp,1,7,0,0
V7E009,1880098,43,hider,no_ramp,1,100,0,0
V7E009,1880098,43,seeker,no_objects,1,7,0,0
V7E009,1880098,43,hider,no_objects,1,100,0,0
V7E009,1880099,43,seeker,full,1,10,0,1
V7E009,1880099,43,hider,full,1,100,0,1
V7E009,1880099,43,seeker,no_block,1,10,0,1
V7E009,1880099,43,hider,no_block,1,100,0,1
V7E009,1880099,43,seeker,no_ramp,1,4,0,0
V7E009,1880099,43,hider,no_ramp,0,3,0,0
V7E009,1880099,43,seeker,no_objects,1,4,0,0
V7E009,1880099,43,hider,no_objects,0,3,0,0
V7E010,1890000,43,seeker,full,1,41,3,0
V7E010,1890000,43,hider,full,1,100,0,0
V7E010,1890000,43,seeker,no_block,1,41,0,0
V7E010,1890000,43,hider,no_block,1,100,0,0
V7E010,1890000,43,seeker,no_ramp,1,41,3,0
V7E010,1890000,43,hider,no_ramp,1,100,0,0
V7E010,1890000,43,seeker,no_objects,1,41,0,0
V7E010,1890000,43,hider,no_objects,1,100,0,0
V7E010,1890001,43,seeker,full,1,8,0,0
V7E010,1890001,43,hider,full,0,7,0,0
V7E010,1890001,43,seeker,no_block,1,8,0,0
V7E010,1890001,43,hider,no_block,0,7,0,0
V7E010,1890001,43,seeker,no_ramp,1,8,0,0
V7E010,1890001,43,hider,no_ramp,0,7,0,0
V7E010,1890001,43,seeker,no_objects,1,8,0,0
V7E010,1890001,43,hider,no_objects,0,7,0,0
V7E010,1890002,43,seeker,full,1,25,0,0
V7E010,1890002,43,hider,full,0,15,0,0
V7E010,1890002,43,seeker,no_block,1,25,0,0
V7E010,1890002,43,hider,no_block,0,15,0,0
V7E010,1890002,43,seeker,no_ramp,1,25,0,0
V7E010,1890002,43,hider,no_ramp,0,15,0,0
V7E010,1890002,43,seeker,no_objects,1,25,0,0
V7E010,1890002,43,hider,no_objects,0,15,0,0
V7E010,1890003,43,seeker,full,1,6,0,0
V7E010,1890003,43,hider,full,0,5,0,0
V7E010,1890003,43,seeker,no_block,1,6,0,0
V7E010,1890003,43,hider,no_block,0,5,0,0
V7E010,1890003,43,seeker,no_ramp,1,6,0,0
V7E010,1890003,43,hider,no_ramp,0,5,0,0
V7E010,1890003,43,seeker,no_objects,1,6,0,0
V7E010,1890003,43,hider,no_objects,0,5,0,0
V7E010,1890004,43,seeker,full,1,49,8,0
V7E010,1890004,43,hider,full,0,48,0,0
V7E010,1890004,43,seeker,no_block,1,41,0,0
V7E010,1890004,43,hider,no_block,1,100,0,0
V7E010,1890004,43,seeker,no_ramp,1,41,8,0
V7E010,1890004,43,hider,no_ramp,0,44,0,0
V7E010,1890004,43,seeker,no_objects,1,41,0,0
V7E010,1890004,43,hider,no_objects,1,100,0,0
V7E010,1890005,43,seeker,full,1,33,2,0
V7E010,1890005,43,hider,full,1,100,0,0
V7E010,1890005,43,seeker,no_block,1,27,0,0
V7E010,1890005,43,hider,no_block,1,100,0,0
V7E010,1890005,43,seeker,no_ramp,1,33,2,0
V7E010,1890005,43,hider,no_ramp,1,100,0,0
V7E010,1890005,43,seeker,no_objects,1,27,0,0
V7E010,1890005,43,hider,no_objects,1,100,0,0
V7E010,1890006,43,seeker,full,1,9,0,1
V7E010,1890006,43,hider,full,0,8,0,0
V7E010,1890006,43,seeker,no_block,1,9,0,1
V7E010,1890006,43,hider,no_block,0,8,0,0
V7E010,1890006,43,seeker,no_ramp,1,5,0,0
V7E010,1890006,43,hider,no_ramp,0,5,0,0
V7E010,1890006,43,seeker,no_objects,1,5,0,0
V7E010,1890006,43,hider,no_objects,0,5,0,0
V7E010,1890007,43,seeker,full,1,24,0,0
V7E010,1890007,43,hider,full,0,9,0,0
V7E010,1890007,43,seeker,no_block,1,24,0,0
V7E010,1890007,43,hider,no_block,0,9,0,0
V7E010,1890007,43,seeker,no_ramp,1,24,0,0
V7E010,1890007,43,hider,no_ramp,0,9,0,0
V7E010,1890007,43,seeker,no_objects,1,24,0,0
V7E010,1890007,43,hider,no_objects,0,9,0,0
V7E010,1890008,43,seeker,full,1,9,0,0
V7E010,1890008,43,hider,full,0,8,0,0
V7E010,1890008,43,seeker,no_block,1,9,0,0
V7E010,1890008,43,hider,no_block,0,8,0,0
V7E010,1890008,43,seeker,no_ramp,1,9,0,0
V7E010,1890008,43,hider,no_ramp,0,8,0,0
V7E010,1890008,43,seeker,no_objects,1,9,0,0
V7E010,1890008,43,hider,no_objects,0,8,0,0
V7E010,1890009,43,seeker,full,0,100,2,0
V7E010,1890009,43,hider,full,0,36,0,0
V7E010,1890009,43,seeker,no_block,1,28,0,0
V7E010,1890009,43,hider,no_block,1,100,0,0
V7E010,1890009,43,seeker,no_ramp,0,100,2,0
V7E010,1890009,43,hider,no_ramp,0,36,0,0
V7E010,1890009,43,seeker,no_objects,1,28,0,0
V7E010,1890009,43,hider,no_objects,1,100,0,0
V7E010,1890010,43,seeker,full,0,100,1,0
V7E010,1890010,43,hider,full,0,32,0,0
V7E010,1890010,43,seeker,no_block,1,29,0,0
V7E010,1890010,43,hider,no_block,1,100,0,0
V7E010,1890010,43,seeker,no_ramp,0,100,1,0
V7E010,1890010,43,hider,no_ramp,0,32,0,0
V7E010,1890010,43,seeker,no_objects,1,29,0,0
V7E010,1890010,43,hider,no_objects,1,100,0,0
V7E010,1890011,43,seeker,full,1,36,3,0
V7E010,1890011,43,hider,full,1,100,0,0
V7E010,1890011,43,seeker,no_block,1,30,0,0
V7E010,1890011,43,hider,no_block,1,100,0,0
V7E010,1890011,43,seeker,no_ramp,1,36,3,0
V7E010,1890011,43,hider,no_ramp,1,100,0,0
V7E010,1890011,43,seeker,no_objects,1,30,0,0
V7E010,1890011,43,hider,no_objects,1,100,0,0
V7E010,1890012,43,seeker,full,0,100,0,0
V7E010,1890012,43,hider,full,0,30,0,0
V7E010,1890012,43,seeker,no_block,1,28,0,0
V7E010,1890012,43,hider,no_block,0,22,0,0
V7E010,1890012,43,seeker,no_ramp,0,100,0,0
V7E010,1890012,43,hider,no_ramp,0,30,0,0
V7E010,1890012,43,seeker,no_objects,1,28,0,0
V7E010,1890012,43,hider,no_objects,0,30,0,0
V7E010,1890013,43,seeker,full,1,37,3,0
V7E010,1890013,43,hider,full,0,31,0,0
V7E010,1890013,43,seeker,no_block,1,37,0,0
V7E010,1890013,43,hider,no_block,1,100,0,0
V7E010,1890013,43,seeker,no_ramp,1,37,3,0
V7E010,1890013,43,hider,no_ramp,0,31,0,0
V7E010,1890013,43,seeker,no_objects,1,37,0,0
V7E010,1890013,43,hider,no_objects,1,100,0,0
V7E010,1890014,43,seeker,full,1,3,0,0
V7E010,1890014,43,hider,full,0,3,0,0
V7E010,1890014,43,seeker,no_block,1,3,0,0
V7E010,1890014,43,hider,no_block,0,3,0,0
V7E010,1890014,43,seeker,no_ramp,1,3,0,0
V7E010,1890014,43,hider,no_ramp,0,3,0,0
V7E010,1890014,43,seeker,no_objects,1,3,0,0
V7E010,1890014,43,hider,no_objects,0,3,0,0
V7E010,1890015,43,seeker,full,1,5,0,0
V7E010,1890015,43,hider,full,0,3,0,0
V7E010,1890015,43,seeker,no_block,1,5,0,0
V7E010,1890015,43,hider,no_block,0,3,0,0
V7E010,1890015,43,seeker,no_ramp,1,5,0,0
V7E010,1890015,43,hider,no_ramp,0,3,0,0
V7E010,1890015,43,seeker,no_objects,1,5,0,0
V7E010,1890015,43,hider,no_objects,0,3,0,0
V7E010,1890016,43,seeker,full,1,35,3,0
V7E010,1890016,43,hider,full,1,100,0,0
V7E010,1890016,43,seeker,no_block,1,35,0,0
V7E010,1890016,43,hider,no_block,1,100,0,0
V7E010,1890016,43,seeker,no_ramp,1,35,3,0
V7E010,1890016,43,hider,no_ramp,1,100,0,0
V7E010,1890016,43,seeker,no_objects,1,35,0,0
V7E010,1890016,43,hider,no_objects,1,100,0,0
V7E010,1890017,43,seeker,full,0,100,2,0
V7E010,1890017,43,hider,full,0,28,0,0
V7E010,1890017,43,seeker,no_block,1,28,0,0
V7E010,1890017,43,hider,no_block,0,14,0,0
V7E010,1890017,43,seeker,no_ramp,0,100,2,0
V7E010,1890017,43,hider,no_ramp,0,28,0,0
V7E010,1890017,43,seeker,no_objects,1,28,0,0
V7E010,1890017,43,hider,no_objects,0,14,0,0
V7E010,1890018,43,seeker,full,0,100,0,0
V7E010,1890018,43,hider,full,0,13,4,0
V7E010,1890018,43,seeker,no_block,1,26,0,0
V7E010,1890018,43,hider,no_block,0,14,0,0
V7E010,1890018,43,seeker,no_ramp,0,100,0,0
V7E010,1890018,43,hider,no_ramp,0,28,0,0
V7E010,1890018,43,seeker,no_objects,1,26,0,0
V7E010,1890018,43,hider,no_objects,0,14,0,0
V7E010,1890019,43,seeker,full,1,44,3,0
V7E010,1890019,43,hider,full,1,100,0,0
V7E010,1890019,43,seeker,no_block,1,44,0,0
V7E010,1890019,43,hider,no_block,1,100,0,0
V7E010,1890019,43,seeker,no_ramp,1,44,3,0
V7E010,1890019,43,hider,no_ramp,1,100,0,0
V7E010,1890019,43,seeker,no_objects,1,44,0,0
V7E010,1890019,43,hider,no_objects,1,100,0,0
V7E010,1890020,43,seeker,full,0,100,2,0
V7E010,1890020,43,hider,full,0,27,0,0
V7E010,1890020,43,seeker,no_block,1,28,0,0
V7E010,1890020,43,hider,no_block,0,14,0,0
V7E010,1890020,43,seeker,no_ramp,0,100,2,0
V7E010,1890020,43,hider,no_ramp,0,27,0,0
V7E010,1890020,43,seeker,no_objects,1,28,0,0
V7E010,1890020,43,hider,no_objects,0,14,0,0
V7E010,1890021,43,seeker,full,1,4,0,0
V7E010,1890021,43,hider,full,0,7,0,0
V7E010,1890021,43,seeker,no_block,1,4,0,0
V7E010,1890021,43,hider,no_block,0,7,0,0
V7E010,1890021,43,seeker,no_ramp,1,4,0,0
V7E010,1890021,43,hider,no_ramp,0,7,0,0
V7E010,1890021,43,seeker,no_objects,1,4,0,0
V7E010,1890021,43,hider,no_objects,0,7,0,0
V7E010,1890022,43,seeker,full,1,3,0,0
V7E010,1890022,43,hider,full,0,3,0,0
V7E010,1890022,43,seeker,no_block,1,3,0,0
V7E010,1890022,43,hider,no_block,0,3,0,0
V7E010,1890022,43,seeker,no_ramp,1,3,0,0
V7E010,1890022,43,hider,no_ramp,0,3,0,0
V7E010,1890022,43,seeker,no_objects,1,3,0,0
V7E010,1890022,43,hider,no_objects,0,3,0,0
V7E010,1890023,43,seeker,full,0,100,1,0
V7E010,1890023,43,hider,full,0,32,0,0
V7E010,1890023,43,seeker,no_block,1,31,0,0
V7E010,1890023,43,hider,no_block,0,18,0,0
V7E010,1890023,43,seeker,no_ramp,0,100,1,0
V7E010,1890023,43,hider,no_ramp,0,32,0,0
V7E010,1890023,43,seeker,no_objects,1,31,0,0
V7E010,1890023,43,hider,no_objects,0,18,0,0
V7E010,1890024,43,seeker,full,1,3,0,0
V7E010,1890024,43,hider,full,0,2,0,0
V7E010,1890024,43,seeker,no_block,1,3,0,0
V7E010,1890024,43,hider,no_block,0,2,0,0
V7E010,1890024,43,seeker,no_ramp,1,3,0,0
V7E010,1890024,43,hider,no_ramp,0,2,0,0
V7E010,1890024,43,seeker,no_objects,1,3,0,0
V7E010,1890024,43,hider,no_objects,0,2,0,0
V7E010,1890025,43,seeker,full,1,13,0,0
V7E010,1890025,43,hider,full,0,12,0,0
V7E010,1890025,43,seeker,no_block,1,13,0,0
V7E010,1890025,43,hider,no_block,0,12,0,0
V7E010,1890025,43,seeker,no_ramp,1,13,0,0
V7E010,1890025,43,hider,no_ramp,0,12,0,0
V7E010,1890025,43,seeker,no_objects,1,13,0,0
V7E010,1890025,43,hider,no_objects,0,12,0,0
V7E010,1890026,43,seeker,full,1,4,0,0
V7E010,1890026,43,hider,full,1,100,4,0
V7E010,1890026,43,seeker,no_block,1,4,0,0
V7E010,1890026,43,hider,no_block,1,100,0,0
V7E010,1890026,43,seeker,no_ramp,1,4,0,0
V7E010,1890026,43,hider,no_ramp,1,100,4,0
V7E010,1890026,43,seeker,no_objects,1,4,0,0
V7E010,1890026,43,hider,no_objects,1,100,0,0
V7E010,1890027,43,seeker,full,1,52,8,0
V7E010,1890027,43,hider,full,0,48,0,0
V7E010,1890027,43,seeker,no_block,1,44,0,0
V7E010,1890027,43,hider,no_block,1,100,0,0
V7E010,1890027,43,seeker,no_ramp,1,44,8,0
V7E010,1890027,43,hider,no_ramp,0,44,0,0
V7E010,1890027,43,seeker,no_objects,1,44,0,0
V7E010,1890027,43,hider,no_objects,1,100,0,0
V7E010,1890028,43,seeker,full,1,2,0,0
V7E010,1890028,43,hider,full,0,1,0,0
V7E010,1890028,43,seeker,no_block,1,2,0,0
V7E010,1890028,43,hider,no_block,0,1,0,0
V7E010,1890028,43,seeker,no_ramp,1,2,0,0
V7E010,1890028,43,hider,no_ramp,0,1,0,0
V7E010,1890028,43,seeker,no_objects,1,2,0,0
V7E010,1890028,43,hider,no_objects,0,1,0,0
V7E010,1890029,43,seeker,full,1,4,0,0
V7E010,1890029,43,hider,full,0,3,0,0
V7E010,1890029,43,seeker,no_block,1,4,0,0
V7E010,1890029,43,hider,no_block,0,3,0,0
V7E010,1890029,43,seeker,no_ramp,1,4,0,0
V7E010,1890029,43,hider,no_ramp,0,3,0,0
V7E010,1890029,43,seeker,no_objects,1,4,0,0
V7E010,1890029,43,hider,no_objects,0,3,0,0
V7E010,1890030,43,seeker,full,1,6,0,0
V7E010,1890030,43,hider,full,0,5,0,0
V7E010,1890030,43,seeker,no_block,1,6,0,0
V7E010,1890030,43,hider,no_block,0,5,0,0
V7E010,1890030,43,seeker,no_ramp,1,6,0,0
V7E010,1890030,43,hider,no_ramp,0,5,0,0
V7E010,1890030,43,seeker,no_objects,1,6,0,0
V7E010,1890030,43,hider,no_objects,0,5,0,0
V7E010,1890031,43,seeker,full,1,2,0,0
V7E010,1890031,43,hider,full,0,1,0,0
V7E010,1890031,43,seeker,no_block,1,2,0,0
V7E010,1890031,43,hider,no_block,0,1,0,0
V7E010,1890031,43,seeker,no_ramp,1,2,0,0
V7E010,1890031,43,hider,no_ramp,0,1,0,0
V7E010,1890031,43,seeker,no_objects,1,2,0,0
V7E010,1890031,43,hider,no_objects,0,1,0,0
V7E010,1890032,43,seeker,full,0,100,0,0
V7E010,1890032,43,hider,full,0,31,0,0
V7E010,1890032,43,seeker,no_block,1,29,0,0
V7E010,1890032,43,hider,no_block,0,15,0,0
V7E010,1890032,43,seeker,no_ramp,0,100,0,0
V7E010,1890032,43,hider,no_ramp,0,31,0,0
V7E010,1890032,43,seeker,no_objects,1,29,0,0
V7E010,1890032,43,hider,no_objects,0,31,0,0
V7E010,1890033,43,seeker,full,1,16,0,1
V7E010,1890033,43,hider,full,0,6,0,0
V7E010,1890033,43,seeker,no_block,1,16,0,1
V7E010,1890033,43,hider,no_block,0,6,0,0
V7E010,1890033,43,seeker,no_ramp,1,11,0,0
V7E010,1890033,43,hider,no_ramp,0,6,0,0
V7E010,1890033,43,seeker,no_objects,1,11,0,0
V7E010,1890033,43,hider,no_objects,0,6,0,0
V7E010,1890034,43,seeker,full,1,4,0,0
V7E010,1890034,43,hider,full,1,100,0,0
V7E010,1890034,43,seeker,no_block,1,4,0,0
V7E010,1890034,43,hider,no_block,1,100,0,0
V7E010,1890034,43,seeker,no_ramp,1,4,0,0
V7E010,1890034,43,hider,no_ramp,1,100,0,0
V7E010,1890034,43,seeker,no_objects,1,4,0,0
V7E010,1890034,43,hider,no_objects,1,100,0,0
V7E010,1890035,43,seeker,full,0,100,2,0
V7E010,1890035,43,hider,full,0,32,0,0
V7E010,1890035,43,seeker,no_block,1,32,0,0
V7E010,1890035,43,hider,no_block,0,18,0,0
V7E010,1890035,43,seeker,no_ramp,0,100,2,0
V7E010,1890035,43,hider,no_ramp,0,32,0,0
V7E010,1890035,43,seeker,no_objects,1,32,0,0
V7E010,1890035,43,hider,no_objects,0,18,0,0
V7E010,1890036,43,seeker,full,1,33,2,0
V7E010,1890036,43,hider,full,0,32,0,0
V7E010,1890036,43,seeker,no_block,1,5,0,0
V7E010,1890036,43,hider,no_block,1,100,0,0
V7E010,1890036,43,seeker,no_ramp,1,33,2,0
V7E010,1890036,43,hider,no_ramp,0,32,0,0
V7E010,1890036,43,seeker,no_objects,1,5,0,0
V7E010,1890036,43,hider,no_objects,1,100,0,0
V7E010,1890037,43,seeker,full,1,37,3,0
V7E010,1890037,43,hider,full,1,100,0,0
V7E010,1890037,43,seeker,no_block,1,33,0,0
V7E010,1890037,43,hider,no_block,1,100,0,0
V7E010,1890037,43,seeker,no_ramp,1,37,3,0
V7E010,1890037,43,hider,no_ramp,1,100,0,0
V7E010,1890037,43,seeker,no_objects,1,33,0,0
V7E010,1890037,43,hider,no_objects,1,100,0,0
V7E010,1890038,43,seeker,full,0,100,0,0
V7E010,1890038,43,hider,full,0,29,0,0
V7E010,1890038,43,seeker,no_block,1,27,0,0
V7E010,1890038,43,hider,no_block,0,15,0,0
V7E010,1890038,43,seeker,no_ramp,0,100,0,0
V7E010,1890038,43,hider,no_ramp,0,29,0,0
V7E010,1890038,43,seeker,no_objects,1,27,0,0
V7E010,1890038,43,hider,no_objects,0,29,0,0
V7E010,1890039,43,seeker,full,0,100,1,0
V7E010,1890039,43,hider,full,0,31,0,0
V7E010,1890039,43,seeker,no_block,1,30,0,0
V7E010,1890039,43,hider,no_block,0,13,0,0
V7E010,1890039,43,seeker,no_ramp,0,100,1,0
V7E010,1890039,43,hider,no_ramp,0,31,0,0
V7E010,1890039,43,seeker,no_objects,1,30,0,0
V7E010,1890039,43,hider,no_objects,0,13,0,0
V7E010,1890040,43,seeker,full,0,100,0,0
V7E010,1890040,43,hider,full,0,31,0,0
V7E010,1890040,43,seeker,no_block,1,29,0,0
V7E010,1890040,43,hider,no_block,0,17,0,0
V7E010,1890040,43,seeker,no_ramp,0,100,0,0
V7E010,1890040,43,hider,no_ramp,0,31,0,0
V7E010,1890040,43,seeker,no_objects,1,29,0,0
V7E010,1890040,43,hider,no_objects,0,17,0,0
V7E010,1890041,43,seeker,full,1,35,3,0
V7E010,1890041,43,hider,full,0,32,0,0
V7E010,1890041,43,seeker,no_block,1,31,0,0
V7E010,1890041,43,hider,no_block,1,100,0,0
V7E010,1890041,43,seeker,no_ramp,1,35,3,0
V7E010,1890041,43,hider,no_ramp,0,32,0,0
V7E010,1890041,43,seeker,no_objects,1,31,0,0
V7E010,1890041,43,hider,no_objects,1,100,0,0
V7E010,1890042,43,seeker,full,1,1,0,0
V7E010,1890042,43,hider,full,0,1,0,0
V7E010,1890042,43,seeker,no_block,1,1,0,0
V7E010,1890042,43,hider,no_block,0,1,0,0
V7E010,1890042,43,seeker,no_ramp,1,1,0,0
V7E010,1890042,43,hider,no_ramp,0,1,0,0
V7E010,1890042,43,seeker,no_objects,1,1,0,0
V7E010,1890042,43,hider,no_objects,0,1,0,0
V7E010,1890043,43,seeker,full,1,38,3,0
V7E010,1890043,43,hider,full,1,100,0,0
V7E010,1890043,43,seeker,no_block,1,38,0,0
V7E010,1890043,43,hider,no_block,1,100,0,0
V7E010,1890043,43,seeker,no_ramp,1,38,3,0
V7E010,1890043,43,hider,no_ramp,1,100,0,0
V7E010,1890043,43,seeker,no_objects,1,38,0,0
V7E010,1890043,43,hider,no_objects,1,100,0,0
V7E010,1890044,43,seeker,full,0,100,0,0
V7E010,1890044,43,hider,full,0,29,0,0
V7E010,1890044,43,seeker,no_block,1,28,0,0
V7E010,1890044,43,hider,no_block,0,10,0,0
V7E010,1890044,43,seeker,no_ramp,0,100,0,0
V7E010,1890044,43,hider,no_ramp,0,29,0,0
V7E010,1890044,43,seeker,no_objects,1,28,0,0
V7E010,1890044,43,hider,no_objects,0,10,0,0
V7E010,1890045,43,seeker,full,0,100,0,0
V7E010,1890045,43,hider,full,0,13,4,0
V7E010,1890045,43,seeker,no_block,1,26,0,0
V7E010,1890045,43,hider,no_block,0,10,0,0
V7E010,1890045,43,seeker,no_ramp,0,100,0,0
V7E010,1890045,43,hider,no_ramp,0,13,4,0
V7E010,1890045,43,seeker,no_objects,1,26,0,0
V7E010,1890045,43,hider,no_objects,0,10,0,0
V7E010,1890046,43,seeker,full,1,1,0,0
V7E010,1890046,43,hider,full,0,1,0,0
V7E010,1890046,43,seeker,no_block,1,1,0,0
V7E010,1890046,43,hider,no_block,0,1,0,0
V7E010,1890046,43,seeker,no_ramp,1,1,0,0
V7E010,1890046,43,hider,no_ramp,0,1,0,0
V7E010,1890046,43,seeker,no_objects,1,1,0,0
V7E010,1890046,43,hider,no_objects,0,1,0,0
V7E010,1890047,43,seeker,full,1,36,3,0
V7E010,1890047,43,hider,full,0,30,0,0
V7E010,1890047,43,seeker,no_block,1,36,0,0
V7E010,1890047,43,hider,no_block,1,100,0,0
V7E010,1890047,43,seeker,no_ramp,1,36,3,0
V7E010,1890047,43,hider,no_ramp,0,30,0,0
V7E010,1890047,43,seeker,no_objects,1,36,0,0
V7E010,1890047,43,hider,no_objects,1,100,0,0
V7E010,1890048,43,seeker,full,1,40,2,1
V7E010,1890048,43,hider,full,0,28,4,0
V7E010,1890048,43,seeker,no_block,1,40,0,1
V7E010,1890048,43,hider,no_block,0,19,0,0
V7E010,1890048,43,seeker,no_ramp,1,41,2,0
V7E010,1890048,43,hider,no_ramp,0,29,4,0
V7E010,1890048,43,seeker,no_objects,1,41,0,0
V7E010,1890048,43,hider,no_objects,0,22,0,0
V7E010,1890049,43,seeker,full,1,9,0,0
V7E010,1890049,43,hider,full,0,5,0,0
V7E010,1890049,43,seeker,no_block,1,9,0,0
V7E010,1890049,43,hider,no_block,0,5,0,0
V7E010,1890049,43,seeker,no_ramp,1,9,0,0
V7E010,1890049,43,hider,no_ramp,0,5,0,0
V7E010,1890049,43,seeker,no_objects,1,9,0,0
V7E010,1890049,43,hider,no_objects,0,5,0,0
V7E010,1890050,43,seeker,full,1,3,0,0
V7E010,1890050,43,hider,full,0,3,0,0
V7E010,1890050,43,seeker,no_block,1,3,0,0
V7E010,1890050,43,hider,no_block,0,3,0,0
V7E010,1890050,43,seeker,no_ramp,1,3,0,0
V7E010,1890050,43,hider,no_ramp,0,3,0,0
V7E010,1890050,43,seeker,no_objects,1,3,0,0
V7E010,1890050,43,hider,no_objects,0,3,0,0
V7E010,1890051,43,seeker,full,1,33,2,0
V7E010,1890051,43,hider,full,0,29,0,0
V7E010,1890051,43,seeker,no_block,1,33,0,0
V7E010,1890051,43,hider,no_block,0,15,0,0
V7E010,1890051,43,seeker,no_ramp,1,33,2,0
V7E010,1890051,43,hider,no_ramp,0,29,0,0
V7E010,1890051,43,seeker,no_objects,1,33,0,0
V7E010,1890051,43,hider,no_objects,0,15,0,0
V7E010,1890052,43,seeker,full,1,32,3,0
V7E010,1890052,43,hider,full,1,100,0,0
V7E010,1890052,43,seeker,no_block,1,28,0,0
V7E010,1890052,43,hider,no_block,1,100,0,0
V7E010,1890052,43,seeker,no_ramp,1,32,3,0
V7E010,1890052,43,hider,no_ramp,1,100,0,0
V7E010,1890052,43,seeker,no_objects,1,28,0,0
V7E010,1890052,43,hider,no_objects,1,100,0,0
V7E010,1890053,43,seeker,full,0,100,0,0
V7E010,1890053,43,hider,full,0,12,4,0
V7E010,1890053,43,seeker,no_block,1,7,0,0
V7E010,1890053,43,hider,no_block,0,4,0,0
V7E010,1890053,43,seeker,no_ramp,0,100,0,0
V7E010,1890053,43,hider,no_ramp,0,12,4,0
V7E010,1890053,43,seeker,no_objects,1,7,0,0
V7E010,1890053,43,hider,no_objects,0,4,0,0
V7E010,1890054,43,seeker,full,1,3,0,0
V7E010,1890054,43,hider,full,0,2,0,0
V7E010,1890054,43,seeker,no_block,1,3,0,0
V7E010,1890054,43,hider,no_block,0,2,0,0
V7E010,1890054,43,seeker,no_ramp,1,3,0,0
V7E010,1890054,43,hider,no_ramp,0,2,0,0
V7E010,1890054,43,seeker,no_objects,1,3,0,0
V7E010,1890054,43,hider,no_objects,0,2,0,0
V7E010,1890055,43,seeker,full,0,100,2,0
V7E010,1890055,43,hider,full,0,22,4,0
V7E010,1890055,43,seeker,no_block,1,29,0,0
V7E010,1890055,43,hider,no_block,0,15,0,0
V7E010,1890055,43,seeker,no_ramp,0,100,2,0
V7E010,1890055,43,hider,no_ramp,0,22,4,0
V7E010,1890055,43,seeker,no_objects,1,29,0,0
V7E010,1890055,43,hider,no_objects,0,15,0,0
V7E010,1890056,43,seeker,full,1,36,3,0
V7E010,1890056,43,hider,full,0,33,0,0
V7E010,1890056,43,seeker,no_block,1,30,0,0
V7E010,1890056,43,hider,no_block,1,100,0,0
V7E010,1890056,43,seeker,no_ramp,1,36,3,0
V7E010,1890056,43,hider,no_ramp,0,33,0,0
V7E010,1890056,43,seeker,no_objects,1,30,0,0
V7E010,1890056,43,hider,no_objects,1,100,0,0
V7E010,1890057,43,seeker,full,1,39,3,0
V7E010,1890057,43,hider,full,1,100,0,0
V7E010,1890057,43,seeker,no_block,1,39,0,0
V7E010,1890057,43,hider,no_block,1,100,0,0
V7E010,1890057,43,seeker,no_ramp,1,39,3,0
V7E010,1890057,43,hider,no_ramp,1,100,0,0
V7E010,1890057,43,seeker,no_objects,1,39,0,0
V7E010,1890057,43,hider,no_objects,1,100,0,0
V7E010,1890058,43,seeker,full,1,1,0,0
V7E010,1890058,43,hider,full,0,1,0,0
V7E010,1890058,43,seeker,no_block,1,1,0,0
V7E010,1890058,43,hider,no_block,0,1,0,0
V7E010,1890058,43,seeker,no_ramp,1,1,0,0
V7E010,1890058,43,hider,no_ramp,0,1,0,0
V7E010,1890058,43,seeker,no_objects,1,1,0,0
V7E010,1890058,43,hider,no_objects,0,1,0,0
V7E010,1890059,43,seeker,full,1,16,0,1
V7E010,1890059,43,hider,full,0,9,0,0
V7E010,1890059,43,seeker,no_block,1,16,0,1
V7E010,1890059,43,hider,no_block,0,9,0,0
V7E010,1890059,43,seeker,no_ramp,1,11,0,0
V7E010,1890059,43,hider,no_ramp,0,6,0,0
V7E010,1890059,43,seeker,no_objects,1,11,0,0
V7E010,1890059,43,hider,no_objects,0,6,0,0
V7E010,1890060,43,seeker,full,1,5,0,0
V7E010,1890060,43,hider,full,0,4,0,0
V7E010,1890060,43,seeker,no_block,1,5,0,0
V7E010,1890060,43,hider,no_block,0,4,0,0
V7E010,1890060,43,seeker,no_ramp,1,5,0,0
V7E010,1890060,43,hider,no_ramp,0,4,0,0
V7E010,1890060,43,seeker,no_objects,1,5,0,0
V7E010,1890060,43,hider,no_objects,0,4,0,0
V7E010,1890061,43,seeker,full,0,100,1,1
V7E010,1890061,43,hider,full,0,34,0,0
V7E010,1890061,43,seeker,no_block,1,34,0,1
V7E010,1890061,43,hider,no_block,0,6,0,0
V7E010,1890061,43,seeker,no_ramp,0,100,1,0
V7E010,1890061,43,hider,no_ramp,0,36,0,0
V7E010,1890061,43,seeker,no_objects,1,11,0,0
V7E010,1890061,43,hider,no_objects,0,6,0,0
V7E010,1890062,43,seeker,full,0,100,2,1
V7E010,1890062,43,hider,full,0,35,0,0
V7E010,1890062,43,seeker,no_block,1,35,0,1
V7E010,1890062,43,hider,no_block,0,13,0,0
V7E010,1890062,43,seeker,no_ramp,0,100,2,0
V7E010,1890062,43,hider,no_ramp,0,35,0,0
V7E010,1890062,43,seeker,no_objects,1,36,0,0
V7E010,1890062,43,hider,no_objects,0,7,0,0
V7E010,1890063,43,seeker,full,0,100,0,0
V7E010,1890063,43,hider,full,0,12,4,0
V7E010,1890063,43,seeker,no_block,1,25,0,0
V7E010,1890063,43,hider,no_block,0,13,0,0
V7E010,1890063,43,seeker,no_ramp,0,100,0,0
V7E010,1890063,43,hider,no_ramp,0,12,4,0
V7E010,1890063,43,seeker,no_objects,1,25,0,0
V7E010,1890063,43,hider,no_objects,0,13,0,0
V7E010,1890064,43,seeker,full,1,1,0,0
V7E010,1890064,43,hider,full,0,1,0,0
V7E010,1890064,43,seeker,no_block,1,1,0,0
V7E010,1890064,43,hider,no_block,0,1,0,0
V7E010,1890064,43,seeker,no_ramp,1,1,0,0
V7E010,1890064,43,hider,no_ramp,0,1,0,0
V7E010,1890064,43,seeker,no_objects,1,1,0,0
V7E010,1890064,43,hider,no_objects,0,1,0,0
V7E010,1890065,43,seeker,full,1,34,3,0
V7E010,1890065,43,hider,full,1,100,0,0
V7E010,1890065,43,seeker,no_block,1,30,0,0
V7E010,1890065,43,hider,no_block,1,100,0,0
V7E010,1890065,43,seeker,no_ramp,1,34,3,0
V7E010,1890065,43,hider,no_ramp,1,100,0,0
V7E010,1890065,43,seeker,no_objects,1,30,0,0
V7E010,1890065,43,hider,no_objects,1,100,0,0
V7E010,1890066,43,seeker,full,1,3,0,0
V7E010,1890066,43,hider,full,0,2,0,0
V7E010,1890066,43,seeker,no_block,1,3,0,0
V7E010,1890066,43,hider,no_block,0,2,0,0
V7E010,1890066,43,seeker,no_ramp,1,3,0,0
V7E010,1890066,43,hider,no_ramp,0,2,0,0
V7E010,1890066,43,seeker,no_objects,1,3,0,0
V7E010,1890066,43,hider,no_objects,0,2,0,0
V7E010,1890067,43,seeker,full,1,44,3,0
V7E010,1890067,43,hider,full,0,34,0,0
V7E010,1890067,43,seeker,no_block,1,44,0,0
V7E010,1890067,43,hider,no_block,1,100,0,0
V7E010,1890067,43,seeker,no_ramp,1,44,3,0
V7E010,1890067,43,hider,no_ramp,0,34,0,0
V7E010,1890067,43,seeker,no_objects,1,44,0,0
V7E010,1890067,43,hider,no_objects,1,100,0,0
V7E010,1890068,43,seeker,full,1,51,8,0
V7E010,1890068,43,hider,full,0,49,0,0
V7E010,1890068,43,seeker,no_block,1,49,0,0
V7E010,1890068,43,hider,no_block,1,100,0,0
V7E010,1890068,43,seeker,no_ramp,1,51,8,0
V7E010,1890068,43,hider,no_ramp,0,45,0,0
V7E010,1890068,43,seeker,no_objects,1,49,0,0
V7E010,1890068,43,hider,no_objects,1,100,0,0
V7E010,1890069,43,seeker,full,1,12,0,0
V7E010,1890069,43,hider,full,1,100,4,0
V7E010,1890069,43,seeker,no_block,1,12,0,0
V7E010,1890069,43,hider,no_block,1,100,0,0
V7E010,1890069,43,seeker,no_ramp,1,12,0,0
V7E010,1890069,43,hider,no_ramp,1,100,4,0
V7E010,1890069,43,seeker,no_objects,1,12,0,0
V7E010,1890069,43,hider,no_objects,1,100,0,0
V7E010,1890070,43,seeker,full,1,6,0,0
V7E010,1890070,43,hider,full,0,3,0,0
V7E010,1890070,43,seeker,no_block,1,6,0,0
V7E010,1890070,43,hider,no_block,0,3,0,0
V7E010,1890070,43,seeker,no_ramp,1,6,0,0
V7E010,1890070,43,hider,no_ramp,0,3,0,0
V7E010,1890070,43,seeker,no_objects,1,6,0,0
V7E010,1890070,43,hider,no_objects,0,3,0,0
V7E010,1890071,43,seeker,full,1,4,0,0
V7E010,1890071,43,hider,full,0,3,0,0
V7E010,1890071,43,seeker,no_block,1,4,0,0
V7E010,1890071,43,hider,no_block,0,3,0,0
V7E010,1890071,43,seeker,no_ramp,1,4,0,0
V7E010,1890071,43,hider,no_ramp,0,3,0,0
V7E010,1890071,43,seeker,no_objects,1,4,0,0
V7E010,1890071,43,hider,no_objects,0,3,0,0
V7E010,1890072,43,seeker,full,1,5,0,0
V7E010,1890072,43,hider,full,0,3,0,0
V7E010,1890072,43,seeker,no_block,1,5,0,0
V7E010,1890072,43,hider,no_block,0,3,0,0
V7E010,1890072,43,seeker,no_ramp,1,5,0,0
V7E010,1890072,43,hider,no_ramp,0,3,0,0
V7E010,1890072,43,seeker,no_objects,1,5,0,0
V7E010,1890072,43,hider,no_objects,0,3,0,0
V7E010,1890073,43,seeker,full,1,6,2,0
V7E010,1890073,43,hider,full,0,6,0,0
V7E010,1890073,43,seeker,no_block,1,6,0,0
V7E010,1890073,43,hider,no_block,0,6,0,0
V7E010,1890073,43,seeker,no_ramp,1,6,2,0
V7E010,1890073,43,hider,no_ramp,0,6,0,0
V7E010,1890073,43,seeker,no_objects,1,6,0,0
V7E010,1890073,43,hider,no_objects,0,6,0,0
V7E010,1890074,43,seeker,full,1,7,0,0
V7E010,1890074,43,hider,full,0,5,0,0
V7E010,1890074,43,seeker,no_block,1,7,0,0
V7E010,1890074,43,hider,no_block,0,4,0,0
V7E010,1890074,43,seeker,no_ramp,1,7,0,0
V7E010,1890074,43,hider,no_ramp,0,5,0,0
V7E010,1890074,43,seeker,no_objects,1,7,0,0
V7E010,1890074,43,hider,no_objects,0,4,0,0
V7E010,1890075,43,seeker,full,0,100,0,0
V7E010,1890075,43,hider,full,0,31,0,0
V7E010,1890075,43,seeker,no_block,1,29,0,0
V7E010,1890075,43,hider,no_block,0,19,0,0
V7E010,1890075,43,seeker,no_ramp,0,100,0,0
V7E010,1890075,43,hider,no_ramp,0,31,0,0
V7E010,1890075,43,seeker,no_objects,1,29,0,0
V7E010,1890075,43,hider,no_objects,0,31,0,0
V7E010,1890076,43,seeker,full,1,25,0,0
V7E010,1890076,43,hider,full,0,9,0,0
V7E010,1890076,43,seeker,no_block,1,25,0,0
V7E010,1890076,43,hider,no_block,0,9,0,0
V7E010,1890076,43,seeker,no_ramp,1,25,0,0
V7E010,1890076,43,hider,no_ramp,0,9,0,0
V7E010,1890076,43,seeker,no_objects,1,25,0,0
V7E010,1890076,43,hider,no_objects,0,9,0,0
V7E010,1890077,43,seeker,full,0,100,1,0
V7E010,1890077,43,hider,full,0,30,0,0
V7E010,1890077,43,seeker,no_block,1,27,0,0
V7E010,1890077,43,hider,no_block,1,100,0,0
V7E010,1890077,43,seeker,no_ramp,0,100,1,0
V7E010,1890077,43,hider,no_ramp,0,30,0,0
V7E010,1890077,43,seeker,no_objects,1,27,0,0
V7E010,1890077,43,hider,no_objects,1,100,0,0
V7E010,1890078,43,seeker,full,0,100,2,0
V7E010,1890078,43,hider,full,0,27,0,0
V7E010,1890078,43,seeker,no_block,1,27,0,0
V7E010,1890078,43,hider,no_block,0,13,0,0
V7E010,1890078,43,seeker,no_ramp,0,100,2,0
V7E010,1890078,43,hider,no_ramp,0,27,0,0
V7E010,1890078,43,seeker,no_objects,1,27,0,0
V7E010,1890078,43,hider,no_objects,0,13,0,0
V7E010,1890079,43,seeker,full,1,37,2,0
V7E010,1890079,43,hider,full,1,100,0,0
V7E010,1890079,43,seeker,no_block,1,37,0,0
V7E010,1890079,43,hider,no_block,1,100,0,0
V7E010,1890079,43,seeker,no_ramp,1,37,2,0
V7E010,1890079,43,hider,no_ramp,1,100,0,0
V7E010,1890079,43,seeker,no_objects,1,37,0,0
V7E010,1890079,43,hider,no_objects,1,100,0,0
V7E010,1890080,43,seeker,full,1,3,0,0
V7E010,1890080,43,hider,full,0,2,0,0
V7E010,1890080,43,seeker,no_block,1,3,0,0
V7E010,1890080,43,hider,no_block,0,2,0,0
V7E010,1890080,43,seeker,no_ramp,1,3,0,0
V7E010,1890080,43,hider,no_ramp,0,2,0,0
V7E010,1890080,43,seeker,no_objects,1,3,0,0
V7E010,1890080,43,hider,no_objects,0,2,0,0
V7E010,1890081,43,seeker,full,1,21,0,0
V7E010,1890081,43,hider,full,0,12,0,0
V7E010,1890081,43,seeker,no_block,1,21,0,0
V7E010,1890081,43,hider,no_block,0,12,0,0
V7E010,1890081,43,seeker,no_ramp,1,21,0,0
V7E010,1890081,43,hider,no_ramp,0,12,0,0
V7E010,1890081,43,seeker,no_objects,1,21,0,0
V7E010,1890081,43,hider,no_objects,0,12,0,0
V7E010,1890082,43,seeker,full,0,100,1,0
V7E010,1890082,43,hider,full,0,31,0,0
V7E010,1890082,43,seeker,no_block,1,28,0,0
V7E010,1890082,43,hider,no_block,1,100,0,0
V7E010,1890082,43,seeker,no_ramp,0,100,1,0
V7E010,1890082,43,hider,no_ramp,0,31,0,0
V7E010,1890082,43,seeker,no_objects,1,28,0,0
V7E010,1890082,43,hider,no_objects,1,100,0,0
V7E010,1890083,43,seeker,full,1,35,2,0
V7E010,1890083,43,hider,full,0,30,0,0
V7E010,1890083,43,seeker,no_block,1,35,0,0
V7E010,1890083,43,hider,no_block,0,16,0,0
V7E010,1890083,43,seeker,no_ramp,1,35,2,0
V7E010,1890083,43,hider,no_ramp,0,30,0,0
V7E010,1890083,43,seeker,no_objects,1,35,0,0
V7E010,1890083,43,hider,no_objects,0,16,0,0
V7E010,1890084,43,seeker,full,1,33,3,0
V7E010,1890084,43,hider,full,0,30,0,0
V7E010,1890084,43,seeker,no_block,1,29,0,0
V7E010,1890084,43,hider,no_block,1,100,0,0
V7E010,1890084,43,seeker,no_ramp,1,33,3,0
V7E010,1890084,43,hider,no_ramp,0,30,0,0
V7E010,1890084,43,seeker,no_objects,1,29,0,0
V7E010,1890084,43,hider,no_objects,1,100,0,0
V7E010,1890085,43,seeker,full,1,14,0,0
V7E010,1890085,43,hider,full,0,13,0,0
V7E010,1890085,43,seeker,no_block,1,14,0,0
V7E010,1890085,43,hider,no_block,0,13,0,0
V7E010,1890085,43,seeker,no_ramp,1,14,0,0
V7E010,1890085,43,hider,no_ramp,0,13,0,0
V7E010,1890085,43,seeker,no_objects,1,14,0,0
V7E010,1890085,43,hider,no_objects,0,13,0,0
V7E010,1890086,43,seeker,full,1,36,3,0
V7E010,1890086,43,hider,full,0,33,0,0
V7E010,1890086,43,seeker,no_block,1,30,0,0
V7E010,1890086,43,hider,no_block,1,100,0,0
V7E010,1890086,43,seeker,no_ramp,1,36,3,0
V7E010,1890086,43,hider,no_ramp,0,33,0,0
V7E010,1890086,43,seeker,no_objects,1,30,0,0
V7E010,1890086,43,hider,no_objects,1,100,0,0
V7E010,1890087,43,seeker,full,1,35,2,0
V7E010,1890087,43,hider,full,0,31,0,0
V7E010,1890087,43,seeker,no_block,1,35,0,0
V7E010,1890087,43,hider,no_block,0,19,0,0
V7E010,1890087,43,seeker,no_ramp,1,35,2,0
V7E010,1890087,43,hider,no_ramp,0,31,0,0
V7E010,1890087,43,seeker,no_objects,1,35,0,0
V7E010,1890087,43,hider,no_objects,0,19,0,0
V7E010,1890088,43,seeker,full,1,5,0,0
V7E010,1890088,43,hider,full,0,2,0,0
V7E010,1890088,43,seeker,no_block,1,5,0,0
V7E010,1890088,43,hider,no_block,0,4,0,0
V7E010,1890088,43,seeker,no_ramp,1,5,0,0
V7E010,1890088,43,hider,no_ramp,0,2,0,0
V7E010,1890088,43,seeker,no_objects,1,5,0,0
V7E010,1890088,43,hider,no_objects,0,4,0,0
V7E010,1890089,43,seeker,full,1,34,3,0
V7E010,1890089,43,hider,full,1,100,0,0
V7E010,1890089,43,seeker,no_block,1,30,0,0
V7E010,1890089,43,hider,no_block,1,100,0,0
V7E010,1890089,43,seeker,no_ramp,1,34,3,0
V7E010,1890089,43,hider,no_ramp,1,100,0,0
V7E010,1890089,43,seeker,no_objects,1,30,0,0
V7E010,1890089,43,hider,no_objects,1,100,0,0
V7E010,1890090,43,seeker,full,1,13,0,0
V7E010,1890090,43,hider,full,0,13,0,0
V7E010,1890090,43,seeker,no_block,1,13,0,0
V7E010,1890090,43,hider,no_block,0,13,0,0
V7E010,1890090,43,seeker,no_ramp,1,13,0,0
V7E010,1890090,43,hider,no_ramp,0,13,0,0
V7E010,1890090,43,seeker,no_objects,1,13,0,0
V7E010,1890090,43,hider,no_objects,0,13,0,0
V7E010,1890091,43,seeker,full,1,38,3,0
V7E010,1890091,43,hider,full,0,32,0,0
V7E010,1890091,43,seeker,no_block,1,38,0,0
V7E010,1890091,43,hider,no_block,1,100,0,0
V7E010,1890091,43,seeker,no_ramp,1,38,3,0
V7E010,1890091,43,hider,no_ramp,0,32,0,0
V7E010,1890091,43,seeker,no_objects,1,38,0,0
V7E010,1890091,43,hider,no_objects,1,100,0,0
V7E010,1890092,43,seeker,full,0,100,2,1
V7E010,1890092,43,hider,full,0,35,0,0
V7E010,1890092,43,seeker,no_block,1,33,0,1
V7E010,1890092,43,hider,no_block,0,11,0,0
V7E010,1890092,43,seeker,no_ramp,0,100,2,0
V7E010,1890092,43,hider,no_ramp,0,7,0,0
V7E010,1890092,43,seeker,no_objects,1,8,0,0
V7E010,1890092,43,hider,no_objects,0,5,0,0
V7E010,1890093,43,seeker,full,1,40,3,0
V7E010,1890093,43,hider,full,0,37,0,0
V7E010,1890093,43,seeker,no_block,1,32,0,0
V7E010,1890093,43,hider,no_block,1,100,0,0
V7E010,1890093,43,seeker,no_ramp,1,40,3,0
V7E010,1890093,43,hider,no_ramp,0,37,0,0
V7E010,1890093,43,seeker,no_objects,1,32,0,0
V7E010,1890093,43,hider,no_objects,1,100,0,0
V7E010,1890094,43,seeker,full,1,1,0,0
V7E010,1890094,43,hider,full,0,1,0,0
V7E010,1890094,43,seeker,no_block,1,1,0,0
V7E010,1890094,43,hider,no_block,0,1,0,0
V7E010,1890094,43,seeker,no_ramp,1,1,0,0
V7E010,1890094,43,hider,no_ramp,0,1,0,0
V7E010,1890094,43,seeker,no_objects,1,1,0,0
V7E010,1890094,43,hider,no_objects,0,1,0,0
V7E010,1890095,43,seeker,full,0,100,1,0
V7E010,1890095,43,hider,full,0,31,0,0
V7E010,1890095,43,seeker,no_block,1,31,0,0
V7E010,1890095,43,hider,no_block,0,18,0,0
V7E010,1890095,43,seeker,no_ramp,0,100,1,0
V7E010,1890095,43,hider,no_ramp,0,32,0,0
V7E010,1890095,43,seeker,no_objects,1,31,0,0
V7E010,1890095,43,hider,no_objects,0,18,0,0
V7E010,1890096,43,seeker,full,1,34,3,0
V7E010,1890096,43,hider,full,1,100,0,0
V7E010,1890096,43,seeker,no_block,1,30,0,0
V7E010,1890096,43,hider,no_block,1,100,0,0
V7E010,1890096,43,seeker,no_ramp,1,34,3,0
V7E010,1890096,43,hider,no_ramp,1,100,0,0
V7E010,1890096,43,seeker,no_objects,1,30,0,0
V7E010,1890096,43,hider,no_objects,1,100,0,0
V7E010,1890097,43,seeker,full,1,35,3,0
V7E010,1890097,43,hider,full,0,32,0,0
V7E010,1890097,43,seeker,no_block,1,31,0,0
V7E010,1890097,43,hider,no_block,1,100,0,0
V7E010,1890097,43,seeker,no_ramp,1,35,3,0
V7E010,1890097,43,hider,no_ramp,0,32,0,0
V7E010,1890097,43,seeker,no_objects,1,31,0,0
V7E010,1890097,43,hider,no_objects,1,100,0,0
V7E010,1890098,43,seeker,full,0,100,0,0
V7E010,1890098,43,hider,full,0,27,0,0
V7E010,1890098,43,seeker,no_block,1,26,0,0
V7E010,1890098,43,hider,no_block,0,12,0,0
V7E010,1890098,43,seeker,no_ramp,0,100,0,0
V7E010,1890098,43,hider,no_ramp,0,27,0,0
V7E010,1890098,43,seeker,no_objects,1,26,0,0
V7E010,1890098,43,hider,no_objects,0,12,0,0
V7E010,1890099,43,seeker,full,1,3,0,0
V7E010,1890099,43,hider,full,0,2,0,0
V7E010,1890099,43,seeker,no_block,1,3,0,0
V7E010,1890099,43,hider,no_block,0,2,0,0
V7E010,1890099,43,seeker,no_ramp,1,3,0,0
V7E010,1890099,43,hider,no_ramp,0,2,0,0
V7E010,1890099,43,seeker,no_objects,1,3,0,0
V7E010,1890099,43,hider,no_objects,0,2,0,0
