map,eval_seed,training_seed,role,mode,success,steps,pushes,crosses
V7E001,1800000,41,seeker,full,1,5,0,0
V7E001,1800000,41,hider,full,1,100,0,0
V7E001,1800000,41,seeker,no_block,1,5,0,0
V7E001,1800000,41,hider,no_block,0,9,0,1
V7E001,1800000,41,seeker,no_ramp,1,5,0,0
V7E001,1800000,41,hider,no_ramp,1,100,0,0
V7E001,1800000,41,seeker,no_objects,1,5,0,0
V7E001,1800000,41,hider,no_objects,1,100,0,0
V7E001,1800001,41,seeker,full,1,10,0,0
V7E001,1800001,41,hider,full,0,15,0,1
V7E001,1800001,41,seeker,no_block,1,10,0,0
V7E001,1800001,41,hider,no_block,0,9,0,1
V7E001,1800001,41,seeker,no_ramp,1,10,0,0
V7E001,1800001,41,hider,no_ramp,1,100,0,0
V7E001,1800001,41,seeker,no_objects,1,10,0,0
V7E001,1800001,41,hider,no_objects,1,100,0,0
V7E001,1800002,41,seeker,full,1,10,2,0
V7E001,1800002,41,hider,full,0,10,0,0
V7E001,1800002,41,seeker,no_block,1,10,0,0
V7E001,1800002,41,hider,no_block,0,5,0,0
V7E001,1800002,41,seeker,no_ramp,1,10,2,0
V7E001,1800002,41,hider,no_ramp,0,10,0,0
V7E001,1800002,41,seeker,no_objects,1,10,0,0
V7E001,1800002,41,hider,no_objects,0,5,0,0
V7E001,1800003,41,seeker,full,0,100,1,0
V7E001,1800003,41,hider,full,0,27,1,0
V7E001,1800003,41,seeker,no_block,1,9,0,0
V7E001,1800003,41,hider,no_block,0,9,0,0
V7E001,1800003,41,seeker,no_ramp,0,100,1,0
V7E001,1800003,41,hider,no_ramp,0,27,1,0
V7E001,1800003,41,seeker,no_objects,1,9,0,0
V7E001,1800003,41,hider,no_objects,0,9,0,0
V7E001,1800004,41,seeker,full,1,13,0,0
V7E001,1800004,41,hider,full,0,13,0,0
V7E001,1800004,41,seeker,no_block,1,13,0,0
V7E001,1800004,41,hider,no_block,0,11,0,0
V7E001,1800004,41,seeker,no_ramp,1,13,0,0
V7E001,1800004,41,hider,no_ramp,0,13,0,0
V7E001,1800004,41,seeker,no_objects,1,13,0,0
V7E001,1800004,41,hider,no_objects,0,11,0,0
V7E001,1800005,41,seeker,full,1,10,0,0
V7E001,1800005,41,hider,full,0,39,0,0
V7E001,1800005,41,seeker,no_block,1,10,0,0
V7E001,1800005,41,hider,no_block,1,100,0,0
V7E001,1800005,41,seeker,no_ramp,1,10,0,0
V7E001,1800005,41,hider,no_ramp,0,14,0,0
V7E001,1800005,41,seeker,no_objects,1,10,0,0
V7E001,1800005,41,hider,no_objects,0,19,0,0
V7E001,1800006,41,seeker,full,1,6,0,0
V7E001,1800006,41,hider,full,1,100,0,0
V7E001,1800006,41,seeker,no_block,1,6,0,0
V7E001,1800006,41,hider,no_block,1,100,0,0
V7E001,1800006,41,seeker,no_ramp,1,6,0,0
V7E001,1800006,41,hider,no_ramp,1,100,0,0
V7E001,1800006,41,seeker,no_objects,1,6,0,0
V7E001,1800006,41,hider,no_objects,1,100,0,0
V7E001,1800007,41,seeker,full,0,100,2,0
V7E001,1800007,41,hider,full,0,23,1,1
V7E001,1800007,41,seeker,no_block,0,100,0,0
V7E001,1800007,41,hider,no_block,0,5,0,1
V7E001,1800007,41,seeker,no_ramp,0,100,2,0
V7E001,1800007,41,hider,no_ramp,1,100,0,0
V7E001,1800007,41,seeker,no_objects,0,100,0,0
V7E001,1800007,41,hider,no_objects,1,100,0,0
V7E001,1800008,41,seeker,full,1,6,0,0
V7E001,1800008,41,hider,full,1,100,0,0
V7E001,1800008,41,seeker,no_block,1,6,0,0
V7E001,1800008,41,hider,no_block,1,100,0,0
V7E001,1800008,41,seeker,no_ramp,1,6,0,0
V7E001,1800008,41,hider,no_ramp,1,100,0,0
V7E001,1800008,41,seeker,no_objects,1,6,0,0
V7E001,1800008,41,hider,no_objects,1,100,0,0
V7E001,1800009,41,seeker,full,1,5,0,1
V7E001,1800009,41,hider,full,0,5,0,0
V7E001,1800009,41,seeker,no_block,1,5,0,1
V7E001,1800009,41,hider,no_block,0,5,0,0
V7E001,1800009,41,seeker,no_ramp,0,100,1,0
V7E001,1800009,41,hider,no_ramp,0,36,1,0
V7E001,1800009,41,seeker,no_objects,1,18,0,0
V7E001,1800009,41,hider,no_objects,0,18,0,0
V7E001,1800010,41,seeker,full,1,50,3,0
V7E001,1800010,41,hider,full,1,100,0,0
V7E001,1800010,41,seeker,no_block,1,22,0,0
V7E001,1800010,41,hider,no_block,1,100,0,0
V7E001,1800010,41,seeker,no_ramp,1,40,3,0
V7E001,1800010,41,hider,no_ramp,1,100,0,0
V7E001,1800010,41,seeker,no_objects,1,42,0,0
V7E001,1800010,41,hider,no_objects,1,100,0,0
V7E001,1800011,41,seeker,full,1,7,0,0
V7E001,1800011,41,hider,full,0,6,0,0
V7E001,1800011,41,seeker,no_block,1,7,0,0
V7E001,1800011,41,hider,no_block,0,6,0,0
V7E001,1800011,41,seeker,no_ramp,1,7,0,0
V7E001,1800011,41,hider,no_ramp,0,6,0,0
V7E001,1800011,41,seeker,no_objects,1,7,0,0
V7E001,1800011,41,hider,no_objects,0,6,0,0
V7E001,1800012,41,seeker,full,1,10,0,0
V7E001,1800012,41,hider,full,1,100,0,0
V7E001,1800012,41,seeker,no_block,1,10,0,0
V7E001,1800012,41,hider,no_block,1,100,0,0
V7E001,1800012,41,seeker,no_ramp,1,10,0,0
V7E001,1800012,41,hider,no_ramp,1,100,0,0
V7E001,1800012,41,seeker,no_objects,1,10,0,0
V7E001,1800012,41,hider,no_objects,1,100,0,0
V7E001,1800013,41,seeker,full,0,100,1,0
V7E001,1800013,41,hider,full,0,28,1,0
V7E001,1800013,41,seeker,no_block,1,10,0,0
V7E001,1800013,41,hider,no_block,0,10,0,0
V7E001,1800013,41,seeker,no_ramp,0,100,1,0
V7E001,1800013,41,hider,no_ramp,0,28,1,0
V7E001,1800013,41,seeker,no_objects,1,10,0,0
V7E001,1800013,41,hider,no_objects,0,10,0,0
V7E001,1800014,41,seeker,full,1,47,3,1
V7E001,1800014,41,hider,full,1,100,0,0
V7E001,1800014,41,seeker,no_block,1,47,0,1
V7E001,1800014,41,hider,no_block,0,11,0,0
V7E001,1800014,41,seeker,no_ramp,0,100,2,0
V7E001,1800014,41,hider,no_ramp,0,42,0,0
V7E001,1800014,41,seeker,no_objects,0,100,0,0
V7E001,1800014,41,hider,no_objects,0,11,0,0
V7E001,1800015,41,seeker,full,1,20,3,0
V7E001,1800015,41,hider,full,1,100,0,1
V7E001,1800015,41,seeker,no_block,1,20,0,0
V7E001,1800015,41,hider,no_block,1,100,0,1
V7E001,1800015,41,seeker,no_ramp,1,20,3,0
V7E001,1800015,41,hider,no_ramp,1,100,0,0
V7E001,1800015,41,seeker,no_objects,1,20,0,0
V7E001,1800015,41,hider,no_objects,1,100,0,0
V7E001,1800016,41,seeker,full,1,5,0,0
V7E001,1800016,41,hider,full,1,100,0,0
V7E001,1800016,41,seeker,no_block,1,5,0,0
V7E001,1800016,41,hider,no_block,0,16,0,1
V7E001,1800016,41,seeker,no_ramp,1,5,0,0
V7E001,1800016,41,hider,no_ramp,1,100,0,0
V7E001,1800016,41,seeker,no_objects,1,5,0,0
V7E001,1800016,41,hider,no_objects,1,100,0,0
V7E001,1800017,41,seeker,full,1,9,0,0
V7E001,1800017,41,hider,full,1,100,0,0
V7E001,1800017,41,seeker,no_block,1,9,0,0
V7E001,1800017,41,hider,no_block,0,11,0,1
V7E001,1800017,41,seeker,no_ramp,1,9,0,0
V7E001,1800017,41,hider,no_ramp,1,100,0,0
V7E001,1800017,41,seeker,no_objects,1,9,0,0
V7E001,1800017,41,hider,no_objects,1,100,0,0
V7E001,1800018,41,seeker,full,0,100,1,0
V7E001,1800018,41,hider,full,0,28,1,0
V7E001,1800018,41,seeker,no_block,1,9,0,0
V7E001,1800018,41,hider,no_block,1,100,0,0
V7E001,1800018,41,seeker,no_ramp,0,100,1,0
V7E001,1800018,41,hider,no_ramp,0,28,1,0
V7E001,1800018,41,seeker,no_objects,1,9,0,0
V7E001,1800018,41,hider,no_objects,1,100,0,0
V7E001,1800019,41,seeker,full,1,1,0,1
V7E001,1800019,41,hider,full,0,1,0,0
V7E001,1800019,41,seeker,no_block,1,1,0,1
V7E001,1800019,41,hider,no_block,0,1,0,0
V7E001,1800019,41,seeker,no_ramp,1,30,2,0
V7E001,1800019,41,hider,no_ramp,0,28,1,0
V7E001,1800019,41,seeker,no_objects,1,16,0,0
V7E001,1800019,41,hider,no_objects,1,100,0,0
V7E001,1800020,41,seeker,full,1,8,0,0
V7E001,1800020,41,hider,full,1,100,0,0
V7E001,1800020,41,seeker,no_block,1,8,0,0
V7E001,1800020,41,hider,no_block,0,11,0,1
V7E001,1800020,41,seeker,no_ramp,1,8,0,0
V7E001,1800020,41,hider,no_ramp,1,100,0,0
V7E001,1800020,41,seeker,no_objects,1,8,0,0
V7E001,1800020,41,hider,no_objects,1,100,0,0
V7E001,1800021,41,seeker,full,0,100,2,0
V7E001,1800021,41,hider,full,0,10,1,1
V7E001,1800021,41,seeker,no_block,1,25,0,0
V7E001,1800021,41,hider,no_block,0,10,0,1
V7E001,1800021,41,seeker,no_ramp,0,100,2,0
V7E001,1800021,41,hider,no_ramp,1,100,0,0
V7E001,1800021,41,seeker,no_objects,1,25,0,0
V7E001,1800021,41,hider,no_objects,1,100,0,0
V7E001,1800022,41,seeker,full,1,1,0,0
V7E001,1800022,41,hider,full,0,1,0,0
V7E001,1800022,41,seeker,no_block,1,1,0,0
V7E001,1800022,41,hider,no_block,0,1,0,0
V7E001,1800022,41,seeker,no_ramp,1,1,0,0
V7E001,1800022,41,hider,no_ramp,0,1,0,0
V7E001,1800022,41,seeker,no_objects,1,1,0,0
V7E001,1800022,41,hider,no_objects,0,1,0,0
V7E001,1800023,41,seeker,full,1,30,2,0
V7E001,1800023,41,hider,full,0,28,1,0
V7E001,1800023,41,seeker,no_block,1,16,0,0
V7E001,1800023,41,hider,no_block,1,100,0,0
V7E001,1800023,41,seeker,no_ramp,1,30,2,0
V7E001,1800023,41,hider,no_ramp,0,28,1,0
V7E001,1800023,41,seeker,no_objects,1,16,0,0
V7E001,1800023,41,hider,no_objects,1,100,0,0
V7E001,1800024,41,seeker,full,1,2,0,0
V7E001,1800024,41,hider,full,1,100,0,0
V7E001,1800024,41,seeker,no_block,1,2,0,0
V7E001,1800024,41,hider,no_block,1,100,0,0
V7E001,1800024,41,seeker,no_ramp,1,2,0,0
V7E001,1800024,41,hider,no_ramp,0,2,0,0
V7E001,1800024,41,seeker,no_objects,1,2,0,0
V7E001,1800024,41,hider,no_objects,0,2,0,0
V7E001,1800025,41,seeker,full,1,14,2,1
V7E001,1800025,41,hider,full,0,13,0,0
V7E001,1800025,41,seeker,no_block,1,14,0,1
V7E001,1800025,41,hider,no_block,0,13,0,0
V7E001,1800025,41,seeker,no_ramp,1,15,0,0
V7E001,1800025,41,hider,no_ramp,0,14,0,0
V7E001,1800025,41,seeker,no_objects,1,15,0,0
V7E001,1800025,41,hider,no_objects,0,12,0,0
V7E001,1800026,41,seeker,full,1,24,3,0
V7E001,1800026,41,hider,full,1,100,0,0
V7E001,1800026,41,seeker,no_block,1,24,0,0
V7E001,1800026,41,hider,no_block,1,100,0,0
V7E001,1800026,41,seeker,no_ramp,1,24,3,0
V7E001,1800026,41,hider,no_ramp,1,100,0,0
V7E001,1800026,41,seeker,no_objects,1,24,0,0
V7E001,1800026,41,hider,no_objects,1,100,0,0
V7E001,1800027,41,seeker,full,1,23,3,0
V7E001,1800027,41,hider,full,0,11,0,0
V7E001,1800027,41,seeker,no_block,1,23,0,0
V7E001,1800027,41,hider,no_block,0,11,0,0
V7E001,1800027,41,seeker,no_ramp,1,23,3,0
V7E001,1800027,41,hider,no_ramp,1,100,0,0
V7E001,1800027,41,seeker,no_objects,1,23,0,0
V7E001,1800027,41,hider,no_objects,1,100,0,0
V7E001,1800028,41,seeker,full,1,2,0,0
V7E001,1800028,41,hider,full,0,4,0,0
V7E001,1800028,41,seeker,no_block,1,2,0,0
V7E001,1800028,41,hider,no_block,0,3,0,0
V7E001,1800028,41,seeker,no_ramp,1,2,0,0
V7E001,1800028,41,hider,no_ramp,0,2,0,0
V7E001,1800028,41,seeker,no_objects,1,2,0,0
V7E001,1800028,41,hider,no_objects,0,2,0,0
V7E001,1800029,41,seeker,full,1,30,2,0
V7E001,1800029,41,hider,full,0,28,1,0
V7E001,1800029,41,seeker,no_block,1,16,0,0
V7E001,1800029,41,hider,no_block,1,100,0,0
V7E001,1800029,41,seeker,no_ramp,1,30,2,0
V7E001,1800029,41,hider,no_ramp,0,28,1,0
V7E001,1800029,41,seeker,no_objects,1,16,0,0
V7E001,1800029,41,hider,no_objects,1,100,0,0
V7E001,1800030,41,seeker,full,1,10,2,1
V7E001,1800030,41,hider,full,0,5,0,0
V7E001,1800030,41,seeker,no_block,1,10,0,1
V7E001,1800030,41,hider,no_block,0,4,0,0
V7E001,1800030,41,seeker,no_ramp,1,7,0,0
V7E001,1800030,41,hider,no_ramp,0,3,0,0
V7E001,1800030,41,seeker,no_objects,1,7,0,0
V7E001,1800030,41,hider,no_objects,0,12,0,0
V7E001,1800031,41,seeker,full,1,3,0,0
V7E001,1800031,41,hider,full,0,7,0,0
V7E001,1800031,41,seeker,no_block,1,3,0,0
V7E001,1800031,41,hider,no_block,0,7,0,0
V7E001,1800031,41,seeker,no_ramp,1,3,0,0
V7E001,1800031,41,hider,no_ramp,0,7,0,0
V7E001,1800031,41,seeker,no_objects,1,3,0,0
V7E001,1800031,41,hider,no_objects,0,7,0,0
V7E001,1800032,41,seeker,full,1,7,0,0
V7E001,1800032,41,hider,full,1,100,0,0
V7E001,1800032,41,seeker,no_block,1,7,0,0
V7E001,1800032,41,hider,no_block,1,100,0,1
V7E001,1800032,41,seeker,no_ramp,1,7,0,0
V7E001,1800032,41,hider,no_ramp,1,100,0,0
V7E001,1800032,41,seeker,no_objects,1,7,0,0
V7E001,1800032,41,hider,no_objects,1,100,0,0
V7E001,1800033,41,seeker,full,1,3,0,0
V7E001,1800033,41,hider,full,0,2,0,0
V7E001,1800033,41,seeker,no_block,1,3,0,0
V7E001,1800033,41,hider,no_block,1,100,0,0
V7E001,1800033,41,seeker,no_ramp,1,3,0,0
V7E001,1800033,41,hider,no_ramp,0,2,0,0
V7E001,1800033,41,seeker,no_objects,1,3,0,0
V7E001,1800033,41,hider,no_objects,0,2,0,0
V7E001,1800034,41,seeker,full,1,6,2,0
V7E001,1800034,41,hider,full,0,6,1,0
V7E001,1800034,41,seeker,no_block,1,6,0,0
V7E001,1800034,41,hider,no_block,1,100,0,0
V7E001,1800034,41,seeker,no_ramp,1,6,2,0
V7E001,1800034,41,hider,no_ramp,0,6,1,0
V7E001,1800034,41,seeker,no_objects,1,6,0,0
V7E001,1800034,41,hider,no_objects,1,100,0,0
V7E001,1800035,41,seeker,full,1,4,0,0
V7E001,1800035,41,hider,full,1,100,0,0
V7E001,1800035,41,seeker,no_block,1,4,0,0
V7E001,1800035,41,hider,no_block,1,100,0,0
V7E001,1800035,41,seeker,no_ramp,1,4,0,0
V7E001,1800035,41,hider,no_ramp,0,5,0,0
V7E001,1800035,41,seeker,no_objects,1,4,0,0
V7E001,1800035,41,hider,no_objects,0,5,0,0
V7E001,1800036,41,seeker,full,1,2,0,0
V7E001,1800036,41,hider,full,0,2,0,0
V7E001,1800036,41,seeker,no_block,1,2,0,0
V7E001,1800036,41,hider,no_block,0,2,0,0
V7E001,1800036,41,seeker,no_ramp,1,2,0,0
V7E001,1800036,41,hider,no_ramp,0,2,0,0
V7E001,1800036,41,seeker,no_objects,1,2,0,0
V7E001,1800036,41,hider,no_objects,0,2,0,0
V7E001,1800037,41,seeker,full,1,52,3,2
V7E001,1800037,41,hider,full,1,100,0,0
V7E001,1800037,41,seeker,no_block,1,31,0,1
V7E001,1800037,41,hider,no_block,1,100,0,0
V7E001,1800037,41,seeker,no_ramp,0,100,2,0
V7E001,1800037,41,hider,no_ramp,1,100,0,0
V7E001,1800037,41,seeker,no_objects,0,100,0,0
V7E001,1800037,41,hider,no_objects,1,100,0,0
V7E001,1800038,41,seeker,full,1,9,2,1
V7E001,1800038,41,hider,full,1,100,0,1
V7E001,1800038,41,seeker,no_block,1,9,0,1
V7E001,1800038,41,hider,no_block,0,4,0,0
V7E001,1800038,41,seeker,no_ramp,1,8,0,0
V7E001,1800038,41,hider,no_ramp,0,4,0,0
V7E001,1800038,41,seeker,no_objects,1,8,0,0
V7E001,1800038,41,hider,no_objects,1,100,0,0
V7E001,1800039,41,seeker,full,1,3,0,0
V7E001,1800039,41,hider,full,0,7,0,0
V7E001,1800039,41,seeker,no_block,1,3,0,0
V7E001,1800039,41,hider,no_block,0,7,0,0
V7E001,1800039,41,seeker,no_ramp,1,3,0,0
V7E001,1800039,41,hider,no_ramp,0,7,0,0
V7E001,1800039,41,seeker,no_objects,1,3,0,0
V7E001,1800039,41,hider,no_objects,0,7,0,0
V7E001,1800040,41,seeker,full,1,3,0,0
V7E001,1800040,41,hider,full,0,1,0,0
V7E001,1800040,41,seeker,no_block,1,3,0,0
V7E001,1800040,41,hider,no_block,0,1,0,0
V7E001,1800040,41,seeker,no_ramp,1,3,0,0
V7E001,1800040,41,hider,no_ramp,1,100,0,0
V7E001,1800040,41,seeker,no_objects,1,3,0,0
V7E001,1800040,41,hider,no_objects,0,1,0,0
V7E001,1800041,41,seeker,full,1,23,3,0
V7E001,1800041,41,hider,full,1,100,0,1
V7E001,1800041,41,seeker,no_block,1,23,0,0
V7E001,1800041,41,hider,no_block,0,8,0,1
V7E001,1800041,41,seeker,no_ramp,1,23,3,0
V7E001,1800041,41,hider,no_ramp,1,100,0,0
V7E001,1800041,41,seeker,no_objects,1,23,0,0
V7E001,1800041,41,hider,no_objects,1,100,0,0
V7E001,1800042,41,seeker,full,1,5,1,1
V7E001,1800042,41,hider,full,0,11,1,0
V7E001,1800042,41,seeker,no_block,1,5,0,1
V7E001,1800042,41,hider,no_block,0,11,0,0
V7E001,1800042,41,seeker,no_ramp,1,17,0,0
V7E001,1800042,41,hider,no_ramp,0,6,0,0
V7E001,1800042,41,seeker,no_objects,1,18,0,0
V7E001,1800042,41,hider,no_objects,1,100,0,0
V7E001,1800043,41,seeker,full,1,4,0,0
V7E001,1800043,41,hider,full,1,100,0,0
V7E001,1800043,41,seeker,no_block,1,4,0,0
V7E001,1800043,41,hider,no_block,0,53,0,0
V7E001,1800043,41,seeker,no_ramp,1,4,0,0
V7E001,1800043,41,hider,no_ramp,0,7,0,0
V7E001,1800043,41,seeker,no_objects,1,4,0,0
V7E001,1800043,41,hider,no_objects,0,6,0,0
V7E001,1800044,41,seeker,full,1,12,2,1
V7E001,1800044,41,hider,full,0,8,2,0
V7E001,1800044,41,seeker,no_block,1,12,0,1
V7E001,1800044,41,hider,no_block,0,7,0,0
V7E001,1800044,41,seeker,no_ramp,1,17,0,0
V7E001,1800044,41,hider,no_ramp,0,19,3,0
V7E001,1800044,41,seeker,no_objects,1,17,0,0
V7E001,1800044,41,hider,no_objects,0,19,0,0
V7E001,1800045,41,seeker,full,1,10,2,1
V7E001,1800045,41,hider,full,0,10,1,0
V7E001,1800045,41,seeker,no_block,1,10,0,1
V7E001,1800045,41,hider,no_block,0,10,0,0
V7E001,1800045,41,seeker,no_ramp,1,9,0,0
V7E001,1800045,41,hider,no_ramp,0,5,0,0
V7E001,1800045,41,seeker,no_objects,1,9,0,0
V7E001,1800045,41,hider,no_objects,1,100,0,0
V7E001,1800046,41,seeker,full,1,24,0,0
V7E001,1800046,41,hider,full,1,100,0,0
V7E001,1800046,41,seeker,no_block,1,24,0,0
V7E001,1800046,41,hider,no_block,1,100,0,0
V7E001,1800046,41,seeker,no_ramp,1,24,0,0
V7E001,1800046,41,hider,no_ramp,1,100,0,0
V7E001,1800046,41,seeker,no_objects,1,24,0,0
V7E001,1800046,41,hider,no_objects,1,100,0,0
V7E001,1800047,41,seeker,full,1,7,0,0
V7E001,1800047,41,hider,full,0,8,3,0
V7E001,1800047,41,seeker,no_block,1,8,0,0
V7E001,1800047,41,hider,no_block,0,8,0,0
V7E001,1800047,41,seeker,no_ramp,1,7,0,0
V7E001,1800047,41,hider,no_ramp,0,8,3,0
V7E001,1800047,41,seeker,no_objects,1,8,0,0
V7E001,1800047,41,hider,no_objects,0,8,0,0
V7E001,1800048,41,seeker,full,1,56,3,2
V7E001,1800048,41,hider,full,1,100,0,0
V7E001,1800048,41,seeker,no_block,1,35,0,1
V7E001,1800048,41,hider,no_block,0,56,0,0
V7E001,1800048,41,seeker,no_ramp,0,100,2,0
V7E001,1800048,41,hider,no_ramp,0,49,0,0
V7E001,1800048,41,seeker,no_objects,0,100,0,0
V7E001,1800048,41,hider,no_objects,0,10,0,0
V7E001,1800049,41,seeker,full,1,31,3,0
V7E001,1800049,41,hider,full,1,100,0,0
V7E001,1800049,41,seeker,no_block,1,31,0,0
V7E001,1800049,41,hider,no_block,1,100,0,0
V7E001,1800049,41,seeker,no_ramp,1,31,3,0
V7E001,1800049,41,hider,no_ramp,1,100,0,0
V7E001,1800049,41,seeker,no_objects,1,31,0,0
V7E001,1800049,41,hider,no_objects,1,100,0,0
V7E001,1800050,41,seeker,full,1,1,0,0
V7E001,1800050,41,hider,full,0,1,0,0
V7E001,1800050,41,seeker,no_block,1,1,0,0
V7E001,1800050,41,hider,no_block,0,1,0,0
V7E001,1800050,41,seeker,no_ramp,1,1,0,0
V7E001,1800050,41,hider,no_ramp,0,1,0,0
V7E001,1800050,41,seeker,no_objects,1,1,0,0
V7E001,1800050,41,hider,no_objects,0,1,0,0
V7E001,1800051,41,seeker,full,1,3,0,0
V7E001,1800051,41,hider,full,1,100,0,0
V7E001,1800051,41,seeker,no_block,1,3,0,0
V7E001,1800051,41,hider,no_block,1,100,0,0
V7E001,1800051,41,seeker,no_ramp,1,3,0,0
V7E001,1800051,41,hider,no_ramp,1,100,0,0
V7E001,1800051,41,seeker,no_objects,1,3,0,0
V7E001,1800051,41,hider,no_objects,1,100,0,0
V7E001,1800052,41,seeker,full,1,9,0,0
V7E001,1800052,41,hider,full,1,100,0,0
V7E001,1800052,41,seeker,no_block,1,9,0,0
V7E001,1800052,41,hider,no_block,1,100,0,0
V7E001,1800052,41,seeker,no_ramp,1,9,0,0
V7E001,1800052,41,hider,no_ramp,1,100,0,0
V7E001,1800052,41,seeker,no_objects,1,9,0,0
V7E001,1800052,41,hider,no_objects,1,100,0,0
V7E001,1800053,41,seeker,full,1,1,0,0
V7E001,1800053,41,hider,full,0,1,0,0
V7E001,1800053,41,seeker,no_block,1,1,0,0
V7E001,1800053,41,hider,no_block,0,1,0,0
V7E001,1800053,41,seeker,no_ramp,1,1,0,0
V7E001,1800053,41,hider,no_ramp,0,1,0,0
V7E001,1800053,41,seeker,no_objects,1,1,0,0
V7E001,1800053,41,hider,no_objects,0,1,0,0
V7E001,1800054,41,seeker,full,1,3,0,0
V7E001,1800054,41,hider,full,1,100,0,0
V7E001,1800054,41,seeker,no_block,1,3,0,0
V7E001,1800054,41,hider,no_block,1,100,0,0
V7E001,1800054,41,seeker,no_ramp,1,3,0,0
V7E001,1800054,41,hider,no_ramp,0,4,0,0
V7E001,1800054,41,seeker,no_objects,1,3,0,0
V7E001,1800054,41,hider,no_objects,0,3,0,0
V7E001,1800055,41,seeker,full,0,100,2,0
V7E001,1800055,41,hider,full,0,6,1,0
V7E001,1800055,41,seeker,no_block,1,6,0,0
V7E001,1800055,41,hider,no_block,1,100,0,0
V7E001,1800055,41,seeker,no_ramp,0,100,2,0
V7E001,1800055,41,hider,no_ramp,0,6,1,0
V7E001,1800055,41,seeker,no_objects,1,6,0,0
V7E001,1800055,41,hider,no_objects,1,100,0,0
V7E001,1800056,41,seeker,full,1,25,3,0
V7E001,1800056,41,hider,full,0,42,0,0
V7E001,1800056,41,seeker,no_block,1,23,0,0
V7E001,1800056,41,hider,no_block,1,100,0,0
V7E001,1800056,41,seeker,no_ramp,1,43,3,0
V7E001,1800056,41,hider,no_ramp,0,22,0,0
V7E001,1800056,41,seeker,no_objects,1,25,0,0
V7E001,1800056,41,hider,no_objects,0,27,0,0
V7E001,1800057,41,seeker,full,1,1,0,0
V7E001,1800057,41,hider,full,0,1,0,0
V7E001,1800057,41,seeker,no_block,1,1,0,0
V7E001,1800057,41,hider,no_block,0,1,0,0
V7E001,1800057,41,seeker,no_ramp,1,1,0,0
V7E001,1800057,41,hider,no_ramp,0,1,0,0
V7E001,1800057,41,seeker,no_objects,1,1,0,0
V7E001,1800057,41,hider,no_objects,0,1,0,0
V7E001,1800058,41,seeker,full,1,8,0,0
V7E001,1800058,41,hider,full,0,6,0,0
V7E001,1800058,41,seeker,no_block,1,9,0,0
V7E001,1800058,41,hider,no_block,0,6,0,0
V7E001,1800058,41,seeker,no_ramp,1,8,0,0
V7E001,1800058,41,hider,no_ramp,0,4,0,0
V7E001,1800058,41,seeker,no_objects,1,9,0,0
V7E001,1800058,41,hider,no_objects,0,9,0,0
V7E001,1800059,41,seeker,full,1,10,0,0
V7E001,1800059,41,hider,full,1,100,0,1
V7E001,1800059,41,seeker,no_block,1,10,0,0
V7E001,1800059,41,hider,no_block,1,100,0,0
V7E001,1800059,41,seeker,no_ramp,1,10,0,0
V7E001,1800059,41,hider,no_ramp,1,100,0,0
V7E001,1800059,41,seeker,no_objects,1,10,0,0
V7E001,1800059,41,hider,no_objects,1,100,0,0
V7E001,1800060,41,seeker,full,1,35,3,1
V7E001,1800060,41,hider,full,1,100,0,0
V7E001,1800060,41,seeker,no_block,1,35,0,1
V7E001,1800060,41,hider,no_block,1,100,0,0
V7E001,1800060,41,seeker,no_ramp,0,100,2,0
V7E001,1800060,41,hider,no_ramp,0,51,0,0
V7E001,1800060,41,seeker,no_objects,0,100,0,0
V7E001,1800060,41,hider,no_objects,0,10,0,0
V7E001,1800061,41,seeker,full,1,1,0,0
V7E001,1800061,41,hider,full,0,1,0,0
V7E001,1800061,41,seeker,no_block,1,1,0,0
V7E001,1800061,41,hider,no_block,0,1,0,0
V7E001,1800061,41,seeker,no_ramp,1,1,0,0
V7E001,1800061,41,hider,no_ramp,0,1,0,0
V7E001,1800061,41,seeker,no_objects,1,1,0,0
V7E001,1800061,41,hider,no_objects,0,1,0,0
V7E001,1800062,41,seeker,full,1,9,0,0
V7E001,1800062,41,hider,full,0,1,0,0
V7E001,1800062,41,seeker,no_block,1,9,0,0
V7E001,1800062,41,hider,no_block,0,1,0,0
V7E001,1800062,41,seeker,no_ramp,1,9,0,0
V7E001,1800062,41,hider,no_ramp,1,100,0,0
V7E001,1800062,41,seeker,no_objects,1,9,0,0
V7E001,1800062,41,hider,no_objects,1,100,0,0
V7E001,1800063,41,seeker,full,1,4,0,0
V7E001,1800063,41,hider,full,1,100,0,0
V7E001,1800063,41,seeker,no_block,1,4,0,0
V7E001,1800063,41,hider,no_block,1,100,0,0
V7E001,1800063,41,seeker,no_ramp,1,4,0,0
V7E001,1800063,41,hider,no_ramp,1,100,0,0
V7E001,1800063,41,seeker,no_objects,1,4,0,0
V7E001,1800063,41,hider,no_objects,1,100,0,0
V7E001,1800064,41,seeker,full,1,9,0,0
V7E001,1800064,41,hider,full,0,11,0,0
V7E001,1800064,41,seeker,no_block,1,9,0,0
V7E001,1800064,41,hider,no_block,1,100,0,0
V7E001,1800064,41,seeker,no_ramp,1,9,0,0
V7E001,1800064,41,hider,no_ramp,1,100,0,0
V7E001,1800064,41,seeker,no_objects,1,9,0,0
V7E001,1800064,41,hider,no_objects,1,100,0,0
V7E001,1800065,41,seeker,full,1,9,0,0
V7E001,1800065,41,hider,full,0,8,0,0
V7E001,1800065,41,seeker,no_block,1,10,0,0
V7E001,1800065,41,hider,no_block,1,100,0,0
V7E001,1800065,41,seeker,no_ramp,1,9,0,0
V7E001,1800065,41,hider,no_ramp,0,4,0,0
V7E001,1800065,41,seeker,no_objects,1,10,0,0
V7E001,1800065,41,hider,no_objects,1,100,0,0
V7E001,1800066,41,seeker,full,1,8,0,0
V7E001,1800066,41,hider,full,0,12,0,1
V7E001,1800066,41,seeker,no_block,1,8,0,0
V7E001,1800066,41,hider,no_block,0,10,0,1
V7E001,1800066,41,seeker,no_ramp,1,8,0,0
V7E001,1800066,41,hider,no_ramp,1,100,0,0
V7E001,1800066,41,seeker,no_objects,1,8,0,0
V7E001,1800066,41,hider,no_objects,1,100,0,0
V7E001,1800067,41,seeker,full,1,1,0,0
V7E001,1800067,41,hider,full,1,100,0,0
V7E001,1800067,41,seeker,no_block,1,1,0,0
V7E001,1800067,41,hider,no_block,1,100,0,0
V7E001,1800067,41,seeker,no_ramp,1,1,0,0
V7E001,1800067,41,hider,no_ramp,0,2,0,0
V7E001,1800067,41,seeker,no_objects,1,1,0,0
V7E001,1800067,41,hider,no_objects,0,2,0,0
V7E001,1800068,41,seeker,full,1,2,0,0
V7E001,1800068,41,hider,full,0,2,0,0
V7E001,1800068,41,seeker,no_block,1,2,0,0
V7E001,1800068,41,hider,no_block,0,2,0,0
V7E001,1800068,41,seeker,no_ramp,1,2,0,0
V7E001,1800068,41,hider,no_ramp,0,2,0,0
V7E001,1800068,41,seeker,no_objects,1,2,0,0
V7E001,1800068,41,hider,no_objects,0,2,0,0
V7E001,1800069,41,seeker,full,1,2,0,0
V7E001,1800069,41,hider,full,0,2,0,0
V7E001,1800069,41,seeker,no_block,1,2,0,0
V7E001,1800069,41,hider,no_block,0,2,0,0
V7E001,1800069,41,seeker,no_ramp,1,2,0,0
V7E001,1800069,41,hider,no_ramp,0,2,0,0
V7E001,1800069,41,seeker,no_objects,1,2,0,0
V7E001,1800069,41,hider,no_objects,0,2,0,0
V7E001,1800070,41,seeker,full,1,5,0,0
V7E001,1800070,41,hider,full,0,1,0,0
V7E001,1800070,41,seeker,no_block,1,5,0,0
V7E001,1800070,41,hider,no_block,0,1,0,0
V7E001,1800070,41,seeker,no_ramp,1,5,0,0
V7E001,1800070,41,hider,no_ramp,1,100,0,0
V7E001,1800070,41,seeker,no_objects,1,5,0,0
V7E001,1800070,41,hider,no_objects,1,100,0,0
V7E001,1800071,41,seeker,full,1,21,3,0
V7E001,1800071,41,hider,full,1,100,0,0
V7E001,1800071,41,seeker,no_block,1,21,0,0
V7E001,1800071,41,hider,no_block,0,7,0,1
V7E001,1800071,41,seeker,no_ramp,1,21,3,0
V7E001,1800071,41,hider,no_ramp,1,100,0,0
V7E001,1800071,41,seeker,no_objects,1,21,0,0
V7E001,1800071,41,hider,no_objects,1,100,0,0
V7E001,1800072,41,seeker,full,0,100,2,0
V7E001,1800072,41,hider,full,0,9,0,0
V7E001,1800072,41,seeker,no_block,1,33,0,0
V7E001,1800072,41,hider,no_block,0,9,0,0
V7E001,1800072,41,seeker,no_ramp,0,100,2,0
V7E001,1800072,41,hider,no_ramp,1,100,0,0
V7E001,1800072,41,seeker,no_objects,1,33,0,0
V7E001,1800072,41,hider,no_objects,1,100,0,0
V7E001,1800073,41,seeker,full,1,3,0,0
V7E001,1800073,41,hider,full,0,35,0,0
V7E001,1800073,41,seeker,no_block,1,3,0,0
V7E001,1800073,41,hider,no_block,0,35,0,0
V7E001,1800073,41,seeker,no_ramp,1,3,0,0
V7E001,1800073,41,hider,no_ramp,0,11,0,0
V7E001,1800073,41,seeker,no_objects,1,3,0,0
V7E001,1800073,41,hider,no_objects,0,7,0,0
V7E001,1800074,41,seeker,full,1,28,3,0
V7E001,1800074,41,hider,full,0,44,0,0
V7E001,1800074,41,seeker,no_block,1,26,0,0
V7E001,1800074,41,hider,no_block,0,44,0,0
V7E001,1800074,41,seeker,no_ramp,1,46,3,0
V7E001,1800074,41,hider,no_ramp,0,25,0,0
V7E001,1800074,41,seeker,no_objects,1,26,0,0
V7E001,1800074,41,hider,no_objects,0,26,0,0
V7E001,1800075,41,seeker,full,1,4,0,0
V7E001,1800075,41,hider,full,1,100,3,0
V7E001,1800075,41,seeker,no_block,1,4,0,0
V7E001,1800075,41,hider,no_block,1,100,0,0
V7E001,1800075,41,seeker,no_ramp,1,4,0,0
V7E001,1800075,41,hider,no_ramp,1,100,3,0
V7E001,1800075,41,seeker,no_objects,1,4,0,0
V7E001,1800075,41,hider,no_objects,1,100,0,0
V7E001,1800076,41,seeker,full,1,2,0,0
V7E001,1800076,41,hider,full,1,100,0,0
V7E001,1800076,41,seeker,no_block,1,2,0,0
V7E001,1800076,41,hider,no_block,1,100,0,0
V7E001,1800076,41,seeker,no_ramp,1,2,0,0
V7E001,1800076,41,hider,no_ramp,1,100,0,0
V7E001,1800076,41,seeker,no_objects,1,2,0,0
V7E001,1800076,41,hider,no_objects,0,2,0,0
V7E001,1800077,41,seeker,full,1,1,0,0
V7E001,1800077,41,hider,full,0,1,0,0
V7E001,1800077,41,seeker,no_block,1,1,0,0
V7E001,1800077,41,hider,no_block,0,1,0,0
V7E001,1800077,41,seeker,no_ramp,1,1,0,0
V7E001,1800077,41,hider,no_ramp,0,1,0,0
V7E001,1800077,41,seeker,no_objects,1,1,0,0
V7E001,1800077,41,hider,no_objects,0,1,0,0
V7E001,1800078,41,seeker,full,1,17,2,1
V7E001,1800078,41,hider,full,0,14,0,0
V7E001,1800078,41,seeker,no_block,1,17,0,1
V7E001,1800078,41,hider,no_block,0,8,0,0
V7E001,1800078,41,seeker,no_ramp,1,24,0,0
V7E001,1800078,41,hider,no_ramp,0,23,0,0
V7E001,1800078,41,seeker,no_objects,1,24,0,0
V7E001,1800078,41,hider,no_objects,0,21,0,0
V7E001,1800079,41,seeker,full,1,4,0,0
V7E001,1800079,41,hider,full,1,100,0,0
V7E001,1800079,41,seeker,no_block,1,4,0,0
V7E001,1800079,41,hider,no_block,1,100,0,0
V7E001,1800079,41,seeker,no_ramp,1,4,0,0
V7E001,1800079,41,hider,no_ramp,0,6,0,0
V7E001,1800079,41,seeker,no_objects,1,4,0,0
V7E001,1800079,41,hider,no_objects,0,6,0,0
V7E001,1800080,41,seeker,full,1,4,0,0
V7E001,1800080,41,hider,full,1,100,0,0
V7E001,1800080,41,seeker,no_block,1,4,0,0
V7E001,1800080,41,hider,no_block,1,100,0,0
V7E001,1800080,41,seeker,no_ramp,1,4,0,0
V7E001,1800080,41,hider,no_ramp,1,100,0,0
V7E001,1800080,41,seeker,no_objects,1,4,0,0
V7E001,1800080,41,hider,no_objects,1,100,0,0
V7E001,1800081,41,seeker,full,1,13,2,0
V7E001,1800081,41,hider,full,0,10,1,0
V7E001,1800081,41,seeker,no_block,1,11,0,0
V7E001,1800081,41,hider,no_block,0,10,0,0
V7E001,1800081,41,seeker,no_ramp,1,13,2,0
V7E001,1800081,41,hider,no_ramp,0,10,1,0
V7E001,1800081,41,seeker,no_objects,1,11,0,0
V7E001,1800081,41,hider,no_objects,0,10,0,0
V7E001,1800082,41,seeker,full,0,100,2,0
V7E001,1800082,41,hider,full,0,24,0,0
V7E001,1800082,41,seeker,no_block,1,11,0,0
V7E001,1800082,41,hider,no_block,0,4,0,0
V7E001,1800082,41,seeker,no_ramp,0,100,2,0
V7E001,1800082,41,hider,no_ramp,0,62,1,0
V7E001,1800082,41,seeker,no_objects,1,11,0,0
V7E001,1800082,41,hider,no_objects,0,4,0,0
V7E001,1800083,41,seeker,full,1,7,0,1
V7E001,1800083,41,hider,full,0,5,0,0
V7E001,1800083,41,seeker,no_block,1,7,0,1
V7E001,1800083,41,hider,no_block,0,5,0,0
V7E001,1800083,41,seeker,no_ramp,1,40,2,0
V7E001,1800083,41,hider,no_ramp,0,38,1,0
V7E001,1800083,41,seeker,no_objects,1,38,0,0
V7E001,1800083,41,hider,no_objects,1,100,0,0
V7E001,1800084,41,seeker,full,0,100,2,0
V7E001,1800084,41,hider,full,0,56,0,0
V7E001,1800084,41,seeker,no_block,0,100,0,0
V7E001,1800084,41,hider,no_block,0,56,0,0
V7E001,1800084,41,seeker,no_ramp,0,100,2,0
V7E001,1800084,41,hider,no_ramp,0,37,0,0
V7E001,1800084,41,seeker,no_objects,0,100,0,0
V7E001,1800084,41,hider,no_objects,0,38,0,0
V7E001,1800085,41,seeker,full,1,4,0,1
V7E001,1800085,41,hider,full,0,5,0,0
V7E001,1800085,41,seeker,no_block,1,4,0,1
V7E001,1800085,41,hider,no_block,0,5,0,0
V7E001,1800085,41,seeker,no_ramp,1,39,2,0
V7E001,1800085,41,hider,no_ramp,0,37,1,0
V7E001,1800085,41,seeker,no_objects,1,23,0,0
V7E001,1800085,41,hider,no_objects,1,100,0,0
V7E001,1800086,41,seeker,full,1,45,0,0
V7E001,1800086,41,hider,full,0,26,0,0
V7E001,1800086,41,seeker,no_block,1,43,0,0
V7E001,1800086,41,hider,no_block,0,24,0,0
V7E001,1800086,41,seeker,no_ramp,1,41,0,0
V7E001,1800086,41,hider,no_ramp,0,25,0,0
V7E001,1800086,41,seeker,no_objects,1,41,0,0
V7E001,1800086,41,hider,no_objects,0,24,0,0
V7E001,1800087,41,seeker,full,1,6,0,0
V7E001,1800087,41,hider,full,1,100,0,0
V7E001,1800087,41,seeker,no_block,1,6,0,0
V7E001,1800087,41,hider,no_block,1,100,0,0
V7E001,1800087,41,seeker,no_ramp,1,6,0,0
V7E001,1800087,41,hider,no_ramp,1,100,0,0
V7E001,1800087,41,seeker,no_objects,1,6,0,0
V7E001,1800087,41,hider,no_objects,1,100,0,0
V7E001,1800088,41,seeker,full,1,10,0,0
V7E001,1800088,41,hider,full,1,100,0,0
V7E001,1800088,41,seeker,no_block,1,10,0,0
V7E001,1800088,41,hider,no_block,1,100,0,0
V7E001,1800088,41,seeker,no_ramp,1,10,0,0
V7E001,1800088,41,hider,no_ramp,1,100,0,0
V7E001,1800088,41,seeker,no_objects,1,10,0,0
V7E001,1800088,41,hider,no_objects,1,100,0,0
V7E001,1800089,41,seeker,full,0,100,2,0
V7E001,1800089,41,hider,full,0,58,0,0
V7E001,1800089,41,seeker,no_block,0,100,0,0
V7E001,1800089,41,hider,no_block,0,58,0,0
V7E001,1800089,41,seeker,no_ramp,0,100,2,0
V7E001,1800089,41,hider,no_ramp,0,39,0,0
V7E001,1800089,41,seeker,no_objects,0,100,0,0
V7E001,1800089,41,hider,no_objects,0,40,0,0
V7E001,1800090,41,seeker,full,1,9,2,0
V7E001,1800090,41,hider,full,0,6,1,0
V7E001,1800090,41,seeker,no_block,1,3,0,0
V7E001,1800090,41,hider,no_block,0,3,0,0
V7E001,1800090,41,seeker,no_ramp,1,9,2,0
V7E001,1800090,41,hider,no_ramp,0,6,1,0
V7E001,1800090,41,seeker,no_objects,1,3,0,0
V7E001,1800090,41,hider,no_objects,0,3,0,0
V7E001,1800091,41,seeker,full,1,5,0,0
V7E001,1800091,41,hider,full,1,100,0,0
V7E001,1800091,41,seeker,no_block,1,5,0,0
V7E001,1800091,41,hider,no_block,0,14,0,1
V7E001,1800091,41,seeker,no_ramp,1,5,0,0
V7E001,1800091,41,hider,no_ramp,1,100,0,0
V7E001,1800091,41,seeker,no_objects,1,5,0,0
V7E001,1800091,41,hider,no_objects,1,100,0,0
V7E001,1800092,41,seeker,full,1,28,2,0
V7E001,1800092,41,hider,full,0,26,1,0
V7E001,1800092,41,seeker,no_block,1,26,0,0
V7E001,1800092,41,hider,no_block,1,100,0,0
V7E001,1800092,41,seeker,no_ramp,1,28,2,0
V7E001,1800092,41,hider,no_ramp,0,26,1,0
V7E001,1800092,41,seeker,no_objects,1,26,0,0
V7E001,1800092,41,hider,no_objects,1,100,0,0
V7E001,1800093,41,seeker,full,1,12,0,0
V7E001,1800093,41,hider,full,1,100,0,0
V7E001,1800093,41,seeker,no_block,1,12,0,0
V7E001,1800093,41,hider,no_block,1,100,0,0
V7E001,1800093,41,seeker,no_ramp,1,12,0,0
V7E001,1800093,41,hider,no_ramp,1,100,0,0
V7E001,1800093,41,seeker,no_objects,1,12,0,0
V7E001,1800093,41,hider,no_objects,1,100,0,0
V7E001,1800094,41,seeker,full,0,100,2,0
V7E001,1800094,41,hider,full,1,100,0,0
V7E001,1800094,41,seeker,no_block,1,25,0,0
V7E001,1800094,41,hider,no_block,1,100,0,0
V7E001,1800094,41,seeker,no_ramp,1,43,3,0
V7E001,1800094,41,hider,no_ramp,1,100,0,0
V7E001,1800094,41,seeker,no_objects,1,43,0,0
V7E001,1800094,41,hider,no_objects,1,100,0,0
V7E001,1800095,41,seeker,full,1,13,2,1
V7E001,1800095,41,hider,full,1,100,2,0
V7E001,1800095,41,seeker,no_block,1,13,0,1
V7E001,1800095,41,hider,no_block,0,7,0,0
V7E001,1800095,41,seeker,no_ramp,1,20,0,0
V7E001,1800095,41,hider,no_ramp,1,100,3,0
V7E001,1800095,41,seeker,no_objects,1,20,0,0
V7E001,1800095,41,hider,no_objects,1,100,0,0
V7E001,1800096,41,seeker,full,1,14,0,0
V7E001,1800096,41,hider,full,0,14,0,0
V7E001,1800096,41,seeker,no_block,1,14,0,0
V7E001,1800096,41,hider,no_block,0,12,0,0
V7E001,1800096,41,seeker,no_ramp,1,14,0,0
V7E001,1800096,41,hider,no_ramp,0,14,0,0
V7E001,1800096,41,seeker,no_objects,1,14,0,0
V7E001,1800096,41,hider,no_objects,0,12,0,0
V7E001,1800097,41,seeker,full,1,8,0,0
V7E001,1800097,41,hider,full,1,100,3,0
V7E001,1800097,41,seeker,no_block,1,8,0,0
V7E001,1800097,41,hider,no_block,1,100,0,0
V7E001,1800097,41,seeker,no_ramp,1,8,0,0
V7E001,1800097,41,hider,no_ramp,1,100,3,0
V7E001,1800097,41,seeker,no_objects,1,8,0,0
V7E001,1800097,41,hider,no_objects,1,100,0,0
V7E001,1800098,41,seeker,full,1,26,3,0
V7E001,1800098,41,hider,full,0,9,1,1
V7E001,1800098,41,seeker,no_block,1,26,0,0
V7E001,1800098,41,hider,no_block,1,100,0,1
V7E001,1800098,41,seeker,no_ramp,1,26,3,0
V7E001,1800098,41,hider,no_ramp,1,100,0,0
V7E001,1800098,41,seeker,no_objects,1,26,0,0
V7E001,1800098,41,hider,no_objects,1,100,0,0
V7E001,1800099,41,seeker,full,1,1,0,0
V7E001,1800099,41,hider,full,0,1,0,0
V7E001,1800099,41,seeker,no_block,1,1,0,0
V7E001,1800099,41,hider,no_block,0,1,0,0
V7E001,1800099,41,seeker,no_ramp,1,1,0,0
V7E001,1800099,41,hider,no_ramp,0,1,0,0
V7E001,1800099,41,seeker,no_objects,1,1,0,0
V7E001,1800099,41,hider,no_objects,0,1,0,0
V7E002,1810000,41,seeker,full,1,20,2,0
V7E002,1810000,41,hider,full,1,100,3,0
V7E002,1810000,41,seeker,no_block,1,20,0,0
V7E002,1810000,41,hider,no_block,0,10,0,0
V7E002,1810000,41,seeker,no_ramp,1,20,2,0
V7E002,1810000,41,hider,no_ramp,1,100,3,0
V7E002,1810000,41,seeker,no_objects,1,20,0,0
V7E002,1810000,41,hider,no_objects,0,10,0,0
V7E002,1810001,41,seeker,full,1,1,0,0
V7E002,1810001,41,hider,full,0,1,0,0
V7E002,1810001,41,seeker,no_block,1,1,0,0
V7E002,1810001,41,hider,no_block,0,1,0,0
V7E002,1810001,41,seeker,no_ramp,1,1,0,0
V7E002,1810001,41,hider,no_ramp,0,1,0,0
V7E002,1810001,41,seeker,no_objects,1,1,0,0
V7E002,1810001,41,hider,no_objects,0,1,0,0
V7E002,1810002,41,seeker,full,1,20,2,0
V7E002,1810002,41,hider,full,0,10,3,0
V7E002,1810002,41,seeker,no_block,1,20,0,0
V7E002,1810002,41,hider,no_block,0,10,0,0
V7E002,1810002,41,seeker,no_ramp,1,20,2,0
V7E002,1810002,41,hider,no_ramp,0,10,3,0
V7E002,1810002,41,seeker,no_objects,1,20,0,0
V7E002,1810002,41,hider,no_objects,0,10,0,0
V7E002,1810003,41,seeker,full,0,100,1,1
V7E002,1810003,41,hider,full,0,34,1,0
V7E002,1810003,41,seeker,no_block,1,21,0,1
V7E002,1810003,41,hider,no_block,1,100,0,0
V7E002,1810003,41,seeker,no_ramp,0,100,1,0
V7E002,1810003,41,hider,no_ramp,0,38,1,0
V7E002,1810003,41,seeker,no_objects,1,38,0,0
V7E002,1810003,41,hider,no_objects,0,38,0,0
V7E002,1810004,41,seeker,full,1,21,2,0
V7E002,1810004,41,hider,full,1,100,2,0
V7E002,1810004,41,seeker,no_block,1,21,0,0
V7E002,1810004,41,hider,no_block,0,12,0,0
V7E002,1810004,41,seeker,no_ramp,1,21,2,0
V7E002,1810004,41,hider,no_ramp,1,100,2,0
V7E002,1810004,41,seeker,no_objects,1,21,0,0
V7E002,1810004,41,hider,no_objects,0,12,0,0
V7E002,1810005,41,seeker,full,1,1,0,0
V7E002,1810005,41,hider,full,0,1,0,0
V7E002,1810005,41,seeker,no_block,1,1,0,0
V7E002,1810005,41,hider,no_block,0,1,0,0
V7E002,1810005,41,seeker,no_ramp,1,1,0,0
V7E002,1810005,41,hider,no_ramp,0,1,0,0
V7E002,1810005,41,seeker,no_objects,1,1,0,0
V7E002,1810005,41,hider,no_objects,0,1,0,0
V7E002,1810006,41,seeker,full,1,9,0,1
V7E002,1810006,41,hider,full,1,100,3,1
V7E002,1810006,41,seeker,no_block,1,9,0,1
V7E002,1810006,41,hider,no_block,1,100,0,1
V7E002,1810006,41,seeker,no_ramp,1,5,0,0
V7E002,1810006,41,hider,no_ramp,0,4,0,0
V7E002,1810006,41,seeker,no_objects,1,5,0,0
V7E002,1810006,41,hider,no_objects,0,4,0,0
V7E002,1810007,41,seeker,full,0,100,1,1
V7E002,1810007,41,hider,full,0,39,1,0
V7E002,1810007,41,seeker,no_block,1,4,0,0
V7E002,1810007,41,hider,no_block,0,39,0,0
V7E002,1810007,41,seeker,no_ramp,0,100,1,0
V7E002,1810007,41,hider,no_ramp,0,45,1,0
V7E002,1810007,41,seeker,no_objects,1,4,0,0
V7E002,1810007,41,hider,no_objects,1,100,0,0
V7E002,1810008,41,seeker,full,1,1,0,0
V7E002,1810008,41,hider,full,0,1,0,0
V7E002,1810008,41,seeker,no_block,1,1,0,0
V7E002,1810008,41,hider,no_block,0,1,0,0
V7E002,1810008,41,seeker,no_ramp,1,1,0,0
V7E002,1810008,41,hider,no_ramp,0,1,0,0
V7E002,1810008,41,seeker,no_objects,1,1,0,0
V7E002,1810008,41,hider,no_objects,0,1,0,0
V7E002,1810009,41,seeker,full,1,6,0,0
V7E002,1810009,41,hider,full,0,8,3,0
V7E002,1810009,41,seeker,no_block,1,6,0,0
V7E002,1810009,41,hider,no_block,0,8,0,0
V7E002,1810009,41,seeker,no_ramp,1,6,0,0
V7E002,1810009,41,hider,no_ramp,0,8,3,0
V7E002,1810009,41,seeker,no_objects,1,6,0,0
V7E002,1810009,41,hider,no_objects,0,8,0,0
V7E002,1810010,41,seeker,full,1,24,0,1
V7E002,1810010,41,hider,full,0,33,3,0
V7E002,1810010,41,seeker,no_block,1,24,0,1
V7E002,1810010,41,hider,no_block,0,33,0,0
V7E002,1810010,41,seeker,no_ramp,1,25,0,0
V7E002,1810010,41,hider,no_ramp,1,100,3,0
V7E002,1810010,41,seeker,no_objects,1,25,0,0
V7E002,1810010,41,hider,no_objects,1,100,0,0
V7E002,1810011,41,seeker,full,0,100,0,0
V7E002,1810011,41,hider,full,0,32,3,0
V7E002,1810011,41,seeker,no_block,0,100,0,0
V7E002,1810011,41,hider,no_block,0,32,0,0
V7E002,1810011,41,seeker,no_ramp,0,100,0,0
V7E002,1810011,41,hider,no_ramp,1,100,3,0
V7E002,1810011,41,seeker,no_objects,0,100,0,0
V7E002,1810011,41,hider,no_objects,1,100,0,0
V7E002,1810012,41,seeker,full,1,11,0,0
V7E002,1810012,41,hider,full,1,100,3,0
V7E002,1810012,41,seeker,no_block,1,11,0,0
V7E002,1810012,41,hider,no_block,1,100,0,0
V7E002,1810012,41,seeker,no_ramp,1,11,0,0
V7E002,1810012,41,hider,no_ramp,1,100,3,0
V7E002,1810012,41,seeker,no_objects,1,11,0,0
V7E002,1810012,41,hider,no_objects,1,100,0,0
V7E002,1810013,41,seeker,full,1,1,0,0
V7E002,1810013,41,hider,full,0,1,0,0
V7E002,1810013,41,seeker,no_block,1,1,0,0
V7E002,1810013,41,hider,no_block,0,1,0,0
V7E002,1810013,41,seeker,no_ramp,1,1,0,0
V7E002,1810013,41,hider,no_ramp,0,1,0,0
V7E002,1810013,41,seeker,no_objects,1,1,0,0
V7E002,1810013,41,hider,no_objects,0,1,0,0
V7E002,1810014,41,seeker,full,1,45,3,0
V7E002,1810014,41,hider,full,1,100,3,1
V7E002,1810014,41,seeker,no_block,1,45,0,0
V7E002,1810014,41,hider,no_block,1,100,0,1
V7E002,1810014,41,seeker,no_ramp,0,100,2,0
V7E002,1810014,41,hider,no_ramp,0,48,0,0
V7E002,1810014,41,seeker,no_objects,1,47,0,0
V7E002,1810014,41,hider,no_objects,0,48,0,0
V7E002,1810015,41,seeker,full,1,4,0,0
V7E002,1810015,41,hider,full,0,9,3,0
V7E002,1810015,41,seeker,no_block,1,4,0,0
V7E002,1810015,41,hider,no_block,0,9,0,0
V7E002,1810015,41,seeker,no_ramp,1,4,0,0
V7E002,1810015,41,hider,no_ramp,0,9,3,0
V7E002,1810015,41,seeker,no_objects,1,4,0,0
V7E002,1810015,41,hider,no_objects,0,9,0,0
V7E002,1810016,41,seeker,full,1,2,0,0
V7E002,1810016,41,hider,full,1,100,3,0
V7E002,1810016,41,seeker,no_block,1,2,0,0
V7E002,1810016,41,hider,no_block,1,100,0,0
V7E002,1810016,41,seeker,no_ramp,1,2,0,0
V7E002,1810016,41,hider,no_ramp,1,100,3,0
V7E002,1810016,41,seeker,no_objects,1,2,0,0
V7E002,1810016,41,hider,no_objects,1,100,0,0
V7E002,1810017,41,seeker,full,1,1,0,0
V7E002,1810017,41,hider,full,0,1,0,0
V7E002,1810017,41,seeker,no_block,1,1,0,0
V7E002,1810017,41,hider,no_block,0,1,0,0
V7E002,1810017,41,seeker,no_ramp,1,1,0,0
V7E002,1810017,41,hider,no_ramp,0,1,0,0
V7E002,1810017,41,seeker,no_objects,1,1,0,0
V7E002,1810017,41,hider,no_objects,0,1,0,0
V7E002,1810018,41,seeker,full,1,1,0,0
V7E002,1810018,41,hider,full,0,1,0,0
V7E002,1810018,41,seeker,no_block,1,1,0,0
V7E002,1810018,41,hider,no_block,0,1,0,0
V7E002,1810018,41,seeker,no_ramp,1,1,0,0
V7E002,1810018,41,hider,no_ramp,0,1,0,0
V7E002,1810018,41,seeker,no_objects,1,1,0,0
V7E002,1810018,41,hider,no_objects,0,1,0,0
V7E002,1810019,41,seeker,full,1,17,2,0
V7E002,1810019,41,hider,full,0,16,1,0
V7E002,1810019,41,seeker,no_block,1,17,0,0
V7E002,1810019,41,hider,no_block,1,100,0,0
V7E002,1810019,41,seeker,no_ramp,1,17,2,0
V7E002,1810019,41,hider,no_ramp,0,16,1,0
V7E002,1810019,41,seeker,no_objects,1,17,0,0
V7E002,1810019,41,hider,no_objects,1,100,0,0
V7E002,1810020,41,seeker,full,1,1,0,0
V7E002,1810020,41,hider,full,0,1,0,0
V7E002,1810020,41,seeker,no_block,1,1,0,0
V7E002,1810020,41,hider,no_block,0,1,0,0
V7E002,1810020,41,seeker,no_ramp,1,1,0,0
V7E002,1810020,41,hider,no_ramp,0,1,0,0
V7E002,1810020,41,seeker,no_objects,1,1,0,0
V7E002,1810020,41,hider,no_objects,0,1,0,0
V7E002,1810021,41,seeker,full,1,30,2,0
V7E002,1810021,41,hider,full,1,100,3,1
V7E002,1810021,41,seeker,no_block,1,30,0,0
V7E002,1810021,41,hider,no_block,0,15,0,1
V7E002,1810021,41,seeker,no_ramp,1,30,2,0
V7E002,1810021,41,hider,no_ramp,0,33,0,0
V7E002,1810021,41,seeker,no_objects,1,30,0,0
V7E002,1810021,41,hider,no_objects,0,33,0,0
V7E002,1810022,41,seeker,full,1,35,2,1
V7E002,1810022,41,hider,full,0,34,1,0
V7E002,1810022,41,seeker,no_block,1,35,0,1
V7E002,1810022,41,hider,no_block,1,100,0,0
V7E002,1810022,41,seeker,no_ramp,1,40,2,0
V7E002,1810022,41,hider,no_ramp,0,38,1,0
V7E002,1810022,41,seeker,no_objects,1,40,0,0
V7E002,1810022,41,hider,no_objects,0,38,0,0
V7E002,1810023,41,seeker,full,1,1,0,0
V7E002,1810023,41,hider,full,0,1,0,0
V7E002,1810023,41,seeker,no_block,1,1,0,0
V7E002,1810023,41,hider,no_block,0,1,0,0
V7E002,1810023,41,seeker,no_ramp,1,1,0,0
V7E002,1810023,41,hider,no_ramp,0,1,0,0
V7E002,1810023,41,seeker,no_objects,1,1,0,0
V7E002,1810023,41,hider,no_objects,0,1,0,0
V7E002,1810024,41,seeker,full,1,25,2,0
V7E002,1810024,41,hider,full,0,23,1,0
V7E002,1810024,41,seeker,no_block,1,25,0,0
V7E002,1810024,41,hider,no_block,1,100,0,0
V7E002,1810024,41,seeker,no_ramp,1,25,2,0
V7E002,1810024,41,hider,no_ramp,0,23,1,0
V7E002,1810024,41,seeker,no_objects,1,25,0,0
V7E002,1810024,41,hider,no_objects,1,100,0,0
V7E002,1810025,41,seeker,full,1,21,2,0
V7E002,1810025,41,hider,full,1,100,2,0
V7E002,1810025,41,seeker,no_block,1,21,0,0
V7E002,1810025,41,hider,no_block,0,14,0,0
V7E002,1810025,41,seeker,no_ramp,1,21,2,0
V7E002,1810025,41,hider,no_ramp,1,100,2,0
V7E002,1810025,41,seeker,no_objects,1,21,0,0
V7E002,1810025,41,hider,no_objects,0,14,0,0
V7E002,1810026,41,seeker,full,1,9,0,0
V7E002,1810026,41,hider,full,0,28,3,0
V7E002,1810026,41,seeker,no_block,1,9,0,0
V7E002,1810026,41,hider,no_block,0,28,0,0
V7E002,1810026,41,seeker,no_ramp,1,9,0,0
V7E002,1810026,41,hider,no_ramp,0,28,3,0
V7E002,1810026,41,seeker,no_objects,1,9,0,0
V7E002,1810026,41,hider,no_objects,0,28,0,0
V7E002,1810027,41,seeker,full,1,4,0,0
V7E002,1810027,41,hider,full,0,3,0,0
V7E002,1810027,41,seeker,no_block,1,4,0,0
V7E002,1810027,41,hider,no_block,0,3,0,0
V7E002,1810027,41,seeker,no_ramp,1,4,0,0
V7E002,1810027,41,hider,no_ramp,0,3,0,0
V7E002,1810027,41,seeker,no_objects,1,4,0,0
V7E002,1810027,41,hider,no_objects,0,3,0,0
V7E002,1810028,41,seeker,full,1,7,0,0
V7E002,1810028,41,hider,full,0,9,3,1
V7E002,1810028,41,seeker,no_block,1,7,0,0
V7E002,1810028,41,hider,no_block,0,9,0,1
V7E002,1810028,41,seeker,no_ramp,0,100,2,0
V7E002,1810028,41,hider,no_ramp,0,49,0,0
V7E002,1810028,41,seeker,no_objects,1,50,0,0
V7E002,1810028,41,hider,no_objects,0,49,0,0
V7E002,1810029,41,seeker,full,1,4,0,0
V7E002,1810029,41,hider,full,0,2,0,0
V7E002,1810029,41,seeker,no_block,1,4,0,0
V7E002,1810029,41,hider,no_block,0,2,0,0
V7E002,1810029,41,seeker,no_ramp,1,4,0,0
V7E002,1810029,41,hider,no_ramp,0,2,0,0
V7E002,1810029,41,seeker,no_objects,1,4,0,0
V7E002,1810029,41,hider,no_objects,0,2,0,0
V7E002,1810030,41,seeker,full,1,1,0,0
V7E002,1810030,41,hider,full,0,1,0,0
V7E002,1810030,41,seeker,no_block,1,1,0,0
V7E002,1810030,41,hider,no_block,0,1,0,0
V7E002,1810030,41,seeker,no_ramp,1,1,0,0
V7E002,1810030,41,hider,no_ramp,0,1,0,0
V7E002,1810030,41,seeker,no_objects,1,1,0,0
V7E002,1810030,41,hider,no_objects,0,1,0,0
V7E002,1810031,41,seeker,full,1,20,2,0
V7E002,1810031,41,hider,full,1,100,3,0
V7E002,1810031,41,seeker,no_block,1,20,0,0
V7E002,1810031,41,hider,no_block,0,9,0,0
V7E002,1810031,41,seeker,no_ramp,1,20,2,0
V7E002,1810031,41,hider,no_ramp,1,100,3,0
V7E002,1810031,41,seeker,no_objects,1,20,0,0
V7E002,1810031,41,hider,no_objects,0,9,0,0
V7E002,1810032,41,seeker,full,1,4,0,0
V7E002,1810032,41,hider,full,0,3,0,0
V7E002,1810032,41,seeker,no_block,1,4,0,0
V7E002,1810032,41,hider,no_block,0,3,0,0
V7E002,1810032,41,seeker,no_ramp,1,4,0,0
V7E002,1810032,41,hider,no_ramp,0,3,0,0
V7E002,1810032,41,seeker,no_objects,1,4,0,0
V7E002,1810032,41,hider,no_objects,0,3,0,0
V7E002,1810033,41,seeker,full,1,3,0,0
V7E002,1810033,41,hider,full,0,6,0,0
V7E002,1810033,41,seeker,no_block,1,3,0,0
V7E002,1810033,41,hider,no_block,0,6,0,0
V7E002,1810033,41,seeker,no_ramp,1,3,0,0
V7E002,1810033,41,hider,no_ramp,0,6,0,0
V7E002,1810033,41,seeker,no_objects,1,3,0,0
V7E002,1810033,41,hider,no_objects,0,6,0,0
V7E002,1810034,41,seeker,full,1,46,3,0
V7E002,1810034,41,hider,full,1,100,3,1
V7E002,1810034,41,seeker,no_block,1,46,0,0
V7E002,1810034,41,hider,no_block,1,100,0,1
V7E002,1810034,41,seeker,no_ramp,1,46,3,0
V7E002,1810034,41,hider,no_ramp,0,49,0,0
V7E002,1810034,41,seeker,no_objects,1,46,0,0
V7E002,1810034,41,hider,no_objects,0,49,0,0
V7E002,1810035,41,seeker,full,1,18,2,0
V7E002,1810035,41,hider,full,1,100,2,1
V7E002,1810035,41,seeker,no_block,1,18,0,0
V7E002,1810035,41,hider,no_block,0,8,0,1
V7E002,1810035,41,seeker,no_ramp,1,33,2,0
V7E002,1810035,41,hider,no_ramp,0,32,0,0
V7E002,1810035,41,seeker,no_objects,1,33,0,0
V7E002,1810035,41,hider,no_objects,0,32,0,0
V7E002,1810036,41,seeker,full,1,39,2,1
V7E002,1810036,41,hider,full,0,34,1,0
V7E002,1810036,41,seeker,no_block,1,39,0,1
V7E002,1810036,41,hider,no_block,0,34,0,0
V7E002,1810036,41,seeker,no_ramp,1,44,2,0
V7E002,1810036,41,hider,no_ramp,0,40,1,0
V7E002,1810036,41,seeker,no_objects,1,44,0,0
V7E002,1810036,41,hider,no_objects,1,100,0,0
V7E002,1810037,41,seeker,full,1,18,2,0
V7E002,1810037,41,hider,full,1,100,3,0
V7E002,1810037,41,seeker,no_block,1,18,0,0
V7E002,1810037,41,hider,no_block,0,10,0,0
V7E002,1810037,41,seeker,no_ramp,1,18,2,0
V7E002,1810037,41,hider,no_ramp,1,100,3,0
V7E002,1810037,41,seeker,no_objects,1,18,0,0
V7E002,1810037,41,hider,no_objects,0,10,0,0
V7E002,1810038,41,seeker,full,1,20,2,0
V7E002,1810038,41,hider,full,1,100,2,0
V7E002,1810038,41,seeker,no_block,1,20,0,0
V7E002,1810038,41,hider,no_block,0,8,0,0
V7E002,1810038,41,seeker,no_ramp,1,20,2,0
V7E002,1810038,41,hider,no_ramp,1,100,2,0
V7E002,1810038,41,seeker,no_objects,1,20,0,0
V7E002,1810038,41,hider,no_objects,0,8,0,0
V7E002,1810039,41,seeker,full,1,9,0,0
V7E002,1810039,41,hider,full,0,14,3,0
V7E002,1810039,41,seeker,no_block,1,9,0,0
V7E002,1810039,41,hider,no_block,0,14,0,0
V7E002,1810039,41,seeker,no_ramp,1,9,0,0
V7E002,1810039,41,hider,no_ramp,0,14,3,0
V7E002,1810039,41,seeker,no_objects,1,9,0,0
V7E002,1810039,41,hider,no_objects,0,14,0,0
V7E002,1810040,41,seeker,full,1,4,0,0
V7E002,1810040,41,hider,full,0,2,0,0
V7E002,1810040,41,seeker,no_block,1,4,0,0
V7E002,1810040,41,hider,no_block,0,2,0,0
V7E002,1810040,41,seeker,no_ramp,1,4,0,0
V7E002,1810040,41,hider,no_ramp,0,2,0,0
V7E002,1810040,41,seeker,no_objects,1,4,0,0
V7E002,1810040,41,hider,no_objects,0,2,0,0
V7E002,1810041,41,seeker,full,1,16,0,0
V7E002,1810041,41,hider,full,1,100,3,0
V7E002,1810041,41,seeker,no_block,1,17,0,0
V7E002,1810041,41,hider,no_block,1,100,0,0
V7E002,1810041,41,seeker,no_ramp,1,16,0,0
V7E002,1810041,41,hider,no_ramp,1,100,3,0
V7E002,1810041,41,seeker,no_objects,1,17,0,0
V7E002,1810041,41,hider,no_objects,1,100,0,0
V7E002,1810042,41,seeker,full,0,100,2,1
V7E002,1810042,41,hider,full,0,33,1,0
V7E002,1810042,41,seeker,no_block,1,24,0,1
V7E002,1810042,41,hider,no_block,0,33,0,0
V7E002,1810042,41,seeker,no_ramp,0,100,2,0
V7E002,1810042,41,hider,no_ramp,0,39,1,0
V7E002,1810042,41,seeker,no_objects,1,39,0,0
V7E002,1810042,41,hider,no_objects,1,100,0,0
V7E002,1810043,41,seeker,full,1,2,0,0
V7E002,1810043,41,hider,full,1,100,3,0
V7E002,1810043,41,seeker,no_block,1,2,0,0
V7E002,1810043,41,hider,no_block,1,100,0,0
V7E002,1810043,41,seeker,no_ramp,1,2,0,0
V7E002,1810043,41,hider,no_ramp,1,100,3,0
V7E002,1810043,41,seeker,no_objects,1,2,0,0
V7E002,1810043,41,hider,no_objects,1,100,0,0
V7E002,1810044,41,seeker,full,1,38,2,1
V7E002,1810044,41,hider,full,0,35,1,0
V7E002,1810044,41,seeker,no_block,1,38,0,1
V7E002,1810044,41,hider,no_block,1,100,0,0
V7E002,1810044,41,seeker,no_ramp,1,43,2,0
V7E002,1810044,41,hider,no_ramp,0,39,1,0
V7E002,1810044,41,seeker,no_objects,1,43,0,0
V7E002,1810044,41,hider,no_objects,0,39,0,0
V7E002,1810045,41,seeker,full,1,3,0,0
V7E002,1810045,41,hider,full,0,2,0,0
V7E002,1810045,41,seeker,no_block,1,3,0,0
V7E002,1810045,41,hider,no_block,0,2,0,0
V7E002,1810045,41,seeker,no_ramp,1,3,0,0
V7E002,1810045,41,hider,no_ramp,0,2,0,0
V7E002,1810045,41,seeker,no_objects,1,3,0,0
V7E002,1810045,41,hider,no_objects,0,2,0,0
V7E002,1810046,41,seeker,full,1,2,0,0
V7E002,1810046,41,hider,full,0,2,0,0
V7E002,1810046,41,seeker,no_block,1,2,0,0
V7E002,1810046,41,hider,no_block,0,2,0,0
V7E002,1810046,41,seeker,no_ramp,1,2,0,0
V7E002,1810046,41,hider,no_ramp,0,2,0,0
V7E002,1810046,41,seeker,no_objects,1,2,0,0
V7E002,1810046,41,hider,no_objects,0,2,0,0
V7E002,1810047,41,seeker,full,1,6,0,0
V7E002,1810047,41,hider,full,1,100,3,0
V7E002,1810047,41,seeker,no_block,1,7,0,0
V7E002,1810047,41,hider,no_block,1,100,0,0
V7E002,1810047,41,seeker,no_ramp,1,6,0,0
V7E002,1810047,41,hider,no_ramp,1,100,3,0
V7E002,1810047,41,seeker,no_objects,1,7,0,0
V7E002,1810047,41,hider,no_objects,1,100,0,0
V7E002,1810048,41,seeker,full,1,6,0,0
V7E002,1810048,41,hider,full,1,100,3,1
V7E002,1810048,41,seeker,no_block,1,6,0,0
V7E002,1810048,41,hider,no_block,1,100,0,1
V7E002,1810048,41,seeker,no_ramp,1,13,0,0
V7E002,1810048,41,hider,no_ramp,0,12,0,0
V7E002,1810048,41,seeker,no_objects,1,13,0,0
V7E002,1810048,41,hider,no_objects,0,12,0,0
V7E002,1810049,41,seeker,full,1,5,0,0
V7E002,1810049,41,hider,full,0,5,0,0
V7E002,1810049,41,seeker,no_block,1,5,0,0
V7E002,1810049,41,hider,no_block,0,5,0,0
V7E002,1810049,41,seeker,no_ramp,1,5,0,0
V7E002,1810049,41,hider,no_ramp,0,5,0,0
V7E002,1810049,41,seeker,no_objects,1,5,0,0
V7E002,1810049,41,hider,no_objects,0,5,0,0
V7E002,1810050,41,seeker,full,1,16,0,1
V7E002,1810050,41,hider,full,1,100,3,0
V7E002,1810050,41,seeker,no_block,1,16,0,1
V7E002,1810050,41,hider,no_block,1,100,0,0
V7E002,1810050,41,seeker,no_ramp,1,29,0,0
V7E002,1810050,41,hider,no_ramp,0,39,3,0
V7E002,1810050,41,seeker,no_objects,1,29,0,0
V7E002,1810050,41,hider,no_objects,0,39,0,0
V7E002,1810051,41,seeker,full,1,13,0,0
V7E002,1810051,41,hider,full,0,26,3,0
V7E002,1810051,41,seeker,no_block,1,13,0,0
V7E002,1810051,41,hider,no_block,0,26,0,0
V7E002,1810051,41,seeker,no_ramp,1,13,0,0
V7E002,1810051,41,hider,no_ramp,0,26,3,0
V7E002,1810051,41,seeker,no_objects,1,13,0,0
V7E002,1810051,41,hider,no_objects,0,26,0,0
V7E002,1810052,41,seeker,full,1,24,2,0
V7E002,1810052,41,hider,full,0,23,1,0
V7E002,1810052,41,seeker,no_block,1,24,0,0
V7E002,1810052,41,hider,no_block,1,100,0,0
V7E002,1810052,41,seeker,no_ramp,1,24,2,0
V7E002,1810052,41,hider,no_ramp,0,23,1,0
V7E002,1810052,41,seeker,no_objects,1,24,0,0
V7E002,1810052,41,hider,no_objects,1,100,0,0
V7E002,1810053,41,seeker,full,0,100,0,0
V7E002,1810053,41,hider,full,0,32,3,0
V7E002,1810053,41,seeker,no_block,0,100,0,0
V7E002,1810053,41,hider,no_block,0,32,0,0
V7E002,1810053,41,seeker,no_ramp,0,100,0,0
V7E002,1810053,41,hider,no_ramp,1,100,3,0
V7E002,1810053,41,seeker,no_objects,0,100,0,0
V7E002,1810053,41,hider,no_objects,1,100,0,0
V7E002,1810054,41,seeker,full,1,5,0,0
V7E002,1810054,41,hider,full,1,100,3,1
V7E002,1810054,41,seeker,no_block,1,5,0,0
V7E002,1810054,41,hider,no_block,1,100,0,1
V7E002,1810054,41,seeker,no_ramp,1,50,3,0
V7E002,1810054,41,hider,no_ramp,0,49,0,0
V7E002,1810054,41,seeker,no_objects,1,50,0,0
V7E002,1810054,41,hider,no_objects,0,49,0,0
V7E002,1810055,41,seeker,full,1,10,0,0
V7E002,1810055,41,hider,full,1,100,3,0
V7E002,1810055,41,seeker,no_block,1,10,0,0
V7E002,1810055,41,hider,no_block,1,100,0,0
V7E002,1810055,41,seeker,no_ramp,1,10,0,0
V7E002,1810055,41,hider,no_ramp,1,100,3,0
V7E002,1810055,41,seeker,no_objects,1,10,0,0
V7E002,1810055,41,hider,no_objects,1,100,0,0
V7E002,1810056,41,seeker,full,1,2,0,0
V7E002,1810056,41,hider,full,1,100,3,1
V7E002,1810056,41,seeker,no_block,1,2,0,0
V7E002,1810056,41,hider,no_block,1,100,0,1
V7E002,1810056,41,seeker,no_ramp,1,2,0,0
V7E002,1810056,41,hider,no_ramp,1,100,0,0
V7E002,1810056,41,seeker,no_objects,1,2,0,0
V7E002,1810056,41,hider,no_objects,1,100,0,0
V7E002,1810057,41,seeker,full,1,5,0,0
V7E002,1810057,41,hider,full,0,7,0,0
V7E002,1810057,41,seeker,no_block,1,5,0,0
V7E002,1810057,41,hider,no_block,0,7,0,0
V7E002,1810057,41,seeker,no_ramp,1,5,0,0
V7E002,1810057,41,hider,no_ramp,0,7,0,0
V7E002,1810057,41,seeker,no_objects,1,5,0,0
V7E002,1810057,41,hider,no_objects,0,7,0,0
V7E002,1810058,41,seeker,full,0,100,2,0
V7E002,1810058,41,hider,full,0,24,1,0
V7E002,1810058,41,seeker,no_block,1,24,0,0
V7E002,1810058,41,hider,no_block,1,100,0,0
V7E002,1810058,41,seeker,no_ramp,0,100,2,0
V7E002,1810058,41,hider,no_ramp,0,24,1,0
V7E002,1810058,41,seeker,no_objects,1,24,0,0
V7E002,1810058,41,hider,no_objects,1,100,0,0
V7E002,1810059,41,seeker,full,1,3,0,0
V7E002,1810059,41,hider,full,1,100,3,1
V7E002,1810059,41,seeker,no_block,1,3,0,0
V7E002,1810059,41,hider,no_block,1,100,0,1
V7E002,1810059,41,seeker,no_ramp,1,3,0,0
V7E002,1810059,41,hider,no_ramp,1,100,0,0
V7E002,1810059,41,seeker,no_objects,1,3,0,0
V7E002,1810059,41,hider,no_objects,1,100,0,0
V7E002,1810060,41,seeker,full,1,10,0,0
V7E002,1810060,41,hider,full,0,15,3,0
V7E002,1810060,41,seeker,no_block,1,10,0,0
V7E002,1810060,41,hider,no_block,0,15,0,0
V7E002,1810060,41,seeker,no_ramp,1,10,0,0
V7E002,1810060,41,hider,no_ramp,0,15,3,0
V7E002,1810060,41,seeker,no_objects,1,10,0,0
V7E002,1810060,41,hider,no_objects,0,15,0,0
V7E002,1810061,41,seeker,full,1,24,2,0
V7E002,1810061,41,hider,full,1,100,2,0
V7E002,1810061,41,seeker,no_block,1,24,0,0
V7E002,1810061,41,hider,no_block,0,8,0,0
V7E002,1810061,41,seeker,no_ramp,1,24,2,0
V7E002,1810061,41,hider,no_ramp,1,100,2,0
V7E002,1810061,41,seeker,no_objects,1,24,0,0
V7E002,1810061,41,hider,no_objects,0,8,0,0
V7E002,1810062,41,seeker,full,1,16,0,0
V7E002,1810062,41,hider,full,1,100,3,0
V7E002,1810062,41,seeker,no_block,1,16,0,0
V7E002,1810062,41,hider,no_block,1,100,0,0
V7E002,1810062,41,seeker,no_ramp,1,16,0,0
V7E002,1810062,41,hider,no_ramp,1,100,3,0
V7E002,1810062,41,seeker,no_objects,1,16,0,0
V7E002,1810062,41,hider,no_objects,1,100,0,0
V7E002,1810063,41,seeker,full,1,21,2,0
V7E002,1810063,41,hider,full,1,100,2,0
V7E002,1810063,41,seeker,no_block,1,21,0,0
V7E002,1810063,41,hider,no_block,0,14,0,0
V7E002,1810063,41,seeker,no_ramp,1,21,2,0
V7E002,1810063,41,hider,no_ramp,1,100,2,0
V7E002,1810063,41,seeker,no_objects,1,21,0,0
V7E002,1810063,41,hider,no_objects,0,14,0,0
V7E002,1810064,41,seeker,full,1,8,1,0
V7E002,1810064,41,hider,full,1,100,3,0
V7E002,1810064,41,seeker,no_block,1,8,0,0
V7E002,1810064,41,hider,no_block,0,8,0,0
V7E002,1810064,41,seeker,no_ramp,1,8,1,0
V7E002,1810064,41,hider,no_ramp,1,100,3,0
V7E002,1810064,41,seeker,no_objects,1,8,0,0
V7E002,1810064,41,hider,no_objects,0,8,0,0
V7E002,1810065,41,seeker,full,1,6,0,0
V7E002,1810065,41,hider,full,1,100,3,0
V7E002,1810065,41,seeker,no_block,1,6,0,0
V7E002,1810065,41,hider,no_block,1,100,0,0
V7E002,1810065,41,seeker,no_ramp,1,6,0,0
V7E002,1810065,41,hider,no_ramp,1,100,3,0
V7E002,1810065,41,seeker,no_objects,1,6,0,0
V7E002,1810065,41,hider,no_objects,1,100,0,0
V7E002,1810066,41,seeker,full,1,6,0,0
V7E002,1810066,41,hider,full,0,8,0,0
V7E002,1810066,41,seeker,no_block,1,6,0,0
V7E002,1810066,41,hider,no_block,0,8,0,0
V7E002,1810066,41,seeker,no_ramp,1,6,0,0
V7E002,1810066,41,hider,no_ramp,0,8,0,0
V7E002,1810066,41,seeker,no_objects,1,6,0,0
V7E002,1810066,41,hider,no_objects,0,8,0,0
V7E002,1810067,41,seeker,full,1,41,2,1
V7E002,1810067,41,hider,full,0,39,1,0
V7E002,1810067,41,seeker,no_block,1,41,0,1
V7E002,1810067,41,hider,no_block,1,100,0,0
V7E002,1810067,41,seeker,no_ramp,1,46,2,0
V7E002,1810067,41,hider,no_ramp,0,43,1,0
V7E002,1810067,41,seeker,no_objects,1,46,0,0
V7E002,1810067,41,hider,no_objects,0,43,0,0
V7E002,1810068,41,seeker,full,1,3,0,0
V7E002,1810068,41,hider,full,0,2,0,0
V7E002,1810068,41,seeker,no_block,1,3,0,0
V7E002,1810068,41,hider,no_block,0,2,0,0
V7E002,1810068,41,seeker,no_ramp,1,3,0,0
V7E002,1810068,41,hider,no_ramp,0,2,0,0
V7E002,1810068,41,seeker,no_objects,1,3,0,0
V7E002,1810068,41,hider,no_objects,0,2,0,0
V7E002,1810069,41,seeker,full,1,4,0,0
V7E002,1810069,41,hider,full,0,3,0,0
V7E002,1810069,41,seeker,no_block,1,4,0,0
V7E002,1810069,41,hider,no_block,0,3,0,0
V7E002,1810069,41,seeker,no_ramp,1,4,0,0
V7E002,1810069,41,hider,no_ramp,0,3,0,0
V7E002,1810069,41,seeker,no_objects,1,4,0,0
V7E002,1810069,41,hider,no_objects,0,3,0,0
V7E002,1810070,41,seeker,full,1,1,0,0
V7E002,1810070,41,hider,full,0,1,0,0
V7E002,1810070,41,seeker,no_block,1,1,0,0
V7E002,1810070,41,hider,no_block,0,1,0,0
V7E002,1810070,41,seeker,no_ramp,1,1,0,0
V7E002,1810070,41,hider,no_ramp,0,1,0,0
V7E002,1810070,41,seeker,no_objects,1,1,0,0
V7E002,1810070,41,hider,no_objects,0,1,0,0
V7E002,1810071,41,seeker,full,1,22,2,0
V7E002,1810071,41,hider,full,1,100,3,0
V7E002,1810071,41,seeker,no_block,1,22,0,0
V7E002,1810071,41,hider,no_block,0,2,0,0
V7E002,1810071,41,seeker,no_ramp,1,22,2,0
V7E002,1810071,41,hider,no_ramp,1,100,3,0
V7E002,1810071,41,seeker,no_objects,1,22,0,0
V7E002,1810071,41,hider,no_objects,0,2,0,0
V7E002,1810072,41,seeker,full,1,1,0,0
V7E002,1810072,41,hider,full,0,1,0,0
V7E002,1810072,41,seeker,no_block,1,1,0,0
V7E002,1810072,41,hider,no_block,0,1,0,0
V7E002,1810072,41,seeker,no_ramp,1,1,0,0
V7E002,1810072,41,hider,no_ramp,0,1,0,0
V7E002,1810072,41,seeker,no_objects,1,1,0,0
V7E002,1810072,41,hider,no_objects,0,1,0,0
V7E002,1810073,41,seeker,full,1,9,0,0
V7E002,1810073,41,hider,full,0,22,3,0
V7E002,1810073,41,seeker,no_block,1,9,0,0
V7E002,1810073,41,hider,no_block,0,22,0,0
V7E002,1810073,41,seeker,no_ramp,1,9,0,0
V7E002,1810073,41,hider,no_ramp,0,22,3,0
V7E002,1810073,41,seeker,no_objects,1,9,0,0
V7E002,1810073,41,hider,no_objects,0,22,0,0
V7E002,1810074,41,seeker,full,1,40,2,1
V7E002,1810074,41,hider,full,0,38,1,0
V7E002,1810074,41,seeker,no_block,1,40,0,1
V7E002,1810074,41,hider,no_block,0,38,0,0
V7E002,1810074,41,seeker,no_ramp,1,45,2,0
V7E002,1810074,41,hider,no_ramp,0,44,1,0
V7E002,1810074,41,seeker,no_objects,1,45,0,0
V7E002,1810074,41,hider,no_objects,1,100,0,0
V7E002,1810075,41,seeker,full,1,9,0,0
V7E002,1810075,41,hider,full,1,100,3,1
V7E002,1810075,41,seeker,no_block,1,9,0,0
V7E002,1810075,41,hider,no_block,1,100,0,1
V7E002,1810075,41,seeker,no_ramp,1,12,0,0
V7E002,1810075,41,hider,no_ramp,0,11,0,0
V7E002,1810075,41,seeker,no_objects,1,12,0,0
V7E002,1810075,41,hider,no_objects,0,11,0,0
V7E002,1810076,41,seeker,full,1,1,0,0
V7E002,1810076,41,hider,full,0,1,0,0
V7E002,1810076,41,seeker,no_block,1,1,0,0
V7E002,1810076,41,hider,no_block,0,1,0,0
V7E002,1810076,41,seeker,no_ramp,1,1,0,0
V7E002,1810076,41,hider,no_ramp,0,1,0,0
V7E002,1810076,41,seeker,no_objects,1,1,0,0
V7E002,1810076,41,hider,no_objects,0,1,0,0
V7E002,1810077,41,seeker,full,1,36,2,1
V7E002,1810077,41,hider,full,0,34,1,0
V7E002,1810077,41,seeker,no_block,1,36,0,1
V7E002,1810077,41,hider,no_block,0,34,0,0
V7E002,1810077,41,seeker,no_ramp,1,41,2,0
V7E002,1810077,41,hider,no_ramp,0,40,1,0
V7E002,1810077,41,seeker,no_objects,1,41,0,0
V7E002,1810077,41,hider,no_objects,1,100,0,0
V7E002,1810078,41,seeker,full,1,30,2,0
V7E002,1810078,41,hider,full,0,25,1,0
V7E002,1810078,41,seeker,no_block,1,30,0,0
V7E002,1810078,41,hider,no_block,1,100,0,0
V7E002,1810078,41,seeker,no_ramp,1,30,2,0
V7E002,1810078,41,hider,no_ramp,0,25,1,0
V7E002,1810078,41,seeker,no_objects,1,30,0,0
V7E002,1810078,41,hider,no_objects,1,100,0,0
V7E002,1810079,41,seeker,full,1,8,0,0
V7E002,1810079,41,hider,full,0,7,0,0
V7E002,1810079,41,seeker,no_block,1,8,0,0
V7E002,1810079,41,hider,no_block,0,7,0,0
V7E002,1810079,41,seeker,no_ramp,1,8,0,0
V7E002,1810079,41,hider,no_ramp,0,7,0,0
V7E002,1810079,41,seeker,no_objects,1,8,0,0
V7E002,1810079,41,hider,no_objects,0,7,0,0
V7E002,1810080,41,seeker,full,1,6,0,0
V7E002,1810080,41,hider,full,1,100,3,0
V7E002,1810080,41,seeker,no_block,1,6,0,0
V7E002,1810080,41,hider,no_block,1,100,0,0
V7E002,1810080,41,seeker,no_ramp,1,6,0,0
V7E002,1810080,41,hider,no_ramp,1,100,3,0
V7E002,1810080,41,seeker,no_objects,1,6,0,0
V7E002,1810080,41,hider,no_objects,1,100,0,0
V7E002,1810081,41,seeker,full,1,21,2,0
V7E002,1810081,41,hider,full,1,100,3,0
V7E002,1810081,41,seeker,no_block,1,21,0,0
V7E002,1810081,41,hider,no_block,0,10,0,0
V7E002,1810081,41,seeker,no_ramp,1,21,2,0
V7E002,1810081,41,hider,no_ramp,1,100,3,0
V7E002,1810081,41,seeker,no_objects,1,21,0,0
V7E002,1810081,41,hider,no_objects,0,10,0,0
V7E002,1810082,41,seeker,full,1,1,0,0
V7E002,1810082,41,hider,full,0,1,0,0
V7E002,1810082,41,seeker,no_block,1,1,0,0
V7E002,1810082,41,hider,no_block,0,1,0,0
V7E002,1810082,41,seeker,no_ramp,1,1,0,0
V7E002,1810082,41,hider,no_ramp,0,1,0,0
V7E002,1810082,41,seeker,no_objects,1,1,0,0
V7E002,1810082,41,hider,no_objects,0,1,0,0
V7E002,1810083,41,seeker,full,1,23,2,0
V7E002,1810083,41,hider,full,0,11,3,0
V7E002,1810083,41,seeker,no_block,1,23,0,0
V7E002,1810083,41,hider,no_block,0,11,0,0
V7E002,1810083,41,seeker,no_ramp,1,23,2,0
V7E002,1810083,41,hider,no_ramp,0,11,3,0
V7E002,1810083,41,seeker,no_objects,1,23,0,0
V7E002,1810083,41,hider,no_objects,0,11,0,0
V7E002,1810084,41,seeker,full,1,7,1,0
V7E002,1810084,41,hider,full,1,100,3,0
V7E002,1810084,41,seeker,no_block,1,7,0,0
V7E002,1810084,41,hider,no_block,0,7,0,0
V7E002,1810084,41,seeker,no_ramp,1,7,1,0
V7E002,1810084,41,hider,no_ramp,1,100,3,0
V7E002,1810084,41,seeker,no_objects,1,7,0,0
V7E002,1810084,41,hider,no_objects,0,7,0,0
V7E002,1810085,41,seeker,full,1,4,0,0
V7E002,1810085,41,hider,full,1,100,3,0
V7E002,1810085,41,seeker,no_block,1,4,0,0
V7E002,1810085,41,hider,no_block,1,100,0,0
V7E002,1810085,41,seeker,no_ramp,1,4,0,0
V7E002,1810085,41,hider,no_ramp,1,100,3,0
V7E002,1810085,41,seeker,no_objects,1,4,0,0
V7E002,1810085,41,hider,no_objects,1,100,0,0
V7E002,1810086,41,seeker,full,1,20,2,0
V7E002,1810086,41,hider,full,0,17,1,0
V7E002,1810086,41,seeker,no_block,1,20,0,0
V7E002,1810086,41,hider,no_block,1,100,0,0
V7E002,1810086,41,seeker,no_ramp,1,20,2,0
V7E002,1810086,41,hider,no_ramp,0,17,1,0
V7E002,1810086,41,seeker,no_objects,1,20,0,0
V7E002,1810086,41,hider,no_objects,1,100,0,0
V7E002,1810087,41,seeker,full,1,35,2,1
V7E002,1810087,41,hider,full,0,33,1,0
V7E002,1810087,41,seeker,no_block,1,35,0,1
V7E002,1810087,41,hider,no_block,0,33,0,0
V7E002,1810087,41,seeker,no_ramp,1,40,2,0
V7E002,1810087,41,hider,no_ramp,0,39,1,0
V7E002,1810087,41,seeker,no_objects,1,40,0,0
V7E002,1810087,41,hider,no_objects,1,100,0,0
V7E002,1810088,41,seeker,full,1,1,0,0
V7E002,1810088,41,hider,full,0,1,0,0
V7E002,1810088,41,seeker,no_block,1,1,0,0
V7E002,1810088,41,hider,no_block,0,1,0,0
V7E002,1810088,41,seeker,no_ramp,1,1,0,0
V7E002,1810088,41,hider,no_ramp,0,1,0,0
V7E002,1810088,41,seeker,no_objects,1,1,0,0
V7E002,1810088,41,hider,no_objects,0,1,0,0
V7E002,1810089,41,seeker,full,1,9,0,0
V7E002,1810089,41,hider,full,1,100,3,1
V7E002,1810089,41,seeker,no_block,1,9,0,0
V7E002,1810089,41,hider,no_block,1,100,0,1
V7E002,1810089,41,seeker,no_ramp,1,50,3,0
V7E002,1810089,41,hider,no_ramp,0,49,0,0
V7E002,1810089,41,seeker,no_objects,1,50,0,0
V7E002,1810089,41,hider,no_objects,0,49,0,0
V7E002,1810090,41,seeker,full,0,100,2,1
V7E002,1810090,41,hider,full,0,34,1,0
V7E002,1810090,41,seeker,no_block,1,31,0,1
V7E002,1810090,41,hider,no_block,0,34,0,0
V7E002,1810090,41,seeker,no_ramp,0,100,2,0
V7E002,1810090,41,hider,no_ramp,0,40,1,0
V7E002,1810090,41,seeker,no_objects,1,40,0,0
V7E002,1810090,41,hider,no_objects,1,100,0,0
V7E002,1810091,41,seeker,full,1,4,0,0
V7E002,1810091,41,hider,full,0,3,0,0
V7E002,1810091,41,seeker,no_block,1,4,0,0
V7E002,1810091,41,hider,no_block,0,3,0,0
V7E002,1810091,41,seeker,no_ramp,1,4,0,0
V7E002,1810091,41,hider,no_ramp,0,3,0,0
V7E002,1810091,41,seeker,no_objects,1,4,0,0
V7E002,1810091,41,hider,no_objects,0,3,0,0
V7E002,1810092,41,seeker,full,1,34,2,0
V7E002,1810092,41,hider,full,1,100,2,1
V7E002,1810092,41,seeker,no_block,1,34,0,0
V7E002,1810092,41,hider,no_block,0,10,0,1
V7E002,1810092,41,seeker,no_ramp,1,34,2,0
V7E002,1810092,41,hider,no_ramp,0,34,0,0
V7E002,1810092,41,seeker,no_objects,1,34,0,0
V7E002,1810092,41,hider,no_objects,0,34,0,0
V7E002,1810093,41,seeker,full,1,30,2,0
V7E002,1810093,41,hider,full,0,25,1,0
V7E002,1810093,41,seeker,no_block,1,30,0,0
V7E002,1810093,41,hider,no_block,0,25,0,0
V7E002,1810093,41,seeker,no_ramp,1,30,2,0
V7E002,1810093,41,hider,no_ramp,0,25,1,0
V7E002,1810093,41,seeker,no_objects,1,30,0,0
V7E002,1810093,41,hider,no_objects,0,25,0,0
V7E002,1810094,41,seeker,full,1,2,0,0
V7E002,1810094,41,hider,full,1,100,3,0
V7E002,1810094,41,seeker,no_block,1,2,0,0
V7E002,1810094,41,hider,no_block,1,100,0,0
V7E002,1810094,41,seeker,no_ramp,1,2,0,0
V7E002,1810094,41,hider,no_ramp,1,100,3,0
V7E002,1810094,41,seeker,no_objects,1,2,0,0
V7E002,1810094,41,hider,no_objects,1,100,0,0
V7E002,1810095,41,seeker,full,1,6,0,0
V7E002,1810095,41,hider,full,0,4,0,0
V7E002,1810095,41,seeker,no_block,1,6,0,0
V7E002,1810095,41,hider,no_block,0,4,0,0
V7E002,1810095,41,seeker,no_ramp,1,6,0,0
V7E002,1810095,41,hider,no_ramp,0,4,0,0
V7E002,1810095,41,seeker,no_objects,1,6,0,0
V7E002,1810095,41,hider,no_objects,0,4,0,0
V7E002,1810096,41,seeker,full,1,3,0,0
V7E002,1810096,41,hider,full,0,2,0,0
V7E002,1810096,41,seeker,no_block,1,3,0,0
V7E002,1810096,41,hider,no_block,0,2,0,0
V7E002,1810096,41,seeker,no_ramp,1,3,0,0
V7E002,1810096,41,hider,no_ramp,0,2,0,0
V7E002,1810096,41,seeker,no_objects,1,3,0,0
V7E002,1810096,41,hider,no_objects,0,2,0,0
V7E002,1810097,41,seeker,full,1,5,0,0
V7E002,1810097,41,hider,full,1,100,3,0
V7E002,1810097,41,seeker,no_block,1,5,0,0
V7E002,1810097,41,hider,no_block,1,100,0,0
V7E002,1810097,41,seeker,no_ramp,1,5,0,0
V7E002,1810097,41,hider,no_ramp,1,100,3,0
V7E002,1810097,41,seeker,no_objects,1,5,0,0
V7E002,1810097,41,hider,no_objects,1,100,0,0
V7E002,1810098,41,seeker,full,1,48,3,0
V7E002,1810098,41,hider,full,0,10,0,1
V7E002,1810098,41,seeker,no_block,1,48,0,0
V7E002,1810098,41,hider,no_block,0,10,0,1
V7E002,1810098,41,seeker,no_ramp,1,48,3,0
V7E002,1810098,41,hider,no_ramp,0,49,0,0
V7E002,1810098,41,seeker,no_objects,1,48,0,0
V7E002,1810098,41,hider,no_objects,0,49,0,0
V7E002,1810099,41,seeker,full,1,30,2,0
V7E002,1810099,41,hider,full,0,11,1,0
V7E002,1810099,41,seeker,no_block,1,30,0,0
V7E002,1810099,41,hider,no_block,0,11,0,0
V7E002,1810099,41,seeker,no_ramp,1,30,2,0
V7E002,1810099,41,hider,no_ramp,0,11,1,0
V7E002,1810099,41,seeker,no_objects,1,30,0,0
V7E002,1810099,41,hider,no_objects,0,11,0,0
V7E003,1820000,41,seeker,full,1,7,0,0
V7E003,1820000,41,hider,full,1,100,0,0
V7E003,1820000,41,seeker,no_block,1,7,0,0
V7E003,1820000,41,hider,no_block,1,100,0,0
V7E003,1820000,41,seeker,no_ramp,1,7,0,0
V7E003,1820000,41,hider,no_ramp,1,100,0,0
V7E003,1820000,41,seeker,no_objects,1,7,0,0
V7E003,1820000,41,hider,no_objects,1,100,0,0
V7E003,1820001,41,seeker,full,1,26,2,0
V7E003,1820001,41,hider,full,1,100,0,0
V7E003,1820001,41,seeker,no_block,1,10,0,0
V7E003,1820001,41,hider,no_block,1,100,0,0
V7E003,1820001,41,seeker,no_ramp,1,26,2,0
V7E003,1820001,41,hider,no_ramp,1,100,0,0
V7E003,1820001,41,seeker,no_objects,1,10,0,0
V7E003,1820001,41,hider,no_objects,1,100,0,0
V7E003,1820002,41,seeker,full,1,25,2,0
V7E003,1820002,41,hider,full,1,100,0,0
V7E003,1820002,41,seeker,no_block,1,25,0,0
V7E003,1820002,41,hider,no_block,1,100,0,0
V7E003,1820002,41,seeker,no_ramp,1,25,2,0
V7E003,1820002,41,hider,no_ramp,1,100,0,0
V7E003,1820002,41,seeker,no_objects,1,25,0,0
V7E003,1820002,41,hider,no_objects,1,100,0,0
V7E003,1820003,41,seeker,full,1,37,5,0
V7E003,1820003,41,hider,full,1,100,0,0
V7E003,1820003,41,seeker,no_block,1,37,0,0
V7E003,1820003,41,hider,no_block,1,100,0,0
V7E003,1820003,41,seeker,no_ramp,1,37,5,0
V7E003,1820003,41,hider,no_ramp,1,100,0,0
V7E003,1820003,41,seeker,no_objects,1,37,0,0
V7E003,1820003,41,hider,no_objects,1,100,0,0
V7E003,1820004,41,seeker,full,1,10,2,0
V7E003,1820004,41,hider,full,1,100,0,0
V7E003,1820004,41,seeker,no_block,1,10,0,0
V7E003,1820004,41,hider,no_block,1,100,0,0
V7E003,1820004,41,seeker,no_ramp,1,10,2,0
V7E003,1820004,41,hider,no_ramp,1,100,0,0
V7E003,1820004,41,seeker,no_objects,1,10,0,0
V7E003,1820004,41,hider,no_objects,1,100,0,0
V7E003,1820005,41,seeker,full,1,1,0,0
V7E003,1820005,41,hider,full,0,1,0,0
V7E003,1820005,41,seeker,no_block,1,1,0,0
V7E003,1820005,41,hider,no_block,0,1,0,0
V7E003,1820005,41,seeker,no_ramp,1,1,0,0
V7E003,1820005,41,hider,no_ramp,0,1,0,0
V7E003,1820005,41,seeker,no_objects,1,1,0,0
V7E003,1820005,41,hider,no_objects,0,1,0,0
V7E003,1820006,41,seeker,full,1,6,0,0
V7E003,1820006,41,hider,full,1,100,0,0
V7E003,1820006,41,seeker,no_block,1,6,0,0
V7E003,1820006,41,hider,no_block,1,100,0,0
V7E003,1820006,41,seeker,no_ramp,1,6,0,0
V7E003,1820006,41,hider,no_ramp,1,100,0,0
V7E003,1820006,41,seeker,no_objects,1,6,0,0
V7E003,1820006,41,hider,no_objects,1,100,0,0
V7E003,1820007,41,seeker,full,1,21,2,0
V7E003,1820007,41,hider,full,1,100,0,0
V7E003,1820007,41,seeker,no_block,1,21,0,0
V7E003,1820007,41,hider,no_block,1,100,0,0
V7E003,1820007,41,seeker,no_ramp,1,21,2,0
V7E003,1820007,41,hider,no_ramp,1,100,0,0
V7E003,1820007,41,seeker,no_objects,1,21,0,0
V7E003,1820007,41,hider,no_objects,1,100,0,0
V7E003,1820008,41,seeker,full,1,4,0,0
V7E003,1820008,41,hider,full,0,4,0,0
V7E003,1820008,41,seeker,no_block,1,4,0,0
V7E003,1820008,41,hider,no_block,0,4,0,0
V7E003,1820008,41,seeker,no_ramp,1,4,0,0
V7E003,1820008,41,hider,no_ramp,0,4,0,0
V7E003,1820008,41,seeker,no_objects,1,4,0,0
V7E003,1820008,41,hider,no_objects,0,4,0,0
V7E003,1820009,41,seeker,full,1,32,4,0
V7E003,1820009,41,hider,full,1,100,0,0
V7E003,1820009,41,seeker,no_block,1,32,0,0
V7E003,1820009,41,hider,no_block,1,100,0,0
V7E003,1820009,41,seeker,no_ramp,1,32,4,0
V7E003,1820009,41,hider,no_ramp,0,33,0,0
V7E003,1820009,41,seeker,no_objects,1,32,0,0
V7E003,1820009,41,hider,no_objects,0,33,0,0
V7E003,1820010,41,seeker,full,1,10,2,0
V7E003,1820010,41,hider,full,1,100,0,0
V7E003,1820010,41,seeker,no_block,1,10,0,0
V7E003,1820010,41,hider,no_block,1,100,0,0
V7E003,1820010,41,seeker,no_ramp,1,10,2,0
V7E003,1820010,41,hider,no_ramp,1,100,0,0
V7E003,1820010,41,seeker,no_objects,1,10,0,0
V7E003,1820010,41,hider,no_objects,1,100,0,0
V7E003,1820011,41,seeker,full,1,8,2,0
V7E003,1820011,41,hider,full,1,100,0,0
V7E003,1820011,41,seeker,no_block,1,8,0,0
V7E003,1820011,41,hider,no_block,1,100,0,0
V7E003,1820011,41,seeker,no_ramp,1,8,2,0
V7E003,1820011,41,hider,no_ramp,1,100,0,0
V7E003,1820011,41,seeker,no_objects,1,8,0,0
V7E003,1820011,41,hider,no_objects,1,100,0,0
V7E003,1820012,41,seeker,full,1,18,2,1
V7E003,1820012,41,hider,full,1,100,0,0
V7E003,1820012,41,seeker,no_block,1,18,0,1
V7E003,1820012,41,hider,no_block,1,100,0,0
V7E003,1820012,41,seeker,no_ramp,1,23,2,0
V7E003,1820012,41,hider,no_ramp,1,100,0,0
V7E003,1820012,41,seeker,no_objects,1,23,0,0
V7E003,1820012,41,hider,no_objects,1,100,0,0
V7E003,1820013,41,seeker,full,1,22,2,0
V7E003,1820013,41,hider,full,1,100,0,0
V7E003,1820013,41,seeker,no_block,1,22,0,0
V7E003,1820013,41,hider,no_block,1,100,0,0
V7E003,1820013,41,seeker,no_ramp,1,22,2,0
V7E003,1820013,41,hider,no_ramp,1,100,0,0
V7E003,1820013,41,seeker,no_objects,1,22,0,0
V7E003,1820013,41,hider,no_objects,1,100,0,0
V7E003,1820014,41,seeker,full,1,1,0,0
V7E003,1820014,41,hider,full,0,1,0,0
V7E003,1820014,41,seeker,no_block,1,1,0,0
V7E003,1820014,41,hider,no_block,0,1,0,0
V7E003,1820014,41,seeker,no_ramp,1,1,0,0
V7E003,1820014,41,hider,no_ramp,0,1,0,0
V7E003,1820014,41,seeker,no_objects,1,1,0,0
V7E003,1820014,41,hider,no_objects,0,1,0,0
V7E003,1820015,41,seeker,full,1,16,0,1
V7E003,1820015,41,hider,full,1,100,0,0
V7E003,1820015,41,seeker,no_block,1,16,0,1
V7E003,1820015,41,hider,no_block,1,100,0,0
V7E003,1820015,41,seeker,no_ramp,1,21,0,0
V7E003,1820015,41,hider,no_ramp,1,100,0,0
V7E003,1820015,41,seeker,no_objects,1,21,0,0
V7E003,1820015,41,hider,no_objects,1,100,0,0
V7E003,1820016,41,seeker,full,1,1,0,0
V7E003,1820016,41,hider,full,0,2,0,0
V7E003,1820016,41,seeker,no_block,1,1,0,0
V7E003,1820016,41,hider,no_block,0,2,0,0
V7E003,1820016,41,seeker,no_ramp,1,1,0,0
V7E003,1820016,41,hider,no_ramp,0,2,0,0
V7E003,1820016,41,seeker,no_objects,1,1,0,0
V7E003,1820016,41,hider,no_objects,0,2,0,0
V7E003,1820017,41,seeker,full,1,44,6,1
V7E003,1820017,41,hider,full,1,100,0,0
V7E003,1820017,41,seeker,no_block,1,40,0,1
V7E003,1820017,41,hider,no_block,1,100,0,0
V7E003,1820017,41,seeker,no_ramp,1,17,0,0
V7E003,1820017,41,hider,no_ramp,1,100,0,0
V7E003,1820017,41,seeker,no_objects,1,17,0,0
V7E003,1820017,41,hider,no_objects,1,100,0,0
V7E003,1820018,41,seeker,full,1,49,5,0
V7E003,1820018,41,hider,full,1,100,0,0
V7E003,1820018,41,seeker,no_block,1,49,0,0
V7E003,1820018,41,hider,no_block,1,100,0,0
V7E003,1820018,41,seeker,no_ramp,1,49,5,0
V7E003,1820018,41,hider,no_ramp,1,100,0,0
V7E003,1820018,41,seeker,no_objects,1,49,0,0
V7E003,1820018,41,hider,no_objects,1,100,0,0
V7E003,1820019,41,seeker,full,1,54,6,0
V7E003,1820019,41,hider,full,1,100,0,0
V7E003,1820019,41,seeker,no_block,1,50,0,0
V7E003,1820019,41,hider,no_block,1,100,0,0
V7E003,1820019,41,seeker,no_ramp,1,54,6,0
V7E003,1820019,41,hider,no_ramp,1,100,0,0
V7E003,1820019,41,seeker,no_objects,1,50,0,0
V7E003,1820019,41,hider,no_objects,1,100,0,0
V7E003,1820020,41,seeker,full,1,3,0,0
V7E003,1820020,41,hider,full,0,3,0,0
V7E003,1820020,41,seeker,no_block,1,3,0,0
V7E003,1820020,41,hider,no_block,0,3,0,0
V7E003,1820020,41,seeker,no_ramp,1,3,0,0
V7E003,1820020,41,hider,no_ramp,0,3,0,0
V7E003,1820020,41,seeker,no_objects,1,3,0,0
V7E003,1820020,41,hider,no_objects,0,3,0,0
V7E003,1820021,41,seeker,full,1,50,6,0
V7E003,1820021,41,hider,full,1,100,0,0
V7E003,1820021,41,seeker,no_block,1,46,0,0
V7E003,1820021,41,hider,no_block,1,100,0,0
V7E003,1820021,41,seeker,no_ramp,1,50,6,0
V7E003,1820021,41,hider,no_ramp,1,100,0,0
V7E003,1820021,41,seeker,no_objects,1,46,0,0
V7E003,1820021,41,hider,no_objects,1,100,0,0
V7E003,1820022,41,seeker,full,1,12,0,1
V7E003,1820022,41,hider,full,1,100,0,0
V7E003,1820022,41,seeker,no_block,1,12,0,1
V7E003,1820022,41,hider,no_block,1,100,0,0
V7E003,1820022,41,seeker,no_ramp,1,17,0,0
V7E003,1820022,41,hider,no_ramp,1,100,0,0
V7E003,1820022,41,seeker,no_objects,1,17,0,0
V7E003,1820022,41,hider,no_objects,1,100,0,0
V7E003,1820023,41,seeker,full,1,44,5,0
V7E003,1820023,41,hider,full,1,100,0,0
V7E003,1820023,41,seeker,no_block,1,44,0,0
V7E003,1820023,41,hider,no_block,1,100,0,0
V7E003,1820023,41,seeker,no_ramp,1,44,5,0
V7E003,1820023,41,hider,no_ramp,1,100,0,0
V7E003,1820023,41,seeker,no_objects,1,44,0,0
V7E003,1820023,41,hider,no_objects,1,100,0,0
V7E003,1820024,41,seeker,full,1,8,0,0
V7E003,1820024,41,hider,full,1,100,0,0
V7E003,1820024,41,seeker,no_block,1,8,0,0
V7E003,1820024,41,hider,no_block,1,100,0,0
V7E003,1820024,41,seeker,no_ramp,1,8,0,0
V7E003,1820024,41,hider,no_ramp,1,100,2,0
V7E003,1820024,41,seeker,no_objects,1,8,0,0
V7E003,1820024,41,hider,no_objects,1,100,0,0
V7E003,1820025,41,seeker,full,1,4,0,0
V7E003,1820025,41,hider,full,1,100,0,0
V7E003,1820025,41,seeker,no_block,1,4,0,0
V7E003,1820025,41,hider,no_block,1,100,0,0
V7E003,1820025,41,seeker,no_ramp,1,4,0,0
V7E003,1820025,41,hider,no_ramp,1,100,0,0
V7E003,1820025,41,seeker,no_objects,1,4,0,0
V7E003,1820025,41,hider,no_objects,1,100,0,0
V7E003,1820026,41,seeker,full,1,56,6,0
V7E003,1820026,41,hider,full,1,100,0,0
V7E003,1820026,41,seeker,no_block,1,52,0,0
V7E003,1820026,41,hider,no_block,1,100,0,0
V7E003,1820026,41,seeker,no_ramp,1,56,6,0
V7E003,1820026,41,hider,no_ramp,1,100,0,0
V7E003,1820026,41,seeker,no_objects,1,52,0,0
V7E003,1820026,41,hider,no_objects,1,100,0,0
V7E003,1820027,41,seeker,full,1,53,6,0
V7E003,1820027,41,hider,full,1,100,0,0
V7E003,1820027,41,seeker,no_block,1,49,0,0
V7E003,1820027,41,hider,no_block,1,100,0,0
V7E003,1820027,41,seeker,no_ramp,1,53,6,0
V7E003,1820027,41,hider,no_ramp,1,100,0,0
V7E003,1820027,41,seeker,no_objects,1,49,0,0
V7E003,1820027,41,hider,no_objects,1,100,0,0
V7E003,1820028,41,seeker,full,1,26,2,0
V7E003,1820028,41,hider,full,1,100,0,0
V7E003,1820028,41,seeker,no_block,1,26,0,0
V7E003,1820028,41,hider,no_block,1,100,0,0
V7E003,1820028,41,seeker,no_ramp,1,26,2,0
V7E003,1820028,41,hider,no_ramp,1,100,0,0
V7E003,1820028,41,seeker,no_objects,1,26,0,0
V7E003,1820028,41,hider,no_objects,1,100,0,0
V7E003,1820029,41,seeker,full,1,43,5,0
V7E003,1820029,41,hider,full,1,100,0,0
V7E003,1820029,41,seeker,no_block,1,43,0,0
V7E003,1820029,41,hider,no_block,1,100,0,0
V7E003,1820029,41,seeker,no_ramp,1,43,5,0
V7E003,1820029,41,hider,no_ramp,1,100,0,0
V7E003,1820029,41,seeker,no_objects,1,43,0,0
V7E003,1820029,41,hider,no_objects,1,100,0,0
V7E003,1820030,41,seeker,full,1,12,2,0
V7E003,1820030,41,hider,full,1,100,0,0
V7E003,1820030,41,seeker,no_block,1,12,0,0
V7E003,1820030,41,hider,no_block,1,100,0,0
V7E003,1820030,41,seeker,no_ramp,1,12,2,0
V7E003,1820030,41,hider,no_ramp,1,100,0,0
V7E003,1820030,41,seeker,no_objects,1,12,0,0
V7E003,1820030,41,hider,no_objects,1,100,0,0
V7E003,1820031,41,seeker,full,1,7,0,0
V7E003,1820031,41,hider,full,1,100,0,0
V7E003,1820031,41,seeker,no_block,1,7,0,0
V7E003,1820031,41,hider,no_block,1,100,0,0
V7E003,1820031,41,seeker,no_ramp,1,7,0,0
V7E003,1820031,41,hider,no_ramp,1,100,0,0
V7E003,1820031,41,seeker,no_objects,1,7,0,0
V7E003,1820031,41,hider,no_objects,1,100,0,0
V7E003,1820032,41,seeker,full,1,1,0,0
V7E003,1820032,41,hider,full,0,1,0,0
V7E003,1820032,41,seeker,no_block,1,1,0,0
V7E003,1820032,41,hider,no_block,0,1,0,0
V7E003,1820032,41,seeker,no_ramp,1,1,0,0
V7E003,1820032,41,hider,no_ramp,0,1,0,0
V7E003,1820032,41,seeker,no_objects,1,1,0,0
V7E003,1820032,41,hider,no_objects,0,1,0,0
V7E003,1820033,41,seeker,full,1,50,6,0
V7E003,1820033,41,hider,full,1,100,0,0
V7E003,1820033,41,seeker,no_block,1,46,0,0
V7E003,1820033,41,hider,no_block,1,100,0,0
V7E003,1820033,41,seeker,no_ramp,1,50,6,0
V7E003,1820033,41,hider,no_ramp,1,100,0,0
V7E003,1820033,41,seeker,no_objects,1,46,0,0
V7E003,1820033,41,hider,no_objects,1,100,0,0
V7E003,1820034,41,seeker,full,1,8,2,0
V7E003,1820034,41,hider,full,1,100,0,0
V7E003,1820034,41,seeker,no_block,1,8,0,0
V7E003,1820034,41,hider,no_block,1,100,0,0
V7E003,1820034,41,seeker,no_ramp,1,8,2,0
V7E003,1820034,41,hider,no_ramp,1,100,0,0
V7E003,1820034,41,seeker,no_objects,1,8,0,0
V7E003,1820034,41,hider,no_objects,1,100,0,0
V7E003,1820035,41,seeker,full,1,43,5,0
V7E003,1820035,41,hider,full,1,100,0,0
V7E003,1820035,41,seeker,no_block,1,43,0,0
V7E003,1820035,41,hider,no_block,1,100,0,0
V7E003,1820035,41,seeker,no_ramp,1,43,5,0
V7E003,1820035,41,hider,no_ramp,1,100,0,0
V7E003,1820035,41,seeker,no_objects,1,43,0,0
V7E003,1820035,41,hider,no_objects,1,100,0,0
V7E003,1820036,41,seeker,full,1,5,1,0
V7E003,1820036,41,hider,full,0,5,1,0
V7E003,1820036,41,seeker,no_block,1,5,0,0
V7E003,1820036,41,hider,no_block,0,5,0,0
V7E003,1820036,41,seeker,no_ramp,1,5,1,0
V7E003,1820036,41,hider,no_ramp,0,5,1,0
V7E003,1820036,41,seeker,no_objects,1,5,0,0
V7E003,1820036,41,hider,no_objects,0,5,0,0
V7E003,1820037,41,seeker,full,1,17,2,1
V7E003,1820037,41,hider,full,1,100,0,0
V7E003,1820037,41,seeker,no_block,1,17,0,1
V7E003,1820037,41,hider,no_block,1,100,0,0
V7E003,1820037,41,seeker,no_ramp,1,22,2,0
V7E003,1820037,41,hider,no_ramp,1,100,0,0
V7E003,1820037,41,seeker,no_objects,1,22,0,0
V7E003,1820037,41,hider,no_objects,1,100,0,0
V7E003,1820038,41,seeker,full,1,1,0,0
V7E003,1820038,41,hider,full,0,2,0,0
V7E003,1820038,41,seeker,no_block,1,1,0,0
V7E003,1820038,41,hider,no_block,0,2,0,0
V7E003,1820038,41,seeker,no_ramp,1,1,0,0
V7E003,1820038,41,hider,no_ramp,0,2,0,0
V7E003,1820038,41,seeker,no_objects,1,1,0,0
V7E003,1820038,41,hider,no_objects,0,2,0,0
V7E003,1820039,41,seeker,full,1,21,2,0
V7E003,1820039,41,hider,full,1,100,0,0
V7E003,1820039,41,seeker,no_block,1,21,0,0
V7E003,1820039,41,hider,no_block,1,100,0,0
V7E003,1820039,41,seeker,no_ramp,1,21,2,0
V7E003,1820039,41,hider,no_ramp,1,100,0,0
V7E003,1820039,41,seeker,no_objects,1,21,0,0
V7E003,1820039,41,hider,no_objects,1,100,0,0
V7E003,1820040,41,seeker,full,1,5,0,0
V7E003,1820040,41,hider,full,1,100,0,0
V7E003,1820040,41,seeker,no_block,1,5,0,0
V7E003,1820040,41,hider,no_block,1,100,0,0
V7E003,1820040,41,seeker,no_ramp,1,5,0,0
V7E003,1820040,41,hider,no_ramp,1,100,0,0
V7E003,1820040,41,seeker,no_objects,1,5,0,0
V7E003,1820040,41,hider,no_objects,1,100,0,0
V7E003,1820041,41,seeker,full,1,42,5,0
V7E003,1820041,41,hider,full,1,100,0,0
V7E003,1820041,41,seeker,no_block,1,42,0,0
V7E003,1820041,41,hider,no_block,1,100,0,0
V7E003,1820041,41,seeker,no_ramp,1,42,5,0
V7E003,1820041,41,hider,no_ramp,1,100,0,0
V7E003,1820041,41,seeker,no_objects,1,42,0,0
V7E003,1820041,41,hider,no_objects,1,100,0,0
V7E003,1820042,41,seeker,full,1,7,0,0
V7E003,1820042,41,hider,full,1,100,0,0
V7E003,1820042,41,seeker,no_block,1,7,0,0
V7E003,1820042,41,hider,no_block,1,100,0,0
V7E003,1820042,41,seeker,no_ramp,1,7,0,0
V7E003,1820042,41,hider,no_ramp,1,100,0,0
V7E003,1820042,41,seeker,no_objects,1,7,0,0
V7E003,1820042,41,hider,no_objects,1,100,0,0
V7E003,1820043,41,seeker,full,1,45,5,0
V7E003,1820043,41,hider,full,1,100,0,0
V7E003,1820043,41,seeker,no_block,1,45,0,0
V7E003,1820043,41,hider,no_block,1,100,0,0
V7E003,1820043,41,seeker,no_ramp,1,45,5,0
V7E003,1820043,41,hider,no_ramp,1,100,0,0
V7E003,1820043,41,seeker,no_objects,1,45,0,0
V7E003,1820043,41,hider,no_objects,1,100,0,0
V7E003,1820044,41,seeker,full,1,9,2,0
V7E003,1820044,41,hider,full,1,100,0,0
V7E003,1820044,41,seeker,no_block,1,9,0,0
V7E003,1820044,41,hider,no_block,1,100,0,0
V7E003,1820044,41,seeker,no_ramp,1,9,2,0
V7E003,1820044,41,hider,no_ramp,1,100,0,0
V7E003,1820044,41,seeker,no_objects,1,9,0,0
V7E003,1820044,41,hider,no_objects,1,100,0,0
V7E003,1820045,41,seeker,full,1,16,0,1
V7E003,1820045,41,hider,full,1,100,0,0
V7E003,1820045,41,seeker,no_block,1,16,0,1
V7E003,1820045,41,hider,no_block,1,100,0,0
V7E003,1820045,41,seeker,no_ramp,1,21,0,0
V7E003,1820045,41,hider,no_ramp,1,100,0,0
V7E003,1820045,41,seeker,no_objects,1,21,0,0
V7E003,1820045,41,hider,no_objects,1,100,0,0
V7E003,1820046,41,seeker,full,1,56,6,0
V7E003,1820046,41,hider,full,1,100,0,0
V7E003,1820046,41,seeker,no_block,1,52,0,0
V7E003,1820046,41,hider,no_block,1,100,0,0
V7E003,1820046,41,seeker,no_ramp,1,56,6,0
V7E003,1820046,41,hider,no_ramp,1,100,0,0
V7E003,1820046,41,seeker,no_objects,1,52,0,0
V7E003,1820046,41,hider,no_objects,1,100,0,0
V7E003,1820047,41,seeker,full,1,5,0,0
V7E003,1820047,41,hider,full,1,100,0,0
V7E003,1820047,41,seeker,no_block,1,5,0,0
V7E003,1820047,41,hider,no_block,1,100,0,0
V7E003,1820047,41,seeker,no_ramp,1,5,0,0
V7E003,1820047,41,hider,no_ramp,1,100,0,0
V7E003,1820047,41,seeker,no_objects,1,5,0,0
V7E003,1820047,41,hider,no_objects,1,100,0,0
V7E003,1820048,41,seeker,full,1,2,0,0
V7E003,1820048,41,hider,full,0,2,0,0
V7E003,1820048,41,seeker,no_block,1,2,0,0
V7E003,1820048,41,hider,no_block,0,2,0,0
V7E003,1820048,41,seeker,no_ramp,1,2,0,0
V7E003,1820048,41,hider,no_ramp,0,2,0,0
V7E003,1820048,41,seeker,no_objects,1,2,0,0
V7E003,1820048,41,hider,no_objects,0,2,0,0
V7E003,1820049,41,seeker,full,1,49,6,0
V7E003,1820049,41,hider,full,1,100,0,0
V7E003,1820049,41,seeker,no_block,1,45,0,0
V7E003,1820049,41,hider,no_block,1,100,0,0
V7E003,1820049,41,seeker,no_ramp,1,49,6,0
V7E003,1820049,41,hider,no_ramp,1,100,0,0
V7E003,1820049,41,seeker,no_objects,1,45,0,0
V7E003,1820049,41,hider,no_objects,1,100,0,0
V7E003,1820050,41,seeker,full,1,1,0,0
V7E003,1820050,41,hider,full,0,1,0,0
V7E003,1820050,41,seeker,no_block,1,1,0,0
V7E003,1820050,41,hider,no_block,0,1,0,0
V7E003,1820050,41,seeker,no_ramp,1,1,0,0
V7E003,1820050,41,hider,no_ramp,0,1,0,0
V7E003,1820050,41,seeker,no_objects,1,1,0,0
V7E003,1820050,41,hider,no_objects,0,1,0,0
V7E003,1820051,41,seeker,full,1,47,5,0
V7E003,1820051,41,hider,full,1,100,0,0
V7E003,1820051,41,seeker,no_block,1,47,0,0
V7E003,1820051,41,hider,no_block,1,100,0,0
V7E003,1820051,41,seeker,no_ramp,1,47,5,0
V7E003,1820051,41,hider,no_ramp,1,100,0,0
V7E003,1820051,41,seeker,no_objects,1,47,0,0
V7E003,1820051,41,hider,no_objects,1,100,0,0
V7E003,1820052,41,seeker,full,1,20,2,0
V7E003,1820052,41,hider,full,1,100,0,0
V7E003,1820052,41,seeker,no_block,1,20,0,0
V7E003,1820052,41,hider,no_block,1,100,0,0
V7E003,1820052,41,seeker,no_ramp,1,20,2,0
V7E003,1820052,41,hider,no_ramp,1,100,0,0
V7E003,1820052,41,seeker,no_objects,1,20,0,0
V7E003,1820052,41,hider,no_objects,1,100,0,0
V7E003,1820053,41,seeker,full,1,8,2,0
V7E003,1820053,41,hider,full,1,100,0,0
V7E003,1820053,41,seeker,no_block,1,8,0,0
V7E003,1820053,41,hider,no_block,1,100,0,0
V7E003,1820053,41,seeker,no_ramp,1,8,2,0
V7E003,1820053,41,hider,no_ramp,1,100,0,0
V7E003,1820053,41,seeker,no_objects,1,8,0,0
V7E003,1820053,41,hider,no_objects,1,100,0,0
V7E003,1820054,41,seeker,full,1,3,0,0
V7E003,1820054,41,hider,full,0,4,0,0
V7E003,1820054,41,seeker,no_block,1,3,0,0
V7E003,1820054,41,hider,no_block,0,4,0,0
V7E003,1820054,41,seeker,no_ramp,1,3,0,0
V7E003,1820054,41,hider,no_ramp,0,4,0,0
V7E003,1820054,41,seeker,no_objects,1,3,0,0
V7E003,1820054,41,hider,no_objects,0,4,0,0
V7E003,1820055,41,seeker,full,1,9,0,0
V7E003,1820055,41,hider,full,1,100,0,0
V7E003,1820055,41,seeker,no_block,1,9,0,0
V7E003,1820055,41,hider,no_block,1,100,0,0
V7E003,1820055,41,seeker,no_ramp,1,9,0,0
V7E003,1820055,41,hider,no_ramp,1,100,0,0
V7E003,1820055,41,seeker,no_objects,1,9,0,0
V7E003,1820055,41,hider,no_objects,1,100,0,0
V7E003,1820056,41,seeker,full,1,4,0,0
V7E003,1820056,41,hider,full,1,100,0,0
V7E003,1820056,41,seeker,no_block,1,4,0,0
V7E003,1820056,41,hider,no_block,1,100,0,0
V7E003,1820056,41,seeker,no_ramp,1,4,0,0
V7E003,1820056,41,hider,no_ramp,0,43,0,0
V7E003,1820056,41,seeker,no_objects,1,4,0,0
V7E003,1820056,41,hider,no_objects,0,39,0,0
V7E003,1820057,41,seeker,full,1,3,0,0
V7E003,1820057,41,hider,full,0,6,0,0
V7E003,1820057,41,seeker,no_block,1,3,0,0
V7E003,1820057,41,hider,no_block,0,4,0,0
V7E003,1820057,41,seeker,no_ramp,1,3,0,0
V7E003,1820057,41,hider,no_ramp,0,8,0,0
V7E003,1820057,41,seeker,no_objects,1,3,0,0
V7E003,1820057,41,hider,no_objects,0,6,0,0
V7E003,1820058,41,seeker,full,1,34,4,0
V7E003,1820058,41,hider,full,1,100,0,0
V7E003,1820058,41,seeker,no_block,1,34,0,0
V7E003,1820058,41,hider,no_block,1,100,0,0
V7E003,1820058,41,seeker,no_ramp,1,34,4,0
V7E003,1820058,41,hider,no_ramp,0,35,0,0
V7E003,1820058,41,seeker,no_objects,1,34,0,0
V7E003,1820058,41,hider,no_objects,0,35,0,0
V7E003,1820059,41,seeker,full,1,7,2,0
V7E003,1820059,41,hider,full,0,6,3,0
V7E003,1820059,41,seeker,no_block,1,3,0,0
V7E003,1820059,41,hider,no_block,0,3,0,0
V7E003,1820059,41,seeker,no_ramp,1,7,2,0
V7E003,1820059,41,hider,no_ramp,0,6,3,0
V7E003,1820059,41,seeker,no_objects,1,3,0,0
V7E003,1820059,41,hider,no_objects,0,3,0,0
V7E003,1820060,41,seeker,full,1,1,0,0
V7E003,1820060,41,hider,full,0,1,0,0
V7E003,1820060,41,seeker,no_block,1,1,0,0
V7E003,1820060,41,hider,no_block,0,1,0,0
V7E003,1820060,41,seeker,no_ramp,1,1,0,0
V7E003,1820060,41,hider,no_ramp,0,1,0,0
V7E003,1820060,41,seeker,no_objects,1,1,0,0
V7E003,1820060,41,hider,no_objects,0,1,0,0
V7E003,1820061,41,seeker,full,1,7,0,0
V7E003,1820061,41,hider,full,1,100,0,0
V7E003,1820061,41,seeker,no_block,1,7,0,0
V7E003,1820061,41,hider,no_block,1,100,0,0
V7E003,1820061,41,seeker,no_ramp,1,7,0,0
V7E003,1820061,41,hider,no_ramp,1,100,0,0
V7E003,1820061,41,seeker,no_objects,1,7,0,0
V7E003,1820061,41,hider,no_objects,1,100,0,0
V7E003,1820062,41,seeker,full,1,8,0,0
V7E003,1820062,41,hider,full,1,100,0,0
V7E003,1820062,41,seeker,no_block,1,8,0,0
V7E003,1820062,41,hider,no_block,1,100,0,0
V7E003,1820062,41,seeker,no_ramp,1,8,0,0
V7E003,1820062,41,hider,no_ramp,1,100,0,0
V7E003,1820062,41,seeker,no_objects,1,8,0,0
V7E003,1820062,41,hider,no_objects,1,100,0,0
V7E003,1820063,41,seeker,full,1,7,0,0
V7E003,1820063,41,hider,full,1,100,0,0
V7E003,1820063,41,seeker,no_block,1,7,0,0
V7E003,1820063,41,hider,no_block,1,100,0,0
V7E003,1820063,41,seeker,no_ramp,1,7,0,0
V7E003,1820063,41,hider,no_ramp,1,100,0,0
V7E003,1820063,41,seeker,no_objects,1,7,0,0
V7E003,1820063,41,hider,no_objects,1,100,0,0
V7E003,1820064,41,seeker,full,1,53,6,0
V7E003,1820064,41,hider,full,1,100,0,0
V7E003,1820064,41,seeker,no_block,1,49,0,0
V7E003,1820064,41,hider,no_block,1,100,0,0
V7E003,1820064,41,seeker,no_ramp,1,53,6,0
V7E003,1820064,41,hider,no_ramp,1,100,0,0
V7E003,1820064,41,seeker,no_objects,1,49,0,0
V7E003,1820064,41,hider,no_objects,1,100,0,0
V7E003,1820065,41,seeker,full,1,4,0,0
V7E003,1820065,41,hider,full,1,100,0,0
V7E003,1820065,41,seeker,no_block,1,4,0,0
V7E003,1820065,41,hider,no_block,1,100,0,0
V7E003,1820065,41,seeker,no_ramp,1,4,0,0
V7E003,1820065,41,hider,no_ramp,1,100,0,0
V7E003,1820065,41,seeker,no_objects,1,4,0,0
V7E003,1820065,41,hider,no_objects,1,100,0,0
V7E003,1820066,41,seeker,full,1,17,0,1
V7E003,1820066,41,hider,full,1,100,0,0
V7E003,1820066,41,seeker,no_block,1,17,0,1
V7E003,1820066,41,hider,no_block,1,100,0,0
V7E003,1820066,41,seeker,no_ramp,1,22,0,0
V7E003,1820066,41,hider,no_ramp,1,100,0,0
V7E003,1820066,41,seeker,no_objects,1,22,0,0
V7E003,1820066,41,hider,no_objects,1,100,0,0
V7E003,1820067,41,seeker,full,1,8,0,0
V7E003,1820067,41,hider,full,1,100,0,0
V7E003,1820067,41,seeker,no_block,1,8,0,0
V7E003,1820067,41,hider,no_block,1,100,0,0
V7E003,1820067,41,seeker,no_ramp,1,8,0,0
V7E003,1820067,41,hider,no_ramp,1,100,0,0
V7E003,1820067,41,seeker,no_objects,1,8,0,0
V7E003,1820067,41,hider,no_objects,1,100,0,0
V7E003,1820068,41,seeker,full,1,45,5,0
V7E003,1820068,41,hider,full,1,100,0,0
V7E003,1820068,41,seeker,no_block,1,45,0,0
V7E003,1820068,41,hider,no_block,1,100,0,0
V7E003,1820068,41,seeker,no_ramp,1,45,5,0
V7E003,1820068,41,hider,no_ramp,1,100,0,0
V7E003,1820068,41,seeker,no_objects,1,45,0,0
V7E003,1820068,41,hider,no_objects,1,100,0,0
V7E003,1820069,41,seeker,full,1,18,2,1
V7E003,1820069,41,hider,full,1,100,0,0
V7E003,1820069,41,seeker,no_block,1,18,0,1
V7E003,1820069,41,hider,no_block,1,100,0,0
V7E003,1820069,41,seeker,no_ramp,1,23,2,0
V7E003,1820069,41,hider,no_ramp,1,100,0,0
V7E003,1820069,41,seeker,no_objects,1,23,0,0
V7E003,1820069,41,hider,no_objects,1,100,0,0
V7E003,1820070,41,seeker,full,1,1,0,0
V7E003,1820070,41,hider,full,0,1,0,0
V7E003,1820070,41,seeker,no_block,1,1,0,0
V7E003,1820070,41,hider,no_block,0,1,0,0
V7E003,1820070,41,seeker,no_ramp,1,1,0,0
V7E003,1820070,41,hider,no_ramp,0,1,0,0
V7E003,1820070,41,seeker,no_objects,1,1,0,0
V7E003,1820070,41,hider,no_objects,0,1,0,0
V7E003,1820071,41,seeker,full,1,49,5,0
V7E003,1820071,41,hider,full,1,100,0,0
V7E003,1820071,41,seeker,no_block,1,49,0,0
V7E003,1820071,41,hider,no_block,1,100,0,0
V7E003,1820071,41,seeker,no_ramp,1,49,5,0
V7E003,1820071,41,hider,no_ramp,1,100,0,0
V7E003,1820071,41,seeker,no_objects,1,49,0,0
V7E003,1820071,41,hider,no_objects,1,100,0,0
V7E003,1820072,41,seeker,full,1,55,6,0
V7E003,1820072,41,hider,full,1,100,0,0
V7E003,1820072,41,seeker,no_block,1,51,0,0
V7E003,1820072,41,hider,no_block,1,100,0,0
V7E003,1820072,41,seeker,no_ramp,1,55,6,0
V7E003,1820072,41,hider,no_ramp,1,100,0,0
V7E003,1820072,41,seeker,no_objects,1,51,0,0
V7E003,1820072,41,hider,no_objects,1,100,0,0
V7E003,1820073,41,seeker,full,1,51,6,0
V7E003,1820073,41,hider,full,1,100,0,0
V7E003,1820073,41,seeker,no_block,1,47,0,0
V7E003,1820073,41,hider,no_block,1,100,0,0
V7E003,1820073,41,seeker,no_ramp,1,51,6,0
V7E003,1820073,41,hider,no_ramp,1,100,0,0
V7E003,1820073,41,seeker,no_objects,1,47,0,0
V7E003,1820073,41,hider,no_objects,1,100,0,0
V7E003,1820074,41,seeker,full,1,5,2,0
V7E003,1820074,41,hider,full,0,5,1,0
V7E003,1820074,41,seeker,no_block,1,5,0,0
V7E003,1820074,41,hider,no_block,0,5,0,0
V7E003,1820074,41,seeker,no_ramp,1,5,2,0
V7E003,1820074,41,hider,no_ramp,0,5,0,0
V7E003,1820074,41,seeker,no_objects,1,5,0,0
V7E003,1820074,41,hider,no_objects,0,5,0,0
V7E003,1820075,41,seeker,full,1,18,0,1
V7E003,1820075,41,hider,full,1,100,0,0
V7E003,1820075,41,seeker,no_block,1,18,0,1
V7E003,1820075,41,hider,no_block,1,100,0,0
V7E003,1820075,41,seeker,no_ramp,1,23,0,0
V7E003,1820075,41,hider,no_ramp,1,100,0,0
V7E003,1820075,41,seeker,no_objects,1,23,0,0
V7E003,1820075,41,hider,no_objects,1,100,0,0
V7E003,1820076,41,seeker,full,1,10,0,0
V7E003,1820076,41,hider,full,0,4,0,0
V7E003,1820076,41,seeker,no_block,1,10,0,0
V7E003,1820076,41,hider,no_block,0,4,0,0
V7E003,1820076,41,seeker,no_ramp,1,10,0,0
V7E003,1820076,41,hider,no_ramp,0,5,0,0
V7E003,1820076,41,seeker,no_objects,1,10,0,0
V7E003,1820076,41,hider,no_objects,0,4,0,0
V7E003,1820077,41,seeker,full,1,12,2,0
V7E003,1820077,41,hider,full,1,100,0,0
V7E003,1820077,41,seeker,no_block,1,12,0,0
V7E003,1820077,41,hider,no_block,1,100,0,0
V7E003,1820077,41,seeker,no_ramp,1,12,2,0
V7E003,1820077,41,hider,no_ramp,1,100,0,0
V7E003,1820077,41,seeker,no_objects,1,12,0,0
V7E003,1820077,41,hider,no_objects,1,100,0,0
V7E003,1820078,41,seeker,full,1,48,5,0
V7E003,1820078,41,hider,full,1,100,0,0
V7E003,1820078,41,seeker,no_block,1,48,0,0
V7E003,1820078,41,hider,no_block,1,100,0,0
V7E003,1820078,41,seeker,no_ramp,1,48,5,0
V7E003,1820078,41,hider,no_ramp,1,100,0,0
V7E003,1820078,41,seeker,no_objects,1,48,0,0
V7E003,1820078,41,hider,no_objects,1,100,0,0
V7E003,1820079,41,seeker,full,1,26,2,0
V7E003,1820079,41,hider,full,1,100,0,0
V7E003,1820079,41,seeker,no_block,1,26,0,0
V7E003,1820079,41,hider,no_block,1,100,0,0
V7E003,1820079,41,seeker,no_ramp,1,26,2,0
V7E003,1820079,41,hider,no_ramp,1,100,0,0
V7E003,1820079,41,seeker,no_objects,1,26,0,0
V7E003,1820079,41,hider,no_objects,1,100,0,0
V7E003,1820080,41,seeker,full,1,44,5,0
V7E003,1820080,41,hider,full,1,100,0,0
V7E003,1820080,41,seeker,no_block,1,44,0,0
V7E003,1820080,41,hider,no_block,1,100,0,0
V7E003,1820080,41,seeker,no_ramp,1,44,5,0
V7E003,1820080,41,hider,no_ramp,1,100,0,0
V7E003,1820080,41,seeker,no_objects,1,44,0,0
V7E003,1820080,41,hider,no_objects,1,100,0,0
V7E003,1820081,41,seeker,full,1,24,2,0
V7E003,1820081,41,hider,full,1,100,0,0
V7E003,1820081,41,seeker,no_block,1,24,0,0
V7E003,1820081,41,hider,no_block,1,100,0,0
V7E003,1820081,41,seeker,no_ramp,1,24,2,0
V7E003,1820081,41,hider,no_ramp,1,100,0,0
V7E003,1820081,41,seeker,no_objects,1,24,0,0
V7E003,1820081,41,hider,no_objects,1,100,0,0
V7E003,1820082,41,seeker,full,1,9,2,0
V7E003,1820082,41,hider,full,1,100,0,0
V7E003,1820082,41,seeker,no_block,1,9,0,0
V7E003,1820082,41,hider,no_block,1,100,0,0
V7E003,1820082,41,seeker,no_ramp,1,9,2,0
V7E003,1820082,41,hider,no_ramp,1,100,0,0
V7E003,1820082,41,seeker,no_objects,1,9,0,0
V7E003,1820082,41,hider,no_objects,1,100,0,0
V7E003,1820083,41,seeker,full,1,3,0,0
V7E003,1820083,41,hider,full,0,4,0,0
V7E003,1820083,41,seeker,no_block,1,3,0,0
V7E003,1820083,41,hider,no_block,0,3,0,0
V7E003,1820083,41,seeker,no_ramp,1,3,0,0
V7E003,1820083,41,hider,no_ramp,1,100,2,0
V7E003,1820083,41,seeker,no_objects,1,3,0,0
V7E003,1820083,41,hider,no_objects,0,4,0,0
V7E003,1820084,41,seeker,full,1,7,0,0
V7E003,1820084,41,hider,full,1,100,0,0
V7E003,1820084,41,seeker,no_block,1,7,0,0
V7E003,1820084,41,hider,no_block,1,100,0,0
V7E003,1820084,41,seeker,no_ramp,1,7,0,0
V7E003,1820084,41,hider,no_ramp,1,100,0,0
V7E003,1820084,41,seeker,no_objects,1,7,0,0
V7E003,1820084,41,hider,no_objects,1,100,0,0
V7E003,1820085,41,seeker,full,1,50,6,0
V7E003,1820085,41,hider,full,1,100,0,0
V7E003,1820085,41,seeker,no_block,1,46,0,0
V7E003,1820085,41,hider,no_block,1,100,0,0
V7E003,1820085,41,seeker,no_ramp,1,50,6,0
V7E003,1820085,41,hider,no_ramp,1,100,0,0
V7E003,1820085,41,seeker,no_objects,1,46,0,0
V7E003,1820085,41,hider,no_objects,1,100,0,0
V7E003,1820086,41,seeker,full,1,48,5,0
V7E003,1820086,41,hider,full,1,100,0,0
V7E003,1820086,41,seeker,no_block,1,48,0,0
V7E003,1820086,41,hider,no_block,1,100,0,0
V7E003,1820086,41,seeker,no_ramp,1,48,5,0
V7E003,1820086,41,hider,no_ramp,1,100,0,0
V7E003,1820086,41,seeker,no_objects,1,48,0,0
V7E003,1820086,41,hider,no_objects,1,100,0,0
V7E003,1820087,41,seeker,full,1,23,2,0
V7E003,1820087,41,hider,full,1,100,0,0
V7E003,1820087,41,seeker,no_block,1,23,0,0
V7E003,1820087,41,hider,no_block,1,100,0,0
V7E003,1820087,41,seeker,no_ramp,1,23,2,0
V7E003,1820087,41,hider,no_ramp,1,100,0,0
V7E003,1820087,41,seeker,no_objects,1,23,0,0
V7E003,1820087,41,hider,no_objects,1,100,0,0
V7E003,1820088,41,seeker,full,1,19,0,1
V7E003,1820088,41,hider,full,1,100,0,0
V7E003,1820088,41,seeker,no_block,1,19,0,1
V7E003,1820088,41,hider,no_block,1,100,0,0
V7E003,1820088,41,seeker,no_ramp,1,24,0,0
V7E003,1820088,41,hider,no_ramp,1,100,0,0
V7E003,1820088,41,seeker,no_objects,1,24,0,0
V7E003,1820088,41,hider,no_objects,1,100,0,0
V7E003,1820089,41,seeker,full,1,10,2,0
V7E003,1820089,41,hider,full,1,100,0,0
V7E003,1820089,41,seeker,no_block,1,9,0,0
V7E003,1820089,41,hider,no_block,1,100,0,0
V7E003,1820089,41,seeker,no_ramp,1,10,2,0
V7E003,1820089,41,hider,no_ramp,1,100,0,0
V7E003,1820089,41,seeker,no_objects,1,9,0,0
V7E003,1820089,41,hider,no_objects,1,100,0,0
V7E003,1820090,41,seeker,full,1,49,5,0
V7E003,1820090,41,hider,full,1,100,0,0
V7E003,1820090,41,seeker,no_block,1,49,0,0
V7E003,1820090,41,hider,no_block,1,100,0,0
V7E003,1820090,41,seeker,no_ramp,1,49,5,0
V7E003,1820090,41,hider,no_ramp,1,100,0,0
V7E003,1820090,41,seeker,no_objects,1,49,0,0
V7E003,1820090,41,hider,no_objects,1,100,0,0
V7E003,1820091,41,seeker,full,1,2,0,0
V7E003,1820091,41,hider,full,0,3,0,0
V7E003,1820091,41,seeker,no_block,1,2,0,0
V7E003,1820091,41,hider,no_block,0,3,0,0
V7E003,1820091,41,seeker,no_ramp,1,2,0,0
V7E003,1820091,41,hider,no_ramp,0,3,0,0
V7E003,1820091,41,seeker,no_objects,1,2,0,0
V7E003,1820091,41,hider,no_objects,0,3,0,0
V7E003,1820092,41,seeker,full,1,7,0,0
V7E003,1820092,41,hider,full,1,100,0,0
V7E003,1820092,41,seeker,no_block,1,7,0,0
V7E003,1820092,41,hider,no_block,1,100,0,0
V7E003,1820092,41,seeker,no_ramp,1,7,0,0
V7E003,1820092,41,hider,no_ramp,1,100,0,0
V7E003,1820092,41,seeker,no_objects,1,7,0,0
V7E003,1820092,41,hider,no_objects,1,100,0,0
V7E003,1820093,41,seeker,full,1,24,2,0
V7E003,1820093,41,hider,full,1,100,0,0
V7E003,1820093,41,seeker,no_block,1,24,0,0
V7E003,1820093,41,hider,no_block,1,100,0,0
V7E003,1820093,41,seeker,no_ramp,1,24,2,0
V7E003,1820093,41,hider,no_ramp,0,35,0,0
V7E003,1820093,41,seeker,no_objects,1,24,0,0
V7E003,1820093,41,hider,no_objects,0,35,0,0
V7E003,1820094,41,seeker,full,1,26,2,0
V7E003,1820094,41,hider,full,1,100,0,0
V7E003,1820094,41,seeker,no_block,1,26,0,0
V7E003,1820094,41,hider,no_block,1,100,0,0
V7E003,1820094,41,seeker,no_ramp,1,26,2,0
V7E003,1820094,41,hider,no_ramp,0,37,0,0
V7E003,1820094,41,seeker,no_objects,1,26,0,0
V7E003,1820094,41,hider,no_objects,0,37,0,0
V7E003,1820095,41,seeker,full,1,52,6,0
V7E003,1820095,41,hider,full,1,100,0,0
V7E003,1820095,41,seeker,no_block,1,48,0,0
V7E003,1820095,41,hider,no_block,1,100,0,0
V7E003,1820095,41,seeker,no_ramp,1,52,6,0
V7E003,1820095,41,hider,no_ramp,1,100,0,0
V7E003,1820095,41,seeker,no_objects,1,48,0,0
V7E003,1820095,41,hider,no_objects,1,100,0,0
V7E003,1820096,41,seeker,full,1,8,2,0
V7E003,1820096,41,hider,full,1,100,0,0
V7E003,1820096,41,seeker,no_block,1,8,0,0
V7E003,1820096,41,hider,no_block,1,100,0,0
V7E003,1820096,41,seeker,no_ramp,1,8,2,0
V7E003,1820096,41,hider,no_ramp,1,100,0,0
V7E003,1820096,41,seeker,no_objects,1,8,0,0
V7E003,1820096,41,hider,no_objects,1,100,0,0
V7E003,1820097,41,seeker,full,1,54,6,1
V7E003,1820097,41,hider,full,0,5,0,0
V7E003,1820097,41,seeker,no_block,1,50,0,1
V7E003,1820097,41,hider,no_block,0,5,0,0
V7E003,1820097,41,seeker,no_ramp,1,13,0,0
V7E003,1820097,41,hider,no_ramp,1,100,0,0
V7E003,1820097,41,seeker,no_objects,1,13,0,0
V7E003,1820097,41,hider,no_objects,1,100,0,0
V7E003,1820098,41,seeker,full,1,10,2,1
V7E003,1820098,41,hider,full,1,100,0,0
V7E003,1820098,41,seeker,no_block,1,10,0,1
V7E003,1820098,41,hider,no_block,1,100,0,0
V7E003,1820098,41,seeker,no_ramp,1,29,2,0
V7E003,1820098,41,hider,no_ramp,1,100,0,0
V7E003,1820098,41,seeker,no_objects,1,29,0,0
V7E003,1820098,41,hider,no_objects,1,100,0,0
V7E003,1820099,41,seeker,full,1,19,2,1
V7E003,1820099,41,hider,full,1,100,0,0
V7E003,1820099,41,seeker,no_block,1,19,0,1
V7E003,1820099,41,hider,no_block,1,100,0,0
V7E003,1820099,41,seeker,no_ramp,1,24,2,0
V7E003,1820099,41,hider,no_ramp,1,100,0,0
V7E003,1820099,41,seeker,no_objects,1,24,0,0
V7E003,1820099,41,hider,no_objects,1,100,0,0
V7E004,1830000,41,seeker,full,1,37,0,0
V7E004,1830000,41,hider,full,0,3,0,0
V7E004,1830000,41,seeker,no_block,1,37,0,0
V7E004,1830000,41,hider,no_block,0,3,0,0
V7E004,1830000,41,seeker,no_ramp,1,37,0,0
V7E004,1830000,41,hider,no_ramp,0,3,0,0
V7E004,1830000,41,seeker,no_objects,1,37,0,0
V7E004,1830000,41,hider,no_objects,0,3,0,0
V7E004,1830001,41,seeker,full,1,17,2,0
V7E004,1830001,41,hider,full,1,100,0,0
V7E004,1830001,41,seeker,no_block,1,17,0,0
V7E004,1830001,41,hider,no_block,1,100,0,0
V7E004,1830001,41,seeker,no_ramp,1,17,2,0
V7E004,1830001,41,hider,no_ramp,1,100,0,0
V7E004,1830001,41,seeker,no_objects,1,17,0,0
V7E004,1830001,41,hider,no_objects,1,100,0,0
V7E004,1830002,41,seeker,full,1,50,2,0
V7E004,1830002,41,hider,full,1,100,0,0
V7E004,1830002,41,seeker,no_block,1,50,0,0
V7E004,1830002,41,hider,no_block,1,100,0,0
V7E004,1830002,41,seeker,no_ramp,1,50,2,0
V7E004,1830002,41,hider,no_ramp,1,100,0,0
V7E004,1830002,41,seeker,no_objects,1,50,0,0
V7E004,1830002,41,hider,no_objects,1,100,0,0
V7E004,1830003,41,seeker,full,1,31,0,1
V7E004,1830003,41,hider,full,0,3,0,0
V7E004,1830003,41,seeker,no_block,1,31,0,1
V7E004,1830003,41,hider,no_block,0,3,0,0
V7E004,1830003,41,seeker,no_ramp,1,20,2,0
V7E004,1830003,41,hider,no_ramp,1,100,0,0
V7E004,1830003,41,seeker,no_objects,1,20,0,0
V7E004,1830003,41,hider,no_objects,1,100,0,0
V7E004,1830004,41,seeker,full,1,1,0,0
V7E004,1830004,41,hider,full,0,2,0,0
V7E004,1830004,41,seeker,no_block,1,1,0,0
V7E004,1830004,41,hider,no_block,0,2,0,0
V7E004,1830004,41,seeker,no_ramp,1,1,0,0
V7E004,1830004,41,hider,no_ramp,0,1,0,0
V7E004,1830004,41,seeker,no_objects,1,1,0,0
V7E004,1830004,41,hider,no_objects,0,2,0,0
V7E004,1830005,41,seeker,full,1,42,2,0
V7E004,1830005,41,hider,full,1,100,0,0
V7E004,1830005,41,seeker,no_block,1,42,0,0
V7E004,1830005,41,hider,no_block,1,100,0,0
V7E004,1830005,41,seeker,no_ramp,1,42,2,0
V7E004,1830005,41,hider,no_ramp,1,100,0,0
V7E004,1830005,41,seeker,no_objects,1,42,0,0
V7E004,1830005,41,hider,no_objects,1,100,0,0
V7E004,1830006,41,seeker,full,1,8,0,0
V7E004,1830006,41,hider,full,0,8,0,0
V7E004,1830006,41,seeker,no_block,1,8,0,0
V7E004,1830006,41,hider,no_block,0,8,0,0
V7E004,1830006,41,seeker,no_ramp,1,8,0,0
V7E004,1830006,41,hider,no_ramp,0,8,0,0
V7E004,1830006,41,seeker,no_objects,1,8,0,0
V7E004,1830006,41,hider,no_objects,0,8,0,0
V7E004,1830007,41,seeker,full,1,48,2,0
V7E004,1830007,41,hider,full,1,100,0,0
V7E004,1830007,41,seeker,no_block,1,48,0,0
V7E004,1830007,41,hider,no_block,1,100,0,0
V7E004,1830007,41,seeker,no_ramp,1,48,2,0
V7E004,1830007,41,hider,no_ramp,1,100,0,0
V7E004,1830007,41,seeker,no_objects,1,48,0,0
V7E004,1830007,41,hider,no_objects,1,100,0,0
V7E004,1830008,41,seeker,full,1,6,0,0
V7E004,1830008,41,hider,full,1,100,0,0
V7E004,1830008,41,seeker,no_block,1,6,0,0
V7E004,1830008,41,hider,no_block,1,100,0,0
V7E004,1830008,41,seeker,no_ramp,1,6,0,0
V7E004,1830008,41,hider,no_ramp,1,100,0,0
V7E004,1830008,41,seeker,no_objects,1,6,0,0
V7E004,1830008,41,hider,no_objects,1,100,0,0
V7E004,1830009,41,seeker,full,1,4,0,1
V7E004,1830009,41,hider,full,0,4,0,0
V7E004,1830009,41,seeker,no_block,1,4,0,1
V7E004,1830009,41,hider,no_block,0,4,0,0
V7E004,1830009,41,seeker,no_ramp,1,22,2,0
V7E004,1830009,41,hider,no_ramp,1,100,0,0
V7E004,1830009,41,seeker,no_objects,1,22,0,0
V7E004,1830009,41,hider,no_objects,1,100,0,0
V7E004,1830010,41,seeker,full,1,45,2,0
V7E004,1830010,41,hider,full,1,100,0,0
V7E004,1830010,41,seeker,no_block,1,45,0,0
V7E004,1830010,41,hider,no_block,1,100,0,0
V7E004,1830010,41,seeker,no_ramp,1,45,2,0
V7E004,1830010,41,hider,no_ramp,1,100,0,0
V7E004,1830010,41,seeker,no_objects,1,45,0,0
V7E004,1830010,41,hider,no_objects,1,100,0,0
V7E004,1830011,41,seeker,full,1,31,0,0
V7E004,1830011,41,hider,full,0,19,0,0
V7E004,1830011,41,seeker,no_block,1,31,0,0
V7E004,1830011,41,hider,no_block,0,19,0,0
V7E004,1830011,41,seeker,no_ramp,1,31,0,0
V7E004,1830011,41,hider,no_ramp,0,19,0,0
V7E004,1830011,41,seeker,no_objects,1,31,0,0
V7E004,1830011,41,hider,no_objects,0,19,0,0
V7E004,1830012,41,seeker,full,1,17,2,0
V7E004,1830012,41,hider,full,1,100,0,0
V7E004,1830012,41,seeker,no_block,1,17,0,0
V7E004,1830012,41,hider,no_block,1,100,0,0
V7E004,1830012,41,seeker,no_ramp,1,17,2,0
V7E004,1830012,41,hider,no_ramp,1,100,0,0
V7E004,1830012,41,seeker,no_objects,1,17,0,0
V7E004,1830012,41,hider,no_objects,1,100,0,0
V7E004,1830013,41,seeker,full,1,42,2,0
V7E004,1830013,41,hider,full,1,100,0,0
V7E004,1830013,41,seeker,no_block,1,42,0,0
V7E004,1830013,41,hider,no_block,1,100,0,0
V7E004,1830013,41,seeker,no_ramp,1,42,2,0
V7E004,1830013,41,hider,no_ramp,1,100,0,0
V7E004,1830013,41,seeker,no_objects,1,42,0,0
V7E004,1830013,41,hider,no_objects,1,100,0,0
V7E004,1830014,41,seeker,full,1,7,0,1
V7E004,1830014,41,hider,full,0,4,0,0
V7E004,1830014,41,seeker,no_block,1,7,0,1
V7E004,1830014,41,hider,no_block,0,4,0,0
V7E004,1830014,41,seeker,no_ramp,1,28,2,0
V7E004,1830014,41,hider,no_ramp,1,100,0,0
V7E004,1830014,41,seeker,no_objects,1,28,0,0
V7E004,1830014,41,hider,no_objects,1,100,0,0
V7E004,1830015,41,seeker,full,1,8,0,0
V7E004,1830015,41,hider,full,0,8,0,0
V7E004,1830015,41,seeker,no_block,1,8,0,0
V7E004,1830015,41,hider,no_block,0,8,0,0
V7E004,1830015,41,seeker,no_ramp,1,8,0,0
V7E004,1830015,41,hider,no_ramp,0,8,0,0
V7E004,1830015,41,seeker,no_objects,1,8,0,0
V7E004,1830015,41,hider,no_objects,0,8,0,0
V7E004,1830016,41,seeker,full,1,6,0,0
V7E004,1830016,41,hider,full,1,100,0,0
V7E004,1830016,41,seeker,no_block,1,6,0,0
V7E004,1830016,41,hider,no_block,1,100,0,0
V7E004,1830016,41,seeker,no_ramp,1,6,0,0
V7E004,1830016,41,hider,no_ramp,1,100,0,0
V7E004,1830016,41,seeker,no_objects,1,6,0,0
V7E004,1830016,41,hider,no_objects,1,100,0,0
V7E004,1830017,41,seeker,full,1,2,0,0
V7E004,1830017,41,hider,full,0,2,0,0
V7E004,1830017,41,seeker,no_block,1,2,0,0
V7E004,1830017,41,hider,no_block,0,2,0,0
V7E004,1830017,41,seeker,no_ramp,1,2,0,0
V7E004,1830017,41,hider,no_ramp,0,2,0,0
V7E004,1830017,41,seeker,no_objects,1,2,0,0
V7E004,1830017,41,hider,no_objects,0,2,0,0
V7E004,1830018,41,seeker,full,1,17,0,1
V7E004,1830018,41,hider,full,0,9,0,0
V7E004,1830018,41,seeker,no_block,1,17,0,1
V7E004,1830018,41,hider,no_block,0,9,0,0
V7E004,1830018,41,seeker,no_ramp,1,38,2,0
V7E004,1830018,41,hider,no_ramp,1,100,0,0
V7E004,1830018,41,seeker,no_objects,1,38,0,0
V7E004,1830018,41,hider,no_objects,1,100,0,0
V7E004,1830019,41,seeker,full,1,51,2,0
V7E004,1830019,41,hider,full,1,100,0,0
V7E004,1830019,41,seeker,no_block,1,9,0,0
V7E004,1830019,41,hider,no_block,0,2,0,0
V7E004,1830019,41,seeker,no_ramp,1,51,2,0
V7E004,1830019,41,hider,no_ramp,0,48,0,0
V7E004,1830019,41,seeker,no_objects,1,9,0,0
V7E004,1830019,41,hider,no_objects,1,100,0,0
V7E004,1830020,41,seeker,full,1,3,0,0
V7E004,1830020,41,hider,full,0,3,0,0
V7E004,1830020,41,seeker,no_block,1,3,0,0
V7E004,1830020,41,hider,no_block,0,3,0,0
V7E004,1830020,41,seeker,no_ramp,1,3,0,0
V7E004,1830020,41,hider,no_ramp,0,3,0,0
V7E004,1830020,41,seeker,no_objects,1,3,0,0
V7E004,1830020,41,hider,no_objects,0,3,0,0
V7E004,1830021,41,seeker,full,1,6,0,0
V7E004,1830021,41,hider,full,0,4,0,0
V7E004,1830021,41,seeker,no_block,1,6,0,0
V7E004,1830021,41,hider,no_block,0,4,0,0
V7E004,1830021,41,seeker,no_ramp,1,6,0,0
V7E004,1830021,41,hider,no_ramp,0,4,0,0
V7E004,1830021,41,seeker,no_objects,1,6,0,0
V7E004,1830021,41,hider,no_objects,0,4,0,0
V7E004,1830022,41,seeker,full,1,37,0,0
V7E004,1830022,41,hider,full,0,4,0,0
V7E004,1830022,41,seeker,no_block,1,37,0,0
V7E004,1830022,41,hider,no_block,0,4,0,0
V7E004,1830022,41,seeker,no_ramp,1,37,0,0
V7E004,1830022,41,hider,no_ramp,0,4,0,0
V7E004,1830022,41,seeker,no_objects,1,37,0,0
V7E004,1830022,41,hider,no_objects,0,4,0,0
V7E004,1830023,41,seeker,full,1,49,2,0
V7E004,1830023,41,hider,full,1,100,0,0
V7E004,1830023,41,seeker,no_block,1,49,0,0
V7E004,1830023,41,hider,no_block,1,100,0,0
V7E004,1830023,41,seeker,no_ramp,1,49,2,0
V7E004,1830023,41,hider,no_ramp,1,100,0,0
V7E004,1830023,41,seeker,no_objects,1,49,0,0
V7E004,1830023,41,hider,no_objects,1,100,0,0
V7E004,1830024,41,seeker,full,1,4,0,0
V7E004,1830024,41,hider,full,0,3,0,0
V7E004,1830024,41,seeker,no_block,1,4,0,0
V7E004,1830024,41,hider,no_block,0,3,0,0
V7E004,1830024,41,seeker,no_ramp,1,4,0,0
V7E004,1830024,41,hider,no_ramp,0,3,0,0
V7E004,1830024,41,seeker,no_objects,1,4,0,0
V7E004,1830024,41,hider,no_objects,0,3,0,0
V7E004,1830025,41,seeker,full,1,11,0,1
V7E004,1830025,41,hider,full,1,100,0,0
V7E004,1830025,41,seeker,no_block,1,11,0,1
V7E004,1830025,41,hider,no_block,1,100,0,0
V7E004,1830025,41,seeker,no_ramp,1,34,2,0
V7E004,1830025,41,hider,no_ramp,0,27,0,0
V7E004,1830025,41,seeker,no_objects,1,34,0,0
V7E004,1830025,41,hider,no_objects,0,27,0,0
V7E004,1830026,41,seeker,full,1,1,0,0
V7E004,1830026,41,hider,full,0,1,0,0
V7E004,1830026,41,seeker,no_block,1,1,0,0
V7E004,1830026,41,hider,no_block,0,1,0,0
V7E004,1830026,41,seeker,no_ramp,1,1,0,0
V7E004,1830026,41,hider,no_ramp,0,1,0,0
V7E004,1830026,41,seeker,no_objects,1,1,0,0
V7E004,1830026,41,hider,no_objects,0,1,0,0
V7E004,1830027,41,seeker,full,1,1,0,0
V7E004,1830027,41,hider,full,0,1,0,0
V7E004,1830027,41,seeker,no_block,1,1,0,0
V7E004,1830027,41,hider,no_block,0,1,0,0
V7E004,1830027,41,seeker,no_ramp,1,1,0,0
V7E004,1830027,41,hider,no_ramp,0,1,0,0
V7E004,1830027,41,seeker,no_objects,1,1,0,0
V7E004,1830027,41,hider,no_objects,0,1,0,0
V7E004,1830028,41,seeker,full,1,48,2,0
V7E004,1830028,41,hider,full,1,100,0,0
V7E004,1830028,41,seeker,no_block,1,48,0,0
V7E004,1830028,41,hider,no_block,1,100,0,0
V7E004,1830028,41,seeker,no_ramp,1,48,2,0
V7E004,1830028,41,hider,no_ramp,1,100,0,0
V7E004,1830028,41,seeker,no_objects,1,48,0,0
V7E004,1830028,41,hider,no_objects,1,100,0,0
V7E004,1830029,41,seeker,full,1,21,2,1
V7E004,1830029,41,hider,full,1,100,0,0
V7E004,1830029,41,seeker,no_block,1,21,0,1
V7E004,1830029,41,hider,no_block,1,100,0,0
V7E004,1830029,41,seeker,no_ramp,0,100,2,0
V7E004,1830029,41,hider,no_ramp,1,100,0,0
V7E004,1830029,41,seeker,no_objects,1,40,0,0
V7E004,1830029,41,hider,no_objects,1,100,0,0
V7E004,1830030,41,seeker,full,1,10,0,0
V7E004,1830030,41,hider,full,0,5,0,0
V7E004,1830030,41,seeker,no_block,1,10,0,0
V7E004,1830030,41,hider,no_block,0,5,0,0
V7E004,1830030,41,seeker,no_ramp,1,10,0,0
V7E004,1830030,41,hider,no_ramp,0,5,0,0
V7E004,1830030,41,seeker,no_objects,1,10,0,0
V7E004,1830030,41,hider,no_objects,0,5,0,0
V7E004,1830031,41,seeker,full,1,7,0,1
V7E004,1830031,41,hider,full,0,6,0,0
V7E004,1830031,41,seeker,no_block,1,7,0,1
V7E004,1830031,41,hider,no_block,0,6,0,0
V7E004,1830031,41,seeker,no_ramp,1,24,2,0
V7E004,1830031,41,hider,no_ramp,0,16,0,0
V7E004,1830031,41,seeker,no_objects,1,24,0,0
V7E004,1830031,41,hider,no_objects,0,16,0,0
V7E004,1830032,41,seeker,full,1,11,0,0
V7E004,1830032,41,hider,full,0,10,0,0
V7E004,1830032,41,seeker,no_block,1,11,0,0
V7E004,1830032,41,hider,no_block,0,10,0,0
V7E004,1830032,41,seeker,no_ramp,1,11,0,0
V7E004,1830032,41,hider,no_ramp,0,10,0,0
V7E004,1830032,41,seeker,no_objects,1,11,0,0
V7E004,1830032,41,hider,no_objects,0,10,0,0
V7E004,1830033,41,seeker,full,1,4,0,0
V7E004,1830033,41,hider,full,0,4,0,0
V7E004,1830033,41,seeker,no_block,1,4,0,0
V7E004,1830033,41,hider,no_block,0,4,0,0
V7E004,1830033,41,seeker,no_ramp,1,4,0,0
V7E004,1830033,41,hider,no_ramp,0,4,0,0
V7E004,1830033,41,seeker,no_objects,1,4,0,0
V7E004,1830033,41,hider,no_objects,0,4,0,0
V7E004,1830034,41,seeker,full,1,10,0,1
V7E004,1830034,41,hider,full,1,100,0,0
V7E004,1830034,41,seeker,no_block,1,10,0,1
V7E004,1830034,41,hider,no_block,1,100,0,0
V7E004,1830034,41,seeker,no_ramp,1,31,2,0
V7E004,1830034,41,hider,no_ramp,0,24,0,0
V7E004,1830034,41,seeker,no_objects,1,31,0,0
V7E004,1830034,41,hider,no_objects,0,24,0,0
V7E004,1830035,41,seeker,full,1,31,0,1
V7E004,1830035,41,hider,full,0,3,0,0
V7E004,1830035,41,seeker,no_block,1,31,0,1
V7E004,1830035,41,hider,no_block,0,3,0,0
V7E004,1830035,41,seeker,no_ramp,1,16,2,0
V7E004,1830035,41,hider,no_ramp,0,16,0,0
V7E004,1830035,41,seeker,no_objects,1,16,0,0
V7E004,1830035,41,hider,no_objects,0,16,0,0
V7E004,1830036,41,seeker,full,1,3,0,1
V7E004,1830036,41,hider,full,0,3,0,0
V7E004,1830036,41,seeker,no_block,1,3,0,1
V7E004,1830036,41,hider,no_block,0,3,0,0
V7E004,1830036,41,seeker,no_ramp,1,16,2,0
V7E004,1830036,41,hider,no_ramp,1,100,0,0
V7E004,1830036,41,seeker,no_objects,1,16,0,0
V7E004,1830036,41,hider,no_objects,1,100,0,0
V7E004,1830037,41,seeker,full,1,5,0,0
V7E004,1830037,41,hider,full,0,8,0,0
V7E004,1830037,41,seeker,no_block,1,5,0,0
V7E004,1830037,41,hider,no_block,0,8,0,0
V7E004,1830037,41,seeker,no_ramp,1,5,0,0
V7E004,1830037,41,hider,no_ramp,0,8,0,0
V7E004,1830037,41,seeker,no_objects,1,5,0,0
V7E004,1830037,41,hider,no_objects,0,8,0,0
V7E004,1830038,41,seeker,full,1,1,0,0
V7E004,1830038,41,hider,full,0,1,0,0
V7E004,1830038,41,seeker,no_block,1,1,0,0
V7E004,1830038,41,hider,no_block,0,1,0,0
V7E004,1830038,41,seeker,no_ramp,1,1,0,0
V7E004,1830038,41,hider,no_ramp,0,1,0,0
V7E004,1830038,41,seeker,no_objects,1,1,0,0
V7E004,1830038,41,hider,no_objects,0,1,0,0
V7E004,1830039,41,seeker,full,1,47,2,0
V7E004,1830039,41,hider,full,1,100,0,0
V7E004,1830039,41,seeker,no_block,1,47,0,0
V7E004,1830039,41,hider,no_block,1,100,0,0
V7E004,1830039,41,seeker,no_ramp,1,47,2,0
V7E004,1830039,41,hider,no_ramp,1,100,0,0
V7E004,1830039,41,seeker,no_objects,1,47,0,0
V7E004,1830039,41,hider,no_objects,1,100,0,0
V7E004,1830040,41,seeker,full,1,8,0,0
V7E004,1830040,41,hider,full,1,100,0,0
V7E004,1830040,41,seeker,no_block,1,8,0,0
V7E004,1830040,41,hider,no_block,1,100,0,0
V7E004,1830040,41,seeker,no_ramp,1,8,0,0
V7E004,1830040,41,hider,no_ramp,1,100,0,0
V7E004,1830040,41,seeker,no_objects,1,8,0,0
V7E004,1830040,41,hider,no_objects,1,100,0,0
V7E004,1830041,41,seeker,full,1,8,0,1
V7E004,1830041,41,hider,full,0,8,0,0
V7E004,1830041,41,seeker,no_block,1,8,0,1
V7E004,1830041,41,hider,no_block,0,8,0,0
V7E004,1830041,41,seeker,no_ramp,1,27,2,0
V7E004,1830041,41,hider,no_ramp,1,100,0,0
V7E004,1830041,41,seeker,no_objects,1,27,0,0
V7E004,1830041,41,hider,no_objects,1,100,0,0
V7E004,1830042,41,seeker,full,1,9,0,0
V7E004,1830042,41,hider,full,0,9,0,0
V7E004,1830042,41,seeker,no_block,1,9,0,0
V7E004,1830042,41,hider,no_block,0,9,0,0
V7E004,1830042,41,seeker,no_ramp,1,9,0,0
V7E004,1830042,41,hider,no_ramp,0,9,0,0
V7E004,1830042,41,seeker,no_objects,1,9,0,0
V7E004,1830042,41,hider,no_objects,0,9,0,0
V7E004,1830043,41,seeker,full,1,23,2,1
V7E004,1830043,41,hider,full,0,13,0,0
V7E004,1830043,41,seeker,no_block,1,23,0,1
V7E004,1830043,41,hider,no_block,0,13,0,0
V7E004,1830043,41,seeker,no_ramp,0,100,2,0
V7E004,1830043,41,hider,no_ramp,1,100,0,0
V7E004,1830043,41,seeker,no_objects,1,44,0,0
V7E004,1830043,41,hider,no_objects,1,100,0,0
V7E004,1830044,41,seeker,full,1,19,2,1
V7E004,1830044,41,hider,full,0,9,0,0
V7E004,1830044,41,seeker,no_block,1,19,0,1
V7E004,1830044,41,hider,no_block,0,9,0,0
V7E004,1830044,41,seeker,no_ramp,0,100,2,0
V7E004,1830044,41,hider,no_ramp,0,9,0,0
V7E004,1830044,41,seeker,no_objects,1,38,0,0
V7E004,1830044,41,hider,no_objects,0,9,0,0
V7E004,1830045,41,seeker,full,1,6,0,0
V7E004,1830045,41,hider,full,1,100,0,0
V7E004,1830045,41,seeker,no_block,1,6,0,0
V7E004,1830045,41,hider,no_block,1,100,0,0
V7E004,1830045,41,seeker,no_ramp,1,6,0,0
V7E004,1830045,41,hider,no_ramp,1,100,0,0
V7E004,1830045,41,seeker,no_objects,1,6,0,0
V7E004,1830045,41,hider,no_objects,1,100,0,0
V7E004,1830046,41,seeker,full,1,4,0,0
V7E004,1830046,41,hider,full,1,100,0,0
V7E004,1830046,41,seeker,no_block,1,4,0,0
V7E004,1830046,41,hider,no_block,1,100,0,0
V7E004,1830046,41,seeker,no_ramp,1,4,0,0
V7E004,1830046,41,hider,no_ramp,1,100,0,0
V7E004,1830046,41,seeker,no_objects,1,4,0,0
V7E004,1830046,41,hider,no_objects,1,100,0,0
V7E004,1830047,41,seeker,full,1,3,0,0
V7E004,1830047,41,hider,full,0,2,0,0
V7E004,1830047,41,seeker,no_block,1,3,0,0
V7E004,1830047,41,hider,no_block,0,2,0,0
V7E004,1830047,41,seeker,no_ramp,1,3,0,0
V7E004,1830047,41,hider,no_ramp,0,2,0,0
V7E004,1830047,41,seeker,no_objects,1,3,0,0
V7E004,1830047,41,hider,no_objects,0,2,0,0
V7E004,1830048,41,seeker,full,1,6,0,1
V7E004,1830048,41,hider,full,0,6,0,0
V7E004,1830048,41,seeker,no_block,1,6,0,1
V7E004,1830048,41,hider,no_block,0,6,0,0
V7E004,1830048,41,seeker,no_ramp,1,24,2,0
V7E004,1830048,41,hider,no_ramp,0,24,0,0
V7E004,1830048,41,seeker,no_objects,1,24,0,0
V7E004,1830048,41,hider,no_objects,0,24,0,0
V7E004,1830049,41,seeker,full,1,48,2,0
V7E004,1830049,41,hider,full,1,100,0,0
V7E004,1830049,41,seeker,no_block,1,48,0,0
V7E004,1830049,41,hider,no_block,1,100,0,0
V7E004,1830049,41,seeker,no_ramp,1,48,2,0
V7E004,1830049,41,hider,no_ramp,1,100,0,0
V7E004,1830049,41,seeker,no_objects,1,48,0,0
V7E004,1830049,41,hider,no_objects,1,100,0,0
V7E004,1830050,41,seeker,full,1,7,0,0
V7E004,1830050,41,hider,full,0,8,0,0
V7E004,1830050,41,seeker,no_block,1,7,0,0
V7E004,1830050,41,hider,no_block,0,8,0,0
V7E004,1830050,41,seeker,no_ramp,1,7,0,0
V7E004,1830050,41,hider,no_ramp,0,8,0,0
V7E004,1830050,41,seeker,no_objects,1,7,0,0
V7E004,1830050,41,hider,no_objects,0,8,0,0
V7E004,1830051,41,seeker,full,1,5,0,1
V7E004,1830051,41,hider,full,0,5,0,0
V7E004,1830051,41,seeker,no_block,1,5,0,1
V7E004,1830051,41,hider,no_block,0,5,0,0
V7E004,1830051,41,seeker,no_ramp,1,23,2,0
V7E004,1830051,41,hider,no_ramp,0,23,0,0
V7E004,1830051,41,seeker,no_objects,1,23,0,0
V7E004,1830051,41,hider,no_objects,0,23,0,0
V7E004,1830052,41,seeker,full,1,37,0,0
V7E004,1830052,41,hider,full,0,3,0,0
V7E004,1830052,41,seeker,no_block,1,37,0,0
V7E004,1830052,41,hider,no_block,0,3,0,0
V7E004,1830052,41,seeker,no_ramp,1,37,0,0
V7E004,1830052,41,hider,no_ramp,0,3,0,0
V7E004,1830052,41,seeker,no_objects,1,37,0,0
V7E004,1830052,41,hider,no_objects,0,3,0,0
V7E004,1830053,41,seeker,full,1,4,0,0
V7E004,1830053,41,hider,full,1,100,0,0
V7E004,1830053,41,seeker,no_block,1,4,0,0
V7E004,1830053,41,hider,no_block,1,100,0,0
V7E004,1830053,41,seeker,no_ramp,1,4,0,0
V7E004,1830053,41,hider,no_ramp,1,100,0,0
V7E004,1830053,41,seeker,no_objects,1,4,0,0
V7E004,1830053,41,hider,no_objects,1,100,0,0
V7E004,1830054,41,seeker,full,1,9,0,1
V7E004,1830054,41,hider,full,0,8,0,0
V7E004,1830054,41,seeker,no_block,1,9,0,1
V7E004,1830054,41,hider,no_block,0,8,0,0
V7E004,1830054,41,seeker,no_ramp,1,30,2,0
V7E004,1830054,41,hider,no_ramp,1,100,0,0
V7E004,1830054,41,seeker,no_objects,1,30,0,0
V7E004,1830054,41,hider,no_objects,1,100,0,0
V7E004,1830055,41,seeker,full,1,4,0,1
V7E004,1830055,41,hider,full,0,4,0,0
V7E004,1830055,41,seeker,no_block,1,4,0,1
V7E004,1830055,41,hider,no_block,0,4,0,0
V7E004,1830055,41,seeker,no_ramp,1,22,2,0
V7E004,1830055,41,hider,no_ramp,1,100,0,0
V7E004,1830055,41,seeker,no_objects,1,22,0,0
V7E004,1830055,41,hider,no_objects,1,100,0,0
V7E004,1830056,41,seeker,full,1,31,0,1
V7E004,1830056,41,hider,full,0,3,0,0
V7E004,1830056,41,seeker,no_block,1,31,0,1
V7E004,1830056,41,hider,no_block,0,3,0,0
V7E004,1830056,41,seeker,no_ramp,1,16,2,0
V7E004,1830056,41,hider,no_ramp,0,16,0,0
V7E004,1830056,41,seeker,no_objects,1,16,0,0
V7E004,1830056,41,hider,no_objects,0,16,0,0
V7E004,1830057,41,seeker,full,1,50,2,0
V7E004,1830057,41,hider,full,1,100,0,0
V7E004,1830057,41,seeker,no_block,1,50,0,0
V7E004,1830057,41,hider,no_block,1,100,0,0
V7E004,1830057,41,seeker,no_ramp,1,50,2,0
V7E004,1830057,41,hider,no_ramp,1,100,0,0
V7E004,1830057,41,seeker,no_objects,1,50,0,0
V7E004,1830057,41,hider,no_objects,1,100,0,0
V7E004,1830058,41,seeker,full,1,45,2,0
V7E004,1830058,41,hider,full,0,40,0,0
V7E004,1830058,41,seeker,no_block,1,45,0,0
V7E004,1830058,41,hider,no_block,1,100,0,0
V7E004,1830058,41,seeker,no_ramp,1,45,2,0
V7E004,1830058,41,hider,no_ramp,1,100,0,0
V7E004,1830058,41,seeker,no_objects,1,45,0,0
V7E004,1830058,41,hider,no_objects,1,100,0,0
V7E004,1830059,41,seeker,full,1,11,0,0
V7E004,1830059,41,hider,full,0,10,0,0
V7E004,1830059,41,seeker,no_block,1,11,0,0
V7E004,1830059,41,hider,no_block,0,10,0,0
V7E004,1830059,41,seeker,no_ramp,1,11,0,0
V7E004,1830059,41,hider,no_ramp,0,10,0,0
V7E004,1830059,41,seeker,no_objects,1,11,0,0
V7E004,1830059,41,hider,no_objects,0,10,0,0
V7E004,1830060,41,seeker,full,1,44,2,1
V7E004,1830060,41,hider,full,1,100,0,0
V7E004,1830060,41,seeker,no_block,1,44,0,1
V7E004,1830060,41,hider,no_block,1,100,0,0
V7E004,1830060,41,seeker,no_ramp,1,7,0,0
V7E004,1830060,41,hider,no_ramp,0,6,0,0
V7E004,1830060,41,seeker,no_objects,1,7,0,0
V7E004,1830060,41,hider,no_objects,0,6,0,0
V7E004,1830061,41,seeker,full,1,50,2,0
V7E004,1830061,41,hider,full,1,100,0,0
V7E004,1830061,41,seeker,no_block,1,50,0,0
V7E004,1830061,41,hider,no_block,1,100,0,0
V7E004,1830061,41,seeker,no_ramp,1,50,2,0
V7E004,1830061,41,hider,no_ramp,1,100,0,0
V7E004,1830061,41,seeker,no_objects,1,50,0,0
V7E004,1830061,41,hider,no_objects,1,100,0,0
V7E004,1830062,41,seeker,full,1,24,2,0
V7E004,1830062,41,hider,full,0,23,0,0
V7E004,1830062,41,seeker,no_block,1,24,0,0
V7E004,1830062,41,hider,no_block,1,100,0,0
V7E004,1830062,41,seeker,no_ramp,1,24,2,0
V7E004,1830062,41,hider,no_ramp,1,100,0,0
V7E004,1830062,41,seeker,no_objects,1,24,0,0
V7E004,1830062,41,hider,no_objects,1,100,0,0
V7E004,1830063,41,seeker,full,1,17,2,0
V7E004,1830063,41,hider,full,1,100,0,0
V7E004,1830063,41,seeker,no_block,1,17,0,0
V7E004,1830063,41,hider,no_block,1,100,0,0
V7E004,1830063,41,seeker,no_ramp,1,17,2,0
V7E004,1830063,41,hider,no_ramp,1,100,0,0
V7E004,1830063,41,seeker,no_objects,1,17,0,0
V7E004,1830063,41,hider,no_objects,1,100,0,0
V7E004,1830064,41,seeker,full,1,2,0,0
V7E004,1830064,41,hider,full,0,4,0,0
V7E004,1830064,41,seeker,no_block,1,2,0,0
V7E004,1830064,41,hider,no_block,0,4,0,0
V7E004,1830064,41,seeker,no_ramp,1,2,0,0
V7E004,1830064,41,hider,no_ramp,0,4,0,0
V7E004,1830064,41,seeker,no_objects,1,2,0,0
V7E004,1830064,41,hider,no_objects,0,4,0,0
V7E004,1830065,41,seeker,full,1,7,0,1
V7E004,1830065,41,hider,full,0,7,0,0
V7E004,1830065,41,seeker,no_block,1,7,0,1
V7E004,1830065,41,hider,no_block,0,7,0,0
V7E004,1830065,41,seeker,no_ramp,1,24,2,0
V7E004,1830065,41,hider,no_ramp,0,18,0,0
V7E004,1830065,41,seeker,no_objects,1,24,0,0
V7E004,1830065,41,hider,no_objects,0,18,0,0
V7E004,1830066,41,seeker,full,1,2,0,0
V7E004,1830066,41,hider,full,0,2,0,0
V7E004,1830066,41,seeker,no_block,1,2,0,0
V7E004,1830066,41,hider,no_block,0,2,0,0
V7E004,1830066,41,seeker,no_ramp,1,2,0,0
V7E004,1830066,41,hider,no_ramp,0,2,0,0
V7E004,1830066,41,seeker,no_objects,1,2,0,0
V7E004,1830066,41,hider,no_objects,0,2,0,0
V7E004,1830067,41,seeker,full,1,33,0,0
V7E004,1830067,41,hider,full,0,21,0,0
V7E004,1830067,41,seeker,no_block,1,33,0,0
V7E004,1830067,41,hider,no_block,0,21,0,0
V7E004,1830067,41,seeker,no_ramp,1,33,0,0
V7E004,1830067,41,hider,no_ramp,0,21,0,0
V7E004,1830067,41,seeker,no_objects,1,33,0,0
V7E004,1830067,41,hider,no_objects,0,21,0,0
V7E004,1830068,41,seeker,full,1,46,2,0
V7E004,1830068,41,hider,full,0,41,0,0
V7E004,1830068,41,seeker,no_block,1,46,0,0
V7E004,1830068,41,hider,no_block,1,100,0,0
V7E004,1830068,41,seeker,no_ramp,1,46,2,0
V7E004,1830068,41,hider,no_ramp,1,100,0,0
V7E004,1830068,41,seeker,no_objects,1,46,0,0
V7E004,1830068,41,hider,no_objects,1,100,0,0
V7E004,1830069,41,seeker,full,1,45,2,0
V7E004,1830069,41,hider,full,0,44,0,0
V7E004,1830069,41,seeker,no_block,1,45,0,0
V7E004,1830069,41,hider,no_block,1,100,0,0
V7E004,1830069,41,seeker,no_ramp,1,45,2,0
V7E004,1830069,41,hider,no_ramp,1,100,0,0
V7E004,1830069,41,seeker,no_objects,1,45,0,0
V7E004,1830069,41,hider,no_objects,1,100,0,0
V7E004,1830070,41,seeker,full,1,50,2,0
V7E004,1830070,41,hider,full,0,45,0,0
V7E004,1830070,41,seeker,no_block,1,50,0,0
V7E004,1830070,41,hider,no_block,1,100,0,0
V7E004,1830070,41,seeker,no_ramp,1,50,2,0
V7E004,1830070,41,hider,no_ramp,1,100,0,0
V7E004,1830070,41,seeker,no_objects,1,50,0,0
V7E004,1830070,41,hider,no_objects,1,100,0,0
V7E004,1830071,41,seeker,full,1,47,2,0
V7E004,1830071,41,hider,full,1,100,0,0
V7E004,1830071,41,seeker,no_block,1,47,0,0
V7E004,1830071,41,hider,no_block,1,100,0,0
V7E004,1830071,41,seeker,no_ramp,1,47,2,0
V7E004,1830071,41,hider,no_ramp,1,100,0,0
V7E004,1830071,41,seeker,no_objects,1,47,0,0
V7E004,1830071,41,hider,no_objects,1,100,0,0
V7E004,1830072,41,seeker,full,1,5,0,0
V7E004,1830072,41,hider,full,0,5,0,0
V7E004,1830072,41,seeker,no_block,1,5,0,0
V7E004,1830072,41,hider,no_block,0,5,0,0
V7E004,1830072,41,seeker,no_ramp,1,5,0,0
V7E004,1830072,41,hider,no_ramp,0,5,0,0
V7E004,1830072,41,seeker,no_objects,1,5,0,0
V7E004,1830072,41,hider,no_objects,0,5,0,0
V7E004,1830073,41,seeker,full,1,2,0,0
V7E004,1830073,41,hider,full,0,2,0,0
V7E004,1830073,41,seeker,no_block,1,2,0,0
V7E004,1830073,41,hider,no_block,0,2,0,0
V7E004,1830073,41,seeker,no_ramp,1,2,0,0
V7E004,1830073,41,hider,no_ramp,0,2,0,0
V7E004,1830073,41,seeker,no_objects,1,2,0,0
V7E004,1830073,41,hider,no_objects,0,2,0,0
V7E004,1830074,41,seeker,full,1,50,2,0
V7E004,1830074,41,hider,full,1,100,0,0
V7E004,1830074,41,seeker,no_block,1,50,0,0
V7E004,1830074,41,hider,no_block,1,100,0,0
V7E004,1830074,41,seeker,no_ramp,1,50,2,0
V7E004,1830074,41,hider,no_ramp,1,100,0,0
V7E004,1830074,41,seeker,no_objects,1,50,0,0
V7E004,1830074,41,hider,no_objects,1,100,0,0
V7E004,1830075,41,seeker,full,1,6,0,0
V7E004,1830075,41,hider,full,0,5,0,0
V7E004,1830075,41,seeker,no_block,1,6,0,0
V7E004,1830075,41,hider,no_block,0,5,0,0
V7E004,1830075,41,seeker,no_ramp,1,6,0,0
V7E004,1830075,41,hider,no_ramp,0,5,0,0
V7E004,1830075,41,seeker,no_objects,1,6,0,0
V7E004,1830075,41,hider,no_objects,0,5,0,0
V7E004,1830076,41,seeker,full,1,7,0,0
V7E004,1830076,41,hider,full,0,4,0,0
V7E004,1830076,41,seeker,no_block,1,7,0,0
V7E004,1830076,41,hider,no_block,0,4,0,0
V7E004,1830076,41,seeker,no_ramp,1,7,0,0
V7E004,1830076,41,hider,no_ramp,0,4,0,0
V7E004,1830076,41,seeker,no_objects,1,7,0,0
V7E004,1830076,41,hider,no_objects,0,4,0,0
V7E004,1830077,41,seeker,full,1,37,0,0
V7E004,1830077,41,hider,full,0,4,0,0
V7E004,1830077,41,seeker,no_block,1,37,0,0
V7E004,1830077,41,hider,no_block,0,4,0,0
V7E004,1830077,41,seeker,no_ramp,1,37,0,0
V7E004,1830077,41,hider,no_ramp,0,4,0,0
V7E004,1830077,41,seeker,no_objects,1,37,0,0
V7E004,1830077,41,hider,no_objects,0,4,0,0
V7E004,1830078,41,seeker,full,1,6,0,0
V7E004,1830078,41,hider,full,0,4,0,0
V7E004,1830078,41,seeker,no_block,1,6,0,0
V7E004,1830078,41,hider,no_block,0,4,0,0
V7E004,1830078,41,seeker,no_ramp,1,6,0,0
V7E004,1830078,41,hider,no_ramp,0,4,0,0
V7E004,1830078,41,seeker,no_objects,1,6,0,0
V7E004,1830078,41,hider,no_objects,0,4,0,0
V7E004,1830079,41,seeker,full,1,7,0,0
V7E004,1830079,41,hider,full,1,100,0,0
V7E004,1830079,41,seeker,no_block,1,7,0,0
V7E004,1830079,41,hider,no_block,1,100,0,0
V7E004,1830079,41,seeker,no_ramp,1,7,0,0
V7E004,1830079,41,hider,no_ramp,1,100,0,0
V7E004,1830079,41,seeker,no_objects,1,7,0,0
V7E004,1830079,41,hider,no_objects,1,100,0,0
V7E004,1830080,41,seeker,full,1,6,0,0
V7E004,1830080,41,hider,full,0,5,0,0
V7E004,1830080,41,seeker,no_block,1,6,0,0
V7E004,1830080,41,hider,no_block,0,5,0,0
V7E004,1830080,41,seeker,no_ramp,1,6,0,0
V7E004,1830080,41,hider,no_ramp,0,5,0,0
V7E004,1830080,41,seeker,no_objects,1,6,0,0
V7E004,1830080,41,hider,no_objects,0,5,0,0
V7E004,1830081,41,seeker,full,1,23,2,1
V7E004,1830081,41,hider,full,0,13,0,0
V7E004,1830081,41,seeker,no_block,1,23,0,1
V7E004,1830081,41,hider,no_block,0,13,0,0
V7E004,1830081,41,seeker,no_ramp,0,100,2,0
V7E004,1830081,41,hider,no_ramp,1,100,0,0
V7E004,1830081,41,seeker,no_objects,1,44,0,0
V7E004,1830081,41,hider,no_objects,1,100,0,0
V7E004,1830082,41,seeker,full,1,47,2,0
V7E004,1830082,41,hider,full,0,46,0,0
V7E004,1830082,41,seeker,no_block,1,47,0,0
V7E004,1830082,41,hider,no_block,1,100,0,0
V7E004,1830082,41,seeker,no_ramp,1,47,2,0
V7E004,1830082,41,hider,no_ramp,1,100,0,0
V7E004,1830082,41,seeker,no_objects,1,47,0,0
V7E004,1830082,41,hider,no_objects,1,100,0,0
V7E004,1830083,41,seeker,full,1,12,0,0
V7E004,1830083,41,hider,full,0,4,0,0
V7E004,1830083,41,seeker,no_block,1,12,0,0
V7E004,1830083,41,hider,no_block,0,4,0,0
V7E004,1830083,41,seeker,no_ramp,1,12,0,0
V7E004,1830083,41,hider,no_ramp,0,4,0,0
V7E004,1830083,41,seeker,no_objects,1,12,0,0
V7E004,1830083,41,hider,no_objects,0,4,0,0
V7E004,1830084,41,seeker,full,1,9,0,0
V7E004,1830084,41,hider,full,0,6,0,0
V7E004,1830084,41,seeker,no_block,1,9,0,0
V7E004,1830084,41,hider,no_block,0,6,0,0
V7E004,1830084,41,seeker,no_ramp,1,9,0,0
V7E004,1830084,41,hider,no_ramp,0,6,0,0
V7E004,1830084,41,seeker,no_objects,1,9,0,0
V7E004,1830084,41,hider,no_objects,0,6,0,0
V7E004,1830085,41,seeker,full,1,10,0,0
V7E004,1830085,41,hider,full,0,9,0,0
V7E004,1830085,41,seeker,no_block,1,10,0,0
V7E004,1830085,41,hider,no_block,0,9,0,0
V7E004,1830085,41,seeker,no_ramp,1,10,0,0
V7E004,1830085,41,hider,no_ramp,0,9,0,0
V7E004,1830085,41,seeker,no_objects,1,10,0,0
V7E004,1830085,41,hider,no_objects,0,9,0,0
V7E004,1830086,41,seeker,full,1,16,2,1
V7E004,1830086,41,hider,full,0,10,0,0
V7E004,1830086,41,seeker,no_block,1,16,0,1
V7E004,1830086,41,hider,no_block,0,10,0,0
V7E004,1830086,41,seeker,no_ramp,0,100,2,0
V7E004,1830086,41,hider,no_ramp,0,10,0,0
V7E004,1830086,41,seeker,no_objects,1,37,0,0
V7E004,1830086,41,hider,no_objects,0,10,0,0
V7E004,1830087,41,seeker,full,1,44,2,0
V7E004,1830087,41,hider,full,1,100,0,0
V7E004,1830087,41,seeker,no_block,1,44,0,0
V7E004,1830087,41,hider,no_block,1,100,0,0
V7E004,1830087,41,seeker,no_ramp,1,44,2,0
V7E004,1830087,41,hider,no_ramp,1,100,0,0
V7E004,1830087,41,seeker,no_objects,1,44,0,0
V7E004,1830087,41,hider,no_objects,1,100,0,0
V7E004,1830088,41,seeker,full,1,45,2,1
V7E004,1830088,41,hider,full,0,3,0,0
V7E004,1830088,41,seeker,no_block,1,45,0,1
V7E004,1830088,41,hider,no_block,0,3,0,0
V7E004,1830088,41,seeker,no_ramp,1,12,0,0
V7E004,1830088,41,hider,no_ramp,0,3,0,0
V7E004,1830088,41,seeker,no_objects,1,12,0,0
V7E004,1830088,41,hider,no_objects,0,3,0,0
V7E004,1830089,41,seeker,full,1,50,2,0
V7E004,1830089,41,hider,full,1,100,0,0
V7E004,1830089,41,seeker,no_block,1,50,0,0
V7E004,1830089,41,hider,no_block,1,100,0,0
V7E004,1830089,41,seeker,no_ramp,1,50,2,0
V7E004,1830089,41,hider,no_ramp,1,100,0,0
V7E004,1830089,41,seeker,no_objects,1,50,0,0
V7E004,1830089,41,hider,no_objects,1,100,0,0
V7E004,1830090,41,seeker,full,1,22,2,1
V7E004,1830090,41,hider,full,0,15,0,0
V7E004,1830090,41,seeker,no_block,1,22,0,1
V7E004,1830090,41,hider,no_block,0,15,0,0
V7E004,1830090,41,seeker,no_ramp,0,100,2,0
V7E004,1830090,41,hider,no_ramp,0,15,0,0
V7E004,1830090,41,seeker,no_objects,1,41,0,0
V7E004,1830090,41,hider,no_objects,0,15,0,0
V7E004,1830091,41,seeker,full,1,4,0,1
V7E004,1830091,41,hider,full,0,4,0,0
V7E004,1830091,41,seeker,no_block,1,4,0,1
V7E004,1830091,41,hider,no_block,0,4,0,0
V7E004,1830091,41,seeker,no_ramp,1,21,2,0
V7E004,1830091,41,hider,no_ramp,1,100,0,0
V7E004,1830091,41,seeker,no_objects,1,21,0,0
V7E004,1830091,41,hider,no_objects,1,100,0,0
V7E004,1830092,41,seeker,full,1,4,0,1
V7E004,1830092,41,hider,full,1,100,0,0
V7E004,1830092,41,seeker,no_block,1,4,0,1
V7E004,1830092,41,hider,no_block,1,100,0,0
V7E004,1830092,41,seeker,no_ramp,1,21,2,0
V7E004,1830092,41,hider,no_ramp,0,16,0,0
V7E004,1830092,41,seeker,no_objects,1,21,0,0
V7E004,1830092,41,hider,no_objects,0,16,0,0
V7E004,1830093,41,seeker,full,1,24,2,0
V7E004,1830093,41,hider,full,1,100,0,0
V7E004,1830093,41,seeker,no_block,1,24,0,0
V7E004,1830093,41,hider,no_block,1,100,0,0
V7E004,1830093,41,seeker,no_ramp,1,24,2,0
V7E004,1830093,41,hider,no_ramp,1,100,0,0
V7E004,1830093,41,seeker,no_objects,1,24,0,0
V7E004,1830093,41,hider,no_objects,1,100,0,0
V7E004,1830094,41,seeker,full,1,28,2,0
V7E004,1830094,41,hider,full,1,100,0,0
V7E004,1830094,41,seeker,no_block,1,28,0,0
V7E004,1830094,41,hider,no_block,1,100,0,0
V7E004,1830094,41,seeker,no_ramp,1,28,2,0
V7E004,1830094,41,hider,no_ramp,1,100,0,0
V7E004,1830094,41,seeker,no_objects,1,28,0,0
V7E004,1830094,41,hider,no_objects,1,100,0,0
V7E004,1830095,41,seeker,full,1,49,2,0
V7E004,1830095,41,hider,full,1,100,0,0
V7E004,1830095,41,seeker,no_block,1,49,0,0
V7E004,1830095,41,hider,no_block,1,100,0,0
V7E004,1830095,41,seeker,no_ramp,1,49,2,0
V7E004,1830095,41,hider,no_ramp,1,100,0,0
V7E004,1830095,41,seeker,no_objects,1,49,0,0
V7E004,1830095,41,hider,no_objects,1,100,0,0
V7E004,1830096,41,seeker,full,1,49,2,0
V7E004,1830096,41,hider,full,1,100,0,0
V7E004,1830096,41,seeker,no_block,1,49,0,0
V7E004,1830096,41,hider,no_block,1,100,0,0
V7E004,1830096,41,seeker,no_ramp,1,49,2,0
V7E004,1830096,41,hider,no_ramp,1,100,0,0
V7E004,1830096,41,seeker,no_objects,1,49,0,0
V7E004,1830096,41,hider,no_objects,1,100,0,0
V7E004,1830097,41,seeker,full,1,47,2,0
V7E004,1830097,41,hider,full,1,100,0,0
V7E004,1830097,41,seeker,no_block,1,47,0,0
V7E004,1830097,41,hider,no_block,1,100,0,0
V7E004,1830097,41,seeker,no_ramp,1,47,2,0
V7E004,1830097,41,hider,no_ramp,1,100,0,0
V7E004,1830097,41,seeker,no_objects,1,47,0,0
V7E004,1830097,41,hider,no_objects,1,100,0,0
V7E004,1830098,41,seeker,full,1,8,0,0
V7E004,1830098,41,hider,full,1,100,0,0
V7E004,1830098,41,seeker,no_block,1,8,0,0
V7E004,1830098,41,hider,no_block,1,100,0,0
V7E004,1830098,41,seeker,no_ramp,1,8,0,0
V7E004,1830098,41,hider,no_ramp,1,100,0,0
V7E004,1830098,41,seeker,no_objects,1,8,0,0
V7E004,1830098,41,hider,no_objects,1,100,0,0
V7E004,1830099,41,seeker,full,1,10,0,0
V7E004,1830099,41,hider,full,0,9,0,0
V7E004,1830099,41,seeker,no_block,1,10,0,0
V7E004,1830099,41,hider,no_block,0,9,0,0
V7E004,1830099,41,seeker,no_ramp,1,10,0,0
V7E004,1830099,41,hider,no_ramp,0,9,0,0
V7E004,1830099,41,seeker,no_objects,1,10,0,0
V7E004,1830099,41,hider,no_objects,0,9,0,0
V7E005,1840000,41,seeker,full,1,14,0,0
V7E005,1840000,41,hider,full,1,100,0,0
V7E005,1840000,41,seeker,no_block,1,14,0,0
V7E005,1840000,41,hider,no_block,1,100,0,0
V7E005,1840000,41,seeker,no_ramp,1,14,0,0
V7E005,1840000,41,hider,no_ramp,1,100,0,0
V7E005,1840000,41,seeker,no_objects,1,14,0,0
V7E005,1840000,41,hider,no_objects,1,100,0,0
V7E005,1840001,41,seeker,full,0,100,1,0
V7E005,1840001,41,hider,full,0,5,0,0
V7E005,1840001,41,seeker,no_block,1,5,0,0
V7E005,1840001,41,hider,no_block,0,5,0,0
V7E005,1840001,41,seeker,no_ramp,0,100,1,0
V7E005,1840001,41,hider,no_ramp,0,5,0,0
V7E005,1840001,41,seeker,no_objects,1,5,0,0
V7E005,1840001,41,hider,no_objects,0,5,0,0
V7E005,1840002,41,seeker,full,1,14,2,0
V7E005,1840002,41,hider,full,1,100,0,0
V7E005,1840002,41,seeker,no_block,1,16,0,0
V7E005,1840002,41,hider,no_block,0,6,0,0
V7E005,1840002,41,seeker,no_ramp,1,14,2,0
V7E005,1840002,41,hider,no_ramp,1,100,0,0
V7E005,1840002,41,seeker,no_objects,1,16,0,0
V7E005,1840002,41,hider,no_objects,0,6,0,0
V7E005,1840003,41,seeker,full,1,5,0,0
V7E005,1840003,41,hider,full,0,4,2,0
V7E005,1840003,41,seeker,no_block,1,6,0,0
V7E005,1840003,41,hider,no_block,0,5,0,0
V7E005,1840003,41,seeker,no_ramp,1,5,0,0
V7E005,1840003,41,hider,no_ramp,0,4,2,0
V7E005,1840003,41,seeker,no_objects,1,6,0,0
V7E005,1840003,41,hider,no_objects,0,5,0,0
V7E005,1840004,41,seeker,full,1,38,2,0
V7E005,1840004,41,hider,full,0,2,0,0
V7E005,1840004,41,seeker,no_block,1,40,0,0
V7E005,1840004,41,hider,no_block,0,2,0,0
V7E005,1840004,41,seeker,no_ramp,1,38,2,0
V7E005,1840004,41,hider,no_ramp,0,2,0,0
V7E005,1840004,41,seeker,no_objects,1,40,0,0
V7E005,1840004,41,hider,no_objects,0,2,0,0
V7E005,1840005,41,seeker,full,1,2,0,0
V7E005,1840005,41,hider,full,0,2,0,0
V7E005,1840005,41,seeker,no_block,1,2,0,0
V7E005,1840005,41,hider,no_block,0,2,0,0
V7E005,1840005,41,seeker,no_ramp,1,2,0,0
V7E005,1840005,41,hider,no_ramp,0,2,0,0
V7E005,1840005,41,seeker,no_objects,1,2,0,0
V7E005,1840005,41,hider,no_objects,0,2,0,0
V7E005,1840006,41,seeker,full,1,13,0,0
V7E005,1840006,41,hider,full,1,100,0,0
V7E005,1840006,41,seeker,no_block,1,13,0,0
V7E005,1840006,41,hider,no_block,1,100,0,0
V7E005,1840006,41,seeker,no_ramp,1,13,0,0
V7E005,1840006,41,hider,no_ramp,1,100,0,0
V7E005,1840006,41,seeker,no_objects,1,13,0,0
V7E005,1840006,41,hider,no_objects,1,100,0,0
V7E005,1840007,41,seeker,full,1,12,2,0
V7E005,1840007,41,hider,full,0,4,2,0
V7E005,1840007,41,seeker,no_block,1,12,0,0
V7E005,1840007,41,hider,no_block,1,100,0,0
V7E005,1840007,41,seeker,no_ramp,1,12,2,0
V7E005,1840007,41,hider,no_ramp,0,4,2,0
V7E005,1840007,41,seeker,no_objects,1,12,0,0
V7E005,1840007,41,hider,no_objects,1,100,0,0
V7E005,1840008,41,seeker,full,1,5,0,0
V7E005,1840008,41,hider,full,0,4,2,0
V7E005,1840008,41,seeker,no_block,1,6,0,0
V7E005,1840008,41,hider,no_block,0,5,0,0
V7E005,1840008,41,seeker,no_ramp,1,5,0,0
V7E005,1840008,41,hider,no_ramp,0,4,2,0
V7E005,1840008,41,seeker,no_objects,1,6,0,0
V7E005,1840008,41,hider,no_objects,0,5,0,0
V7E005,1840009,41,seeker,full,1,4,0,0
V7E005,1840009,41,hider,full,0,6,0,0
V7E005,1840009,41,seeker,no_block,1,4,0,0
V7E005,1840009,41,hider,no_block,0,6,0,0
V7E005,1840009,41,seeker,no_ramp,1,4,0,0
V7E005,1840009,41,hider,no_ramp,0,6,0,0
V7E005,1840009,41,seeker,no_objects,1,4,0,0
V7E005,1840009,41,hider,no_objects,0,6,0,0
V7E005,1840010,41,seeker,full,1,33,2,1
V7E005,1840010,41,hider,full,0,17,0,0
V7E005,1840010,41,seeker,no_block,1,33,0,1
V7E005,1840010,41,hider,no_block,0,17,0,0
V7E005,1840010,41,seeker,no_ramp,1,50,2,0
V7E005,1840010,41,hider,no_ramp,0,17,0,0
V7E005,1840010,41,seeker,no_objects,1,50,0,0
V7E005,1840010,41,hider,no_objects,0,17,0,0
V7E005,1840011,41,seeker,full,1,10,0,0
V7E005,1840011,41,hider,full,0,12,0,0
V7E005,1840011,41,seeker,no_block,1,10,0,0
V7E005,1840011,41,hider,no_block,0,12,0,0
V7E005,1840011,41,seeker,no_ramp,1,10,0,0
V7E005,1840011,41,hider,no_ramp,0,12,0,0
V7E005,1840011,41,seeker,no_objects,1,10,0,0
V7E005,1840011,41,hider,no_objects,0,12,0,0
V7E005,1840012,41,seeker,full,1,16,2,0
V7E005,1840012,41,hider,full,0,17,0,0
V7E005,1840012,41,seeker,no_block,1,16,0,0
V7E005,1840012,41,hider,no_block,0,17,0,0
V7E005,1840012,41,seeker,no_ramp,1,16,2,0
V7E005,1840012,41,hider,no_ramp,0,17,0,0
V7E005,1840012,41,seeker,no_objects,1,16,0,0
V7E005,1840012,41,hider,no_objects,0,17,0,0
V7E005,1840013,41,seeker,full,1,1,0,0
V7E005,1840013,41,hider,full,0,1,0,0
V7E005,1840013,41,seeker,no_block,1,1,0,0
V7E005,1840013,41,hider,no_block,0,1,0,0
V7E005,1840013,41,seeker,no_ramp,1,1,0,0
V7E005,1840013,41,hider,no_ramp,0,1,0,0
V7E005,1840013,41,seeker,no_objects,1,1,0,0
V7E005,1840013,41,hider,no_objects,0,1,0,0
V7E005,1840014,41,seeker,full,1,8,0,0
V7E005,1840014,41,hider,full,0,7,0,0
V7E005,1840014,41,seeker,no_block,1,8,0,0
V7E005,1840014,41,hider,no_block,0,7,0,0
V7E005,1840014,41,seeker,no_ramp,1,8,0,0
V7E005,1840014,41,hider,no_ramp,0,7,0,0
V7E005,1840014,41,seeker,no_objects,1,8,0,0
V7E005,1840014,41,hider,no_objects,0,7,0,0
V7E005,1840015,41,seeker,full,1,5,0,0
V7E005,1840015,41,hider,full,0,4,0,0
V7E005,1840015,41,seeker,no_block,1,5,0,0
V7E005,1840015,41,hider,no_block,0,4,0,0
V7E005,1840015,41,seeker,no_ramp,1,5,0,0
V7E005,1840015,41,hider,no_ramp,0,4,0,0
V7E005,1840015,41,seeker,no_objects,1,5,0,0
V7E005,1840015,41,hider,no_objects,0,4,0,0
V7E005,1840016,41,seeker,full,1,42,2,0
V7E005,1840016,41,hider,full,1,100,0,0
V7E005,1840016,41,seeker,no_block,1,44,0,0
V7E005,1840016,41,hider,no_block,1,100,0,0
V7E005,1840016,41,seeker,no_ramp,1,42,2,0
V7E005,1840016,41,hider,no_ramp,1,100,0,0
V7E005,1840016,41,seeker,no_objects,1,44,0,0
V7E005,1840016,41,hider,no_objects,1,100,0,0
V7E005,1840017,41,seeker,full,1,9,2,0
V7E005,1840017,41,hider,full,0,9,0,0
V7E005,1840017,41,seeker,no_block,1,9,0,0
V7E005,1840017,41,hider,no_block,0,9,0,0
V7E005,1840017,41,seeker,no_ramp,1,9,2,0
V7E005,1840017,41,hider,no_ramp,0,9,0,0
V7E005,1840017,41,seeker,no_objects,1,9,0,0
V7E005,1840017,41,hider,no_objects,0,9,0,0
V7E005,1840018,41,seeker,full,1,43,2,0
V7E005,1840018,41,hider,full,0,4,0,0
V7E005,1840018,41,seeker,no_block,1,45,0,0
V7E005,1840018,41,hider,no_block,0,8,0,0
V7E005,1840018,41,seeker,no_ramp,1,43,2,0
V7E005,1840018,41,hider,no_ramp,0,8,0,0
V7E005,1840018,41,seeker,no_objects,1,45,0,0
V7E005,1840018,41,hider,no_objects,0,8,0,0
V7E005,1840019,41,seeker,full,1,4,0,0
V7E005,1840019,41,hider,full,0,6,0,0
V7E005,1840019,41,seeker,no_block,1,4,0,0
V7E005,1840019,41,hider,no_block,0,6,0,0
V7E005,1840019,41,seeker,no_ramp,1,4,0,0
V7E005,1840019,41,hider,no_ramp,0,6,0,0
V7E005,1840019,41,seeker,no_objects,1,4,0,0
V7E005,1840019,41,hider,no_objects,0,6,0,0
V7E005,1840020,41,seeker,full,1,16,2,0
V7E005,1840020,41,hider,full,0,8,2,0
V7E005,1840020,41,seeker,no_block,1,18,0,0
V7E005,1840020,41,hider,no_block,0,6,0,0
V7E005,1840020,41,seeker,no_ramp,1,16,2,0
V7E005,1840020,41,hider,no_ramp,0,8,2,0
V7E005,1840020,41,seeker,no_objects,1,18,0,0
V7E005,1840020,41,hider,no_objects,0,6,0,0
V7E005,1840021,41,seeker,full,1,11,0,0
V7E005,1840021,41,hider,full,0,16,0,0
V7E005,1840021,41,seeker,no_block,1,11,0,0
V7E005,1840021,41,hider,no_block,0,16,0,0
V7E005,1840021,41,seeker,no_ramp,1,11,0,0
V7E005,1840021,41,hider,no_ramp,0,16,0,0
V7E005,1840021,41,seeker,no_objects,1,11,0,0
V7E005,1840021,41,hider,no_objects,0,16,0,0
V7E005,1840022,41,seeker,full,1,7,0,0
V7E005,1840022,41,hider,full,0,5,0,0
V7E005,1840022,41,seeker,no_block,1,7,0,0
V7E005,1840022,41,hider,no_block,0,5,0,0
V7E005,1840022,41,seeker,no_ramp,1,7,0,0
V7E005,1840022,41,hider,no_ramp,0,5,0,0
V7E005,1840022,41,seeker,no_objects,1,7,0,0
V7E005,1840022,41,hider,no_objects,0,5,0,0
V7E005,1840023,41,seeker,full,1,11,0,0
V7E005,1840023,41,hider,full,0,8,0,0
V7E005,1840023,41,seeker,no_block,1,11,0,0
V7E005,1840023,41,hider,no_block,0,8,0,0
V7E005,1840023,41,seeker,no_ramp,1,11,0,0
V7E005,1840023,41,hider,no_ramp,0,8,0,0
V7E005,1840023,41,seeker,no_objects,1,11,0,0
V7E005,1840023,41,hider,no_objects,0,8,0,0
V7E005,1840024,41,seeker,full,1,9,0,0
V7E005,1840024,41,hider,full,0,9,0,0
V7E005,1840024,41,seeker,no_block,1,9,0,0
V7E005,1840024,41,hider,no_block,0,9,0,0
V7E005,1840024,41,seeker,no_ramp,1,9,0,0
V7E005,1840024,41,hider,no_ramp,0,9,0,0
V7E005,1840024,41,seeker,no_objects,1,9,0,0
V7E005,1840024,41,hider,no_objects,0,9,0,0
V7E005,1840025,41,seeker,full,1,1,0,0
V7E005,1840025,41,hider,full,0,1,0,0
V7E005,1840025,41,seeker,no_block,1,1,0,0
V7E005,1840025,41,hider,no_block,0,1,0,0
V7E005,1840025,41,seeker,no_ramp,1,1,0,0
V7E005,1840025,41,hider,no_ramp,0,1,0,0
V7E005,1840025,41,seeker,no_objects,1,1,0,0
V7E005,1840025,41,hider,no_objects,0,1,0,0
V7E005,1840026,41,seeker,full,1,37,2,0
V7E005,1840026,41,hider,full,0,31,0,0
V7E005,1840026,41,seeker,no_block,1,39,0,0
V7E005,1840026,41,hider,no_block,0,33,0,0
V7E005,1840026,41,seeker,no_ramp,1,37,2,0
V7E005,1840026,41,hider,no_ramp,0,31,0,0
V7E005,1840026,41,seeker,no_objects,1,39,0,0
V7E005,1840026,41,hider,no_objects,0,33,0,0
V7E005,1840027,41,seeker,full,1,28,2,0
V7E005,1840027,41,hider,full,0,30,0,0
V7E005,1840027,41,seeker,no_block,1,30,0,0
V7E005,1840027,41,hider,no_block,0,32,0,0
V7E005,1840027,41,seeker,no_ramp,1,28,2,0
V7E005,1840027,41,hider,no_ramp,0,30,0,0
V7E005,1840027,41,seeker,no_objects,1,30,0,0
V7E005,1840027,41,hider,no_objects,0,32,0,0
V7E005,1840028,41,seeker,full,1,5,0,0
V7E005,1840028,41,hider,full,0,4,0,0
V7E005,1840028,41,seeker,no_block,1,5,0,0
V7E005,1840028,41,hider,no_block,0,4,0,0
V7E005,1840028,41,seeker,no_ramp,1,5,0,0
V7E005,1840028,41,hider,no_ramp,0,4,0,0
V7E005,1840028,41,seeker,no_objects,1,5,0,0
V7E005,1840028,41,hider,no_objects,0,4,0,0
V7E005,1840029,41,seeker,full,1,39,2,1
V7E005,1840029,41,hider,full,0,25,0,0
V7E005,1840029,41,seeker,no_block,1,41,0,1
V7E005,1840029,41,hider,no_block,0,27,0,0
V7E005,1840029,41,seeker,no_ramp,1,56,2,0
V7E005,1840029,41,hider,no_ramp,0,25,0,0
V7E005,1840029,41,seeker,no_objects,1,58,0,0
V7E005,1840029,41,hider,no_objects,0,27,0,0
V7E005,1840030,41,seeker,full,1,2,0,0
V7E005,1840030,41,hider,full,0,2,0,0
V7E005,1840030,41,seeker,no_block,1,2,0,0
V7E005,1840030,41,hider,no_block,0,2,0,0
V7E005,1840030,41,seeker,no_ramp,1,2,0,0
V7E005,1840030,41,hider,no_ramp,0,2,0,0
V7E005,1840030,41,seeker,no_objects,1,2,0,0
V7E005,1840030,41,hider,no_objects,0,2,0,0
V7E005,1840031,41,seeker,full,1,44,2,1
V7E005,1840031,41,hider,full,0,14,0,0
V7E005,1840031,41,seeker,no_block,1,46,0,1
V7E005,1840031,41,hider,no_block,0,14,0,0
V7E005,1840031,41,seeker,no_ramp,1,61,2,0
V7E005,1840031,41,hider,no_ramp,0,14,0,0
V7E005,1840031,41,seeker,no_objects,1,63,0,0
V7E005,1840031,41,hider,no_objects,0,14,0,0
V7E005,1840032,41,seeker,full,1,11,2,0
V7E005,1840032,41,hider,full,0,16,0,0
V7E005,1840032,41,seeker,no_block,1,11,0,0
V7E005,1840032,41,hider,no_block,0,16,0,0
V7E005,1840032,41,seeker,no_ramp,1,11,2,0
V7E005,1840032,41,hider,no_ramp,0,16,0,0
V7E005,1840032,41,seeker,no_objects,1,11,0,0
V7E005,1840032,41,hider,no_objects,0,16,0,0
V7E005,1840033,41,seeker,full,1,17,2,0
V7E005,1840033,41,hider,full,0,17,0,0
V7E005,1840033,41,seeker,no_block,1,17,0,0
V7E005,1840033,41,hider,no_block,0,17,0,0
V7E005,1840033,41,seeker,no_ramp,1,17,2,0
V7E005,1840033,41,hider,no_ramp,0,17,0,0
V7E005,1840033,41,seeker,no_objects,1,17,0,0
V7E005,1840033,41,hider,no_objects,0,17,0,0
V7E005,1840034,41,seeker,full,1,18,0,0
V7E005,1840034,41,hider,full,1,100,0,0
V7E005,1840034,41,seeker,no_block,1,18,0,0
V7E005,1840034,41,hider,no_block,1,100,0,0
V7E005,1840034,41,seeker,no_ramp,1,18,0,0
V7E005,1840034,41,hider,no_ramp,1,100,0,0
V7E005,1840034,41,seeker,no_objects,1,18,0,0
V7E005,1840034,41,hider,no_objects,1,100,0,0
V7E005,1840035,41,seeker,full,1,15,2,0
V7E005,1840035,41,hider,full,0,16,0,0
V7E005,1840035,41,seeker,no_block,1,15,0,0
V7E005,1840035,41,hider,no_block,0,16,0,0
V7E005,1840035,41,seeker,no_ramp,1,15,2,0
V7E005,1840035,41,hider,no_ramp,0,16,0,0
V7E005,1840035,41,seeker,no_objects,1,15,0,0
V7E005,1840035,41,hider,no_objects,0,16,0,0
V7E005,1840036,41,seeker,full,1,8,0,0
V7E005,1840036,41,hider,full,0,10,0,0
V7E005,1840036,41,seeker,no_block,1,8,0,0
V7E005,1840036,41,hider,no_block,0,10,0,0
V7E005,1840036,41,seeker,no_ramp,1,8,0,0
V7E005,1840036,41,hider,no_ramp,0,10,0,0
V7E005,1840036,41,seeker,no_objects,1,8,0,0
V7E005,1840036,41,hider,no_objects,0,10,0,0
V7E005,1840037,41,seeker,full,1,4,0,0
V7E005,1840037,41,hider,full,0,5,0,0
V7E005,1840037,41,seeker,no_block,1,4,0,0
V7E005,1840037,41,hider,no_block,0,5,0,0
V7E005,1840037,41,seeker,no_ramp,1,4,0,0
V7E005,1840037,41,hider,no_ramp,0,5,0,0
V7E005,1840037,41,seeker,no_objects,1,4,0,0
V7E005,1840037,41,hider,no_objects,0,5,0,0
V7E005,1840038,41,seeker,full,1,13,2,0
V7E005,1840038,41,hider,full,0,12,0,0
V7E005,1840038,41,seeker,no_block,1,13,0,0
V7E005,1840038,41,hider,no_block,0,12,0,0
V7E005,1840038,41,seeker,no_ramp,1,13,2,0
V7E005,1840038,41,hider,no_ramp,0,12,0,0
V7E005,1840038,41,seeker,no_objects,1,13,0,0
V7E005,1840038,41,hider,no_objects,0,12,0,0
V7E005,1840039,41,seeker,full,1,5,0,0
V7E005,1840039,41,hider,full,0,8,0,0
V7E005,1840039,41,seeker,no_block,1,5,0,0
V7E005,1840039,41,hider,no_block,0,8,0,0
V7E005,1840039,41,seeker,no_ramp,1,5,0,0
V7E005,1840039,41,hider,no_ramp,0,8,0,0
V7E005,1840039,41,seeker,no_objects,1,5,0,0
V7E005,1840039,41,hider,no_objects,0,6,0,0
V7E005,1840040,41,seeker,full,1,8,0,0
V7E005,1840040,41,hider,full,0,14,0,0
V7E005,1840040,41,seeker,no_block,1,8,0,0
V7E005,1840040,41,hider,no_block,0,14,0,0
V7E005,1840040,41,seeker,no_ramp,1,8,0,0
V7E005,1840040,41,hider,no_ramp,0,14,0,0
V7E005,1840040,41,seeker,no_objects,1,8,0,0
V7E005,1840040,41,hider,no_objects,0,14,0,0
V7E005,1840041,41,seeker,full,1,1,0,0
V7E005,1840041,41,hider,full,0,1,0,0
V7E005,1840041,41,seeker,no_block,1,1,0,0
V7E005,1840041,41,hider,no_block,0,1,0,0
V7E005,1840041,41,seeker,no_ramp,1,1,0,0
V7E005,1840041,41,hider,no_ramp,0,1,0,0
V7E005,1840041,41,seeker,no_objects,1,1,0,0
V7E005,1840041,41,hider,no_objects,0,1,0,0
V7E005,1840042,41,seeker,full,1,6,0,0
V7E005,1840042,41,hider,full,0,17,0,0
V7E005,1840042,41,seeker,no_block,1,6,0,0
V7E005,1840042,41,hider,no_block,0,17,0,0
V7E005,1840042,41,seeker,no_ramp,1,6,0,0
V7E005,1840042,41,hider,no_ramp,0,17,0,0
V7E005,1840042,41,seeker,no_objects,1,6,0,0
V7E005,1840042,41,hider,no_objects,0,17,0,0
V7E005,1840043,41,seeker,full,1,7,0,0
V7E005,1840043,41,hider,full,0,9,0,0
V7E005,1840043,41,seeker,no_block,1,7,0,0
V7E005,1840043,41,hider,no_block,0,9,0,0
V7E005,1840043,41,seeker,no_ramp,1,7,0,0
V7E005,1840043,41,hider,no_ramp,0,9,0,0
V7E005,1840043,41,seeker,no_objects,1,7,0,0
V7E005,1840043,41,hider,no_objects,0,9,0,0
V7E005,1840044,41,seeker,full,1,52,2,0
V7E005,1840044,41,hider,full,0,17,0,0
V7E005,1840044,41,seeker,no_block,1,54,0,0
V7E005,1840044,41,hider,no_block,0,17,0,0
V7E005,1840044,41,seeker,no_ramp,1,52,2,0
V7E005,1840044,41,hider,no_ramp,0,17,0,0
V7E005,1840044,41,seeker,no_objects,1,54,0,0
V7E005,1840044,41,hider,no_objects,0,17,0,0
V7E005,1840045,41,seeker,full,1,17,2,0
V7E005,1840045,41,hider,full,0,17,0,0
V7E005,1840045,41,seeker,no_block,1,17,0,0
V7E005,1840045,41,hider,no_block,0,17,0,0
V7E005,1840045,41,seeker,no_ramp,1,17,2,0
V7E005,1840045,41,hider,no_ramp,0,17,0,0
V7E005,1840045,41,seeker,no_objects,1,17,0,0
V7E005,1840045,41,hider,no_objects,0,17,0,0
V7E005,1840046,41,seeker,full,1,12,0,0
V7E005,1840046,41,hider,full,0,12,0,0
V7E005,1840046,41,seeker,no_block,1,12,0,0
V7E005,1840046,41,hider,no_block,0,12,0,0
V7E005,1840046,41,seeker,no_ramp,1,12,0,0
V7E005,1840046,41,hider,no_ramp,0,12,0,0
V7E005,1840046,41,seeker,no_objects,1,12,0,0
V7E005,1840046,41,hider,no_objects,0,12,0,0
V7E005,1840047,41,seeker,full,1,12,2,0
V7E005,1840047,41,hider,full,0,12,0,0
V7E005,1840047,41,seeker,no_block,1,12,0,0
V7E005,1840047,41,hider,no_block,0,12,0,0
V7E005,1840047,41,seeker,no_ramp,1,12,2,0
V7E005,1840047,41,hider,no_ramp,0,12,0,0
V7E005,1840047,41,seeker,no_objects,1,12,0,0
V7E005,1840047,41,hider,no_objects,0,12,0,0
V7E005,1840048,41,seeker,full,1,6,0,0
V7E005,1840048,41,hider,full,0,6,0,0
V7E005,1840048,41,seeker,no_block,1,6,0,0
V7E005,1840048,41,hider,no_block,0,6,0,0
V7E005,1840048,41,seeker,no_ramp,1,6,0,0
V7E005,1840048,41,hider,no_ramp,0,6,0,0
V7E005,1840048,41,seeker,no_objects,1,6,0,0
V7E005,1840048,41,hider,no_objects,0,3,0,0
V7E005,1840049,41,seeker,full,1,1,0,0
V7E005,1840049,41,hider,full,0,1,0,0
V7E005,1840049,41,seeker,no_block,1,1,0,0
V7E005,1840049,41,hider,no_block,0,1,0,0
V7E005,1840049,41,seeker,no_ramp,1,1,0,0
V7E005,1840049,41,hider,no_ramp,0,1,0,0
V7E005,1840049,41,seeker,no_objects,1,1,0,0
V7E005,1840049,41,hider,no_objects,0,1,0,0
V7E005,1840050,41,seeker,full,1,50,2,1
V7E005,1840050,41,hider,full,0,5,0,0
V7E005,1840050,41,seeker,no_block,1,52,0,1
V7E005,1840050,41,hider,no_block,0,6,0,0
V7E005,1840050,41,seeker,no_ramp,1,57,2,0
V7E005,1840050,41,hider,no_ramp,0,6,0,0
V7E005,1840050,41,seeker,no_objects,1,59,0,0
V7E005,1840050,41,hider,no_objects,0,8,0,0
V7E005,1840051,41,seeker,full,1,8,0,0
V7E005,1840051,41,hider,full,0,13,0,0
V7E005,1840051,41,seeker,no_block,1,8,0,0
V7E005,1840051,41,hider,no_block,0,13,0,0
V7E005,1840051,41,seeker,no_ramp,1,8,0,0
V7E005,1840051,41,hider,no_ramp,0,13,0,0
V7E005,1840051,41,seeker,no_objects,1,8,0,0
V7E005,1840051,41,hider,no_objects,0,13,0,0
V7E005,1840052,41,seeker,full,1,25,2,0
V7E005,1840052,41,hider,full,0,17,0,0
V7E005,1840052,41,seeker,no_block,1,25,0,0
V7E005,1840052,41,hider,no_block,0,19,0,0
V7E005,1840052,41,seeker,no_ramp,1,25,2,0
V7E005,1840052,41,hider,no_ramp,0,19,0,0
V7E005,1840052,41,seeker,no_objects,1,25,0,0
V7E005,1840052,41,hider,no_objects,0,19,0,0
V7E005,1840053,41,seeker,full,1,8,0,0
V7E005,1840053,41,hider,full,0,4,0,0
V7E005,1840053,41,seeker,no_block,1,8,0,0
V7E005,1840053,41,hider,no_block,0,4,0,0
V7E005,1840053,41,seeker,no_ramp,1,8,0,0
V7E005,1840053,41,hider,no_ramp,0,4,0,0
V7E005,1840053,41,seeker,no_objects,1,8,0,0
V7E005,1840053,41,hider,no_objects,0,4,0,0
V7E005,1840054,41,seeker,full,1,16,0,0
V7E005,1840054,41,hider,full,0,18,0,0
V7E005,1840054,41,seeker,no_block,1,16,0,0
V7E005,1840054,41,hider,no_block,0,18,0,0
V7E005,1840054,41,seeker,no_ramp,1,16,0,0
V7E005,1840054,41,hider,no_ramp,0,18,0,0
V7E005,1840054,41,seeker,no_objects,1,16,0,0
V7E005,1840054,41,hider,no_objects,0,18,0,0
V7E005,1840055,41,seeker,full,1,8,2,0
V7E005,1840055,41,hider,full,0,10,0,0
V7E005,1840055,41,seeker,no_block,1,8,0,0
V7E005,1840055,41,hider,no_block,0,10,0,0
V7E005,1840055,41,seeker,no_ramp,1,8,2,0
V7E005,1840055,41,hider,no_ramp,0,10,0,0
V7E005,1840055,41,seeker,no_objects,1,8,0,0
V7E005,1840055,41,hider,no_objects,0,10,0,0
V7E005,1840056,41,seeker,full,1,1,0,0
V7E005,1840056,41,hider,full,0,1,0,0
V7E005,1840056,41,seeker,no_block,1,1,0,0
V7E005,1840056,41,hider,no_block,0,1,0,0
V7E005,1840056,41,seeker,no_ramp,1,1,0,0
V7E005,1840056,41,hider,no_ramp,0,1,0,0
V7E005,1840056,41,seeker,no_objects,1,1,0,0
V7E005,1840056,41,hider,no_objects,0,1,0,0
V7E005,1840057,41,seeker,full,1,2,0,0
V7E005,1840057,41,hider,full,0,2,0,0
V7E005,1840057,41,seeker,no_block,1,2,0,0
V7E005,1840057,41,hider,no_block,0,2,0,0
V7E005,1840057,41,seeker,no_ramp,1,2,0,0
V7E005,1840057,41,hider,no_ramp,0,2,0,0
V7E005,1840057,41,seeker,no_objects,1,2,0,0
V7E005,1840057,41,hider,no_objects,0,2,0,0
V7E005,1840058,41,seeker,full,1,16,2,0
V7E005,1840058,41,hider,full,0,16,0,0
V7E005,1840058,41,seeker,no_block,1,16,0,0
V7E005,1840058,41,hider,no_block,0,16,0,0
V7E005,1840058,41,seeker,no_ramp,1,16,2,0
V7E005,1840058,41,hider,no_ramp,0,16,0,0
V7E005,1840058,41,seeker,no_objects,1,16,0,0
V7E005,1840058,41,hider,no_objects,0,16,0,0
V7E005,1840059,41,seeker,full,1,4,0,0
V7E005,1840059,41,hider,full,0,4,0,0
V7E005,1840059,41,seeker,no_block,1,4,0,0
V7E005,1840059,41,hider,no_block,0,4,0,0
V7E005,1840059,41,seeker,no_ramp,1,4,0,0
V7E005,1840059,41,hider,no_ramp,0,4,0,0
V7E005,1840059,41,seeker,no_objects,1,4,0,0
V7E005,1840059,41,hider,no_objects,1,100,0,0
V7E005,1840060,41,seeker,full,1,14,0,0
V7E005,1840060,41,hider,full,0,14,0,0
V7E005,1840060,41,seeker,no_block,1,14,0,0
V7E005,1840060,41,hider,no_block,0,50,0,0
V7E005,1840060,41,seeker,no_ramp,1,14,0,0
V7E005,1840060,41,hider,no_ramp,0,48,0,0
V7E005,1840060,41,seeker,no_objects,1,14,0,0
V7E005,1840060,41,hider,no_objects,0,50,0,0
V7E005,1840061,41,seeker,full,1,5,0,0
V7E005,1840061,41,hider,full,0,4,0,0
V7E005,1840061,41,seeker,no_block,1,5,0,0
V7E005,1840061,41,hider,no_block,0,4,0,0
V7E005,1840061,41,seeker,no_ramp,1,5,0,0
V7E005,1840061,41,hider,no_ramp,0,4,0,0
V7E005,1840061,41,seeker,no_objects,1,5,0,0
V7E005,1840061,41,hider,no_objects,0,4,0,0
V7E005,1840062,41,seeker,full,1,8,0,0
V7E005,1840062,41,hider,full,0,4,0,0
V7E005,1840062,41,seeker,no_block,1,8,0,0
V7E005,1840062,41,hider,no_block,0,4,0,0
V7E005,1840062,41,seeker,no_ramp,1,8,0,0
V7E005,1840062,41,hider,no_ramp,0,4,0,0
V7E005,1840062,41,seeker,no_objects,1,8,0,0
V7E005,1840062,41,hider,no_objects,0,4,0,0
V7E005,1840063,41,seeker,full,1,9,0,0
V7E005,1840063,41,hider,full,0,15,0,0
V7E005,1840063,41,seeker,no_block,1,9,0,0
V7E005,1840063,41,hider,no_block,0,15,0,0
V7E005,1840063,41,seeker,no_ramp,1,9,0,0
V7E005,1840063,41,hider,no_ramp,0,15,0,0
V7E005,1840063,41,seeker,no_objects,1,9,0,0
V7E005,1840063,41,hider,no_objects,0,15,0,0
V7E005,1840064,41,seeker,full,1,1,0,0
V7E005,1840064,41,hider,full,0,1,0,0
V7E005,1840064,41,seeker,no_block,1,1,0,0
V7E005,1840064,41,hider,no_block,0,1,0,0
V7E005,1840064,41,seeker,no_ramp,1,1,0,0
V7E005,1840064,41,hider,no_ramp,0,1,0,0
V7E005,1840064,41,seeker,no_objects,1,1,0,0
V7E005,1840064,41,hider,no_objects,0,1,0,0
V7E005,1840065,41,seeker,full,1,4,0,0
V7E005,1840065,41,hider,full,0,4,0,0
V7E005,1840065,41,seeker,no_block,1,4,0,0
V7E005,1840065,41,hider,no_block,0,4,0,0
V7E005,1840065,41,seeker,no_ramp,1,4,0,0
V7E005,1840065,41,hider,no_ramp,0,4,0,0
V7E005,1840065,41,seeker,no_objects,1,4,0,0
V7E005,1840065,41,hider,no_objects,0,4,0,0
V7E005,1840066,41,seeker,full,0,100,0,0
V7E005,1840066,41,hider,full,0,3,2,0
V7E005,1840066,41,seeker,no_block,1,1,0,0
V7E005,1840066,41,hider,no_block,0,1,0,0
V7E005,1840066,41,seeker,no_ramp,0,100,0,0
V7E005,1840066,41,hider,no_ramp,0,3,2,0
V7E005,1840066,41,seeker,no_objects,1,1,0,0
V7E005,1840066,41,hider,no_objects,0,1,0,0
V7E005,1840067,41,seeker,full,1,2,0,0
V7E005,1840067,41,hider,full,0,2,0,0
V7E005,1840067,41,seeker,no_block,1,2,0,0
V7E005,1840067,41,hider,no_block,0,2,0,0
V7E005,1840067,41,seeker,no_ramp,1,2,0,0
V7E005,1840067,41,hider,no_ramp,0,2,0,0
V7E005,1840067,41,seeker,no_objects,1,2,0,0
V7E005,1840067,41,hider,no_objects,0,2,0,0
V7E005,1840068,41,seeker,full,1,8,0,0
V7E005,1840068,41,hider,full,1,100,0,0
V7E005,1840068,41,seeker,no_block,1,8,0,0
V7E005,1840068,41,hider,no_block,1,100,0,0
V7E005,1840068,41,seeker,no_ramp,1,8,0,0
V7E005,1840068,41,hider,no_ramp,1,100,0,0
V7E005,1840068,41,seeker,no_objects,1,8,0,0
V7E005,1840068,41,hider,no_objects,1,100,0,0
V7E005,1840069,41,seeker,full,1,10,0,0
V7E005,1840069,41,hider,full,0,10,0,0
V7E005,1840069,41,seeker,no_block,1,10,0,0
V7E005,1840069,41,hider,no_block,0,10,0,0
V7E005,1840069,41,seeker,no_ramp,1,10,0,0
V7E005,1840069,41,hider,no_ramp,0,10,0,0
V7E005,1840069,41,seeker,no_objects,1,10,0,0
V7E005,1840069,41,hider,no_objects,0,10,0,0
V7E005,1840070,41,seeker,full,1,23,2,0
V7E005,1840070,41,hider,full,0,17,0,0
V7E005,1840070,41,seeker,no_block,1,23,0,0
V7E005,1840070,41,hider,no_block,0,17,0,0
V7E005,1840070,41,seeker,no_ramp,1,23,2,0
V7E005,1840070,41,hider,no_ramp,0,17,0,0
V7E005,1840070,41,seeker,no_objects,1,23,0,0
V7E005,1840070,41,hider,no_objects,0,17,0,0
V7E005,1840071,41,seeker,full,1,8,0,0
V7E005,1840071,41,hider,full,0,8,0,0
V7E005,1840071,41,seeker,no_block,1,8,0,0
V7E005,1840071,41,hider,no_block,0,8,0,0
V7E005,1840071,41,seeker,no_ramp,1,8,0,0
V7E005,1840071,41,hider,no_ramp,0,8,0,0
V7E005,1840071,41,seeker,no_objects,1,8,0,0
V7E005,1840071,41,hider,no_objects,0,8,0,0
V7E005,1840072,41,seeker,full,1,35,2,0
V7E005,1840072,41,hider,full,0,14,0,0
V7E005,1840072,41,seeker,no_block,1,37,0,0
V7E005,1840072,41,hider,no_block,0,14,0,0
V7E005,1840072,41,seeker,no_ramp,1,35,2,0
V7E005,1840072,41,hider,no_ramp,0,14,0,0
V7E005,1840072,41,seeker,no_objects,1,37,0,0
V7E005,1840072,41,hider,no_objects,0,14,0,0
V7E005,1840073,41,seeker,full,1,1,0,0
V7E005,1840073,41,hider,full,0,1,0,0
V7E005,1840073,41,seeker,no_block,1,1,0,0
V7E005,1840073,41,hider,no_block,0,1,0,0
V7E005,1840073,41,seeker,no_ramp,1,1,0,0
V7E005,1840073,41,hider,no_ramp,0,1,0,0
V7E005,1840073,41,seeker,no_objects,1,1,0,0
V7E005,1840073,41,hider,no_objects,0,1,0,0
V7E005,1840074,41,seeker,full,1,15,0,0
V7E005,1840074,41,hider,full,0,15,0,0
V7E005,1840074,41,seeker,no_block,1,15,0,0
V7E005,1840074,41,hider,no_block,0,15,0,0
V7E005,1840074,41,seeker,no_ramp,1,15,0,0
V7E005,1840074,41,hider,no_ramp,0,15,0,0
V7E005,1840074,41,seeker,no_objects,1,15,0,0
V7E005,1840074,41,hider,no_objects,0,15,0,0
V7E005,1840075,41,seeker,full,1,4,0,0
V7E005,1840075,41,hider,full,0,3,0,0
V7E005,1840075,41,seeker,no_block,1,4,0,0
V7E005,1840075,41,hider,no_block,0,3,0,0
V7E005,1840075,41,seeker,no_ramp,1,4,0,0
V7E005,1840075,41,hider,no_ramp,0,3,0,0
V7E005,1840075,41,seeker,no_objects,1,4,0,0
V7E005,1840075,41,hider,no_objects,0,3,0,0
V7E005,1840076,41,seeker,full,1,9,2,0
V7E005,1840076,41,hider,full,1,100,1,0
V7E005,1840076,41,seeker,no_block,1,9,0,0
V7E005,1840076,41,hider,no_block,0,5,0,0
V7E005,1840076,41,seeker,no_ramp,1,9,2,0
V7E005,1840076,41,hider,no_ramp,1,100,1,0
V7E005,1840076,41,seeker,no_objects,1,9,0,0
V7E005,1840076,41,hider,no_objects,0,5,0,0
V7E005,1840077,41,seeker,full,1,22,2,0
V7E005,1840077,41,hider,full,0,10,2,0
V7E005,1840077,41,seeker,no_block,1,24,0,0
V7E005,1840077,41,hider,no_block,0,11,0,0
V7E005,1840077,41,seeker,no_ramp,1,22,2,0
V7E005,1840077,41,hider,no_ramp,0,10,2,0
V7E005,1840077,41,seeker,no_objects,1,24,0,0
V7E005,1840077,41,hider,no_objects,0,11,0,0
V7E005,1840078,41,seeker,full,1,9,0,0
V7E005,1840078,41,hider,full,0,8,0,0
V7E005,1840078,41,seeker,no_block,1,9,0,0
V7E005,1840078,41,hider,no_block,0,8,0,0
V7E005,1840078,41,seeker,no_ramp,1,9,0,0
V7E005,1840078,41,hider,no_ramp,0,8,0,0
V7E005,1840078,41,seeker,no_objects,1,9,0,0
V7E005,1840078,41,hider,no_objects,0,8,0,0
V7E005,1840079,41,seeker,full,1,68,2,1
V7E005,1840079,41,hider,full,0,4,0,0
V7E005,1840079,41,seeker,no_block,1,68,0,1
V7E005,1840079,41,hider,no_block,0,4,0,0
V7E005,1840079,41,seeker,no_ramp,1,65,2,0
V7E005,1840079,41,hider,no_ramp,0,4,0,0
V7E005,1840079,41,seeker,no_objects,1,65,0,0
V7E005,1840079,41,hider,no_objects,0,4,0,0
V7E005,1840080,41,seeker,full,1,9,0,0
V7E005,1840080,41,hider,full,0,9,0,0
V7E005,1840080,41,seeker,no_block,1,9,0,0
V7E005,1840080,41,hider,no_block,0,9,0,0
V7E005,1840080,41,seeker,no_ramp,1,9,0,0
V7E005,1840080,41,hider,no_ramp,0,9,0,0
V7E005,1840080,41,seeker,no_objects,1,9,0,0
V7E005,1840080,41,hider,no_objects,0,9,0,0
V7E005,1840081,41,seeker,full,1,3,0,0
V7E005,1840081,41,hider,full,0,2,0,0
V7E005,1840081,41,seeker,no_block,1,3,0,0
V7E005,1840081,41,hider,no_block,0,2,0,0
V7E005,1840081,41,seeker,no_ramp,1,3,0,0
V7E005,1840081,41,hider,no_ramp,0,2,0,0
V7E005,1840081,41,seeker,no_objects,1,3,0,0
V7E005,1840081,41,hider,no_objects,0,2,0,0
V7E005,1840082,41,seeker,full,1,6,0,0
V7E005,1840082,41,hider,full,0,8,0,0
V7E005,1840082,41,seeker,no_block,1,6,0,0
V7E005,1840082,41,hider,no_block,0,8,0,0
V7E005,1840082,41,seeker,no_ramp,1,6,0,0
V7E005,1840082,41,hider,no_ramp,0,8,0,0
V7E005,1840082,41,seeker,no_objects,1,6,0,0
V7E005,1840082,41,hider,no_objects,0,8,0,0
V7E005,1840083,41,seeker,full,1,6,0,0
V7E005,1840083,41,hider,full,0,6,0,0
V7E005,1840083,41,seeker,no_block,1,6,0,0
V7E005,1840083,41,hider,no_block,0,6,0,0
V7E005,1840083,41,seeker,no_ramp,1,6,0,0
V7E005,1840083,41,hider,no_ramp,0,6,0,0
V7E005,1840083,41,seeker,no_objects,1,6,0,0
V7E005,1840083,41,hider,no_objects,0,6,0,0
V7E005,1840084,41,seeker,full,1,4,0,0
V7E005,1840084,41,hider,full,0,3,0,0
V7E005,1840084,41,seeker,no_block,1,4,0,0
V7E005,1840084,41,hider,no_block,0,3,0,0
V7E005,1840084,41,seeker,no_ramp,1,4,0,0
V7E005,1840084,41,hider,no_ramp,0,3,0,0
V7E005,1840084,41,seeker,no_objects,1,4,0,0
V7E005,1840084,41,hider,no_objects,0,3,0,0
V7E005,1840085,41,seeker,full,1,36,2,0
V7E005,1840085,41,hider,full,0,12,0,0
V7E005,1840085,41,seeker,no_block,1,38,0,0
V7E005,1840085,41,hider,no_block,0,32,0,0
V7E005,1840085,41,seeker,no_ramp,1,36,2,0
V7E005,1840085,41,hider,no_ramp,0,30,0,0
V7E005,1840085,41,seeker,no_objects,1,38,0,0
V7E005,1840085,41,hider,no_objects,0,32,0,0
V7E005,1840086,41,seeker,full,1,12,2,0
V7E005,1840086,41,hider,full,0,4,2,0
V7E005,1840086,41,seeker,no_block,1,12,0,0
V7E005,1840086,41,hider,no_block,1,100,0,0
V7E005,1840086,41,seeker,no_ramp,1,12,2,0
V7E005,1840086,41,hider,no_ramp,0,4,2,0
V7E005,1840086,41,seeker,no_objects,1,12,0,0
V7E005,1840086,41,hider,no_objects,1,100,0,0
V7E005,1840087,41,seeker,full,1,3,0,0
V7E005,1840087,41,hider,full,0,6,0,0
V7E005,1840087,41,seeker,no_block,1,3,0,0
V7E005,1840087,41,hider,no_block,0,6,0,0
V7E005,1840087,41,seeker,no_ramp,1,3,0,0
V7E005,1840087,41,hider,no_ramp,0,6,0,0
V7E005,1840087,41,seeker,no_objects,1,3,0,0
V7E005,1840087,41,hider,no_objects,0,6,0,0
V7E005,1840088,41,seeker,full,1,25,2,0
V7E005,1840088,41,hider,full,0,25,0,0
V7E005,1840088,41,seeker,no_block,1,27,0,0
V7E005,1840088,41,hider,no_block,0,27,0,0
V7E005,1840088,41,seeker,no_ramp,1,25,2,0
V7E005,1840088,41,hider,no_ramp,0,25,0,0
V7E005,1840088,41,seeker,no_objects,1,27,0,0
V7E005,1840088,41,hider,no_objects,0,27,0,0
V7E005,1840089,41,seeker,full,1,1,0,0
V7E005,1840089,41,hider,full,0,1,0,0
V7E005,1840089,41,seeker,no_block,1,1,0,0
V7E005,1840089,41,hider,no_block,0,1,0,0
V7E005,1840089,41,seeker,no_ramp,1,1,0,0
V7E005,1840089,41,hider,no_ramp,0,1,0,0
V7E005,1840089,41,seeker,no_objects,1,1,0,0
V7E005,1840089,41,hider,no_objects,0,1,0,0
V7E005,1840090,41,seeker,full,1,8,0,0
V7E005,1840090,41,hider,full,0,10,0,0
V7E005,1840090,41,seeker,no_block,1,8,0,0
V7E005,1840090,41,hider,no_block,0,10,0,0
V7E005,1840090,41,seeker,no_ramp,1,8,0,0
V7E005,1840090,41,hider,no_ramp,0,10,0,0
V7E005,1840090,41,seeker,no_objects,1,8,0,0
V7E005,1840090,41,hider,no_objects,0,10,0,0
V7E005,1840091,41,seeker,full,1,13,0,0
V7E005,1840091,41,hider,full,0,10,0,0
V7E005,1840091,41,seeker,no_block,1,13,0,0
V7E005,1840091,41,hider,no_block,0,10,0,0
V7E005,1840091,41,seeker,no_ramp,1,13,0,0
V7E005,1840091,41,hider,no_ramp,0,10,0,0
V7E005,1840091,41,seeker,no_objects,1,13,0,0
V7E005,1840091,41,hider,no_objects,0,10,0,0
V7E005,1840092,41,seeker,full,1,24,0,1
V7E005,1840092,41,hider,full,0,10,0,0
V7E005,1840092,41,seeker,no_block,1,24,0,1
V7E005,1840092,41,hider,no_block,0,10,0,0
V7E005,1840092,41,seeker,no_ramp,1,41,0,0
V7E005,1840092,41,hider,no_ramp,0,10,0,0
V7E005,1840092,41,seeker,no_objects,1,41,0,0
V7E005,1840092,41,hider,no_objects,0,26,0,0
V7E005,1840093,41,seeker,full,1,16,2,0
V7E005,1840093,41,hider,full,0,8,2,0
V7E005,1840093,41,seeker,no_block,1,16,0,0
V7E005,1840093,41,hider,no_block,0,9,0,0
V7E005,1840093,41,seeker,no_ramp,1,16,2,0
V7E005,1840093,41,hider,no_ramp,0,8,2,0
V7E005,1840093,41,seeker,no_objects,1,16,0,0
V7E005,1840093,41,hider,no_objects,0,9,0,0
V7E005,1840094,41,seeker,full,1,1,0,0
V7E005,1840094,41,hider,full,0,1,0,0
V7E005,1840094,41,seeker,no_block,1,1,0,0
V7E005,1840094,41,hider,no_block,0,1,0,0
V7E005,1840094,41,seeker,no_ramp,1,1,0,0
V7E005,1840094,41,hider,no_ramp,0,1,0,0
V7E005,1840094,41,seeker,no_objects,1,1,0,0
V7E005,1840094,41,hider,no_objects,0,1,0,0
V7E005,1840095,41,seeker,full,1,15,2,0
V7E005,1840095,41,hider,full,0,7,2,0
V7E005,1840095,41,seeker,no_block,1,15,0,0
V7E005,1840095,41,hider,no_block,1,100,0,0
V7E005,1840095,41,seeker,no_ramp,1,15,2,0
V7E005,1840095,41,hider,no_ramp,0,7,2,0
V7E005,1840095,41,seeker,no_objects,1,15,0,0
V7E005,1840095,41,hider,no_objects,1,100,0,0
V7E005,1840096,41,seeker,full,1,28,2,1
V7E005,1840096,41,hider,full,0,14,0,0
V7E005,1840096,41,seeker,no_block,1,28,0,1
V7E005,1840096,41,hider,no_block,0,14,0,0
V7E005,1840096,41,seeker,no_ramp,1,45,2,0
V7E005,1840096,41,hider,no_ramp,0,14,0,0
V7E005,1840096,41,seeker,no_objects,1,45,0,0
V7E005,1840096,41,hider,no_objects,0,14,0,0
V7E005,1840097,41,seeker,full,1,11,0,0
V7E005,1840097,41,hider,full,0,8,0,0
V7E005,1840097,41,seeker,no_block,1,11,0,0
V7E005,1840097,41,hider,no_block,0,8,0,0
V7E005,1840097,41,seeker,no_ramp,1,11,0,0
V7E005,1840097,41,hider,no_ramp,0,8,0,0
V7E005,1840097,41,seeker,no_objects,1,11,0,0
V7E005,1840097,41,hider,no_objects,0,8,0,0
V7E005,1840098,41,seeker,full,1,6,0,0
V7E005,1840098,41,hider,full,0,11,0,0
V7E005,1840098,41,seeker,no_block,1,6,0,0
V7E005,1840098,41,hider,no_block,0,11,0,0
V7E005,1840098,41,seeker,no_ramp,1,6,0,0
V7E005,1840098,41,hider,no_ramp,0,11,0,0
V7E005,1840098,41,seeker,no_objects,1,6,0,0
V7E005,1840098,41,hider,no_objects,0,11,0,0
V7E005,1840099,41,seeker,full,1,16,2,0
V7E005,1840099,41,hider,full,0,8,2,0
V7E005,1840099,41,seeker,no_block,1,18,0,0
V7E005,1840099,41,hider,no_block,0,6,0,0
V7E005,1840099,41,seeker,no_ramp,1,16,2,0
V7E005,1840099,41,hider,no_ramp,0,8,2,0
V7E005,1840099,41,seeker,no_objects,1,18,0,0
V7E005,1840099,41,hider,no_objects,0,6,0,0
V7E006,1850000,41,seeker,full,1,5,0,0
V7E006,1850000,41,hider,full,1,100,0,0
V7E006,1850000,41,seeker,no_block,1,5,0,0
V7E006,1850000,41,hider,no_block,1,100,0,0
V7E006,1850000,41,seeker,no_ramp,1,5,0,0
V7E006,1850000,41,hider,no_ramp,1,100,0,0
V7E006,1850000,41,seeker,no_objects,1,5,0,0
V7E006,1850000,41,hider,no_objects,1,100,0,0
V7E006,1850001,41,seeker,full,1,29,0,0
V7E006,1850001,41,hider,full,1,100,0,0
V7E006,1850001,41,seeker,no_block,1,29,0,0
V7E006,1850001,41,hider,no_block,1,100,0,0
V7E006,1850001,41,seeker,no_ramp,1,29,0,0
V7E006,1850001,41,hider,no_ramp,1,100,0,0
V7E006,1850001,41,seeker,no_objects,1,29,0,0
V7E006,1850001,41,hider,no_objects,1,100,0,0
V7E006,1850002,41,seeker,full,1,7,0,0
V7E006,1850002,41,hider,full,0,6,0,0
V7E006,1850002,41,seeker,no_block,1,7,0,0
V7E006,1850002,41,hider,no_block,0,6,0,0
V7E006,1850002,41,seeker,no_ramp,1,7,0,0
V7E006,1850002,41,hider,no_ramp,0,6,0,0
V7E006,1850002,41,seeker,no_objects,1,7,0,0
V7E006,1850002,41,hider,no_objects,0,6,0,0
V7E006,1850003,41,seeker,full,1,7,0,0
V7E006,1850003,41,hider,full,1,100,0,0
V7E006,1850003,41,seeker,no_block,1,7,0,0
V7E006,1850003,41,hider,no_block,1,100,0,0
V7E006,1850003,41,seeker,no_ramp,1,7,0,0
V7E006,1850003,41,hider,no_ramp,1,100,0,0
V7E006,1850003,41,seeker,no_objects,1,7,0,0
V7E006,1850003,41,hider,no_objects,1,100,0,0
V7E006,1850004,41,seeker,full,0,100,4,0
V7E006,1850004,41,hider,full,0,20,0,0
V7E006,1850004,41,seeker,no_block,1,20,0,0
V7E006,1850004,41,hider,no_block,0,20,0,0
V7E006,1850004,41,seeker,no_ramp,0,100,4,0
V7E006,1850004,41,hider,no_ramp,0,20,0,0
V7E006,1850004,41,seeker,no_objects,1,20,0,0
V7E006,1850004,41,hider,no_objects,0,20,0,0
V7E006,1850005,41,seeker,full,0,100,0,0
V7E006,1850005,41,hider,full,0,23,2,0
V7E006,1850005,41,seeker,no_block,1,25,0,0
V7E006,1850005,41,hider,no_block,1,100,0,0
V7E006,1850005,41,seeker,no_ramp,0,100,0,0
V7E006,1850005,41,hider,no_ramp,0,23,2,0
V7E006,1850005,41,seeker,no_objects,1,25,0,0
V7E006,1850005,41,hider,no_objects,1,100,0,0
V7E006,1850006,41,seeker,full,1,2,0,0
V7E006,1850006,41,hider,full,0,2,0,0
V7E006,1850006,41,seeker,no_block,1,2,0,0
V7E006,1850006,41,hider,no_block,0,2,0,0
V7E006,1850006,41,seeker,no_ramp,1,2,0,0
V7E006,1850006,41,hider,no_ramp,0,2,0,0
V7E006,1850006,41,seeker,no_objects,1,2,0,0
V7E006,1850006,41,hider,no_objects,0,2,0,0
V7E006,1850007,41,seeker,full,0,100,0,0
V7E006,1850007,41,hider,full,0,20,0,0
V7E006,1850007,41,seeker,no_block,1,14,0,0
V7E006,1850007,41,hider,no_block,0,20,0,0
V7E006,1850007,41,seeker,no_ramp,0,100,0,0
V7E006,1850007,41,hider,no_ramp,0,20,0,0
V7E006,1850007,41,seeker,no_objects,1,14,0,0
V7E006,1850007,41,hider,no_objects,0,20,0,0
V7E006,1850008,41,seeker,full,0,100,4,1
V7E006,1850008,41,hider,full,0,23,0,0
V7E006,1850008,41,seeker,no_block,1,23,0,1
V7E006,1850008,41,hider,no_block,0,23,0,0
V7E006,1850008,41,seeker,no_ramp,0,100,4,0
V7E006,1850008,41,hider,no_ramp,0,25,0,0
V7E006,1850008,41,seeker,no_objects,1,24,0,0
V7E006,1850008,41,hider,no_objects,1,100,0,0
V7E006,1850009,41,seeker,full,1,7,0,0
V7E006,1850009,41,hider,full,1,100,0,0
V7E006,1850009,41,seeker,no_block,1,7,0,0
V7E006,1850009,41,hider,no_block,1,100,0,0
V7E006,1850009,41,seeker,no_ramp,1,7,0,0
V7E006,1850009,41,hider,no_ramp,1,100,0,0
V7E006,1850009,41,seeker,no_objects,1,7,0,0
V7E006,1850009,41,hider,no_objects,1,100,0,0
V7E006,1850010,41,seeker,full,0,100,0,0
V7E006,1850010,41,hider,full,0,18,2,0
V7E006,1850010,41,seeker,no_block,1,20,0,0
V7E006,1850010,41,hider,no_block,0,9,0,0
V7E006,1850010,41,seeker,no_ramp,0,100,0,0
V7E006,1850010,41,hider,no_ramp,0,18,2,0
V7E006,1850010,41,seeker,no_objects,1,20,0,0
V7E006,1850010,41,hider,no_objects,0,9,0,0
V7E006,1850011,41,seeker,full,1,26,2,0
V7E006,1850011,41,hider,full,1,100,0,0
V7E006,1850011,41,seeker,no_block,1,26,0,0
V7E006,1850011,41,hider,no_block,1,100,0,0
V7E006,1850011,41,seeker,no_ramp,1,26,2,0
V7E006,1850011,41,hider,no_ramp,1,100,0,0
V7E006,1850011,41,seeker,no_objects,1,26,0,0
V7E006,1850011,41,hider,no_objects,1,100,0,0
V7E006,1850012,41,seeker,full,1,14,0,0
V7E006,1850012,41,hider,full,0,7,0,0
V7E006,1850012,41,seeker,no_block,1,14,0,0
V7E006,1850012,41,hider,no_block,0,7,0,0
V7E006,1850012,41,seeker,no_ramp,1,14,0,0
V7E006,1850012,41,hider,no_ramp,0,7,0,0
V7E006,1850012,41,seeker,no_objects,1,14,0,0
V7E006,1850012,41,hider,no_objects,0,7,0,0
V7E006,1850013,41,seeker,full,1,34,5,0
V7E006,1850013,41,hider,full,1,100,0,0
V7E006,1850013,41,seeker,no_block,1,34,0,0
V7E006,1850013,41,hider,no_block,1,100,0,0
V7E006,1850013,41,seeker,no_ramp,1,34,5,0
V7E006,1850013,41,hider,no_ramp,1,100,0,0
V7E006,1850013,41,seeker,no_objects,1,34,0,0
V7E006,1850013,41,hider,no_objects,1,100,0,0
V7E006,1850014,41,seeker,full,1,3,0,0
V7E006,1850014,41,hider,full,0,3,0,0
V7E006,1850014,41,seeker,no_block,1,3,0,0
V7E006,1850014,41,hider,no_block,0,3,0,0
V7E006,1850014,41,seeker,no_ramp,1,3,0,0
V7E006,1850014,41,hider,no_ramp,0,3,0,0
V7E006,1850014,41,seeker,no_objects,1,3,0,0
V7E006,1850014,41,hider,no_objects,0,3,0,0
V7E006,1850015,41,seeker,full,1,18,5,0
V7E006,1850015,41,hider,full,0,18,0,0
V7E006,1850015,41,seeker,no_block,1,18,0,0
V7E006,1850015,41,hider,no_block,0,18,0,0
V7E006,1850015,41,seeker,no_ramp,1,18,5,0
V7E006,1850015,41,hider,no_ramp,0,18,0,0
V7E006,1850015,41,seeker,no_objects,1,18,0,0
V7E006,1850015,41,hider,no_objects,0,18,0,0
V7E006,1850016,41,seeker,full,1,20,0,0
V7E006,1850016,41,hider,full,0,5,0,0
V7E006,1850016,41,seeker,no_block,1,20,0,0
V7E006,1850016,41,hider,no_block,0,5,0,0
V7E006,1850016,41,seeker,no_ramp,1,20,0,0
V7E006,1850016,41,hider,no_ramp,0,5,0,0
V7E006,1850016,41,seeker,no_objects,1,20,0,0
V7E006,1850016,41,hider,no_objects,0,5,0,0
V7E006,1850017,41,seeker,full,0,100,0,0
V7E006,1850017,41,hider,full,0,24,2,0
V7E006,1850017,41,seeker,no_block,1,26,0,0
V7E006,1850017,41,hider,no_block,0,9,0,0
V7E006,1850017,41,seeker,no_ramp,0,100,0,0
V7E006,1850017,41,hider,no_ramp,0,24,2,0
V7E006,1850017,41,seeker,no_objects,1,26,0,0
V7E006,1850017,41,hider,no_objects,0,9,0,0
V7E006,1850018,41,seeker,full,1,7,0,0
V7E006,1850018,41,hider,full,0,6,0,0
V7E006,1850018,41,seeker,no_block,1,7,0,0
V7E006,1850018,41,hider,no_block,0,6,0,0
V7E006,1850018,41,seeker,no_ramp,1,7,0,0
V7E006,1850018,41,hider,no_ramp,0,6,0,0
V7E006,1850018,41,seeker,no_objects,1,7,0,0
V7E006,1850018,41,hider,no_objects,0,6,0,0
V7E006,1850019,41,seeker,full,1,2,0,0
V7E006,1850019,41,hider,full,0,7,2,0
V7E006,1850019,41,seeker,no_block,1,2,0,0
V7E006,1850019,41,hider,no_block,1,100,0,0
V7E006,1850019,41,seeker,no_ramp,1,2,0,0
V7E006,1850019,41,hider,no_ramp,0,7,2,0
V7E006,1850019,41,seeker,no_objects,1,2,0,0
V7E006,1850019,41,hider,no_objects,1,100,0,0
V7E006,1850020,41,seeker,full,1,3,0,0
V7E006,1850020,41,hider,full,1,100,0,0
V7E006,1850020,41,seeker,no_block,1,3,0,0
V7E006,1850020,41,hider,no_block,1,100,0,0
V7E006,1850020,41,seeker,no_ramp,1,3,0,0
V7E006,1850020,41,hider,no_ramp,1,100,0,0
V7E006,1850020,41,seeker,no_objects,1,3,0,0
V7E006,1850020,41,hider,no_objects,1,100,0,0
V7E006,1850021,41,seeker,full,0,100,4,0
V7E006,1850021,41,hider,full,0,20,0,0
V7E006,1850021,41,seeker,no_block,1,20,0,0
V7E006,1850021,41,hider,no_block,0,20,0,0
V7E006,1850021,41,seeker,no_ramp,0,100,4,0
V7E006,1850021,41,hider,no_ramp,0,20,0,0
V7E006,1850021,41,seeker,no_objects,1,20,0,0
V7E006,1850021,41,hider,no_objects,0,20,0,0
V7E006,1850022,41,seeker,full,1,6,0,0
V7E006,1850022,41,hider,full,1,100,0,0
V7E006,1850022,41,seeker,no_block,1,6,0,0
V7E006,1850022,41,hider,no_block,1,100,0,0
V7E006,1850022,41,seeker,no_ramp,1,6,0,0
V7E006,1850022,41,hider,no_ramp,1,100,0,0
V7E006,1850022,41,seeker,no_objects,1,6,0,0
V7E006,1850022,41,hider,no_objects,1,100,0,0
V7E006,1850023,41,seeker,full,1,38,5,0
V7E006,1850023,41,hider,full,1,100,0,0
V7E006,1850023,41,seeker,no_block,1,38,0,0
V7E006,1850023,41,hider,no_block,1,100,0,0
V7E006,1850023,41,seeker,no_ramp,1,38,5,0
V7E006,1850023,41,hider,no_ramp,1,100,0,0
V7E006,1850023,41,seeker,no_objects,1,38,0,0
V7E006,1850023,41,hider,no_objects,1,100,0,0
V7E006,1850024,41,seeker,full,1,7,0,0
V7E006,1850024,41,hider,full,1,100,2,0
V7E006,1850024,41,seeker,no_block,1,7,0,0
V7E006,1850024,41,hider,no_block,1,100,0,0
V7E006,1850024,41,seeker,no_ramp,1,7,0,0
V7E006,1850024,41,hider,no_ramp,1,100,2,0
V7E006,1850024,41,seeker,no_objects,1,7,0,0
V7E006,1850024,41,hider,no_objects,1,100,0,0
V7E006,1850025,41,seeker,full,1,28,5,0
V7E006,1850025,41,hider,full,1,100,0,0
V7E006,1850025,41,seeker,no_block,1,28,0,0
V7E006,1850025,41,hider,no_block,1,100,0,0
V7E006,1850025,41,seeker,no_ramp,1,28,5,0
V7E006,1850025,41,hider,no_ramp,1,100,0,0
V7E006,1850025,41,seeker,no_objects,1,28,0,0
V7E006,1850025,41,hider,no_objects,1,100,0,0
V7E006,1850026,41,seeker,full,1,3,0,0
V7E006,1850026,41,hider,full,0,3,0,0
V7E006,1850026,41,seeker,no_block,1,3,0,0
V7E006,1850026,41,hider,no_block,0,3,0,0
V7E006,1850026,41,seeker,no_ramp,1,3,0,0
V7E006,1850026,41,hider,no_ramp,0,3,0,0
V7E006,1850026,41,seeker,no_objects,1,3,0,0
V7E006,1850026,41,hider,no_objects,0,3,0,0
V7E006,1850027,41,seeker,full,1,17,5,0
V7E006,1850027,41,hider,full,0,16,0,0
V7E006,1850027,41,seeker,no_block,1,17,0,0
V7E006,1850027,41,hider,no_block,0,16,0,0
V7E006,1850027,41,seeker,no_ramp,1,17,5,0
V7E006,1850027,41,hider,no_ramp,0,16,0,0
V7E006,1850027,41,seeker,no_objects,1,17,0,0
V7E006,1850027,41,hider,no_objects,0,16,0,0
V7E006,1850028,41,seeker,full,1,12,5,0
V7E006,1850028,41,hider,full,0,11,0,0
V7E006,1850028,41,seeker,no_block,1,12,0,0
V7E006,1850028,41,hider,no_block,0,11,0,0
V7E006,1850028,41,seeker,no_ramp,1,12,5,0
V7E006,1850028,41,hider,no_ramp,0,25,0,0
V7E006,1850028,41,seeker,no_objects,1,12,0,0
V7E006,1850028,41,hider,no_objects,0,11,0,0
V7E006,1850029,41,seeker,full,1,23,2,0
V7E006,1850029,41,hider,full,0,13,0,0
V7E006,1850029,41,seeker,no_block,1,23,0,0
V7E006,1850029,41,hider,no_block,0,13,0,0
V7E006,1850029,41,seeker,no_ramp,1,23,2,0
V7E006,1850029,41,hider,no_ramp,0,13,0,0
V7E006,1850029,41,seeker,no_objects,1,23,0,0
V7E006,1850029,41,hider,no_objects,0,13,0,0
V7E006,1850030,41,seeker,full,1,29,2,0
V7E006,1850030,41,hider,full,1,100,0,0
V7E006,1850030,41,seeker,no_block,1,29,0,0
V7E006,1850030,41,hider,no_block,1,100,0,0
V7E006,1850030,41,seeker,no_ramp,1,29,2,0
V7E006,1850030,41,hider,no_ramp,1,100,0,0
V7E006,1850030,41,seeker,no_objects,1,29,0,0
V7E006,1850030,41,hider,no_objects,1,100,0,0
V7E006,1850031,41,seeker,full,1,3,2,0
V7E006,1850031,41,hider,full,0,4,0,0
V7E006,1850031,41,seeker,no_block,1,3,0,0
V7E006,1850031,41,hider,no_block,0,3,0,0
V7E006,1850031,41,seeker,no_ramp,1,3,2,0
V7E006,1850031,41,hider,no_ramp,0,4,0,0
V7E006,1850031,41,seeker,no_objects,1,3,0,0
V7E006,1850031,41,hider,no_objects,0,3,0,0
V7E006,1850032,41,seeker,full,1,16,5,0
V7E006,1850032,41,hider,full,0,15,0,0
V7E006,1850032,41,seeker,no_block,1,16,0,0
V7E006,1850032,41,hider,no_block,0,15,0,0
V7E006,1850032,41,seeker,no_ramp,1,16,5,0
V7E006,1850032,41,hider,no_ramp,0,29,0,0
V7E006,1850032,41,seeker,no_objects,1,16,0,0
V7E006,1850032,41,hider,no_objects,0,15,0,0
V7E006,1850033,41,seeker,full,1,8,0,0
V7E006,1850033,41,hider,full,1,100,0,0
V7E006,1850033,41,seeker,no_block,1,8,0,0
V7E006,1850033,41,hider,no_block,1,100,0,0
V7E006,1850033,41,seeker,no_ramp,1,8,0,0
V7E006,1850033,41,hider,no_ramp,1,100,0,0
V7E006,1850033,41,seeker,no_objects,1,8,0,0
V7E006,1850033,41,hider,no_objects,1,100,0,0
V7E006,1850034,41,seeker,full,1,9,2,0
V7E006,1850034,41,hider,full,1,100,0,0
V7E006,1850034,41,seeker,no_block,1,9,0,0
V7E006,1850034,41,hider,no_block,1,100,0,0
V7E006,1850034,41,seeker,no_ramp,1,9,2,0
V7E006,1850034,41,hider,no_ramp,1,100,0,0
V7E006,1850034,41,seeker,no_objects,1,9,0,0
V7E006,1850034,41,hider,no_objects,1,100,0,0
V7E006,1850035,41,seeker,full,1,4,0,0
V7E006,1850035,41,hider,full,1,100,0,0
V7E006,1850035,41,seeker,no_block,1,4,0,0
V7E006,1850035,41,hider,no_block,1,100,0,0
V7E006,1850035,41,seeker,no_ramp,1,4,0,0
V7E006,1850035,41,hider,no_ramp,1,100,0,0
V7E006,1850035,41,seeker,no_objects,1,4,0,0
V7E006,1850035,41,hider,no_objects,1,100,0,0
V7E006,1850036,41,seeker,full,1,12,2,0
V7E006,1850036,41,hider,full,1,100,0,0
V7E006,1850036,41,seeker,no_block,1,12,0,0
V7E006,1850036,41,hider,no_block,1,100,0,0
V7E006,1850036,41,seeker,no_ramp,1,12,2,0
V7E006,1850036,41,hider,no_ramp,1,100,0,0
V7E006,1850036,41,seeker,no_objects,1,12,0,0
V7E006,1850036,41,hider,no_objects,1,100,0,0
V7E006,1850037,41,seeker,full,1,38,2,0
V7E006,1850037,41,hider,full,1,100,0,0
V7E006,1850037,41,seeker,no_block,1,38,0,0
V7E006,1850037,41,hider,no_block,1,100,0,0
V7E006,1850037,41,seeker,no_ramp,1,38,2,0
V7E006,1850037,41,hider,no_ramp,1,100,0,0
V7E006,1850037,41,seeker,no_objects,1,38,0,0
V7E006,1850037,41,hider,no_objects,1,100,0,0
V7E006,1850038,41,seeker,full,1,28,2,0
V7E006,1850038,41,hider,full,1,100,0,0
V7E006,1850038,41,seeker,no_block,1,28,0,0
V7E006,1850038,41,hider,no_block,1,100,0,0
V7E006,1850038,41,seeker,no_ramp,1,28,2,0
V7E006,1850038,41,hider,no_ramp,1,100,0,0
V7E006,1850038,41,seeker,no_objects,1,28,0,0
V7E006,1850038,41,hider,no_objects,1,100,0,0
V7E006,1850039,41,seeker,full,1,26,0,0
V7E006,1850039,41,hider,full,1,100,0,0
V7E006,1850039,41,seeker,no_block,1,26,0,0
V7E006,1850039,41,hider,no_block,1,100,0,0
V7E006,1850039,41,seeker,no_ramp,1,26,0,0
V7E006,1850039,41,hider,no_ramp,1,100,0,0
V7E006,1850039,41,seeker,no_objects,1,26,0,0
V7E006,1850039,41,hider,no_objects,1,100,0,0
V7E006,1850040,41,seeker,full,0,100,4,0
V7E006,1850040,41,hider,full,0,19,0,0
V7E006,1850040,41,seeker,no_block,1,18,0,0
V7E006,1850040,41,hider,no_block,1,100,0,0
V7E006,1850040,41,seeker,no_ramp,0,100,4,0
V7E006,1850040,41,hider,no_ramp,0,19,0,0
V7E006,1850040,41,seeker,no_objects,1,18,0,0
V7E006,1850040,41,hider,no_objects,1,100,0,0
V7E006,1850041,41,seeker,full,1,1,0,0
V7E006,1850041,41,hider,full,0,1,0,0
V7E006,1850041,41,seeker,no_block,1,1,0,0
V7E006,1850041,41,hider,no_block,0,1,0,0
V7E006,1850041,41,seeker,no_ramp,1,1,0,0
V7E006,1850041,41,hider,no_ramp,0,1,0,0
V7E006,1850041,41,seeker,no_objects,1,1,0,0
V7E006,1850041,41,hider,no_objects,0,1,0,0
V7E006,1850042,41,seeker,full,1,5,0,0
V7E006,1850042,41,hider,full,0,5,0,0
V7E006,1850042,41,seeker,no_block,1,5,0,0
V7E006,1850042,41,hider,no_block,0,5,0,0
V7E006,1850042,41,seeker,no_ramp,1,5,0,0
V7E006,1850042,41,hider,no_ramp,0,5,0,0
V7E006,1850042,41,seeker,no_objects,1,5,0,0
V7E006,1850042,41,hider,no_objects,0,5,0,0
V7E006,1850043,41,seeker,full,1,6,0,0
V7E006,1850043,41,hider,full,1,100,0,0
V7E006,1850043,41,seeker,no_block,1,6,0,0
V7E006,1850043,41,hider,no_block,1,100,0,0
V7E006,1850043,41,seeker,no_ramp,1,6,0,0
V7E006,1850043,41,hider,no_ramp,1,100,0,0
V7E006,1850043,41,seeker,no_objects,1,6,0,0
V7E006,1850043,41,hider,no_objects,1,100,0,0
V7E006,1850044,41,seeker,full,1,3,2,0
V7E006,1850044,41,hider,full,0,3,0,0
V7E006,1850044,41,seeker,no_block,1,3,0,0
V7E006,1850044,41,hider,no_block,0,3,0,0
V7E006,1850044,41,seeker,no_ramp,1,3,2,0
V7E006,1850044,41,hider,no_ramp,0,3,0,0
V7E006,1850044,41,seeker,no_objects,1,3,0,0
V7E006,1850044,41,hider,no_objects,0,3,0,0
V7E006,1850045,41,seeker,full,1,40,2,0
V7E006,1850045,41,hider,full,1,100,0,0
V7E006,1850045,41,seeker,no_block,1,40,0,0
V7E006,1850045,41,hider,no_block,1,100,0,0
V7E006,1850045,41,seeker,no_ramp,1,40,2,0
V7E006,1850045,41,hider,no_ramp,1,100,0,0
V7E006,1850045,41,seeker,no_objects,1,40,0,0
V7E006,1850045,41,hider,no_objects,1,100,0,0
V7E006,1850046,41,seeker,full,1,6,0,0
V7E006,1850046,41,hider,full,0,7,2,0
V7E006,1850046,41,seeker,no_block,1,6,0,0
V7E006,1850046,41,hider,no_block,0,12,0,0
V7E006,1850046,41,seeker,no_ramp,1,6,0,0
V7E006,1850046,41,hider,no_ramp,0,7,2,0
V7E006,1850046,41,seeker,no_objects,1,6,0,0
V7E006,1850046,41,hider,no_objects,0,12,0,0
V7E006,1850047,41,seeker,full,1,38,2,0
V7E006,1850047,41,hider,full,1,100,0,0
V7E006,1850047,41,seeker,no_block,1,38,0,0
V7E006,1850047,41,hider,no_block,1,100,0,0
V7E006,1850047,41,seeker,no_ramp,1,38,2,0
V7E006,1850047,41,hider,no_ramp,1,100,0,0
V7E006,1850047,41,seeker,no_objects,1,38,0,0
V7E006,1850047,41,hider,no_objects,1,100,0,0
V7E006,1850048,41,seeker,full,1,20,5,0
V7E006,1850048,41,hider,full,1,100,0,0
V7E006,1850048,41,seeker,no_block,1,20,0,0
V7E006,1850048,41,hider,no_block,1,100,0,0
V7E006,1850048,41,seeker,no_ramp,1,20,5,0
V7E006,1850048,41,hider,no_ramp,1,100,0,0
V7E006,1850048,41,seeker,no_objects,1,20,0,0
V7E006,1850048,41,hider,no_objects,1,100,0,0
V7E006,1850049,41,seeker,full,1,19,2,0
V7E006,1850049,41,hider,full,0,11,2,0
V7E006,1850049,41,seeker,no_block,1,19,0,0
V7E006,1850049,41,hider,no_block,0,9,0,0
V7E006,1850049,41,seeker,no_ramp,1,19,2,0
V7E006,1850049,41,hider,no_ramp,0,11,2,0
V7E006,1850049,41,seeker,no_objects,1,19,0,0
V7E006,1850049,41,hider,no_objects,0,9,0,0
V7E006,1850050,41,seeker,full,1,30,0,0
V7E006,1850050,41,hider,full,1,100,0,0
V7E006,1850050,41,seeker,no_block,1,30,0,0
V7E006,1850050,41,hider,no_block,1,100,0,0
V7E006,1850050,41,seeker,no_ramp,1,30,0,0
V7E006,1850050,41,hider,no_ramp,1,100,0,0
V7E006,1850050,41,seeker,no_objects,1,30,0,0
V7E006,1850050,41,hider,no_objects,1,100,0,0
V7E006,1850051,41,seeker,full,1,30,0,0
V7E006,1850051,41,hider,full,1,100,0,0
V7E006,1850051,41,seeker,no_block,1,30,0,0
V7E006,1850051,41,hider,no_block,1,100,0,0
V7E006,1850051,41,seeker,no_ramp,1,30,0,0
V7E006,1850051,41,hider,no_ramp,1,100,0,0
V7E006,1850051,41,seeker,no_objects,1,30,0,0
V7E006,1850051,41,hider,no_objects,1,100,0,0
V7E006,1850052,41,seeker,full,1,14,0,0
V7E006,1850052,41,hider,full,1,100,0,0
V7E006,1850052,41,seeker,no_block,1,14,0,0
V7E006,1850052,41,hider,no_block,1,100,0,0
V7E006,1850052,41,seeker,no_ramp,1,14,0,0
V7E006,1850052,41,hider,no_ramp,1,100,0,0
V7E006,1850052,41,seeker,no_objects,1,14,0,0
V7E006,1850052,41,hider,no_objects,1,100,0,0
V7E006,1850053,41,seeker,full,0,100,0,0
V7E006,1850053,41,hider,full,0,23,2,0
V7E006,1850053,41,seeker,no_block,1,25,0,0
V7E006,1850053,41,hider,no_block,0,9,0,0
V7E006,1850053,41,seeker,no_ramp,0,100,0,0
V7E006,1850053,41,hider,no_ramp,0,23,2,0
V7E006,1850053,41,seeker,no_objects,1,25,0,0
V7E006,1850053,41,hider,no_objects,0,9,0,0
V7E006,1850054,41,seeker,full,0,100,4,0
V7E006,1850054,41,hider,full,0,15,0,0
V7E006,1850054,41,seeker,no_block,1,15,0,0
V7E006,1850054,41,hider,no_block,0,15,0,0
V7E006,1850054,41,seeker,no_ramp,0,100,4,0
V7E006,1850054,41,hider,no_ramp,0,15,0,0
V7E006,1850054,41,seeker,no_objects,1,15,0,0
V7E006,1850054,41,hider,no_objects,0,15,0,0
V7E006,1850055,41,seeker,full,1,36,2,0
V7E006,1850055,41,hider,full,1,100,0,0
V7E006,1850055,41,seeker,no_block,1,36,0,0
V7E006,1850055,41,hider,no_block,1,100,0,0
V7E006,1850055,41,seeker,no_ramp,1,36,2,0
V7E006,1850055,41,hider,no_ramp,1,100,0,0
V7E006,1850055,41,seeker,no_objects,1,36,0,0
V7E006,1850055,41,hider,no_objects,1,100,0,0
V7E006,1850056,41,seeker,full,0,100,1,0
V7E006,1850056,41,hider,full,0,11,2,0
V7E006,1850056,41,seeker,no_block,1,14,0,0
V7E006,1850056,41,hider,no_block,0,8,0,0
V7E006,1850056,41,seeker,no_ramp,0,100,1,0
V7E006,1850056,41,hider,no_ramp,0,11,2,0
V7E006,1850056,41,seeker,no_objects,1,14,0,0
V7E006,1850056,41,hider,no_objects,0,8,0,0
V7E006,1850057,41,seeker,full,1,31,5,0
V7E006,1850057,41,hider,full,0,31,0,0
V7E006,1850057,41,seeker,no_block,1,31,0,0
V7E006,1850057,41,hider,no_block,0,31,0,0
V7E006,1850057,41,seeker,no_ramp,1,31,5,0
V7E006,1850057,41,hider,no_ramp,0,31,0,0
V7E006,1850057,41,seeker,no_objects,1,31,0,0
V7E006,1850057,41,hider,no_objects,0,31,0,0
V7E006,1850058,41,seeker,full,0,100,0,0
V7E006,1850058,41,hider,full,0,19,2,0
V7E006,1850058,41,seeker,no_block,1,21,0,0
V7E006,1850058,41,hider,no_block,0,14,0,0
V7E006,1850058,41,seeker,no_ramp,0,100,0,0
V7E006,1850058,41,hider,no_ramp,0,19,2,0
V7E006,1850058,41,seeker,no_objects,1,21,0,0
V7E006,1850058,41,hider,no_objects,0,14,0,0
V7E006,1850059,41,seeker,full,1,33,2,0
V7E006,1850059,41,hider,full,1,100,0,0
V7E006,1850059,41,seeker,no_block,1,33,0,0
V7E006,1850059,41,hider,no_block,1,100,0,0
V7E006,1850059,41,seeker,no_ramp,1,33,2,0
V7E006,1850059,41,hider,no_ramp,1,100,0,0
V7E006,1850059,41,seeker,no_objects,1,33,0,0
V7E006,1850059,41,hider,no_objects,1,100,0,0
V7E006,1850060,41,seeker,full,1,39,2,0
V7E006,1850060,41,hider,full,1,100,0,0
V7E006,1850060,41,seeker,no_block,1,39,0,0
V7E006,1850060,41,hider,no_block,1,100,0,0
V7E006,1850060,41,seeker,no_ramp,1,39,2,0
V7E006,1850060,41,hider,no_ramp,1,100,0,0
V7E006,1850060,41,seeker,no_objects,1,39,0,0
V7E006,1850060,41,hider,no_objects,1,100,0,0
V7E006,1850061,41,seeker,full,1,20,2,0
V7E006,1850061,41,hider,full,1,100,0,0
V7E006,1850061,41,seeker,no_block,1,20,0,0
V7E006,1850061,41,hider,no_block,1,100,0,0
V7E006,1850061,41,seeker,no_ramp,1,20,2,0
V7E006,1850061,41,hider,no_ramp,1,100,0,0
V7E006,1850061,41,seeker,no_objects,1,20,0,0
V7E006,1850061,41,hider,no_objects,1,100,0,0
V7E006,1850062,41,seeker,full,0,100,1,0
V7E006,1850062,41,hider,full,0,12,2,0
V7E006,1850062,41,seeker,no_block,1,15,0,0
V7E006,1850062,41,hider,no_block,0,8,0,0
V7E006,1850062,41,seeker,no_ramp,0,100,1,0
V7E006,1850062,41,hider,no_ramp,0,12,2,0
V7E006,1850062,41,seeker,no_objects,1,15,0,0
V7E006,1850062,41,hider,no_objects,0,8,0,0
V7E006,1850063,41,seeker,full,1,12,0,0
V7E006,1850063,41,hider,full,0,12,0,0
V7E006,1850063,41,seeker,no_block,1,12,0,0
V7E006,1850063,41,hider,no_block,0,12,0,0
V7E006,1850063,41,seeker,no_ramp,1,12,0,0
V7E006,1850063,41,hider,no_ramp,0,12,0,0
V7E006,1850063,41,seeker,no_objects,1,12,0,0
V7E006,1850063,41,hider,no_objects,0,12,0,0
V7E006,1850064,41,seeker,full,1,30,2,0
V7E006,1850064,41,hider,full,1,100,0,0
V7E006,1850064,41,seeker,no_block,1,30,0,0
V7E006,1850064,41,hider,no_block,1,100,0,0
V7E006,1850064,41,seeker,no_ramp,1,30,2,0
V7E006,1850064,41,hider,no_ramp,1,100,0,0
V7E006,1850064,41,seeker,no_objects,1,30,0,0
V7E006,1850064,41,hider,no_objects,1,100,0,0
V7E006,1850065,41,seeker,full,1,4,0,0
V7E006,1850065,41,hider,full,1,100,0,0
V7E006,1850065,41,seeker,no_block,1,4,0,0
V7E006,1850065,41,hider,no_block,1,100,0,0
V7E006,1850065,41,seeker,no_ramp,1,4,0,0
V7E006,1850065,41,hider,no_ramp,1,100,0,0
V7E006,1850065,41,seeker,no_objects,1,4,0,0
V7E006,1850065,41,hider,no_objects,1,100,0,0
V7E006,1850066,41,seeker,full,1,26,5,1
V7E006,1850066,41,hider,full,0,25,0,0
V7E006,1850066,41,seeker,no_block,1,26,0,1
V7E006,1850066,41,hider,no_block,0,25,0,0
V7E006,1850066,41,seeker,no_ramp,1,27,5,0
V7E006,1850066,41,hider,no_ramp,1,100,0,0
V7E006,1850066,41,seeker,no_objects,1,27,0,0
V7E006,1850066,41,hider,no_objects,1,100,0,0
V7E006,1850067,41,seeker,full,1,26,5,1
V7E006,1850067,41,hider,full,1,100,0,0
V7E006,1850067,41,seeker,no_block,1,26,0,1
V7E006,1850067,41,hider,no_block,1,100,0,0
V7E006,1850067,41,seeker,no_ramp,1,27,5,0
V7E006,1850067,41,hider,no_ramp,0,27,0,0
V7E006,1850067,41,seeker,no_objects,1,27,0,0
V7E006,1850067,41,hider,no_objects,0,27,0,0
V7E006,1850068,41,seeker,full,1,11,0,0
V7E006,1850068,41,hider,full,0,18,2,0
V7E006,1850068,41,seeker,no_block,1,11,0,0
V7E006,1850068,41,hider,no_block,0,25,0,0
V7E006,1850068,41,seeker,no_ramp,1,11,0,0
V7E006,1850068,41,hider,no_ramp,0,18,2,0
V7E006,1850068,41,seeker,no_objects,1,11,0,0
V7E006,1850068,41,hider,no_objects,0,25,0,0
V7E006,1850069,41,seeker,full,1,8,0,0
V7E006,1850069,41,hider,full,1,100,0,0
V7E006,1850069,41,seeker,no_block,1,8,0,0
V7E006,1850069,41,hider,no_block,1,100,0,0
V7E006,1850069,41,seeker,no_ramp,1,8,0,0
V7E006,1850069,41,hider,no_ramp,1,100,0,0
V7E006,1850069,41,seeker,no_objects,1,8,0,0
V7E006,1850069,41,hider,no_objects,1,100,0,0
V7E006,1850070,41,seeker,full,1,36,2,0
V7E006,1850070,41,hider,full,1,100,0,0
V7E006,1850070,41,seeker,no_block,1,36,0,0
V7E006,1850070,41,hider,no_block,1,100,0,0
V7E006,1850070,41,seeker,no_ramp,1,36,2,0
V7E006,1850070,41,hider,no_ramp,1,100,0,0
V7E006,1850070,41,seeker,no_objects,1,36,0,0
V7E006,1850070,41,hider,no_objects,1,100,0,0
V7E006,1850071,41,seeker,full,1,31,5,0
V7E006,1850071,41,hider,full,1,100,0,0
V7E006,1850071,41,seeker,no_block,1,31,0,0
V7E006,1850071,41,hider,no_block,1,100,0,0
V7E006,1850071,41,seeker,no_ramp,1,31,5,0
V7E006,1850071,41,hider,no_ramp,1,100,0,0
V7E006,1850071,41,seeker,no_objects,1,31,0,0
V7E006,1850071,41,hider,no_objects,1,100,0,0
V7E006,1850072,41,seeker,full,1,25,5,0
V7E006,1850072,41,hider,full,0,24,0,0
V7E006,1850072,41,seeker,no_block,1,25,0,0
V7E006,1850072,41,hider,no_block,0,24,0,0
V7E006,1850072,41,seeker,no_ramp,1,25,5,0
V7E006,1850072,41,hider,no_ramp,0,24,0,0
V7E006,1850072,41,seeker,no_objects,1,25,0,0
V7E006,1850072,41,hider,no_objects,0,24,0,0
V7E006,1850073,41,seeker,full,0,100,4,0
V7E006,1850073,41,hider,full,0,19,0,0
V7E006,1850073,41,seeker,no_block,1,19,0,0
V7E006,1850073,41,hider,no_block,0,19,0,0
V7E006,1850073,41,seeker,no_ramp,0,100,4,0
V7E006,1850073,41,hider,no_ramp,0,19,0,0
V7E006,1850073,41,seeker,no_objects,1,19,0,0
V7E006,1850073,41,hider,no_objects,0,19,0,0
V7E006,1850074,41,seeker,full,1,3,0,0
V7E006,1850074,41,hider,full,0,2,0,0
V7E006,1850074,41,seeker,no_block,1,3,0,0
V7E006,1850074,41,hider,no_block,0,2,0,0
V7E006,1850074,41,seeker,no_ramp,1,3,0,0
V7E006,1850074,41,hider,no_ramp,0,2,0,0
V7E006,1850074,41,seeker,no_objects,1,3,0,0
V7E006,1850074,41,hider,no_objects,0,2,0,0
V7E006,1850075,41,seeker,full,1,14,0,0
V7E006,1850075,41,hider,full,0,7,0,0
V7E006,1850075,41,seeker,no_block,1,14,0,0
V7E006,1850075,41,hider,no_block,0,7,0,0
V7E006,1850075,41,seeker,no_ramp,1,14,0,0
V7E006,1850075,41,hider,no_ramp,0,7,0,0
V7E006,1850075,41,seeker,no_objects,1,14,0,0
V7E006,1850075,41,hider,no_objects,0,7,0,0
V7E006,1850076,41,seeker,full,1,27,5,0
V7E006,1850076,41,hider,full,0,26,0,0
V7E006,1850076,41,seeker,no_block,1,27,0,0
V7E006,1850076,41,hider,no_block,0,26,0,0
V7E006,1850076,41,seeker,no_ramp,1,27,5,0
V7E006,1850076,41,hider,no_ramp,0,26,0,0
V7E006,1850076,41,seeker,no_objects,1,27,0,0
V7E006,1850076,41,hider,no_objects,0,26,0,0
V7E006,1850077,41,seeker,full,1,34,5,0
V7E006,1850077,41,hider,full,1,100,0,0
V7E006,1850077,41,seeker,no_block,1,34,0,0
V7E006,1850077,41,hider,no_block,1,100,0,0
V7E006,1850077,41,seeker,no_ramp,1,34,5,0
V7E006,1850077,41,hider,no_ramp,1,100,0,0
V7E006,1850077,41,seeker,no_objects,1,34,0,0
V7E006,1850077,41,hider,no_objects,1,100,0,0
V7E006,1850078,41,seeker,full,1,7,0,0
V7E006,1850078,41,hider,full,0,6,0,0
V7E006,1850078,41,seeker,no_block,1,7,0,0
V7E006,1850078,41,hider,no_block,0,6,0,0
V7E006,1850078,41,seeker,no_ramp,1,7,0,0
V7E006,1850078,41,hider,no_ramp,0,6,0,0
V7E006,1850078,41,seeker,no_objects,1,7,0,0
V7E006,1850078,41,hider,no_objects,0,6,0,0
V7E006,1850079,41,seeker,full,1,9,0,0
V7E006,1850079,41,hider,full,0,9,0,0
V7E006,1850079,41,seeker,no_block,1,9,0,0
V7E006,1850079,41,hider,no_block,0,9,0,0
V7E006,1850079,41,seeker,no_ramp,1,9,0,0
V7E006,1850079,41,hider,no_ramp,0,9,0,0
V7E006,1850079,41,seeker,no_objects,1,9,0,0
V7E006,1850079,41,hider,no_objects,0,9,0,0
V7E006,1850080,41,seeker,full,1,1,0,0
V7E006,1850080,41,hider,full,0,1,0,0
V7E006,1850080,41,seeker,no_block,1,1,0,0
V7E006,1850080,41,hider,no_block,0,1,0,0
V7E006,1850080,41,seeker,no_ramp,1,1,0,0
V7E006,1850080,41,hider,no_ramp,0,1,0,0
V7E006,1850080,41,seeker,no_objects,1,1,0,0
V7E006,1850080,41,hider,no_objects,0,1,0,0
V7E006,1850081,41,seeker,full,1,1,0,0
V7E006,1850081,41,hider,full,0,1,0,0
V7E006,1850081,41,seeker,no_block,1,1,0,0
V7E006,1850081,41,hider,no_block,0,1,0,0
V7E006,1850081,41,seeker,no_ramp,1,1,0,0
V7E006,1850081,41,hider,no_ramp,0,1,0,0
V7E006,1850081,41,seeker,no_objects,1,1,0,0
V7E006,1850081,41,hider,no_objects,0,1,0,0
V7E006,1850082,41,seeker,full,1,23,2,0
V7E006,1850082,41,hider,full,1,100,0,0
V7E006,1850082,41,seeker,no_block,1,23,0,0
V7E006,1850082,41,hider,no_block,1,100,0,0
V7E006,1850082,41,seeker,no_ramp,1,23,2,0
V7E006,1850082,41,hider,no_ramp,1,100,0,0
V7E006,1850082,41,seeker,no_objects,1,23,0,0
V7E006,1850082,41,hider,no_objects,1,100,0,0
V7E006,1850083,41,seeker,full,1,23,0,0
V7E006,1850083,41,hider,full,1,100,0,0
V7E006,1850083,41,seeker,no_block,1,23,0,0
V7E006,1850083,41,hider,no_block,1,100,0,0
V7E006,1850083,41,seeker,no_ramp,1,23,0,0
V7E006,1850083,41,hider,no_ramp,1,100,0,0
V7E006,1850083,41,seeker,no_objects,1,23,0,0
V7E006,1850083,41,hider,no_objects,1,100,0,0
V7E006,1850084,41,seeker,full,1,29,2,0
V7E006,1850084,41,hider,full,0,28,0,0
V7E006,1850084,41,seeker,no_block,1,29,0,0
V7E006,1850084,41,hider,no_block,0,28,0,0
V7E006,1850084,41,seeker,no_ramp,1,29,2,0
V7E006,1850084,41,hider,no_ramp,0,28,0,0
V7E006,1850084,41,seeker,no_objects,1,29,0,0
V7E006,1850084,41,hider,no_objects,0,28,0,0
V7E006,1850085,41,seeker,full,0,100,0,0
V7E006,1850085,41,hider,full,0,18,2,0
V7E006,1850085,41,seeker,no_block,1,20,0,0
V7E006,1850085,41,hider,no_block,1,100,0,0
V7E006,1850085,41,seeker,no_ramp,0,100,0,0
V7E006,1850085,41,hider,no_ramp,0,18,2,0
V7E006,1850085,41,seeker,no_objects,1,20,0,0
V7E006,1850085,41,hider,no_objects,1,100,0,0
V7E006,1850086,41,seeker,full,0,100,4,0
V7E006,1850086,41,hider,full,0,11,0,0
V7E006,1850086,41,seeker,no_block,1,11,0,0
V7E006,1850086,41,hider,no_block,0,11,0,0
V7E006,1850086,41,seeker,no_ramp,0,100,4,0
V7E006,1850086,41,hider,no_ramp,0,11,0,0
V7E006,1850086,41,seeker,no_objects,1,11,0,0
V7E006,1850086,41,hider,no_objects,0,11,0,0
V7E006,1850087,41,seeker,full,1,9,2,0
V7E006,1850087,41,hider,full,0,4,0,0
V7E006,1850087,41,seeker,no_block,1,9,0,0
V7E006,1850087,41,hider,no_block,0,4,0,0
V7E006,1850087,41,seeker,no_ramp,1,9,2,0
V7E006,1850087,41,hider,no_ramp,0,4,0,0
V7E006,1850087,41,seeker,no_objects,1,9,0,0
V7E006,1850087,41,hider,no_objects,0,4,0,0
V7E006,1850088,41,seeker,full,1,21,5,0
V7E006,1850088,41,hider,full,0,20,0,0
V7E006,1850088,41,seeker,no_block,1,21,0,0
V7E006,1850088,41,hider,no_block,0,20,0,0
V7E006,1850088,41,seeker,no_ramp,1,21,5,0
V7E006,1850088,41,hider,no_ramp,0,20,0,0
V7E006,1850088,41,seeker,no_objects,1,21,0,0
V7E006,1850088,41,hider,no_objects,0,20,0,0
V7E006,1850089,41,seeker,full,1,4,0,0
V7E006,1850089,41,hider,full,0,5,2,0
V7E006,1850089,41,seeker,no_block,1,4,0,0
V7E006,1850089,41,hider,no_block,0,10,0,0
V7E006,1850089,41,seeker,no_ramp,1,4,0,0
V7E006,1850089,41,hider,no_ramp,0,5,2,0
V7E006,1850089,41,seeker,no_objects,1,4,0,0
V7E006,1850089,41,hider,no_objects,0,10,0,0
V7E006,1850090,41,seeker,full,1,34,5,0
V7E006,1850090,41,hider,full,1,100,0,0
V7E006,1850090,41,seeker,no_block,1,34,0,0
V7E006,1850090,41,hider,no_block,1,100,0,0
V7E006,1850090,41,seeker,no_ramp,1,34,5,0
V7E006,1850090,41,hider,no_ramp,1,100,0,0
V7E006,1850090,41,seeker,no_objects,1,34,0,0
V7E006,1850090,41,hider,no_objects,1,100,0,0
V7E006,1850091,41,seeker,full,0,100,1,0
V7E006,1850091,41,hider,full,0,11,2,0
V7E006,1850091,41,seeker,no_block,1,14,0,0
V7E006,1850091,41,hider,no_block,0,8,0,0
V7E006,1850091,41,seeker,no_ramp,0,100,1,0
V7E006,1850091,41,hider,no_ramp,0,11,2,0
V7E006,1850091,41,seeker,no_objects,1,14,0,0
V7E006,1850091,41,hider,no_objects,0,8,0,0
V7E006,1850092,41,seeker,full,1,18,5,0
V7E006,1850092,41,hider,full,0,17,0,0
V7E006,1850092,41,seeker,no_block,1,18,0,0
V7E006,1850092,41,hider,no_block,0,17,0,0
V7E006,1850092,41,seeker,no_ramp,1,18,5,0
V7E006,1850092,41,hider,no_ramp,0,31,0,0
V7E006,1850092,41,seeker,no_objects,1,18,0,0
V7E006,1850092,41,hider,no_objects,0,17,0,0
V7E006,1850093,41,seeker,full,1,2,0,0
V7E006,1850093,41,hider,full,0,2,0,0
V7E006,1850093,41,seeker,no_block,1,2,0,0
V7E006,1850093,41,hider,no_block,0,2,0,0
V7E006,1850093,41,seeker,no_ramp,1,2,0,0
V7E006,1850093,41,hider,no_ramp,0,2,0,0
V7E006,1850093,41,seeker,no_objects,1,2,0,0
V7E006,1850093,41,hider,no_objects,0,2,0,0
V7E006,1850094,41,seeker,full,1,12,2,0
V7E006,1850094,41,hider,full,1,100,0,0
V7E006,1850094,41,seeker,no_block,1,12,0,0
V7E006,1850094,41,hider,no_block,1,100,0,0
V7E006,1850094,41,seeker,no_ramp,1,12,2,0
V7E006,1850094,41,hider,no_ramp,1,100,0,0
V7E006,1850094,41,seeker,no_objects,1,12,0,0
V7E006,1850094,41,hider,no_objects,1,100,0,0
V7E006,1850095,41,seeker,full,1,25,2,0
V7E006,1850095,41,hider,full,1,100,0,0
V7E006,1850095,41,seeker,no_block,1,25,0,0
V7E006,1850095,41,hider,no_block,1,100,0,0
V7E006,1850095,41,seeker,no_ramp,1,25,2,0
V7E006,1850095,41,hider,no_ramp,1,100,0,0
V7E006,1850095,41,seeker,no_objects,1,25,0,0
V7E006,1850095,41,hider,no_objects,1,100,0,0
V7E006,1850096,41,seeker,full,1,10,0,0
V7E006,1850096,41,hider,full,1,100,0,0
V7E006,1850096,41,seeker,no_block,1,10,0,0
V7E006,1850096,41,hider,no_block,1,100,0,0
V7E006,1850096,41,seeker,no_ramp,1,10,0,0
V7E006,1850096,41,hider,no_ramp,1,100,0,0
V7E006,1850096,41,seeker,no_objects,1,10,0,0
V7E006,1850096,41,hider,no_objects,1,100,0,0
V7E006,1850097,41,seeker,full,0,100,4,0
V7E006,1850097,41,hider,full,0,11,0,0
V7E006,1850097,41,seeker,no_block,1,11,0,0
V7E006,1850097,41,hider,no_block,0,11,0,0
V7E006,1850097,41,seeker,no_ramp,0,100,4,0
V7E006,1850097,41,hider,no_ramp,0,11,0,0
V7E006,1850097,41,seeker,no_objects,1,11,0,0
V7E006,1850097,41,hider,no_objects,0,11,0,0
V7E006,1850098,41,seeker,full,1,23,2,0
V7E006,1850098,41,hider,full,1,100,0,0
V7E006,1850098,41,seeker,no_block,1,23,0,0
V7E006,1850098,41,hider,no_block,1,100,0,0
V7E006,1850098,41,seeker,no_ramp,1,23,2,0
V7E006,1850098,41,hider,no_ramp,1,100,0,0
V7E006,1850098,41,seeker,no_objects,1,23,0,0
V7E006,1850098,41,hider,no_objects,1,100,0,0
V7E006,1850099,41,seeker,full,1,26,2,0
V7E006,1850099,41,hider,full,1,100,0,0
V7E006,1850099,41,seeker,no_block,1,26,0,0
V7E006,1850099,41,hider,no_block,1,100,0,0
V7E006,1850099,41,seeker,no_ramp,1,26,2,0
V7E006,1850099,41,hider,no_ramp,1,100,0,0
V7E006,1850099,41,seeker,no_objects,1,26,0,0
V7E006,1850099,41,hider,no_objects,1,100,0,0
V7E007,1860000,41,seeker,full,1,44,2,0
V7E007,1860000,41,hider,full,1,100,0,0
V7E007,1860000,41,seeker,no_block,1,44,0,0
V7E007,1860000,41,hider,no_block,1,100,0,0
V7E007,1860000,41,seeker,no_ramp,1,44,2,0
V7E007,1860000,41,hider,no_ramp,1,100,0,0
V7E007,1860000,41,seeker,no_objects,1,44,0,0
V7E007,1860000,41,hider,no_objects,1,100,0,0
V7E007,1860001,41,seeker,full,1,47,2,0
V7E007,1860001,41,hider,full,1,100,0,0
V7E007,1860001,41,seeker,no_block,1,47,0,0
V7E007,1860001,41,hider,no_block,1,100,0,0
V7E007,1860001,41,seeker,no_ramp,1,47,2,0
V7E007,1860001,41,hider,no_ramp,1,100,0,0
V7E007,1860001,41,seeker,no_objects,1,47,0,0
V7E007,1860001,41,hider,no_objects,1,100,0,0
V7E007,1860002,41,seeker,full,1,8,0,0
V7E007,1860002,41,hider,full,1,100,0,0
V7E007,1860002,41,seeker,no_block,1,8,0,0
V7E007,1860002,41,hider,no_block,1,100,0,0
V7E007,1860002,41,seeker,no_ramp,1,8,0,0
V7E007,1860002,41,hider,no_ramp,1,100,0,0
V7E007,1860002,41,seeker,no_objects,1,8,0,0
V7E007,1860002,41,hider,no_objects,1,100,0,0
V7E007,1860003,41,seeker,full,1,13,0,1
V7E007,1860003,41,hider,full,0,11,2,0
V7E007,1860003,41,seeker,no_block,1,12,0,1
V7E007,1860003,41,hider,no_block,0,11,0,0
V7E007,1860003,41,seeker,no_ramp,1,26,0,0
V7E007,1860003,41,hider,no_ramp,0,27,2,0
V7E007,1860003,41,seeker,no_objects,1,27,0,0
V7E007,1860003,41,hider,no_objects,0,27,0,0
V7E007,1860004,41,seeker,full,1,1,0,0
V7E007,1860004,41,hider,full,0,1,0,0
V7E007,1860004,41,seeker,no_block,1,1,0,0
V7E007,1860004,41,hider,no_block,0,1,0,0
V7E007,1860004,41,seeker,no_ramp,1,1,0,0
V7E007,1860004,41,hider,no_ramp,0,1,0,0
V7E007,1860004,41,seeker,no_objects,1,1,0,0
V7E007,1860004,41,hider,no_objects,0,1,0,0
V7E007,1860005,41,seeker,full,1,2,0,0
V7E007,1860005,41,hider,full,0,2,0,0
V7E007,1860005,41,seeker,no_block,1,2,0,0
V7E007,1860005,41,hider,no_block,0,2,0,0
V7E007,1860005,41,seeker,no_ramp,1,2,0,0
V7E007,1860005,41,hider,no_ramp,0,2,0,0
V7E007,1860005,41,seeker,no_objects,1,2,0,0
V7E007,1860005,41,hider,no_objects,0,2,0,0
V7E007,1860006,41,seeker,full,1,43,5,1
V7E007,1860006,41,hider,full,1,100,0,0
V7E007,1860006,41,seeker,no_block,1,45,0,1
V7E007,1860006,41,hider,no_block,1,100,0,0
V7E007,1860006,41,seeker,no_ramp,1,44,2,0
V7E007,1860006,41,hider,no_ramp,1,100,0,0
V7E007,1860006,41,seeker,no_objects,1,44,0,0
V7E007,1860006,41,hider,no_objects,1,100,0,0
V7E007,1860007,41,seeker,full,1,12,2,1
V7E007,1860007,41,hider,full,0,7,2,0
V7E007,1860007,41,seeker,no_block,1,12,0,1
V7E007,1860007,41,hider,no_block,0,7,0,0
V7E007,1860007,41,seeker,no_ramp,1,19,0,0
V7E007,1860007,41,hider,no_ramp,0,23,2,0
V7E007,1860007,41,seeker,no_objects,1,19,0,0
V7E007,1860007,41,hider,no_objects,1,100,0,0
V7E007,1860008,41,seeker,full,0,100,0,0
V7E007,1860008,41,hider,full,1,100,1,0
V7E007,1860008,41,seeker,no_block,1,3,0,0
V7E007,1860008,41,hider,no_block,0,3,0,0
V7E007,1860008,41,seeker,no_ramp,0,100,0,0
V7E007,1860008,41,hider,no_ramp,1,100,1,0
V7E007,1860008,41,seeker,no_objects,1,3,0,0
V7E007,1860008,41,hider,no_objects,0,3,0,0
V7E007,1860009,41,seeker,full,1,9,0,0
V7E007,1860009,41,hider,full,1,100,0,0
V7E007,1860009,41,seeker,no_block,1,9,0,0
V7E007,1860009,41,hider,no_block,1,100,0,0
V7E007,1860009,41,seeker,no_ramp,1,9,0,0
V7E007,1860009,41,hider,no_ramp,1,100,0,0
V7E007,1860009,41,seeker,no_objects,1,9,0,0
V7E007,1860009,41,hider,no_objects,1,100,0,0
V7E007,1860010,41,seeker,full,1,29,2,0
V7E007,1860010,41,hider,full,1,100,0,0
V7E007,1860010,41,seeker,no_block,1,29,0,0
V7E007,1860010,41,hider,no_block,1,100,0,0
V7E007,1860010,41,seeker,no_ramp,1,29,2,0
V7E007,1860010,41,hider,no_ramp,1,100,0,0
V7E007,1860010,41,seeker,no_objects,1,29,0,0
V7E007,1860010,41,hider,no_objects,1,100,0,0
V7E007,1860011,41,seeker,full,1,7,0,1
V7E007,1860011,41,hider,full,0,6,2,0
V7E007,1860011,41,seeker,no_block,1,6,0,1
V7E007,1860011,41,hider,no_block,0,6,0,0
V7E007,1860011,41,seeker,no_ramp,1,20,0,0
V7E007,1860011,41,hider,no_ramp,0,21,2,0
V7E007,1860011,41,seeker,no_objects,1,21,0,0
V7E007,1860011,41,hider,no_objects,1,100,0,0
V7E007,1860012,41,seeker,full,1,1,0,0
V7E007,1860012,41,hider,full,0,1,0,0
V7E007,1860012,41,seeker,no_block,1,1,0,0
V7E007,1860012,41,hider,no_block,0,1,0,0
V7E007,1860012,41,seeker,no_ramp,1,1,0,0
V7E007,1860012,41,hider,no_ramp,0,1,0,0
V7E007,1860012,41,seeker,no_objects,1,1,0,0
V7E007,1860012,41,hider,no_objects,0,1,0,0
V7E007,1860013,41,seeker,full,1,7,0,1
V7E007,1860013,41,hider,full,0,6,0,0
V7E007,1860013,41,seeker,no_block,1,7,0,1
V7E007,1860013,41,hider,no_block,0,6,0,0
V7E007,1860013,41,seeker,no_ramp,0,100,1,0
V7E007,1860013,41,hider,no_ramp,0,23,0,0
V7E007,1860013,41,seeker,no_objects,1,22,0,0
V7E007,1860013,41,hider,no_objects,1,100,0,0
V7E007,1860014,41,seeker,full,1,3,0,0
V7E007,1860014,41,hider,full,0,3,0,0
V7E007,1860014,41,seeker,no_block,1,3,0,0
V7E007,1860014,41,hider,no_block,0,4,0,0
V7E007,1860014,41,seeker,no_ramp,1,3,0,0
V7E007,1860014,41,hider,no_ramp,0,4,0,0
V7E007,1860014,41,seeker,no_objects,1,3,0,0
V7E007,1860014,41,hider,no_objects,0,4,0,0
V7E007,1860015,41,seeker,full,1,51,5,1
V7E007,1860015,41,hider,full,1,100,0,0
V7E007,1860015,41,seeker,no_block,1,51,0,1
V7E007,1860015,41,hider,no_block,1,100,0,0
V7E007,1860015,41,seeker,no_ramp,1,46,2,0
V7E007,1860015,41,hider,no_ramp,1,100,0,0
V7E007,1860015,41,seeker,no_objects,1,46,0,0
V7E007,1860015,41,hider,no_objects,1,100,0,0
V7E007,1860016,41,seeker,full,1,5,0,0
V7E007,1860016,41,hider,full,1,100,0,0
V7E007,1860016,41,seeker,no_block,1,5,0,0
V7E007,1860016,41,hider,no_block,1,100,0,0
V7E007,1860016,41,seeker,no_ramp,1,5,0,0
V7E007,1860016,41,hider,no_ramp,1,100,0,0
V7E007,1860016,41,seeker,no_objects,1,5,0,0
V7E007,1860016,41,hider,no_objects,1,100,0,0
V7E007,1860017,41,seeker,full,1,2,0,0
V7E007,1860017,41,hider,full,0,2,0,0
V7E007,1860017,41,seeker,no_block,1,2,0,0
V7E007,1860017,41,hider,no_block,0,2,0,0
V7E007,1860017,41,seeker,no_ramp,1,2,0,0
V7E007,1860017,41,hider,no_ramp,0,2,0,0
V7E007,1860017,41,seeker,no_objects,1,2,0,0
V7E007,1860017,41,hider,no_objects,0,2,0,0
V7E007,1860018,41,seeker,full,1,28,2,0
V7E007,1860018,41,hider,full,1,100,0,0
V7E007,1860018,41,seeker,no_block,1,28,0,0
V7E007,1860018,41,hider,no_block,1,100,0,0
V7E007,1860018,41,seeker,no_ramp,1,28,2,0
V7E007,1860018,41,hider,no_ramp,1,100,0,0
V7E007,1860018,41,seeker,no_objects,1,28,0,0
V7E007,1860018,41,hider,no_objects,1,100,0,0
V7E007,1860019,41,seeker,full,1,28,2,0
V7E007,1860019,41,hider,full,1,100,0,0
V7E007,1860019,41,seeker,no_block,1,28,0,0
V7E007,1860019,41,hider,no_block,1,100,0,0
V7E007,1860019,41,seeker,no_ramp,1,28,2,0
V7E007,1860019,41,hider,no_ramp,1,100,0,0
V7E007,1860019,41,seeker,no_objects,1,28,0,0
V7E007,1860019,41,hider,no_objects,1,100,0,0
V7E007,1860020,41,seeker,full,1,1,0,0
V7E007,1860020,41,hider,full,0,1,0,0
V7E007,1860020,41,seeker,no_block,1,1,0,0
V7E007,1860020,41,hider,no_block,0,1,0,0
V7E007,1860020,41,seeker,no_ramp,1,1,0,0
V7E007,1860020,41,hider,no_ramp,0,1,0,0
V7E007,1860020,41,seeker,no_objects,1,1,0,0
V7E007,1860020,41,hider,no_objects,0,1,0,0
V7E007,1860021,41,seeker,full,1,42,5,1
V7E007,1860021,41,hider,full,1,100,0,0
V7E007,1860021,41,seeker,no_block,1,44,0,1
V7E007,1860021,41,hider,no_block,1,100,0,0
V7E007,1860021,41,seeker,no_ramp,1,9,0,0
V7E007,1860021,41,hider,no_ramp,1,100,0,0
V7E007,1860021,41,seeker,no_objects,1,9,0,0
V7E007,1860021,41,hider,no_objects,1,100,0,0
V7E007,1860022,41,seeker,full,1,44,5,1
V7E007,1860022,41,hider,full,1,100,0,0
V7E007,1860022,41,seeker,no_block,1,46,0,1
V7E007,1860022,41,hider,no_block,1,100,0,0
V7E007,1860022,41,seeker,no_ramp,1,45,2,0
V7E007,1860022,41,hider,no_ramp,1,100,0,0
V7E007,1860022,41,seeker,no_objects,1,45,0,0
V7E007,1860022,41,hider,no_objects,1,100,0,0
V7E007,1860023,41,seeker,full,1,3,0,0
V7E007,1860023,41,hider,full,0,3,0,0
V7E007,1860023,41,seeker,no_block,1,3,0,0
V7E007,1860023,41,hider,no_block,0,3,0,0
V7E007,1860023,41,seeker,no_ramp,1,3,0,0
V7E007,1860023,41,hider,no_ramp,0,3,0,0
V7E007,1860023,41,seeker,no_objects,1,3,0,0
V7E007,1860023,41,hider,no_objects,0,3,0,0
V7E007,1860024,41,seeker,full,0,100,0,0
V7E007,1860024,41,hider,full,1,100,1,0
V7E007,1860024,41,seeker,no_block,1,3,0,0
V7E007,1860024,41,hider,no_block,0,3,0,0
V7E007,1860024,41,seeker,no_ramp,0,100,0,0
V7E007,1860024,41,hider,no_ramp,1,100,1,0
V7E007,1860024,41,seeker,no_objects,1,3,0,0
V7E007,1860024,41,hider,no_objects,0,3,0,0
V7E007,1860025,41,seeker,full,1,32,5,0
V7E007,1860025,41,hider,full,1,100,0,0
V7E007,1860025,41,seeker,no_block,1,34,0,0
V7E007,1860025,41,hider,no_block,1,100,0,0
V7E007,1860025,41,seeker,no_ramp,1,32,5,0
V7E007,1860025,41,hider,no_ramp,1,100,0,0
V7E007,1860025,41,seeker,no_objects,1,34,0,0
V7E007,1860025,41,hider,no_objects,1,100,0,0
V7E007,1860026,41,seeker,full,1,1,0,0
V7E007,1860026,41,hider,full,0,1,0,0
V7E007,1860026,41,seeker,no_block,1,1,0,0
V7E007,1860026,41,hider,no_block,0,1,0,0
V7E007,1860026,41,seeker,no_ramp,1,1,0,0
V7E007,1860026,41,hider,no_ramp,0,1,0,0
V7E007,1860026,41,seeker,no_objects,1,1,0,0
V7E007,1860026,41,hider,no_objects,0,1,0,0
V7E007,1860027,41,seeker,full,1,1,0,0
V7E007,1860027,41,hider,full,0,1,0,0
V7E007,1860027,41,seeker,no_block,1,1,0,0
V7E007,1860027,41,hider,no_block,0,1,0,0
V7E007,1860027,41,seeker,no_ramp,1,1,0,0
V7E007,1860027,41,hider,no_ramp,0,1,0,0
V7E007,1860027,41,seeker,no_objects,1,1,0,0
V7E007,1860027,41,hider,no_objects,0,1,0,0
V7E007,1860028,41,seeker,full,1,12,2,1
V7E007,1860028,41,hider,full,0,8,2,0
V7E007,1860028,41,seeker,no_block,1,12,0,1
V7E007,1860028,41,hider,no_block,0,8,0,0
V7E007,1860028,41,seeker,no_ramp,1,19,0,0
V7E007,1860028,41,hider,no_ramp,0,23,2,0
V7E007,1860028,41,seeker,no_objects,1,19,0,0
V7E007,1860028,41,hider,no_objects,0,23,0,0
V7E007,1860029,41,seeker,full,1,54,5,1
V7E007,1860029,41,hider,full,1,100,0,0
V7E007,1860029,41,seeker,no_block,1,54,0,1
V7E007,1860029,41,hider,no_block,1,100,0,0
V7E007,1860029,41,seeker,no_ramp,1,45,2,0
V7E007,1860029,41,hider,no_ramp,1,100,0,0
V7E007,1860029,41,seeker,no_objects,1,45,0,0
V7E007,1860029,41,hider,no_objects,1,100,0,0
V7E007,1860030,41,seeker,full,1,4,0,0
V7E007,1860030,41,hider,full,1,100,0,0
V7E007,1860030,41,seeker,no_block,1,4,0,0
V7E007,1860030,41,hider,no_block,1,100,0,0
V7E007,1860030,41,seeker,no_ramp,1,4,0,0
V7E007,1860030,41,hider,no_ramp,1,100,0,0
V7E007,1860030,41,seeker,no_objects,1,4,0,0
V7E007,1860030,41,hider,no_objects,1,100,0,0
V7E007,1860031,41,seeker,full,1,27,2,0
V7E007,1860031,41,hider,full,1,100,0,0
V7E007,1860031,41,seeker,no_block,1,27,0,0
V7E007,1860031,41,hider,no_block,1,100,0,0
V7E007,1860031,41,seeker,no_ramp,1,27,2,0
V7E007,1860031,41,hider,no_ramp,1,100,0,0
V7E007,1860031,41,seeker,no_objects,1,27,0,0
V7E007,1860031,41,hider,no_objects,1,100,0,0
V7E007,1860032,41,seeker,full,1,7,0,0
V7E007,1860032,41,hider,full,1,100,0,0
V7E007,1860032,41,seeker,no_block,1,7,0,0
V7E007,1860032,41,hider,no_block,1,100,0,0
V7E007,1860032,41,seeker,no_ramp,1,7,0,0
V7E007,1860032,41,hider,no_ramp,1,100,0,0
V7E007,1860032,41,seeker,no_objects,1,7,0,0
V7E007,1860032,41,hider,no_objects,1,100,0,0
V7E007,1860033,41,seeker,full,1,7,0,0
V7E007,1860033,41,hider,full,1,100,0,0
V7E007,1860033,41,seeker,no_block,1,7,0,0
V7E007,1860033,41,hider,no_block,1,100,0,0
V7E007,1860033,41,seeker,no_ramp,1,7,0,0
V7E007,1860033,41,hider,no_ramp,1,100,0,0
V7E007,1860033,41,seeker,no_objects,1,7,0,0
V7E007,1860033,41,hider,no_objects,1,100,0,0
V7E007,1860034,41,seeker,full,1,9,0,1
V7E007,1860034,41,hider,full,0,9,0,0
V7E007,1860034,41,seeker,no_block,1,9,0,1
V7E007,1860034,41,hider,no_block,0,9,0,0
V7E007,1860034,41,seeker,no_ramp,1,26,2,0
V7E007,1860034,41,hider,no_ramp,0,25,0,0
V7E007,1860034,41,seeker,no_objects,1,26,0,0
V7E007,1860034,41,hider,no_objects,0,25,0,0
V7E007,1860035,41,seeker,full,1,5,0,0
V7E007,1860035,41,hider,full,1,100,0,0
V7E007,1860035,41,seeker,no_block,1,5,0,0
V7E007,1860035,41,hider,no_block,1,100,0,0
V7E007,1860035,41,seeker,no_ramp,1,5,0,0
V7E007,1860035,41,hider,no_ramp,1,100,0,0
V7E007,1860035,41,seeker,no_objects,1,5,0,0
V7E007,1860035,41,hider,no_objects,1,100,0,0
V7E007,1860036,41,seeker,full,1,13,4,1
V7E007,1860036,41,hider,full,0,4,0,0
V7E007,1860036,41,seeker,no_block,1,13,0,1
V7E007,1860036,41,hider,no_block,0,4,0,0
V7E007,1860036,41,seeker,no_ramp,1,12,0,0
V7E007,1860036,41,hider,no_ramp,0,4,0,0
V7E007,1860036,41,seeker,no_objects,1,12,0,0
V7E007,1860036,41,hider,no_objects,0,4,0,0
V7E007,1860037,41,seeker,full,1,11,0,0
V7E007,1860037,41,hider,full,1,100,0,0
V7E007,1860037,41,seeker,no_block,1,11,0,0
V7E007,1860037,41,hider,no_block,1,100,0,0
V7E007,1860037,41,seeker,no_ramp,1,11,0,0
V7E007,1860037,41,hider,no_ramp,1,100,0,0
V7E007,1860037,41,seeker,no_objects,1,11,0,0
V7E007,1860037,41,hider,no_objects,0,6,0,0
V7E007,1860038,41,seeker,full,1,9,0,0
V7E007,1860038,41,hider,full,1,100,0,0
V7E007,1860038,41,seeker,no_block,1,9,0,0
V7E007,1860038,41,hider,no_block,1,100,0,0
V7E007,1860038,41,seeker,no_ramp,1,9,0,0
V7E007,1860038,41,hider,no_ramp,1,100,0,0
V7E007,1860038,41,seeker,no_objects,1,9,0,0
V7E007,1860038,41,hider,no_objects,1,100,0,0
V7E007,1860039,41,seeker,full,1,2,0,0
V7E007,1860039,41,hider,full,0,2,0,0
V7E007,1860039,41,seeker,no_block,1,2,0,0
V7E007,1860039,41,hider,no_block,0,2,0,0
V7E007,1860039,41,seeker,no_ramp,1,2,0,0
V7E007,1860039,41,hider,no_ramp,0,2,0,0
V7E007,1860039,41,seeker,no_objects,1,2,0,0
V7E007,1860039,41,hider,no_objects,0,2,0,0
V7E007,1860040,41,seeker,full,1,2,0,1
V7E007,1860040,41,hider,full,0,1,0,0
V7E007,1860040,41,seeker,no_block,1,2,0,1
V7E007,1860040,41,hider,no_block,0,1,0,0
V7E007,1860040,41,seeker,no_ramp,0,100,1,0
V7E007,1860040,41,hider,no_ramp,0,15,0,0
V7E007,1860040,41,seeker,no_objects,1,15,0,0
V7E007,1860040,41,hider,no_objects,0,15,0,0
V7E007,1860041,41,seeker,full,1,8,0,0
V7E007,1860041,41,hider,full,1,100,0,0
V7E007,1860041,41,seeker,no_block,1,8,0,0
V7E007,1860041,41,hider,no_block,1,100,0,0
V7E007,1860041,41,seeker,no_ramp,1,8,0,0
V7E007,1860041,41,hider,no_ramp,1,100,0,0
V7E007,1860041,41,seeker,no_objects,1,8,0,0
V7E007,1860041,41,hider,no_objects,1,100,0,0
V7E007,1860042,41,seeker,full,1,3,0,0
V7E007,1860042,41,hider,full,0,2,0,0
V7E007,1860042,41,seeker,no_block,1,3,0,0
V7E007,1860042,41,hider,no_block,0,2,0,0
V7E007,1860042,41,seeker,no_ramp,1,3,0,0
V7E007,1860042,41,hider,no_ramp,0,2,0,0
V7E007,1860042,41,seeker,no_objects,1,3,0,0
V7E007,1860042,41,hider,no_objects,0,2,0,0
V7E007,1860043,41,seeker,full,1,8,0,0
V7E007,1860043,41,hider,full,1,100,0,0
V7E007,1860043,41,seeker,no_block,1,8,0,0
V7E007,1860043,41,hider,no_block,1,100,0,0
V7E007,1860043,41,seeker,no_ramp,1,8,0,0
V7E007,1860043,41,hider,no_ramp,1,100,0,0
V7E007,1860043,41,seeker,no_objects,1,8,0,0
V7E007,1860043,41,hider,no_objects,1,100,0,0
V7E007,1860044,41,seeker,full,1,8,4,0
V7E007,1860044,41,hider,full,1,100,0,0
V7E007,1860044,41,seeker,no_block,1,8,0,0
V7E007,1860044,41,hider,no_block,1,100,0,0
V7E007,1860044,41,seeker,no_ramp,1,8,4,0
V7E007,1860044,41,hider,no_ramp,1,100,0,0
V7E007,1860044,41,seeker,no_objects,1,8,0,0
V7E007,1860044,41,hider,no_objects,1,100,0,0
V7E007,1860045,41,seeker,full,1,8,0,0
V7E007,1860045,41,hider,full,1,100,0,0
V7E007,1860045,41,seeker,no_block,1,8,0,0
V7E007,1860045,41,hider,no_block,1,100,0,0
V7E007,1860045,41,seeker,no_ramp,1,8,0,0
V7E007,1860045,41,hider,no_ramp,1,100,0,0
V7E007,1860045,41,seeker,no_objects,1,8,0,0
V7E007,1860045,41,hider,no_objects,1,100,0,0
V7E007,1860046,41,seeker,full,1,8,0,0
V7E007,1860046,41,hider,full,1,100,0,0
V7E007,1860046,41,seeker,no_block,1,8,0,0
V7E007,1860046,41,hider,no_block,1,100,0,0
V7E007,1860046,41,seeker,no_ramp,1,8,0,0
V7E007,1860046,41,hider,no_ramp,1,100,0,0
V7E007,1860046,41,seeker,no_objects,1,8,0,0
V7E007,1860046,41,hider,no_objects,1,100,0,0
V7E007,1860047,41,seeker,full,1,2,0,0
V7E007,1860047,41,hider,full,0,2,0,0
V7E007,1860047,41,seeker,no_block,1,2,0,0
V7E007,1860047,41,hider,no_block,0,2,0,0
V7E007,1860047,41,seeker,no_ramp,1,2,0,0
V7E007,1860047,41,hider,no_ramp,0,2,0,0
V7E007,1860047,41,seeker,no_objects,1,2,0,0
V7E007,1860047,41,hider,no_objects,0,2,0,0
V7E007,1860048,41,seeker,full,1,1,0,0
V7E007,1860048,41,hider,full,0,1,0,0
V7E007,1860048,41,seeker,no_block,1,1,0,0
V7E007,1860048,41,hider,no_block,0,1,0,0
V7E007,1860048,41,seeker,no_ramp,1,1,0,0
V7E007,1860048,41,hider,no_ramp,0,1,0,0
V7E007,1860048,41,seeker,no_objects,1,1,0,0
V7E007,1860048,41,hider,no_objects,0,1,0,0
V7E007,1860049,41,seeker,full,1,21,4,1
V7E007,1860049,41,hider,full,0,8,0,0
V7E007,1860049,41,seeker,no_block,1,21,0,1
V7E007,1860049,41,hider,no_block,0,8,0,0
V7E007,1860049,41,seeker,no_ramp,1,20,0,0
V7E007,1860049,41,hider,no_ramp,0,8,0,0
V7E007,1860049,41,seeker,no_objects,1,20,0,0
V7E007,1860049,41,hider,no_objects,0,8,0,0
V7E007,1860050,41,seeker,full,1,51,5,1
V7E007,1860050,41,hider,full,1,100,0,0
V7E007,1860050,41,seeker,no_block,1,51,0,1
V7E007,1860050,41,hider,no_block,1,100,0,0
V7E007,1860050,41,seeker,no_ramp,1,46,2,0
V7E007,1860050,41,hider,no_ramp,1,100,0,0
V7E007,1860050,41,seeker,no_objects,1,46,0,0
V7E007,1860050,41,hider,no_objects,1,100,0,0
V7E007,1860051,41,seeker,full,1,46,2,0
V7E007,1860051,41,hider,full,1,100,0,0
V7E007,1860051,41,seeker,no_block,1,46,0,0
V7E007,1860051,41,hider,no_block,1,100,0,0
V7E007,1860051,41,seeker,no_ramp,1,46,2,0
V7E007,1860051,41,hider,no_ramp,1,100,0,0
V7E007,1860051,41,seeker,no_objects,1,46,0,0
V7E007,1860051,41,hider,no_objects,1,100,0,0
V7E007,1860052,41,seeker,full,1,1,0,0
V7E007,1860052,41,hider,full,0,1,0,0
V7E007,1860052,41,seeker,no_block,1,1,0,0
V7E007,1860052,41,hider,no_block,0,1,0,0
V7E007,1860052,41,seeker,no_ramp,1,1,0,0
V7E007,1860052,41,hider,no_ramp,0,1,0,0
V7E007,1860052,41,seeker,no_objects,1,1,0,0
V7E007,1860052,41,hider,no_objects,0,1,0,0
V7E007,1860053,41,seeker,full,1,45,2,0
V7E007,1860053,41,hider,full,1,100,0,0
V7E007,1860053,41,seeker,no_block,1,45,0,0
V7E007,1860053,41,hider,no_block,1,100,0,0
V7E007,1860053,41,seeker,no_ramp,1,45,2,0
V7E007,1860053,41,hider,no_ramp,1,100,0,0
V7E007,1860053,41,seeker,no_objects,1,45,0,0
V7E007,1860053,41,hider,no_objects,1,100,0,0
V7E007,1860054,41,seeker,full,1,12,0,1
V7E007,1860054,41,hider,full,0,12,0,0
V7E007,1860054,41,seeker,no_block,1,12,0,1
V7E007,1860054,41,hider,no_block,0,12,0,0
V7E007,1860054,41,seeker,no_ramp,1,29,2,0
V7E007,1860054,41,hider,no_ramp,0,28,0,0
V7E007,1860054,41,seeker,no_objects,1,29,0,0
V7E007,1860054,41,hider,no_objects,0,28,0,0
V7E007,1860055,41,seeker,full,1,7,0,0
V7E007,1860055,41,hider,full,1,100,0,0
V7E007,1860055,41,seeker,no_block,1,7,0,0
V7E007,1860055,41,hider,no_block,1,100,0,0
V7E007,1860055,41,seeker,no_ramp,1,7,0,0
V7E007,1860055,41,hider,no_ramp,1,100,0,0
V7E007,1860055,41,seeker,no_objects,1,7,0,0
V7E007,1860055,41,hider,no_objects,1,100,0,0
V7E007,1860056,41,seeker,full,1,9,0,0
V7E007,1860056,41,hider,full,1,100,0,0
V7E007,1860056,41,seeker,no_block,1,9,0,0
V7E007,1860056,41,hider,no_block,1,100,0,0
V7E007,1860056,41,seeker,no_ramp,1,9,0,0
V7E007,1860056,41,hider,no_ramp,1,100,0,0
V7E007,1860056,41,seeker,no_objects,1,9,0,0
V7E007,1860056,41,hider,no_objects,0,5,0,0
V7E007,1860057,41,seeker,full,1,46,2,0
V7E007,1860057,41,hider,full,1,100,0,0
V7E007,1860057,41,seeker,no_block,1,46,0,0
V7E007,1860057,41,hider,no_block,1,100,0,0
V7E007,1860057,41,seeker,no_ramp,1,46,2,0
V7E007,1860057,41,hider,no_ramp,1,100,0,0
V7E007,1860057,41,seeker,no_objects,1,46,0,0
V7E007,1860057,41,hider,no_objects,1,100,0,0
V7E007,1860058,41,seeker,full,1,9,2,1
V7E007,1860058,41,hider,full,0,5,2,0
V7E007,1860058,41,seeker,no_block,1,9,0,1
V7E007,1860058,41,hider,no_block,0,5,0,0
V7E007,1860058,41,seeker,no_ramp,1,16,0,0
V7E007,1860058,41,hider,no_ramp,0,20,2,0
V7E007,1860058,41,seeker,no_objects,1,16,0,0
V7E007,1860058,41,hider,no_objects,1,100,0,0
V7E007,1860059,41,seeker,full,1,45,5,0
V7E007,1860059,41,hider,full,1,100,0,0
V7E007,1860059,41,seeker,no_block,1,45,0,0
V7E007,1860059,41,hider,no_block,1,100,0,0
V7E007,1860059,41,seeker,no_ramp,1,45,5,0
V7E007,1860059,41,hider,no_ramp,1,100,0,0
V7E007,1860059,41,seeker,no_objects,1,45,0,0
V7E007,1860059,41,hider,no_objects,1,100,0,0
V7E007,1860060,41,seeker,full,1,12,0,1
V7E007,1860060,41,hider,full,0,10,2,0
V7E007,1860060,41,seeker,no_block,1,11,0,1
V7E007,1860060,41,hider,no_block,0,10,0,0
V7E007,1860060,41,seeker,no_ramp,1,25,0,0
V7E007,1860060,41,hider,no_ramp,0,26,2,0
V7E007,1860060,41,seeker,no_objects,1,26,0,0
V7E007,1860060,41,hider,no_objects,0,26,0,0
V7E007,1860061,41,seeker,full,1,3,0,0
V7E007,1860061,41,hider,full,0,3,0,0
V7E007,1860061,41,seeker,no_block,1,3,0,0
V7E007,1860061,41,hider,no_block,0,3,0,0
V7E007,1860061,41,seeker,no_ramp,1,3,0,0
V7E007,1860061,41,hider,no_ramp,0,3,0,0
V7E007,1860061,41,seeker,no_objects,1,3,0,0
V7E007,1860061,41,hider,no_objects,0,3,0,0
V7E007,1860062,41,seeker,full,1,46,2,0
V7E007,1860062,41,hider,full,1,100,0,0
V7E007,1860062,41,seeker,no_block,1,46,0,0
V7E007,1860062,41,hider,no_block,1,100,0,0
V7E007,1860062,41,seeker,no_ramp,1,46,2,0
V7E007,1860062,41,hider,no_ramp,1,100,0,0
V7E007,1860062,41,seeker,no_objects,1,46,0,0
V7E007,1860062,41,hider,no_objects,1,100,0,0
V7E007,1860063,41,seeker,full,1,7,0,0
V7E007,1860063,41,hider,full,1,100,0,0
V7E007,1860063,41,seeker,no_block,1,7,0,0
V7E007,1860063,41,hider,no_block,1,100,0,0
V7E007,1860063,41,seeker,no_ramp,1,7,0,0
V7E007,1860063,41,hider,no_ramp,1,100,0,0
V7E007,1860063,41,seeker,no_objects,1,7,0,0
V7E007,1860063,41,hider,no_objects,1,100,0,0
V7E007,1860064,41,seeker,full,1,12,0,1
V7E007,1860064,41,hider,full,0,11,0,0
V7E007,1860064,41,seeker,no_block,1,12,0,1
V7E007,1860064,41,hider,no_block,0,11,0,0
V7E007,1860064,41,seeker,no_ramp,0,100,1,0
V7E007,1860064,41,hider,no_ramp,0,27,0,0
V7E007,1860064,41,seeker,no_objects,1,27,0,0
V7E007,1860064,41,hider,no_objects,0,27,0,0
V7E007,1860065,41,seeker,full,1,1,0,0
V7E007,1860065,41,hider,full,0,1,0,0
V7E007,1860065,41,seeker,no_block,1,1,0,0
V7E007,1860065,41,hider,no_block,0,1,0,0
V7E007,1860065,41,seeker,no_ramp,1,1,0,0
V7E007,1860065,41,hider,no_ramp,0,1,0,0
V7E007,1860065,41,seeker,no_objects,1,1,0,0
V7E007,1860065,41,hider,no_objects,0,1,0,0
V7E007,1860066,41,seeker,full,1,5,2,0
V7E007,1860066,41,hider,full,1,100,0,0
V7E007,1860066,41,seeker,no_block,1,5,0,0
V7E007,1860066,41,hider,no_block,0,4,0,0
V7E007,1860066,41,seeker,no_ramp,1,5,2,0
V7E007,1860066,41,hider,no_ramp,1,100,0,0
V7E007,1860066,41,seeker,no_objects,1,5,0,0
V7E007,1860066,41,hider,no_objects,0,4,0,0
V7E007,1860067,41,seeker,full,1,48,2,0
V7E007,1860067,41,hider,full,1,100,0,0
V7E007,1860067,41,seeker,no_block,1,48,0,0
V7E007,1860067,41,hider,no_block,1,100,0,0
V7E007,1860067,41,seeker,no_ramp,1,48,2,0
V7E007,1860067,41,hider,no_ramp,1,100,0,0
V7E007,1860067,41,seeker,no_objects,1,48,0,0
V7E007,1860067,41,hider,no_objects,1,100,0,0
V7E007,1860068,41,seeker,full,1,6,0,1
V7E007,1860068,41,hider,full,0,6,0,0
V7E007,1860068,41,seeker,no_block,1,6,0,1
V7E007,1860068,41,hider,no_block,0,6,0,0
V7E007,1860068,41,seeker,no_ramp,1,23,2,0
V7E007,1860068,41,hider,no_ramp,0,23,0,0
V7E007,1860068,41,seeker,no_objects,1,23,0,0
V7E007,1860068,41,hider,no_objects,1,100,0,0
V7E007,1860069,41,seeker,full,1,10,0,0
V7E007,1860069,41,hider,full,0,8,0,0
V7E007,1860069,41,seeker,no_block,1,10,0,0
V7E007,1860069,41,hider,no_block,0,7,0,0
V7E007,1860069,41,seeker,no_ramp,1,10,0,0
V7E007,1860069,41,hider,no_ramp,0,7,0,0
V7E007,1860069,41,seeker,no_objects,1,10,0,0
V7E007,1860069,41,hider,no_objects,0,7,0,0
V7E007,1860070,41,seeker,full,1,2,0,0
V7E007,1860070,41,hider,full,0,2,0,0
V7E007,1860070,41,seeker,no_block,1,2,0,0
V7E007,1860070,41,hider,no_block,0,2,0,0
V7E007,1860070,41,seeker,no_ramp,1,2,0,0
V7E007,1860070,41,hider,no_ramp,0,2,0,0
V7E007,1860070,41,seeker,no_objects,1,2,0,0
V7E007,1860070,41,hider,no_objects,0,3,0,0
V7E007,1860071,41,seeker,full,1,29,2,0
V7E007,1860071,41,hider,full,1,100,0,0
V7E007,1860071,41,seeker,no_block,1,29,0,0
V7E007,1860071,41,hider,no_block,1,100,0,0
V7E007,1860071,41,seeker,no_ramp,1,29,2,0
V7E007,1860071,41,hider,no_ramp,1,100,0,0
V7E007,1860071,41,seeker,no_objects,1,29,0,0
V7E007,1860071,41,hider,no_objects,1,100,0,0
V7E007,1860072,41,seeker,full,1,32,5,0
V7E007,1860072,41,hider,full,1,100,0,0
V7E007,1860072,41,seeker,no_block,1,34,0,0
V7E007,1860072,41,hider,no_block,1,100,0,0
V7E007,1860072,41,seeker,no_ramp,1,32,5,0
V7E007,1860072,41,hider,no_ramp,1,100,0,0
V7E007,1860072,41,seeker,no_objects,1,34,0,0
V7E007,1860072,41,hider,no_objects,1,100,0,0
V7E007,1860073,41,seeker,full,1,44,2,0
V7E007,1860073,41,hider,full,1,100,0,0
V7E007,1860073,41,seeker,no_block,1,44,0,0
V7E007,1860073,41,hider,no_block,1,100,0,0
V7E007,1860073,41,seeker,no_ramp,1,44,2,0
V7E007,1860073,41,hider,no_ramp,1,100,0,0
V7E007,1860073,41,seeker,no_objects,1,44,0,0
V7E007,1860073,41,hider,no_objects,1,100,0,0
V7E007,1860074,41,seeker,full,1,8,0,0
V7E007,1860074,41,hider,full,1,100,0,0
V7E007,1860074,41,seeker,no_block,1,8,0,0
V7E007,1860074,41,hider,no_block,1,100,0,0
V7E007,1860074,41,seeker,no_ramp,1,8,0,0
V7E007,1860074,41,hider,no_ramp,1,100,0,0
V7E007,1860074,41,seeker,no_objects,1,8,0,0
V7E007,1860074,41,hider,no_objects,1,100,0,0
V7E007,1860075,41,seeker,full,1,45,2,0
V7E007,1860075,41,hider,full,1,100,0,0
V7E007,1860075,41,seeker,no_block,1,45,0,0
V7E007,1860075,41,hider,no_block,1,100,0,0
V7E007,1860075,41,seeker,no_ramp,1,45,2,0
V7E007,1860075,41,hider,no_ramp,1,100,0,0
V7E007,1860075,41,seeker,no_objects,1,45,0,0
V7E007,1860075,41,hider,no_objects,1,100,0,0
V7E007,1860076,41,seeker,full,1,47,2,0
V7E007,1860076,41,hider,full,1,100,0,0
V7E007,1860076,41,seeker,no_block,1,47,0,0
V7E007,1860076,41,hider,no_block,1,100,0,0
V7E007,1860076,41,seeker,no_ramp,1,47,2,0
V7E007,1860076,41,hider,no_ramp,1,100,0,0
V7E007,1860076,41,seeker,no_objects,1,47,0,0
V7E007,1860076,41,hider,no_objects,1,100,0,0
V7E007,1860077,41,seeker,full,0,100,1,0
V7E007,1860077,41,hider,full,0,4,0,0
V7E007,1860077,41,seeker,no_block,1,4,0,0
V7E007,1860077,41,hider,no_block,0,4,0,0
V7E007,1860077,41,seeker,no_ramp,0,100,1,0
V7E007,1860077,41,hider,no_ramp,0,4,0,0
V7E007,1860077,41,seeker,no_objects,1,4,0,0
V7E007,1860077,41,hider,no_objects,0,4,0,0
V7E007,1860078,41,seeker,full,1,5,0,1
V7E007,1860078,41,hider,full,0,4,2,0
V7E007,1860078,41,seeker,no_block,1,4,0,1
V7E007,1860078,41,hider,no_block,0,4,0,0
V7E007,1860078,41,seeker,no_ramp,1,18,0,0
V7E007,1860078,41,hider,no_ramp,0,19,2,0
V7E007,1860078,41,seeker,no_objects,1,19,0,0
V7E007,1860078,41,hider,no_objects,0,19,0,0
V7E007,1860079,41,seeker,full,1,27,2,0
V7E007,1860079,41,hider,full,1,100,0,0
V7E007,1860079,41,seeker,no_block,1,27,0,0
V7E007,1860079,41,hider,no_block,1,100,0,0
V7E007,1860079,41,seeker,no_ramp,1,27,2,0
V7E007,1860079,41,hider,no_ramp,1,100,0,0
V7E007,1860079,41,seeker,no_objects,1,27,0,0
V7E007,1860079,41,hider,no_objects,1,100,0,0
V7E007,1860080,41,seeker,full,1,7,0,0
V7E007,1860080,41,hider,full,0,11,2,0
V7E007,1860080,41,seeker,no_block,1,7,0,0
V7E007,1860080,41,hider,no_block,0,11,0,0
V7E007,1860080,41,seeker,no_ramp,1,7,0,0
V7E007,1860080,41,hider,no_ramp,0,11,2,0
V7E007,1860080,41,seeker,no_objects,1,7,0,0
V7E007,1860080,41,hider,no_objects,0,11,0,0
V7E007,1860081,41,seeker,full,1,14,0,1
V7E007,1860081,41,hider,full,0,12,2,0
V7E007,1860081,41,seeker,no_block,1,13,0,1
V7E007,1860081,41,hider,no_block,0,12,0,0
V7E007,1860081,41,seeker,no_ramp,1,27,0,0
V7E007,1860081,41,hider,no_ramp,0,28,2,0
V7E007,1860081,41,seeker,no_objects,1,28,0,0
V7E007,1860081,41,hider,no_objects,0,28,0,0
V7E007,1860082,41,seeker,full,0,100,1,0
V7E007,1860082,41,hider,full,0,8,0,0
V7E007,1860082,41,seeker,no_block,1,7,0,0
V7E007,1860082,41,hider,no_block,1,100,0,0
V7E007,1860082,41,seeker,no_ramp,0,100,1,0
V7E007,1860082,41,hider,no_ramp,0,8,0,0
V7E007,1860082,41,seeker,no_objects,1,7,0,0
V7E007,1860082,41,hider,no_objects,1,100,0,0
V7E007,1860083,41,seeker,full,1,27,2,0
V7E007,1860083,41,hider,full,1,100,0,0
V7E007,1860083,41,seeker,no_block,1,27,0,0
V7E007,1860083,41,hider,no_block,1,100,0,0
V7E007,1860083,41,seeker,no_ramp,1,27,2,0
V7E007,1860083,41,hider,no_ramp,1,100,0,0
V7E007,1860083,41,seeker,no_objects,1,27,0,0
V7E007,1860083,41,hider,no_objects,1,100,0,0
V7E007,1860084,41,seeker,full,1,10,2,0
V7E007,1860084,41,hider,full,0,10,0,0
V7E007,1860084,41,seeker,no_block,1,10,0,0
V7E007,1860084,41,hider,no_block,1,100,0,0
V7E007,1860084,41,seeker,no_ramp,1,10,2,0
V7E007,1860084,41,hider,no_ramp,0,10,0,0
V7E007,1860084,41,seeker,no_objects,1,10,0,0
V7E007,1860084,41,hider,no_objects,1,100,0,0
V7E007,1860085,41,seeker,full,1,1,0,0
V7E007,1860085,41,hider,full,0,1,0,0
V7E007,1860085,41,seeker,no_block,1,1,0,0
V7E007,1860085,41,hider,no_block,0,1,0,0
V7E007,1860085,41,seeker,no_ramp,1,1,0,0
V7E007,1860085,41,hider,no_ramp,0,1,0,0
V7E007,1860085,41,seeker,no_objects,1,1,0,0
V7E007,1860085,41,hider,no_objects,0,1,0,0
V7E007,1860086,41,seeker,full,1,11,2,1
V7E007,1860086,41,hider,full,0,6,2,0
V7E007,1860086,41,seeker,no_block,1,11,0,1
V7E007,1860086,41,hider,no_block,0,6,0,0
V7E007,1860086,41,seeker,no_ramp,1,18,0,0
V7E007,1860086,41,hider,no_ramp,0,22,2,0
V7E007,1860086,41,seeker,no_objects,1,18,0,0
V7E007,1860086,41,hider,no_objects,0,22,0,0
V7E007,1860087,41,seeker,full,1,4,0,0
V7E007,1860087,41,hider,full,0,5,0,0
V7E007,1860087,41,seeker,no_block,1,4,0,0
V7E007,1860087,41,hider,no_block,0,5,0,0
V7E007,1860087,41,seeker,no_ramp,1,4,0,0
V7E007,1860087,41,hider,no_ramp,0,5,0,0
V7E007,1860087,41,seeker,no_objects,1,4,0,0
V7E007,1860087,41,hider,no_objects,0,5,0,0
V7E007,1860088,41,seeker,full,1,1,0,0
V7E007,1860088,41,hider,full,0,1,0,0
V7E007,1860088,41,seeker,no_block,1,1,0,0
V7E007,1860088,41,hider,no_block,0,1,0,0
V7E007,1860088,41,seeker,no_ramp,1,1,0,0
V7E007,1860088,41,hider,no_ramp,0,1,0,0
V7E007,1860088,41,seeker,no_objects,1,1,0,0
V7E007,1860088,41,hider,no_objects,0,1,0,0
V7E007,1860089,41,seeker,full,1,5,0,1
V7E007,1860089,41,hider,full,0,5,0,0
V7E007,1860089,41,seeker,no_block,1,5,0,1
V7E007,1860089,41,hider,no_block,0,5,0,0
V7E007,1860089,41,seeker,no_ramp,1,22,2,0
V7E007,1860089,41,hider,no_ramp,0,22,0,0
V7E007,1860089,41,seeker,no_objects,1,22,0,0
V7E007,1860089,41,hider,no_objects,1,100,0,0
V7E007,1860090,41,seeker,full,1,13,0,1
V7E007,1860090,41,hider,full,0,11,2,0
V7E007,1860090,41,seeker,no_block,1,12,0,1
V7E007,1860090,41,hider,no_block,0,11,0,0
V7E007,1860090,41,seeker,no_ramp,1,26,0,0
V7E007,1860090,41,hider,no_ramp,0,27,2,0
V7E007,1860090,41,seeker,no_objects,1,27,0,0
V7E007,1860090,41,hider,no_objects,1,100,0,0
V7E007,1860091,41,seeker,full,1,1,0,0
V7E007,1860091,41,hider,full,0,1,0,0
V7E007,1860091,41,seeker,no_block,1,1,0,0
V7E007,1860091,41,hider,no_block,0,1,0,0
V7E007,1860091,41,seeker,no_ramp,1,1,0,0
V7E007,1860091,41,hider,no_ramp,0,1,0,0
V7E007,1860091,41,seeker,no_objects,1,1,0,0
V7E007,1860091,41,hider,no_objects,0,1,0,0
V7E007,1860092,41,seeker,full,1,1,0,0
V7E007,1860092,41,hider,full,0,1,0,0
V7E007,1860092,41,seeker,no_block,1,1,0,0
V7E007,1860092,41,hider,no_block,0,1,0,0
V7E007,1860092,41,seeker,no_ramp,1,1,0,0
V7E007,1860092,41,hider,no_ramp,0,1,0,0
V7E007,1860092,41,seeker,no_objects,1,1,0,0
V7E007,1860092,41,hider,no_objects,0,1,0,0
V7E007,1860093,41,seeker,full,1,44,2,0
V7E007,1860093,41,hider,full,1,100,0,0
V7E007,1860093,41,seeker,no_block,1,44,0,0
V7E007,1860093,41,hider,no_block,1,100,0,0
V7E007,1860093,41,seeker,no_ramp,1,44,2,0
V7E007,1860093,41,hider,no_ramp,1,100,0,0
V7E007,1860093,41,seeker,no_objects,1,44,0,0
V7E007,1860093,41,hider,no_objects,1,100,0,0
V7E007,1860094,41,seeker,full,1,43,5,1
V7E007,1860094,41,hider,full,1,100,0,0
V7E007,1860094,41,seeker,no_block,1,45,0,1
V7E007,1860094,41,hider,no_block,1,100,0,0
V7E007,1860094,41,seeker,no_ramp,1,44,2,0
V7E007,1860094,41,hider,no_ramp,1,100,0,0
V7E007,1860094,41,seeker,no_objects,1,44,0,0
V7E007,1860094,41,hider,no_objects,1,100,0,0
V7E007,1860095,41,seeker,full,1,2,0,0
V7E007,1860095,41,hider,full,1,100,0,0
V7E007,1860095,41,seeker,no_block,1,2,0,0
V7E007,1860095,41,hider,no_block,1,100,0,0
V7E007,1860095,41,seeker,no_ramp,1,2,0,0
V7E007,1860095,41,hider,no_ramp,1,100,0,0
V7E007,1860095,41,seeker,no_objects,1,2,0,0
V7E007,1860095,41,hider,no_objects,1,100,0,0
V7E007,1860096,41,seeker,full,1,1,0,0
V7E007,1860096,41,hider,full,0,1,0,0
V7E007,1860096,41,seeker,no_block,1,1,0,0
V7E007,1860096,41,hider,no_block,0,1,0,0
V7E007,1860096,41,seeker,no_ramp,1,1,0,0
V7E007,1860096,41,hider,no_ramp,0,1,0,0
V7E007,1860096,41,seeker,no_objects,1,1,0,0
V7E007,1860096,41,hider,no_objects,0,1,0,0
V7E007,1860097,41,seeker,full,1,7,0,1
V7E007,1860097,41,hider,full,0,5,2,0
V7E007,1860097,41,seeker,no_block,1,6,0,1
V7E007,1860097,41,hider,no_block,0,5,0,0
V7E007,1860097,41,seeker,no_ramp,1,20,0,0
V7E007,1860097,41,hider,no_ramp,0,21,2,0
V7E007,1860097,41,seeker,no_objects,1,21,0,0
V7E007,1860097,41,hider,no_objects,1,100,0,0
V7E007,1860098,41,seeker,full,1,27,5,0
V7E007,1860098,41,hider,full,1,100,0,0
V7E007,1860098,41,seeker,no_block,1,29,0,0
V7E007,1860098,41,hider,no_block,1,100,0,0
V7E007,1860098,41,seeker,no_ramp,1,27,5,0
V7E007,1860098,41,hider,no_ramp,1,100,0,0
V7E007,1860098,41,seeker,no_objects,1,29,0,0
V7E007,1860098,41,hider,no_objects,1,100,0,0
V7E007,1860099,41,seeker,full,1,44,5,1
V7E007,1860099,41,hider,full,1,100,0,0
V7E007,1860099,41,seeker,no_block,1,46,0,1
V7E007,1860099,41,hider,no_block,1,100,0,0
V7E007,1860099,41,seeker,no_ramp,1,45,2,0
V7E007,1860099,41,hider,no_ramp,1,100,0,0
V7E007,1860099,41,seeker,no_objects,1,45,0,0
V7E007,1860099,41,hider,no_objects,1,100,0,0
V7E008,1870000,41,seeker,full,0,100,1,0
V7E008,1870000,41,hider,full,1,100,0,0
V7E008,1870000,41,seeker,no_block,1,10,0,0
V7E008,1870000,41,hider,no_block,1,100,0,0
V7E008,1870000,41,seeker,no_ramp,0,100,1,0
V7E008,1870000,41,hider,no_ramp,1,100,0,0
V7E008,1870000,41,seeker,no_objects,1,10,0,0
V7E008,1870000,41,hider,no_objects,1,100,0,0
V7E008,1870001,41,seeker,full,1,42,5,0
V7E008,1870001,41,hider,full,0,42,1,0
V7E008,1870001,41,seeker,no_block,1,42,0,0
V7E008,1870001,41,hider,no_block,0,42,0,0
V7E008,1870001,41,seeker,no_ramp,1,42,5,0
V7E008,1870001,41,hider,no_ramp,0,42,1,0
V7E008,1870001,41,seeker,no_objects,1,42,0,0
V7E008,1870001,41,hider,no_objects,0,42,0,0
V7E008,1870002,41,seeker,full,1,37,2,1
V7E008,1870002,41,hider,full,0,35,0,0
V7E008,1870002,41,seeker,no_block,1,37,0,1
V7E008,1870002,41,hider,no_block,1,100,0,0
V7E008,1870002,41,seeker,no_ramp,1,32,2,0
V7E008,1870002,41,hider,no_ramp,1,100,0,0
V7E008,1870002,41,seeker,no_objects,1,32,0,0
V7E008,1870002,41,hider,no_objects,1,100,0,0
V7E008,1870003,41,seeker,full,1,2,0,0
V7E008,1870003,41,hider,full,0,2,0,0
V7E008,1870003,41,seeker,no_block,1,2,0,0
V7E008,1870003,41,hider,no_block,0,2,0,0
V7E008,1870003,41,seeker,no_ramp,1,2,0,0
V7E008,1870003,41,hider,no_ramp,0,2,0,0
V7E008,1870003,41,seeker,no_objects,1,2,0,0
V7E008,1870003,41,hider,no_objects,0,2,0,0
V7E008,1870004,41,seeker,full,1,47,5,1
V7E008,1870004,41,hider,full,0,50,0,0
V7E008,1870004,41,seeker,no_block,1,47,0,1
V7E008,1870004,41,hider,no_block,1,100,0,0
V7E008,1870004,41,seeker,no_ramp,1,36,5,0
V7E008,1870004,41,hider,no_ramp,0,39,0,0
V7E008,1870004,41,seeker,no_objects,1,36,0,0
V7E008,1870004,41,hider,no_objects,1,100,0,0
V7E008,1870005,41,seeker,full,1,7,0,1
V7E008,1870005,41,hider,full,0,8,2,0
V7E008,1870005,41,seeker,no_block,1,7,0,1
V7E008,1870005,41,hider,no_block,1,100,0,0
V7E008,1870005,41,seeker,no_ramp,1,16,0,0
V7E008,1870005,41,hider,no_ramp,1,100,1,0
V7E008,1870005,41,seeker,no_objects,1,16,0,0
V7E008,1870005,41,hider,no_objects,1,100,0,0
V7E008,1870006,41,seeker,full,1,38,3,1
V7E008,1870006,41,hider,full,0,35,0,0
V7E008,1870006,41,seeker,no_block,1,38,0,1
V7E008,1870006,41,hider,no_block,1,100,0,0
V7E008,1870006,41,seeker,no_ramp,1,33,3,0
V7E008,1870006,41,hider,no_ramp,1,100,0,0
V7E008,1870006,41,seeker,no_objects,1,33,0,0
V7E008,1870006,41,hider,no_objects,1,100,0,0
V7E008,1870007,41,seeker,full,0,100,1,0
V7E008,1870007,41,hider,full,1,100,0,0
V7E008,1870007,41,seeker,no_block,1,19,0,0
V7E008,1870007,41,hider,no_block,1,100,0,0
V7E008,1870007,41,seeker,no_ramp,0,100,1,0
V7E008,1870007,41,hider,no_ramp,1,100,0,0
V7E008,1870007,41,seeker,no_objects,1,19,0,0
V7E008,1870007,41,hider,no_objects,1,100,0,0
V7E008,1870008,41,seeker,full,0,100,1,0
V7E008,1870008,41,hider,full,1,100,0,0
V7E008,1870008,41,seeker,no_block,1,11,0,0
V7E008,1870008,41,hider,no_block,0,10,0,0
V7E008,1870008,41,seeker,no_ramp,0,100,1,0
V7E008,1870008,41,hider,no_ramp,1,100,0,0
V7E008,1870008,41,seeker,no_objects,1,11,0,0
V7E008,1870008,41,hider,no_objects,0,10,0,0
V7E008,1870009,41,seeker,full,1,6,0,0
V7E008,1870009,41,hider,full,0,14,1,0
V7E008,1870009,41,seeker,no_block,1,6,0,0
V7E008,1870009,41,hider,no_block,1,100,0,0
V7E008,1870009,41,seeker,no_ramp,1,6,0,0
V7E008,1870009,41,hider,no_ramp,1,100,1,0
V7E008,1870009,41,seeker,no_objects,1,6,0,0
V7E008,1870009,41,hider,no_objects,1,100,0,0
V7E008,1870010,41,seeker,full,0,100,1,0
V7E008,1870010,41,hider,full,1,100,0,0
V7E008,1870010,41,seeker,no_block,1,14,0,0
V7E008,1870010,41,hider,no_block,1,100,0,0
V7E008,1870010,41,seeker,no_ramp,0,100,1,0
V7E008,1870010,41,hider,no_ramp,1,100,0,0
V7E008,1870010,41,seeker,no_objects,1,14,0,0
V7E008,1870010,41,hider,no_objects,1,100,0,0
V7E008,1870011,41,seeker,full,1,38,3,1
V7E008,1870011,41,hider,full,0,45,1,0
V7E008,1870011,41,seeker,no_block,1,13,0,0
V7E008,1870011,41,hider,no_block,1,100,0,0
V7E008,1870011,41,seeker,no_ramp,1,29,3,0
V7E008,1870011,41,hider,no_ramp,0,35,1,0
V7E008,1870011,41,seeker,no_objects,1,13,0,0
V7E008,1870011,41,hider,no_objects,0,35,0,0
V7E008,1870012,41,seeker,full,1,2,0,0
V7E008,1870012,41,hider,full,1,100,0,0
V7E008,1870012,41,seeker,no_block,1,2,0,0
V7E008,1870012,41,hider,no_block,1,100,0,0
V7E008,1870012,41,seeker,no_ramp,1,2,0,0
V7E008,1870012,41,hider,no_ramp,1,100,0,0
V7E008,1870012,41,seeker,no_objects,1,2,0,0
V7E008,1870012,41,hider,no_objects,1,100,0,0
V7E008,1870013,41,seeker,full,1,39,3,1
V7E008,1870013,41,hider,full,1,100,0,0
V7E008,1870013,41,seeker,no_block,1,39,0,1
V7E008,1870013,41,hider,no_block,1,100,0,0
V7E008,1870013,41,seeker,no_ramp,1,34,3,0
V7E008,1870013,41,hider,no_ramp,1,100,0,0
V7E008,1870013,41,seeker,no_objects,1,34,0,0
V7E008,1870013,41,hider,no_objects,1,100,0,0
V7E008,1870014,41,seeker,full,1,38,3,0
V7E008,1870014,41,hider,full,0,14,1,0
V7E008,1870014,41,seeker,no_block,1,38,0,0
V7E008,1870014,41,hider,no_block,0,7,0,0
V7E008,1870014,41,seeker,no_ramp,1,38,3,0
V7E008,1870014,41,hider,no_ramp,1,100,1,0
V7E008,1870014,41,seeker,no_objects,1,38,0,0
V7E008,1870014,41,hider,no_objects,0,7,0,0
V7E008,1870015,41,seeker,full,1,5,0,1
V7E008,1870015,41,hider,full,0,2,0,0
V7E008,1870015,41,seeker,no_block,1,5,0,1
V7E008,1870015,41,hider,no_block,0,2,0,0
V7E008,1870015,41,seeker,no_ramp,1,18,0,0
V7E008,1870015,41,hider,no_ramp,1,100,0,0
V7E008,1870015,41,seeker,no_objects,1,18,0,0
V7E008,1870015,41,hider,no_objects,1,100,0,0
V7E008,1870016,41,seeker,full,0,100,1,0
V7E008,1870016,41,hider,full,1,100,0,0
V7E008,1870016,41,seeker,no_block,1,10,0,0
V7E008,1870016,41,hider,no_block,0,23,0,0
V7E008,1870016,41,seeker,no_ramp,0,100,1,0
V7E008,1870016,41,hider,no_ramp,1,100,0,0
V7E008,1870016,41,seeker,no_objects,1,10,0,0
V7E008,1870016,41,hider,no_objects,0,23,0,0
V7E008,1870017,41,seeker,full,0,100,1,0
V7E008,1870017,41,hider,full,1,100,1,0
V7E008,1870017,41,seeker,no_block,1,13,0,0
V7E008,1870017,41,hider,no_block,1,100,0,0
V7E008,1870017,41,seeker,no_ramp,0,100,1,0
V7E008,1870017,41,hider,no_ramp,1,100,1,0
V7E008,1870017,41,seeker,no_objects,1,13,0,0
V7E008,1870017,41,hider,no_objects,1,100,0,0
V7E008,1870018,41,seeker,full,1,40,3,0
V7E008,1870018,41,hider,full,1,100,0,0
V7E008,1870018,41,seeker,no_block,1,40,0,0
V7E008,1870018,41,hider,no_block,1,100,0,0
V7E008,1870018,41,seeker,no_ramp,1,40,3,0
V7E008,1870018,41,hider,no_ramp,1,100,0,0
V7E008,1870018,41,seeker,no_objects,1,40,0,0
V7E008,1870018,41,hider,no_objects,1,100,0,0
V7E008,1870019,41,seeker,full,1,44,5,1
V7E008,1870019,41,hider,full,0,44,1,0
V7E008,1870019,41,seeker,no_block,1,44,0,1
V7E008,1870019,41,hider,no_block,0,43,0,0
V7E008,1870019,41,seeker,no_ramp,1,39,5,0
V7E008,1870019,41,hider,no_ramp,0,38,1,0
V7E008,1870019,41,seeker,no_objects,1,39,0,0
V7E008,1870019,41,hider,no_objects,0,36,0,0
V7E008,1870020,41,seeker,full,1,48,5,1
V7E008,1870020,41,hider,full,0,51,0,0
V7E008,1870020,41,seeker,no_block,1,48,0,1
V7E008,1870020,41,hider,no_block,1,100,0,0
V7E008,1870020,41,seeker,no_ramp,1,37,5,0
V7E008,1870020,41,hider,no_ramp,0,40,0,0
V7E008,1870020,41,seeker,no_objects,1,37,0,0
V7E008,1870020,41,hider,no_objects,1,100,0,0
V7E008,1870021,41,seeker,full,1,4,0,0
V7E008,1870021,41,hider,full,1,100,0,0
V7E008,1870021,41,seeker,no_block,1,4,0,0
V7E008,1870021,41,hider,no_block,1,100,0,0
V7E008,1870021,41,seeker,no_ramp,1,4,0,0
V7E008,1870021,41,hider,no_ramp,1,100,0,0
V7E008,1870021,41,seeker,no_objects,1,4,0,0
V7E008,1870021,41,hider,no_objects,1,100,0,0
V7E008,1870022,41,seeker,full,1,2,0,0
V7E008,1870022,41,hider,full,0,2,0,0
V7E008,1870022,41,seeker,no_block,1,2,0,0
V7E008,1870022,41,hider,no_block,0,2,0,0
V7E008,1870022,41,seeker,no_ramp,1,2,0,0
V7E008,1870022,41,hider,no_ramp,0,2,0,0
V7E008,1870022,41,seeker,no_objects,1,2,0,0
V7E008,1870022,41,hider,no_objects,0,2,0,0
V7E008,1870023,41,seeker,full,0,100,1,0
V7E008,1870023,41,hider,full,1,100,0,1
V7E008,1870023,41,seeker,no_block,1,9,0,0
V7E008,1870023,41,hider,no_block,1,100,0,1
V7E008,1870023,41,seeker,no_ramp,0,100,1,0
V7E008,1870023,41,hider,no_ramp,1,100,0,0
V7E008,1870023,41,seeker,no_objects,1,9,0,0
V7E008,1870023,41,hider,no_objects,0,9,0,0
V7E008,1870024,41,seeker,full,1,39,3,1
V7E008,1870024,41,hider,full,1,100,0,0
V7E008,1870024,41,seeker,no_block,1,39,0,1
V7E008,1870024,41,hider,no_block,1,100,0,0
V7E008,1870024,41,seeker,no_ramp,1,32,3,0
V7E008,1870024,41,hider,no_ramp,1,100,0,0
V7E008,1870024,41,seeker,no_objects,1,32,0,0
V7E008,1870024,41,hider,no_objects,1,100,0,0
V7E008,1870025,41,seeker,full,1,9,0,0
V7E008,1870025,41,hider,full,0,1,0,0
V7E008,1870025,41,seeker,no_block,1,9,0,0
V7E008,1870025,41,hider,no_block,0,1,0,0
V7E008,1870025,41,seeker,no_ramp,1,9,0,0
V7E008,1870025,41,hider,no_ramp,0,1,0,0
V7E008,1870025,41,seeker,no_objects,1,9,0,0
V7E008,1870025,41,hider,no_objects,0,1,0,0
V7E008,1870026,41,seeker,full,0,100,1,0
V7E008,1870026,41,hider,full,1,100,0,0
V7E008,1870026,41,seeker,no_block,1,18,0,0
V7E008,1870026,41,hider,no_block,0,16,0,0
V7E008,1870026,41,seeker,no_ramp,0,100,1,0
V7E008,1870026,41,hider,no_ramp,1,100,0,0
V7E008,1870026,41,seeker,no_objects,1,18,0,0
V7E008,1870026,41,hider,no_objects,1,100,0,0
V7E008,1870027,41,seeker,full,0,100,1,0
V7E008,1870027,41,hider,full,1,100,0,0
V7E008,1870027,41,seeker,no_block,1,10,0,0
V7E008,1870027,41,hider,no_block,1,100,0,0
V7E008,1870027,41,seeker,no_ramp,0,100,1,0
V7E008,1870027,41,hider,no_ramp,1,100,0,0
V7E008,1870027,41,seeker,no_objects,1,10,0,0
V7E008,1870027,41,hider,no_objects,1,100,0,0
V7E008,1870028,41,seeker,full,1,10,0,1
V7E008,1870028,41,hider,full,1,100,0,0
V7E008,1870028,41,seeker,no_block,1,10,0,1
V7E008,1870028,41,hider,no_block,1,100,0,0
V7E008,1870028,41,seeker,no_ramp,1,19,0,0
V7E008,1870028,41,hider,no_ramp,1,100,0,0
V7E008,1870028,41,seeker,no_objects,1,19,0,0
V7E008,1870028,41,hider,no_objects,1,100,0,0
V7E008,1870029,41,seeker,full,1,40,3,0
V7E008,1870029,41,hider,full,0,17,1,0
V7E008,1870029,41,seeker,no_block,1,40,0,0
V7E008,1870029,41,hider,no_block,0,9,0,0
V7E008,1870029,41,seeker,no_ramp,1,40,3,0
V7E008,1870029,41,hider,no_ramp,1,100,1,0
V7E008,1870029,41,seeker,no_objects,1,40,0,0
V7E008,1870029,41,hider,no_objects,0,6,0,0
V7E008,1870030,41,seeker,full,1,6,0,1
V7E008,1870030,41,hider,full,1,100,0,0
V7E008,1870030,41,seeker,no_block,1,6,0,1
V7E008,1870030,41,hider,no_block,1,100,0,0
V7E008,1870030,41,seeker,no_ramp,1,21,0,0
V7E008,1870030,41,hider,no_ramp,1,100,0,0
V7E008,1870030,41,seeker,no_objects,1,21,0,0
V7E008,1870030,41,hider,no_objects,1,100,0,0
V7E008,1870031,41,seeker,full,0,100,1,0
V7E008,1870031,41,hider,full,1,100,0,0
V7E008,1870031,41,seeker,no_block,1,7,0,0
V7E008,1870031,41,hider,no_block,1,100,0,0
V7E008,1870031,41,seeker,no_ramp,0,100,1,0
V7E008,1870031,41,hider,no_ramp,1,100,0,0
V7E008,1870031,41,seeker,no_objects,1,7,0,0
V7E008,1870031,41,hider,no_objects,1,100,0,0
V7E008,1870032,41,seeker,full,1,36,3,0
V7E008,1870032,41,hider,full,0,13,1,0
V7E008,1870032,41,seeker,no_block,1,10,0,0
V7E008,1870032,41,hider,no_block,0,4,0,0
V7E008,1870032,41,seeker,no_ramp,1,36,3,0
V7E008,1870032,41,hider,no_ramp,1,100,1,0
V7E008,1870032,41,seeker,no_objects,1,10,0,0
V7E008,1870032,41,hider,no_objects,0,4,0,0
V7E008,1870033,41,seeker,full,0,100,1,0
V7E008,1870033,41,hider,full,1,100,0,1
V7E008,1870033,41,seeker,no_block,1,13,0,0
V7E008,1870033,41,hider,no_block,1,100,0,1
V7E008,1870033,41,seeker,no_ramp,0,100,1,0
V7E008,1870033,41,hider,no_ramp,1,100,0,0
V7E008,1870033,41,seeker,no_objects,1,13,0,0
V7E008,1870033,41,hider,no_objects,0,13,0,0
V7E008,1870034,41,seeker,full,1,8,0,0
V7E008,1870034,41,hider,full,0,1,0,0
V7E008,1870034,41,seeker,no_block,1,8,0,0
V7E008,1870034,41,hider,no_block,0,1,0,0
V7E008,1870034,41,seeker,no_ramp,1,8,0,0
V7E008,1870034,41,hider,no_ramp,0,1,0,0
V7E008,1870034,41,seeker,no_objects,1,8,0,0
V7E008,1870034,41,hider,no_objects,0,1,0,0
V7E008,1870035,41,seeker,full,0,100,1,0
V7E008,1870035,41,hider,full,1,100,0,0
V7E008,1870035,41,seeker,no_block,1,8,0,0
V7E008,1870035,41,hider,no_block,1,100,0,0
V7E008,1870035,41,seeker,no_ramp,0,100,1,0
V7E008,1870035,41,hider,no_ramp,1,100,0,0
V7E008,1870035,41,seeker,no_objects,1,8,0,0
V7E008,1870035,41,hider,no_objects,1,100,0,0
V7E008,1870036,41,seeker,full,0,100,1,0
V7E008,1870036,41,hider,full,1,100,0,0
V7E008,1870036,41,seeker,no_block,1,14,0,0
V7E008,1870036,41,hider,no_block,1,100,0,0
V7E008,1870036,41,seeker,no_ramp,0,100,1,0
V7E008,1870036,41,hider,no_ramp,1,100,0,0
V7E008,1870036,41,seeker,no_objects,1,14,0,0
V7E008,1870036,41,hider,no_objects,1,100,0,0
V7E008,1870037,41,seeker,full,1,3,0,0
V7E008,1870037,41,hider,full,1,100,0,0
V7E008,1870037,41,seeker,no_block,1,3,0,0
V7E008,1870037,41,hider,no_block,1,100,0,0
V7E008,1870037,41,seeker,no_ramp,1,3,0,0
V7E008,1870037,41,hider,no_ramp,1,100,0,0
V7E008,1870037,41,seeker,no_objects,1,3,0,0
V7E008,1870037,41,hider,no_objects,1,100,0,0
V7E008,1870038,41,seeker,full,1,1,0,0
V7E008,1870038,41,hider,full,0,1,0,0
V7E008,1870038,41,seeker,no_block,1,1,0,0
V7E008,1870038,41,hider,no_block,0,1,0,0
V7E008,1870038,41,seeker,no_ramp,1,1,0,0
V7E008,1870038,41,hider,no_ramp,0,1,0,0
V7E008,1870038,41,seeker,no_objects,1,1,0,0
V7E008,1870038,41,hider,no_objects,0,1,0,0
V7E008,1870039,41,seeker,full,1,38,3,0
V7E008,1870039,41,hider,full,1,100,0,0
V7E008,1870039,41,seeker,no_block,1,38,0,0
V7E008,1870039,41,hider,no_block,1,100,0,0
V7E008,1870039,41,seeker,no_ramp,1,38,3,0
V7E008,1870039,41,hider,no_ramp,1,100,0,0
V7E008,1870039,41,seeker,no_objects,1,38,0,0
V7E008,1870039,41,hider,no_objects,1,100,0,0
V7E008,1870040,41,seeker,full,0,100,1,0
V7E008,1870040,41,hider,full,1,100,0,1
V7E008,1870040,41,seeker,no_block,1,14,0,0
V7E008,1870040,41,hider,no_block,1,100,0,1
V7E008,1870040,41,seeker,no_ramp,0,100,1,0
V7E008,1870040,41,hider,no_ramp,1,100,0,0
V7E008,1870040,41,seeker,no_objects,1,14,0,0
V7E008,1870040,41,hider,no_objects,0,28,0,0
V7E008,1870041,41,seeker,full,1,5,0,1
V7E008,1870041,41,hider,full,0,3,0,0
V7E008,1870041,41,seeker,no_block,1,5,0,1
V7E008,1870041,41,hider,no_block,1,100,0,0
V7E008,1870041,41,seeker,no_ramp,1,22,0,0
V7E008,1870041,41,hider,no_ramp,1,100,0,0
V7E008,1870041,41,seeker,no_objects,1,22,0,0
V7E008,1870041,41,hider,no_objects,1,100,0,0
V7E008,1870042,41,seeker,full,1,7,0,1
V7E008,1870042,41,hider,full,1,100,0,0
V7E008,1870042,41,seeker,no_block,1,7,0,1
V7E008,1870042,41,hider,no_block,1,100,0,0
V7E008,1870042,41,seeker,no_ramp,1,16,0,0
V7E008,1870042,41,hider,no_ramp,1,100,0,0
V7E008,1870042,41,seeker,no_objects,1,16,0,0
V7E008,1870042,41,hider,no_objects,1,100,0,0
V7E008,1870043,41,seeker,full,1,5,0,0
V7E008,1870043,41,hider,full,1,100,0,0
V7E008,1870043,41,seeker,no_block,1,5,0,0
V7E008,1870043,41,hider,no_block,1,100,0,0
V7E008,1870043,41,seeker,no_ramp,1,5,0,0
V7E008,1870043,41,hider,no_ramp,1,100,0,0
V7E008,1870043,41,seeker,no_objects,1,5,0,0
V7E008,1870043,41,hider,no_objects,1,100,0,0
V7E008,1870044,41,seeker,full,1,4,0,0
V7E008,1870044,41,hider,full,1,100,0,0
V7E008,1870044,41,seeker,no_block,1,4,0,0
V7E008,1870044,41,hider,no_block,1,100,0,0
V7E008,1870044,41,seeker,no_ramp,1,4,0,0
V7E008,1870044,41,hider,no_ramp,1,100,0,0
V7E008,1870044,41,seeker,no_objects,1,4,0,0
V7E008,1870044,41,hider,no_objects,1,100,0,0
V7E008,1870045,41,seeker,full,1,44,5,1
V7E008,1870045,41,hider,full,0,44,1,0
V7E008,1870045,41,seeker,no_block,1,44,0,1
V7E008,1870045,41,hider,no_block,0,43,0,0
V7E008,1870045,41,seeker,no_ramp,1,35,5,0
V7E008,1870045,41,hider,no_ramp,0,34,1,0
V7E008,1870045,41,seeker,no_objects,1,35,0,0
V7E008,1870045,41,hider,no_objects,0,32,0,0
V7E008,1870046,41,seeker,full,1,1,0,0
V7E008,1870046,41,hider,full,0,1,0,0
V7E008,1870046,41,seeker,no_block,1,1,0,0
V7E008,1870046,41,hider,no_block,0,1,0,0
V7E008,1870046,41,seeker,no_ramp,1,1,0,0
V7E008,1870046,41,hider,no_ramp,0,1,0,0
V7E008,1870046,41,seeker,no_objects,1,1,0,0
V7E008,1870046,41,hider,no_objects,0,1,0,0
V7E008,1870047,41,seeker,full,1,2,0,0
V7E008,1870047,41,hider,full,1,100,0,0
V7E008,1870047,41,seeker,no_block,1,2,0,0
V7E008,1870047,41,hider,no_block,1,100,0,0
V7E008,1870047,41,seeker,no_ramp,1,2,0,0
V7E008,1870047,41,hider,no_ramp,1,100,0,0
V7E008,1870047,41,seeker,no_objects,1,2,0,0
V7E008,1870047,41,hider,no_objects,1,100,0,0
V7E008,1870048,41,seeker,full,1,44,5,0
V7E008,1870048,41,hider,full,0,44,1,0
V7E008,1870048,41,seeker,no_block,1,44,0,0
V7E008,1870048,41,hider,no_block,0,43,0,0
V7E008,1870048,41,seeker,no_ramp,1,44,5,0
V7E008,1870048,41,hider,no_ramp,0,44,1,0
V7E008,1870048,41,seeker,no_objects,1,44,0,0
V7E008,1870048,41,hider,no_objects,0,43,0,0
V7E008,1870049,41,seeker,full,1,37,3,0
V7E008,1870049,41,hider,full,0,33,0,0
V7E008,1870049,41,seeker,no_block,1,37,0,0
V7E008,1870049,41,hider,no_block,0,25,0,0
V7E008,1870049,41,seeker,no_ramp,1,37,3,0
V7E008,1870049,41,hider,no_ramp,0,33,0,0
V7E008,1870049,41,seeker,no_objects,1,37,0,0
V7E008,1870049,41,hider,no_objects,1,100,0,0
V7E008,1870050,41,seeker,full,1,39,3,1
V7E008,1870050,41,hider,full,1,100,0,0
V7E008,1870050,41,seeker,no_block,1,39,0,1
V7E008,1870050,41,hider,no_block,1,100,0,0
V7E008,1870050,41,seeker,no_ramp,1,34,3,0
V7E008,1870050,41,hider,no_ramp,1,100,0,0
V7E008,1870050,41,seeker,no_objects,1,34,0,0
V7E008,1870050,41,hider,no_objects,1,100,0,0
V7E008,1870051,41,seeker,full,1,5,0,0
V7E008,1870051,41,hider,full,1,100,0,0
V7E008,1870051,41,seeker,no_block,1,5,0,0
V7E008,1870051,41,hider,no_block,1,100,0,0
V7E008,1870051,41,seeker,no_ramp,1,5,0,0
V7E008,1870051,41,hider,no_ramp,1,100,0,0
V7E008,1870051,41,seeker,no_objects,1,5,0,0
V7E008,1870051,41,hider,no_objects,1,100,0,0
V7E008,1870052,41,seeker,full,1,5,0,0
V7E008,1870052,41,hider,full,0,8,2,0
V7E008,1870052,41,seeker,no_block,1,5,0,0
V7E008,1870052,41,hider,no_block,1,100,0,0
V7E008,1870052,41,seeker,no_ramp,1,5,0,0
V7E008,1870052,41,hider,no_ramp,1,100,1,0
V7E008,1870052,41,seeker,no_objects,1,5,0,0
V7E008,1870052,41,hider,no_objects,0,2,0,0
V7E008,1870053,41,seeker,full,0,100,1,0
V7E008,1870053,41,hider,full,1,100,0,0
V7E008,1870053,41,seeker,no_block,1,16,0,0
V7E008,1870053,41,hider,no_block,1,100,0,0
V7E008,1870053,41,seeker,no_ramp,0,100,1,0
V7E008,1870053,41,hider,no_ramp,1,100,0,0
V7E008,1870053,41,seeker,no_objects,1,16,0,0
V7E008,1870053,41,hider,no_objects,1,100,0,0
V7E008,1870054,41,seeker,full,1,39,3,1
V7E008,1870054,41,hider,full,0,35,0,0
V7E008,1870054,41,seeker,no_block,1,39,0,1
V7E008,1870054,41,hider,no_block,0,35,0,0
V7E008,1870054,41,seeker,no_ramp,1,34,3,0
V7E008,1870054,41,hider,no_ramp,0,30,0,0
V7E008,1870054,41,seeker,no_objects,1,34,0,0
V7E008,1870054,41,hider,no_objects,1,100,0,0
V7E008,1870055,41,seeker,full,1,40,3,0
V7E008,1870055,41,hider,full,1,100,0,0
V7E008,1870055,41,seeker,no_block,1,40,0,0
V7E008,1870055,41,hider,no_block,1,100,0,0
V7E008,1870055,41,seeker,no_ramp,1,40,3,0
V7E008,1870055,41,hider,no_ramp,1,100,0,0
V7E008,1870055,41,seeker,no_objects,1,40,0,0
V7E008,1870055,41,hider,no_objects,1,100,0,0
V7E008,1870056,41,seeker,full,0,100,1,0
V7E008,1870056,41,hider,full,1,100,0,0
V7E008,1870056,41,seeker,no_block,1,15,0,0
V7E008,1870056,41,hider,no_block,1,100,0,0
V7E008,1870056,41,seeker,no_ramp,0,100,1,0
V7E008,1870056,41,hider,no_ramp,1,100,0,0
V7E008,1870056,41,seeker,no_objects,1,15,0,0
V7E008,1870056,41,hider,no_objects,1,100,0,0
V7E008,1870057,41,seeker,full,1,8,0,0
V7E008,1870057,41,hider,full,1,100,0,0
V7E008,1870057,41,seeker,no_block,1,8,0,0
V7E008,1870057,41,hider,no_block,1,100,0,0
V7E008,1870057,41,seeker,no_ramp,1,8,0,0
V7E008,1870057,41,hider,no_ramp,1,100,0,0
V7E008,1870057,41,seeker,no_objects,1,8,0,0
V7E008,1870057,41,hider,no_objects,1,100,0,0
V7E008,1870058,41,seeker,full,1,37,3,0
V7E008,1870058,41,hider,full,0,46,0,0
V7E008,1870058,41,seeker,no_block,1,37,0,0
V7E008,1870058,41,hider,no_block,1,100,0,0
V7E008,1870058,41,seeker,no_ramp,1,37,3,0
V7E008,1870058,41,hider,no_ramp,0,46,0,0
V7E008,1870058,41,seeker,no_objects,1,37,0,0
V7E008,1870058,41,hider,no_objects,1,100,0,0
V7E008,1870059,41,seeker,full,1,2,0,0
V7E008,1870059,41,hider,full,0,3,1,0
V7E008,1870059,41,seeker,no_block,1,2,0,0
V7E008,1870059,41,hider,no_block,0,3,0,0
V7E008,1870059,41,seeker,no_ramp,1,2,0,0
V7E008,1870059,41,hider,no_ramp,0,3,1,0
V7E008,1870059,41,seeker,no_objects,1,2,0,0
V7E008,1870059,41,hider,no_objects,0,3,0,0
V7E008,1870060,41,seeker,full,1,17,0,0
V7E008,1870060,41,hider,full,0,17,0,0
V7E008,1870060,41,seeker,no_block,1,17,0,0
V7E008,1870060,41,hider,no_block,0,17,0,0
V7E008,1870060,41,seeker,no_ramp,1,17,0,0
V7E008,1870060,41,hider,no_ramp,0,17,0,0
V7E008,1870060,41,seeker,no_objects,1,17,0,0
V7E008,1870060,41,hider,no_objects,0,17,0,0
V7E008,1870061,41,seeker,full,1,41,3,1
V7E008,1870061,41,hider,full,0,37,0,0
V7E008,1870061,41,seeker,no_block,1,12,0,0
V7E008,1870061,41,hider,no_block,0,37,0,0
V7E008,1870061,41,seeker,no_ramp,1,28,3,0
V7E008,1870061,41,hider,no_ramp,0,24,0,0
V7E008,1870061,41,seeker,no_objects,1,12,0,0
V7E008,1870061,41,hider,no_objects,1,100,0,0
V7E008,1870062,41,seeker,full,0,100,1,0
V7E008,1870062,41,hider,full,1,100,0,0
V7E008,1870062,41,seeker,no_block,1,13,0,0
V7E008,1870062,41,hider,no_block,1,100,0,0
V7E008,1870062,41,seeker,no_ramp,0,100,1,0
V7E008,1870062,41,hider,no_ramp,1,100,0,0
V7E008,1870062,41,seeker,no_objects,1,13,0,0
V7E008,1870062,41,hider,no_objects,1,100,0,0
V7E008,1870063,41,seeker,full,0,100,1,0
V7E008,1870063,41,hider,full,1,100,0,0
V7E008,1870063,41,seeker,no_block,1,11,0,0
V7E008,1870063,41,hider,no_block,0,9,0,0
V7E008,1870063,41,seeker,no_ramp,0,100,1,0
V7E008,1870063,41,hider,no_ramp,1,100,0,0
V7E008,1870063,41,seeker,no_objects,1,11,0,0
V7E008,1870063,41,hider,no_objects,1,100,0,0
V7E008,1870064,41,seeker,full,1,9,0,1
V7E008,1870064,41,hider,full,0,4,0,0
V7E008,1870064,41,seeker,no_block,1,9,0,1
V7E008,1870064,41,hider,no_block,0,4,0,0
V7E008,1870064,41,seeker,no_ramp,1,16,0,0
V7E008,1870064,41,hider,no_ramp,0,15,0,0
V7E008,1870064,41,seeker,no_objects,1,16,0,0
V7E008,1870064,41,hider,no_objects,1,100,0,0
V7E008,1870065,41,seeker,full,1,6,0,1
V7E008,1870065,41,hider,full,1,100,0,0
V7E008,1870065,41,seeker,no_block,1,6,0,1
V7E008,1870065,41,hider,no_block,1,100,0,0
V7E008,1870065,41,seeker,no_ramp,1,19,0,0
V7E008,1870065,41,hider,no_ramp,1,100,0,0
V7E008,1870065,41,seeker,no_objects,1,19,0,0
V7E008,1870065,41,hider,no_objects,1,100,0,0
V7E008,1870066,41,seeker,full,0,100,1,0
V7E008,1870066,41,hider,full,1,100,0,0
V7E008,1870066,41,seeker,no_block,1,10,0,0
V7E008,1870066,41,hider,no_block,1,100,0,0
V7E008,1870066,41,seeker,no_ramp,0,100,1,0
V7E008,1870066,41,hider,no_ramp,1,100,0,0
V7E008,1870066,41,seeker,no_objects,1,10,0,0
V7E008,1870066,41,hider,no_objects,1,100,0,0
V7E008,1870067,41,seeker,full,1,3,0,0
V7E008,1870067,41,hider,full,1,100,0,0
V7E008,1870067,41,seeker,no_block,1,3,0,0
V7E008,1870067,41,hider,no_block,1,100,0,0
V7E008,1870067,41,seeker,no_ramp,1,3,0,0
V7E008,1870067,41,hider,no_ramp,1,100,0,0
V7E008,1870067,41,seeker,no_objects,1,3,0,0
V7E008,1870067,41,hider,no_objects,1,100,0,0
V7E008,1870068,41,seeker,full,1,1,0,0
V7E008,1870068,41,hider,full,0,1,0,0
V7E008,1870068,41,seeker,no_block,1,1,0,0
V7E008,1870068,41,hider,no_block,0,1,0,0
V7E008,1870068,41,seeker,no_ramp,1,1,0,0
V7E008,1870068,41,hider,no_ramp,0,1,0,0
V7E008,1870068,41,seeker,no_objects,1,1,0,0
V7E008,1870068,41,hider,no_objects,0,1,0,0
V7E008,1870069,41,seeker,full,1,8,1,0
V7E008,1870069,41,hider,full,1,100,0,1
V7E008,1870069,41,seeker,no_block,1,4,0,0
V7E008,1870069,41,hider,no_block,0,8,0,1
V7E008,1870069,41,seeker,no_ramp,1,8,1,0
V7E008,1870069,41,hider,no_ramp,1,100,0,0
V7E008,1870069,41,seeker,no_objects,1,4,0,0
V7E008,1870069,41,hider,no_objects,0,21,0,0
V7E008,1870070,41,seeker,full,1,3,0,0
V7E008,1870070,41,hider,full,1,100,0,0
V7E008,1870070,41,seeker,no_block,1,3,0,0
V7E008,1870070,41,hider,no_block,1,100,0,0
V7E008,1870070,41,seeker,no_ramp,1,3,0,0
V7E008,1870070,41,hider,no_ramp,1,100,0,0
V7E008,1870070,41,seeker,no_objects,1,3,0,0
V7E008,1870070,41,hider,no_objects,1,100,0,0
V7E008,1870071,41,seeker,full,1,4,0,0
V7E008,1870071,41,hider,full,0,7,0,0
V7E008,1870071,41,seeker,no_block,1,4,0,0
V7E008,1870071,41,hider,no_block,0,7,0,0
V7E008,1870071,41,seeker,no_ramp,1,4,0,0
V7E008,1870071,41,hider,no_ramp,0,7,0,0
V7E008,1870071,41,seeker,no_objects,1,4,0,0
V7E008,1870071,41,hider,no_objects,0,7,0,0
V7E008,1870072,41,seeker,full,1,1,0,0
V7E008,1870072,41,hider,full,1,100,0,0
V7E008,1870072,41,seeker,no_block,1,1,0,0
V7E008,1870072,41,hider,no_block,1,100,0,0
V7E008,1870072,41,seeker,no_ramp,1,1,0,0
V7E008,1870072,41,hider,no_ramp,1,100,0,0
V7E008,1870072,41,seeker,no_objects,1,1,0,0
V7E008,1870072,41,hider,no_objects,1,100,0,0
V7E008,1870073,41,seeker,full,1,46,5,0
V7E008,1870073,41,hider,full,0,49,0,0
V7E008,1870073,41,seeker,no_block,1,46,0,0
V7E008,1870073,41,hider,no_block,1,100,0,0
V7E008,1870073,41,seeker,no_ramp,1,46,5,0
V7E008,1870073,41,hider,no_ramp,0,49,0,0
V7E008,1870073,41,seeker,no_objects,1,46,0,0
V7E008,1870073,41,hider,no_objects,1,100,0,0
V7E008,1870074,41,seeker,full,1,41,3,0
V7E008,1870074,41,hider,full,1,100,0,0
V7E008,1870074,41,seeker,no_block,1,41,0,0
V7E008,1870074,41,hider,no_block,1,100,0,0
V7E008,1870074,41,seeker,no_ramp,1,41,3,0
V7E008,1870074,41,hider,no_ramp,1,100,0,0
V7E008,1870074,41,seeker,no_objects,1,41,0,0
V7E008,1870074,41,hider,no_objects,1,100,0,0
V7E008,1870075,41,seeker,full,1,42,3,1
V7E008,1870075,41,hider,full,1,100,0,0
V7E008,1870075,41,seeker,no_block,1,42,0,1
V7E008,1870075,41,hider,no_block,1,100,0,0
V7E008,1870075,41,seeker,no_ramp,1,31,3,0
V7E008,1870075,41,hider,no_ramp,1,100,0,0
V7E008,1870075,41,seeker,no_objects,1,31,0,0
V7E008,1870075,41,hider,no_objects,1,100,0,0
V7E008,1870076,41,seeker,full,1,38,3,1
V7E008,1870076,41,hider,full,0,47,0,0
V7E008,1870076,41,seeker,no_block,1,38,0,1
V7E008,1870076,41,hider,no_block,1,100,0,0
V7E008,1870076,41,seeker,no_ramp,1,33,3,0
V7E008,1870076,41,hider,no_ramp,0,42,0,0
V7E008,1870076,41,seeker,no_objects,1,33,0,0
V7E008,1870076,41,hider,no_objects,1,100,0,0
V7E008,1870077,41,seeker,full,1,2,0,0
V7E008,1870077,41,hider,full,1,100,0,0
V7E008,1870077,41,seeker,no_block,1,2,0,0
V7E008,1870077,41,hider,no_block,1,100,0,0
V7E008,1870077,41,seeker,no_ramp,1,2,0,0
V7E008,1870077,41,hider,no_ramp,0,5,0,0
V7E008,1870077,41,seeker,no_objects,1,2,0,0
V7E008,1870077,41,hider,no_objects,0,3,0,0
V7E008,1870078,41,seeker,full,0,100,1,0
V7E008,1870078,41,hider,full,1,100,0,0
V7E008,1870078,41,seeker,no_block,1,11,0,0
V7E008,1870078,41,hider,no_block,1,100,0,0
V7E008,1870078,41,seeker,no_ramp,0,100,1,0
V7E008,1870078,41,hider,no_ramp,1,100,0,0
V7E008,1870078,41,seeker,no_objects,1,11,0,0
V7E008,1870078,41,hider,no_objects,0,24,0,0
V7E008,1870079,41,seeker,full,1,8,0,1
V7E008,1870079,41,hider,full,1,100,0,0
V7E008,1870079,41,seeker,no_block,1,8,0,1
V7E008,1870079,41,hider,no_block,1,100,0,0
V7E008,1870079,41,seeker,no_ramp,1,17,0,0
V7E008,1870079,41,hider,no_ramp,1,100,0,0
V7E008,1870079,41,seeker,no_objects,1,17,0,0
V7E008,1870079,41,hider,no_objects,1,100,0,0
V7E008,1870080,41,seeker,full,1,39,3,0
V7E008,1870080,41,hider,full,1,100,0,0
V7E008,1870080,41,seeker,no_block,1,39,0,0
V7E008,1870080,41,hider,no_block,1,100,0,0
V7E008,1870080,41,seeker,no_ramp,1,39,3,0
V7E008,1870080,41,hider,no_ramp,1,100,0,0
V7E008,1870080,41,seeker,no_objects,1,39,0,0
V7E008,1870080,41,hider,no_objects,1,100,0,0
V7E008,1870081,41,seeker,full,0,100,1,0
V7E008,1870081,41,hider,full,1,100,0,0
V7E008,1870081,41,seeker,no_block,1,12,0,0
V7E008,1870081,41,hider,no_block,0,11,0,0
V7E008,1870081,41,seeker,no_ramp,0,100,1,0
V7E008,1870081,41,hider,no_ramp,1,100,0,0
V7E008,1870081,41,seeker,no_objects,1,12,0,0
V7E008,1870081,41,hider,no_objects,1,100,0,0
V7E008,1870082,41,seeker,full,1,18,1,0
V7E008,1870082,41,hider,full,0,10,0,0
V7E008,1870082,41,seeker,no_block,1,52,0,0
V7E008,1870082,41,hider,no_block,0,10,0,0
V7E008,1870082,41,seeker,no_ramp,1,18,1,0
V7E008,1870082,41,hider,no_ramp,0,10,0,0
V7E008,1870082,41,seeker,no_objects,1,52,0,0
V7E008,1870082,41,hider,no_objects,0,10,0,0
V7E008,1870083,41,seeker,full,0,100,1,0
V7E008,1870083,41,hider,full,1,100,0,0
V7E008,1870083,41,seeker,no_block,1,9,0,0
V7E008,1870083,41,hider,no_block,0,8,0,0
V7E008,1870083,41,seeker,no_ramp,0,100,1,0
V7E008,1870083,41,hider,no_ramp,1,100,0,0
V7E008,1870083,41,seeker,no_objects,1,9,0,0
V7E008,1870083,41,hider,no_objects,1,100,0,0
V7E008,1870084,41,seeker,full,1,9,0,0
V7E008,1870084,41,hider,full,0,2,0,0
V7E008,1870084,41,seeker,no_block,1,9,0,0
V7E008,1870084,41,hider,no_block,0,2,0,0
V7E008,1870084,41,seeker,no_ramp,1,9,0,0
V7E008,1870084,41,hider,no_ramp,0,2,0,0
V7E008,1870084,41,seeker,no_objects,1,9,0,0
V7E008,1870084,41,hider,no_objects,0,2,0,0
V7E008,1870085,41,seeker,full,1,4,0,0
V7E008,1870085,41,hider,full,1,100,0,0
V7E008,1870085,41,seeker,no_block,1,4,0,0
V7E008,1870085,41,hider,no_block,1,100,0,0
V7E008,1870085,41,seeker,no_ramp,1,4,0,0
V7E008,1870085,41,hider,no_ramp,1,100,0,0
V7E008,1870085,41,seeker,no_objects,1,4,0,0
V7E008,1870085,41,hider,no_objects,1,100,0,0
V7E008,1870086,41,seeker,full,0,100,1,0
V7E008,1870086,41,hider,full,1,100,0,1
V7E008,1870086,41,seeker,no_block,1,12,0,0
V7E008,1870086,41,hider,no_block,1,100,0,1
V7E008,1870086,41,seeker,no_ramp,0,100,1,0
V7E008,1870086,41,hider,no_ramp,1,100,0,0
V7E008,1870086,41,seeker,no_objects,1,12,0,0
V7E008,1870086,41,hider,no_objects,0,12,0,0
V7E008,1870087,41,seeker,full,0,100,1,0
V7E008,1870087,41,hider,full,1,100,0,0
V7E008,1870087,41,seeker,no_block,1,10,0,0
V7E008,1870087,41,hider,no_block,1,100,0,0
V7E008,1870087,41,seeker,no_ramp,0,100,1,0
V7E008,1870087,41,hider,no_ramp,1,100,0,0
V7E008,1870087,41,seeker,no_objects,1,10,0,0
V7E008,1870087,41,hider,no_objects,1,100,0,0
V7E008,1870088,41,seeker,full,1,44,5,1
V7E008,1870088,41,hider,full,0,47,0,0
V7E008,1870088,41,seeker,no_block,1,44,0,1
V7E008,1870088,41,hider,no_block,1,100,0,0
V7E008,1870088,41,seeker,no_ramp,1,39,5,0
V7E008,1870088,41,hider,no_ramp,0,42,0,0
V7E008,1870088,41,seeker,no_objects,1,39,0,0
V7E008,1870088,41,hider,no_objects,1,100,0,0
V7E008,1870089,41,seeker,full,1,6,0,1
V7E008,1870089,41,hider,full,1,100,0,0
V7E008,1870089,41,seeker,no_block,1,6,0,1
V7E008,1870089,41,hider,no_block,1,100,0,0
V7E008,1870089,41,seeker,no_ramp,1,15,0,0
V7E008,1870089,41,hider,no_ramp,1,100,0,0
V7E008,1870089,41,seeker,no_objects,1,15,0,0
V7E008,1870089,41,hider,no_objects,1,100,0,0
V7E008,1870090,41,seeker,full,1,7,0,0
V7E008,1870090,41,hider,full,0,4,0,0
V7E008,1870090,41,seeker,no_block,1,7,0,0
V7E008,1870090,41,hider,no_block,0,4,0,0
V7E008,1870090,41,seeker,no_ramp,1,7,0,0
V7E008,1870090,41,hider,no_ramp,0,4,0,0
V7E008,1870090,41,seeker,no_objects,1,7,0,0
V7E008,1870090,41,hider,no_objects,0,4,0,0
V7E008,1870091,41,seeker,full,0,100,1,0
V7E008,1870091,41,hider,full,1,100,0,0
V7E008,1870091,41,seeker,no_block,1,13,0,0
V7E008,1870091,41,hider,no_block,0,12,0,0
V7E008,1870091,41,seeker,no_ramp,0,100,1,0
V7E008,1870091,41,hider,no_ramp,1,100,0,0
V7E008,1870091,41,seeker,no_objects,1,13,0,0
V7E008,1870091,41,hider,no_objects,1,100,0,0
V7E008,1870092,41,seeker,full,1,3,0,0
V7E008,1870092,41,hider,full,1,100,0,0
V7E008,1870092,41,seeker,no_block,1,3,0,0
V7E008,1870092,41,hider,no_block,1,100,0,0
V7E008,1870092,41,seeker,no_ramp,1,3,0,0
V7E008,1870092,41,hider,no_ramp,1,100,0,0
V7E008,1870092,41,seeker,no_objects,1,3,0,0
V7E008,1870092,41,hider,no_objects,1,100,0,0
V7E008,1870093,41,seeker,full,1,6,0,1
V7E008,1870093,41,hider,full,0,4,0,0
V7E008,1870093,41,seeker,no_block,1,6,0,1
V7E008,1870093,41,hider,no_block,1,100,0,0
V7E008,1870093,41,seeker,no_ramp,1,15,0,0
V7E008,1870093,41,hider,no_ramp,1,100,0,0
V7E008,1870093,41,seeker,no_objects,1,15,0,0
V7E008,1870093,41,hider,no_objects,1,100,0,0
V7E008,1870094,41,seeker,full,1,16,1,0
V7E008,1870094,41,hider,full,0,5,0,0
V7E008,1870094,41,seeker,no_block,1,50,0,0
V7E008,1870094,41,hider,no_block,0,5,0,0
V7E008,1870094,41,seeker,no_ramp,1,16,1,0
V7E008,1870094,41,hider,no_ramp,0,5,0,0
V7E008,1870094,41,seeker,no_objects,1,50,0,0
V7E008,1870094,41,hider,no_objects,0,5,0,0
V7E008,1870095,41,seeker,full,1,37,3,1
V7E008,1870095,41,hider,full,0,43,1,0
V7E008,1870095,41,seeker,no_block,1,37,0,1
V7E008,1870095,41,hider,no_block,0,43,0,0
V7E008,1870095,41,seeker,no_ramp,1,34,3,0
V7E008,1870095,41,hider,no_ramp,0,41,1,0
V7E008,1870095,41,seeker,no_objects,1,34,0,0
V7E008,1870095,41,hider,no_objects,1,100,0,0
V7E008,1870096,41,seeker,full,1,5,0,1
V7E008,1870096,41,hider,full,1,100,0,0
V7E008,1870096,41,seeker,no_block,1,5,0,1
V7E008,1870096,41,hider,no_block,1,100,0,0
V7E008,1870096,41,seeker,no_ramp,1,2,0,0
V7E008,1870096,41,hider,no_ramp,1,100,0,0
V7E008,1870096,41,seeker,no_objects,1,2,0,0
V7E008,1870096,41,hider,no_objects,1,100,0,0
V7E008,1870097,41,seeker,full,0,100,1,0
V7E008,1870097,41,hider,full,1,100,0,0
V7E008,1870097,41,seeker,no_block,1,6,0,0
V7E008,1870097,41,hider,no_block,0,20,0,0
V7E008,1870097,41,seeker,no_ramp,0,100,1,0
V7E008,1870097,41,hider,no_ramp,1,100,0,0
V7E008,1870097,41,seeker,no_objects,1,6,0,0
V7E008,1870097,41,hider,no_objects,0,20,0,0
V7E008,1870098,41,seeker,full,1,36,3,1
V7E008,1870098,41,hider,full,0,15,1,0
V7E008,1870098,41,seeker,no_block,1,36,0,1
V7E008,1870098,41,hider,no_block,0,9,0,0
V7E008,1870098,41,seeker,no_ramp,1,31,3,0
V7E008,1870098,41,hider,no_ramp,1,100,1,0
V7E008,1870098,41,seeker,no_objects,1,31,0,0
V7E008,1870098,41,hider,no_objects,1,100,0,0
V7E008,1870099,41,seeker,full,1,4,0,0
V7E008,1870099,41,hider,full,1,100,0,0
V7E008,1870099,41,seeker,no_block,1,4,0,0
V7E008,1870099,41,hider,no_block,1,100,0,0
V7E008,1870099,41,seeker,no_ramp,1,4,0,0
V7E008,1870099,41,hider,no_ramp,1,100,0,0
V7E008,1870099,41,seeker,no_objects,1,4,0,0
V7E008,1870099,41,hider,no_objects,1,100,0,0
V7E009,1880000,41,seeker,full,1,21,2,0
V7E009,1880000,41,hider,full,1,100,0,0
V7E009,1880000,41,seeker,no_block,1,21,0,0
V7E009,1880000,41,hider,no_block,1,100,0,0
V7E009,1880000,41,seeker,no_ramp,1,21,2,0
V7E009,1880000,41,hider,no_ramp,1,100,0,0
V7E009,1880000,41,seeker,no_objects,1,21,0,0
V7E009,1880000,41,hider,no_objects,1,100,0,0
V7E009,1880001,41,seeker,full,1,4,0,0
V7E009,1880001,41,hider,full,0,7,0,1
V7E009,1880001,41,seeker,no_block,1,4,0,0
V7E009,1880001,41,hider,no_block,0,7,0,1
V7E009,1880001,41,seeker,no_ramp,1,4,0,0
V7E009,1880001,41,hider,no_ramp,1,100,0,0
V7E009,1880001,41,seeker,no_objects,1,4,0,0
V7E009,1880001,41,hider,no_objects,1,100,0,0
V7E009,1880002,41,seeker,full,1,20,0,0
V7E009,1880002,41,hider,full,1,100,0,0
V7E009,1880002,41,seeker,no_block,1,20,0,0
V7E009,1880002,41,hider,no_block,1,100,0,0
V7E009,1880002,41,seeker,no_ramp,1,20,0,0
V7E009,1880002,41,hider,no_ramp,1,100,0,0
V7E009,1880002,41,seeker,no_objects,1,20,0,0
V7E009,1880002,41,hider,no_objects,1,100,0,0
V7E009,1880003,41,seeker,full,1,26,2,1
V7E009,1880003,41,hider,full,1,100,0,0
V7E009,1880003,41,seeker,no_block,1,26,0,1
V7E009,1880003,41,hider,no_block,1,100,0,0
V7E009,1880003,41,seeker,no_ramp,1,25,2,0
V7E009,1880003,41,hider,no_ramp,1,100,0,0
V7E009,1880003,41,seeker,no_objects,1,25,0,0
V7E009,1880003,41,hider,no_objects,1,100,0,0
V7E009,1880004,41,seeker,full,1,5,0,0
V7E009,1880004,41,hider,full,1,100,0,0
V7E009,1880004,41,seeker,no_block,1,5,0,0
V7E009,1880004,41,hider,no_block,1,100,0,0
V7E009,1880004,41,seeker,no_ramp,1,5,0,0
V7E009,1880004,41,hider,no_ramp,1,100,0,0
V7E009,1880004,41,seeker,no_objects,1,5,0,0
V7E009,1880004,41,hider,no_objects,1,100,0,0
V7E009,1880005,41,seeker,full,1,7,0,0
V7E009,1880005,41,hider,full,0,4,0,0
V7E009,1880005,41,seeker,no_block,1,7,0,0
V7E009,1880005,41,hider,no_block,0,4,0,0
V7E009,1880005,41,seeker,no_ramp,1,7,0,0
V7E009,1880005,41,hider,no_ramp,0,4,0,0
V7E009,1880005,41,seeker,no_objects,1,7,0,0
V7E009,1880005,41,hider,no_objects,0,4,0,0
V7E009,1880006,41,seeker,full,1,35,4,0
V7E009,1880006,41,hider,full,1,100,0,0
V7E009,1880006,41,seeker,no_block,1,37,0,0
V7E009,1880006,41,hider,no_block,1,100,0,0
V7E009,1880006,41,seeker,no_ramp,1,35,4,0
V7E009,1880006,41,hider,no_ramp,1,100,0,0
V7E009,1880006,41,seeker,no_objects,1,37,0,0
V7E009,1880006,41,hider,no_objects,1,100,0,0
V7E009,1880007,41,seeker,full,1,2,0,0
V7E009,1880007,41,hider,full,0,2,0,0
V7E009,1880007,41,seeker,no_block,1,2,0,0
V7E009,1880007,41,hider,no_block,0,2,0,0
V7E009,1880007,41,seeker,no_ramp,1,2,0,0
V7E009,1880007,41,hider,no_ramp,0,2,0,0
V7E009,1880007,41,seeker,no_objects,1,2,0,0
V7E009,1880007,41,hider,no_objects,0,2,0,0
V7E009,1880008,41,seeker,full,1,5,0,0
V7E009,1880008,41,hider,full,0,4,0,0
V7E009,1880008,41,seeker,no_block,1,5,0,0
V7E009,1880008,41,hider,no_block,0,3,0,0
V7E009,1880008,41,seeker,no_ramp,1,5,0,0
V7E009,1880008,41,hider,no_ramp,0,3,0,0
V7E009,1880008,41,seeker,no_objects,1,5,0,0
V7E009,1880008,41,hider,no_objects,0,3,0,0
V7E009,1880009,41,seeker,full,1,1,0,0
V7E009,1880009,41,hider,full,0,1,0,0
V7E009,1880009,41,seeker,no_block,1,1,0,0
V7E009,1880009,41,hider,no_block,0,1,0,0
V7E009,1880009,41,seeker,no_ramp,1,1,0,0
V7E009,1880009,41,hider,no_ramp,0,1,0,0
V7E009,1880009,41,seeker,no_objects,1,1,0,0
V7E009,1880009,41,hider,no_objects,0,1,0,0
V7E009,1880010,41,seeker,full,1,22,0,0
V7E009,1880010,41,hider,full,0,20,3,0
V7E009,1880010,41,seeker,no_block,1,22,0,0
V7E009,1880010,41,hider,no_block,0,21,0,0
V7E009,1880010,41,seeker,no_ramp,1,22,0,0
V7E009,1880010,41,hider,no_ramp,0,20,3,0
V7E009,1880010,41,seeker,no_objects,1,22,0,0
V7E009,1880010,41,hider,no_objects,0,21,0,0
V7E009,1880011,41,seeker,full,1,17,3,0
V7E009,1880011,41,hider,full,0,15,0,0
V7E009,1880011,41,seeker,no_block,1,17,0,0
V7E009,1880011,41,hider,no_block,1,100,0,0
V7E009,1880011,41,seeker,no_ramp,1,17,3,0
V7E009,1880011,41,hider,no_ramp,0,15,0,0
V7E009,1880011,41,seeker,no_objects,1,17,0,0
V7E009,1880011,41,hider,no_objects,1,100,0,0
V7E009,1880012,41,seeker,full,1,19,2,0
V7E009,1880012,41,hider,full,1,100,0,0
V7E009,1880012,41,seeker,no_block,1,19,0,0
V7E009,1880012,41,hider,no_block,0,17,0,0
V7E009,1880012,41,seeker,no_ramp,1,19,2,0
V7E009,1880012,41,hider,no_ramp,1,100,0,0
V7E009,1880012,41,seeker,no_objects,1,19,0,0
V7E009,1880012,41,hider,no_objects,0,18,0,0
V7E009,1880013,41,seeker,full,1,1,0,0
V7E009,1880013,41,hider,full,0,1,0,0
V7E009,1880013,41,seeker,no_block,1,1,0,0
V7E009,1880013,41,hider,no_block,0,1,0,0
V7E009,1880013,41,seeker,no_ramp,1,1,0,0
V7E009,1880013,41,hider,no_ramp,0,1,0,0
V7E009,1880013,41,seeker,no_objects,1,1,0,0
V7E009,1880013,41,hider,no_objects,0,1,0,0
V7E009,1880014,41,seeker,full,1,15,0,1
V7E009,1880014,41,hider,full,1,100,3,0
V7E009,1880014,41,seeker,no_block,1,15,0,1
V7E009,1880014,41,hider,no_block,0,5,0,0
V7E009,1880014,41,seeker,no_ramp,1,20,2,0
V7E009,1880014,41,hider,no_ramp,1,100,3,0
V7E009,1880014,41,seeker,no_objects,1,16,0,0
V7E009,1880014,41,hider,no_objects,0,5,0,0
V7E009,1880015,41,seeker,full,1,8,3,0
V7E009,1880015,41,hider,full,1,100,0,0
V7E009,1880015,41,seeker,no_block,1,8,0,0
V7E009,1880015,41,hider,no_block,0,6,0,0
V7E009,1880015,41,seeker,no_ramp,1,8,3,0
V7E009,1880015,41,hider,no_ramp,1,100,0,0
V7E009,1880015,41,seeker,no_objects,1,8,0,0
V7E009,1880015,41,hider,no_objects,0,6,0,0
V7E009,1880016,41,seeker,full,1,9,0,0
V7E009,1880016,41,hider,full,1,100,0,0
V7E009,1880016,41,seeker,no_block,1,9,0,0
V7E009,1880016,41,hider,no_block,1,100,0,0
V7E009,1880016,41,seeker,no_ramp,1,9,0,0
V7E009,1880016,41,hider,no_ramp,1,100,0,0
V7E009,1880016,41,seeker,no_objects,1,9,0,0
V7E009,1880016,41,hider,no_objects,1,100,0,0
V7E009,1880017,41,seeker,full,1,9,0,0
V7E009,1880017,41,hider,full,0,23,3,0
V7E009,1880017,41,seeker,no_block,1,9,0,0
V7E009,1880017,41,hider,no_block,0,23,0,0
V7E009,1880017,41,seeker,no_ramp,1,9,0,0
V7E009,1880017,41,hider,no_ramp,0,23,3,0
V7E009,1880017,41,seeker,no_objects,1,9,0,0
V7E009,1880017,41,hider,no_objects,0,24,0,0
V7E009,1880018,41,seeker,full,1,24,4,1
V7E009,1880018,41,hider,full,1,100,0,0
V7E009,1880018,41,seeker,no_block,1,22,0,1
V7E009,1880018,41,hider,no_block,1,100,0,0
V7E009,1880018,41,seeker,no_ramp,1,21,2,0
V7E009,1880018,41,hider,no_ramp,1,100,0,0
V7E009,1880018,41,seeker,no_objects,1,21,0,0
V7E009,1880018,41,hider,no_objects,1,100,0,0
V7E009,1880019,41,seeker,full,1,24,0,0
V7E009,1880019,41,hider,full,0,19,0,0
V7E009,1880019,41,seeker,no_block,1,24,0,0
V7E009,1880019,41,hider,no_block,0,19,0,0
V7E009,1880019,41,seeker,no_ramp,1,24,0,0
V7E009,1880019,41,hider,no_ramp,0,19,0,0
V7E009,1880019,41,seeker,no_objects,1,24,0,0
V7E009,1880019,41,hider,no_objects,0,9,0,0
V7E009,1880020,41,seeker,full,1,10,0,0
V7E009,1880020,41,hider,full,0,7,0,0
V7E009,1880020,41,seeker,no_block,1,10,0,0
V7E009,1880020,41,hider,no_block,0,7,0,0
V7E009,1880020,41,seeker,no_ramp,1,10,0,0
V7E009,1880020,41,hider,no_ramp,0,4,0,0
V7E009,1880020,41,seeker,no_objects,1,10,0,0
V7E009,1880020,41,hider,no_objects,1,100,0,0
V7E009,1880021,41,seeker,full,1,19,2,0
V7E009,1880021,41,hider,full,0,15,0,0
V7E009,1880021,41,seeker,no_block,1,12,0,1
V7E009,1880021,41,hider,no_block,1,100,0,0
V7E009,1880021,41,seeker,no_ramp,1,19,2,0
V7E009,1880021,41,hider,no_ramp,0,15,0,0
V7E009,1880021,41,seeker,no_objects,1,13,0,0
V7E009,1880021,41,hider,no_objects,1,100,0,0
V7E009,1880022,41,seeker,full,1,8,3,0
V7E009,1880022,41,hider,full,0,6,0,0
V7E009,1880022,41,seeker,no_block,1,8,0,0
V7E009,1880022,41,hider,no_block,0,6,0,0
V7E009,1880022,41,seeker,no_ramp,1,8,3,0
V7E009,1880022,41,hider,no_ramp,0,6,0,0
V7E009,1880022,41,seeker,no_objects,1,8,0,0
V7E009,1880022,41,hider,no_objects,0,6,0,0
V7E009,1880023,41,seeker,full,1,26,3,0
V7E009,1880023,41,hider,full,0,24,0,0
V7E009,1880023,41,seeker,no_block,1,26,0,0
V7E009,1880023,41,hider,no_block,0,24,0,0
V7E009,1880023,41,seeker,no_ramp,1,26,3,0
V7E009,1880023,41,hider,no_ramp,0,24,0,0
V7E009,1880023,41,seeker,no_objects,1,26,0,0
V7E009,1880023,41,hider,no_objects,0,24,0,0
V7E009,1880024,41,seeker,full,1,27,0,0
V7E009,1880024,41,hider,full,1,100,0,0
V7E009,1880024,41,seeker,no_block,1,27,0,0
V7E009,1880024,41,hider,no_block,1,100,0,0
V7E009,1880024,41,seeker,no_ramp,1,27,0,0
V7E009,1880024,41,hider,no_ramp,1,100,0,0
V7E009,1880024,41,seeker,no_objects,1,27,0,0
V7E009,1880024,41,hider,no_objects,1,100,0,0
V7E009,1880025,41,seeker,full,1,1,0,0
V7E009,1880025,41,hider,full,0,1,0,0
V7E009,1880025,41,seeker,no_block,1,1,0,0
V7E009,1880025,41,hider,no_block,0,1,0,0
V7E009,1880025,41,seeker,no_ramp,1,1,0,0
V7E009,1880025,41,hider,no_ramp,0,1,0,0
V7E009,1880025,41,seeker,no_objects,1,1,0,0
V7E009,1880025,41,hider,no_objects,0,1,0,0
V7E009,1880026,41,seeker,full,1,26,4,0
V7E009,1880026,41,hider,full,0,27,0,0
V7E009,1880026,41,seeker,no_block,1,28,0,0
V7E009,1880026,41,hider,no_block,0,29,0,0
V7E009,1880026,41,seeker,no_ramp,1,26,4,0
V7E009,1880026,41,hider,no_ramp,0,26,0,0
V7E009,1880026,41,seeker,no_objects,1,28,0,0
V7E009,1880026,41,hider,no_objects,0,28,0,0
V7E009,1880027,41,seeker,full,1,13,0,1
V7E009,1880027,41,hider,full,1,100,3,0
V7E009,1880027,41,seeker,no_block,1,10,0,0
V7E009,1880027,41,hider,no_block,0,4,0,0
V7E009,1880027,41,seeker,no_ramp,1,20,2,0
V7E009,1880027,41,hider,no_ramp,1,100,3,0
V7E009,1880027,41,seeker,no_objects,1,10,0,0
V7E009,1880027,41,hider,no_objects,0,4,0,0
V7E009,1880028,41,seeker,full,1,5,0,0
V7E009,1880028,41,hider,full,0,3,0,0
V7E009,1880028,41,seeker,no_block,1,5,0,0
V7E009,1880028,41,hider,no_block,0,7,0,0
V7E009,1880028,41,seeker,no_ramp,1,5,0,0
V7E009,1880028,41,hider,no_ramp,0,7,0,0
V7E009,1880028,41,seeker,no_objects,1,5,0,0
V7E009,1880028,41,hider,no_objects,0,7,0,0
V7E009,1880029,41,seeker,full,1,22,0,1
V7E009,1880029,41,hider,full,0,24,0,0
V7E009,1880029,41,seeker,no_block,1,22,0,1
V7E009,1880029,41,hider,no_block,0,24,0,0
V7E009,1880029,41,seeker,no_ramp,1,25,2,0
V7E009,1880029,41,hider,no_ramp,1,100,0,0
V7E009,1880029,41,seeker,no_objects,1,25,0,0
V7E009,1880029,41,hider,no_objects,1,100,0,0
V7E009,1880030,41,seeker,full,1,7,3,0
V7E009,1880030,41,hider,full,0,8,0,0
V7E009,1880030,41,seeker,no_block,1,7,0,0
V7E009,1880030,41,hider,no_block,1,100,0,0
V7E009,1880030,41,seeker,no_ramp,1,7,3,0
V7E009,1880030,41,hider,no_ramp,0,9,1,0
V7E009,1880030,41,seeker,no_objects,1,7,0,0
V7E009,1880030,41,hider,no_objects,1,100,0,0
V7E009,1880031,41,seeker,full,1,24,3,0
V7E009,1880031,41,hider,full,0,28,0,1
V7E009,1880031,41,seeker,no_block,1,24,0,0
V7E009,1880031,41,hider,no_block,0,28,0,1
V7E009,1880031,41,seeker,no_ramp,1,24,3,0
V7E009,1880031,41,hider,no_ramp,1,100,0,0
V7E009,1880031,41,seeker,no_objects,1,24,0,0
V7E009,1880031,41,hider,no_objects,1,100,0,0
V7E009,1880032,41,seeker,full,1,21,2,0
V7E009,1880032,41,hider,full,1,100,0,0
V7E009,1880032,41,seeker,no_block,1,21,0,0
V7E009,1880032,41,hider,no_block,1,100,0,0
V7E009,1880032,41,seeker,no_ramp,1,21,2,0
V7E009,1880032,41,hider,no_ramp,1,100,0,0
V7E009,1880032,41,seeker,no_objects,1,21,0,0
V7E009,1880032,41,hider,no_objects,1,100,0,0
V7E009,1880033,41,seeker,full,1,25,2,1
V7E009,1880033,41,hider,full,1,100,0,0
V7E009,1880033,41,seeker,no_block,1,25,0,1
V7E009,1880033,41,hider,no_block,1,100,0,0
V7E009,1880033,41,seeker,no_ramp,1,24,2,0
V7E009,1880033,41,hider,no_ramp,1,100,0,0
V7E009,1880033,41,seeker,no_objects,1,24,0,0
V7E009,1880033,41,hider,no_objects,0,30,0,0
V7E009,1880034,41,seeker,full,1,2,0,0
V7E009,1880034,41,hider,full,1,100,0,0
V7E009,1880034,41,seeker,no_block,1,2,0,0
V7E009,1880034,41,hider,no_block,1,100,0,0
V7E009,1880034,41,seeker,no_ramp,1,2,0,0
V7E009,1880034,41,hider,no_ramp,1,100,0,0
V7E009,1880034,41,seeker,no_objects,1,2,0,0
V7E009,1880034,41,hider,no_objects,1,100,0,0
V7E009,1880035,41,seeker,full,1,3,0,0
V7E009,1880035,41,hider,full,0,1,0,0
V7E009,1880035,41,seeker,no_block,1,3,0,0
V7E009,1880035,41,hider,no_block,0,1,0,0
V7E009,1880035,41,seeker,no_ramp,1,3,0,0
V7E009,1880035,41,hider,no_ramp,0,1,0,0
V7E009,1880035,41,seeker,no_objects,1,3,0,0
V7E009,1880035,41,hider,no_objects,0,1,0,0
V7E009,1880036,41,seeker,full,1,9,0,0
V7E009,1880036,41,hider,full,0,60,0,0
V7E009,1880036,41,seeker,no_block,1,9,0,0
V7E009,1880036,41,hider,no_block,0,62,0,0
V7E009,1880036,41,seeker,no_ramp,1,9,0,0
V7E009,1880036,41,hider,no_ramp,1,100,0,0
V7E009,1880036,41,seeker,no_objects,1,9,0,0
V7E009,1880036,41,hider,no_objects,1,100,0,0
V7E009,1880037,41,seeker,full,1,20,0,0
V7E009,1880037,41,hider,full,1,100,0,0
V7E009,1880037,41,seeker,no_block,1,20,0,0
V7E009,1880037,41,hider,no_block,1,100,0,0
V7E009,1880037,41,seeker,no_ramp,1,20,0,0
V7E009,1880037,41,hider,no_ramp,1,100,0,0
V7E009,1880037,41,seeker,no_objects,1,20,0,0
V7E009,1880037,41,hider,no_objects,1,100,0,0
V7E009,1880038,41,seeker,full,1,1,0,0
V7E009,1880038,41,hider,full,0,5,2,0
V7E009,1880038,41,seeker,no_block,1,1,0,0
V7E009,1880038,41,hider,no_block,0,7,0,0
V7E009,1880038,41,seeker,no_ramp,1,1,0,0
V7E009,1880038,41,hider,no_ramp,0,6,3,0
V7E009,1880038,41,seeker,no_objects,1,1,0,0
V7E009,1880038,41,hider,no_objects,0,7,0,0
V7E009,1880039,41,seeker,full,1,11,3,0
V7E009,1880039,41,hider,full,0,11,0,0
V7E009,1880039,41,seeker,no_block,1,11,0,0
V7E009,1880039,41,hider,no_block,1,100,0,0
V7E009,1880039,41,seeker,no_ramp,1,11,3,0
V7E009,1880039,41,hider,no_ramp,0,12,1,0
V7E009,1880039,41,seeker,no_objects,1,11,0,0
V7E009,1880039,41,hider,no_objects,1,100,0,0
V7E009,1880040,41,seeker,full,1,18,0,1
V7E009,1880040,41,hider,full,1,100,0,0
V7E009,1880040,41,seeker,no_block,1,18,0,1
V7E009,1880040,41,hider,no_block,1,100,0,0
V7E009,1880040,41,seeker,no_ramp,1,21,2,0
V7E009,1880040,41,hider,no_ramp,1,100,0,0
V7E009,1880040,41,seeker,no_objects,1,21,0,0
V7E009,1880040,41,hider,no_objects,1,100,0,0
V7E009,1880041,41,seeker,full,1,42,4,1
V7E009,1880041,41,hider,full,1,100,0,0
V7E009,1880041,41,seeker,no_block,1,34,0,1
V7E009,1880041,41,hider,no_block,1,100,0,0
V7E009,1880041,41,seeker,no_ramp,1,39,4,0
V7E009,1880041,41,hider,no_ramp,0,41,0,0
V7E009,1880041,41,seeker,no_objects,1,41,0,0
V7E009,1880041,41,hider,no_objects,0,43,0,0
V7E009,1880042,41,seeker,full,1,2,0,0
V7E009,1880042,41,hider,full,0,2,0,0
V7E009,1880042,41,seeker,no_block,1,2,0,0
V7E009,1880042,41,hider,no_block,0,3,0,0
V7E009,1880042,41,seeker,no_ramp,1,2,0,0
V7E009,1880042,41,hider,no_ramp,0,3,0,0
V7E009,1880042,41,seeker,no_objects,1,2,0,0
V7E009,1880042,41,hider,no_objects,0,6,0,0
V7E009,1880043,41,seeker,full,1,19,0,1
V7E009,1880043,41,hider,full,1,100,0,0
V7E009,1880043,41,seeker,no_block,1,19,0,1
V7E009,1880043,41,hider,no_block,1,100,0,0
V7E009,1880043,41,seeker,no_ramp,1,22,2,0
V7E009,1880043,41,hider,no_ramp,1,100,0,0
V7E009,1880043,41,seeker,no_objects,1,22,0,0
V7E009,1880043,41,hider,no_objects,0,26,0,0
V7E009,1880044,41,seeker,full,1,3,0,0
V7E009,1880044,41,hider,full,0,8,0,1
V7E009,1880044,41,seeker,no_block,1,3,0,0
V7E009,1880044,41,hider,no_block,0,8,0,1
V7E009,1880044,41,seeker,no_ramp,1,3,0,0
V7E009,1880044,41,hider,no_ramp,1,100,0,0
V7E009,1880044,41,seeker,no_objects,1,3,0,0
V7E009,1880044,41,hider,no_objects,1,100,0,0
V7E009,1880045,41,seeker,full,1,42,4,1
V7E009,1880045,41,hider,full,0,8,0,0
V7E009,1880045,41,seeker,no_block,1,34,0,1
V7E009,1880045,41,hider,no_block,0,36,0,0
V7E009,1880045,41,seeker,no_ramp,1,39,4,0
V7E009,1880045,41,hider,no_ramp,0,41,0,0
V7E009,1880045,41,seeker,no_objects,1,41,0,0
V7E009,1880045,41,hider,no_objects,0,43,0,0
V7E009,1880046,41,seeker,full,1,23,2,0
V7E009,1880046,41,hider,full,1,100,0,0
V7E009,1880046,41,seeker,no_block,1,23,0,0
V7E009,1880046,41,hider,no_block,1,100,0,0
V7E009,1880046,41,seeker,no_ramp,1,23,2,0
V7E009,1880046,41,hider,no_ramp,1,100,0,0
V7E009,1880046,41,seeker,no_objects,1,23,0,0
V7E009,1880046,41,hider,no_objects,1,100,0,0
V7E009,1880047,41,seeker,full,1,4,0,0
V7E009,1880047,41,hider,full,0,4,0,0
V7E009,1880047,41,seeker,no_block,1,4,0,0
V7E009,1880047,41,hider,no_block,0,6,0,0
V7E009,1880047,41,seeker,no_ramp,1,4,0,0
V7E009,1880047,41,hider,no_ramp,0,6,0,0
V7E009,1880047,41,seeker,no_objects,1,4,0,0
V7E009,1880047,41,hider,no_objects,0,6,0,0
V7E009,1880048,41,seeker,full,1,16,0,1
V7E009,1880048,41,hider,full,0,23,0,0
V7E009,1880048,41,seeker,no_block,1,16,0,1
V7E009,1880048,41,hider,no_block,0,24,0,0
V7E009,1880048,41,seeker,no_ramp,1,21,2,0
V7E009,1880048,41,hider,no_ramp,1,100,0,0
V7E009,1880048,41,seeker,no_objects,1,21,0,0
V7E009,1880048,41,hider,no_objects,0,27,0,0
V7E009,1880049,41,seeker,full,1,6,2,0
V7E009,1880049,41,hider,full,1,100,0,0
V7E009,1880049,41,seeker,no_block,1,6,0,0
V7E009,1880049,41,hider,no_block,0,4,0,0
V7E009,1880049,41,seeker,no_ramp,1,6,2,0
V7E009,1880049,41,hider,no_ramp,1,100,0,0
V7E009,1880049,41,seeker,no_objects,1,6,0,0
V7E009,1880049,41,hider,no_objects,0,5,0,0
V7E009,1880050,41,seeker,full,1,2,0,0
V7E009,1880050,41,hider,full,0,2,0,0
V7E009,1880050,41,seeker,no_block,1,2,0,0
V7E009,1880050,41,hider,no_block,0,2,0,0
V7E009,1880050,41,seeker,no_ramp,1,2,0,0
V7E009,1880050,41,hider,no_ramp,0,2,0,0
V7E009,1880050,41,seeker,no_objects,1,2,0,0
V7E009,1880050,41,hider,no_objects,0,2,0,0
V7E009,1880051,41,seeker,full,1,1,0,0
V7E009,1880051,41,hider,full,0,1,0,0
V7E009,1880051,41,seeker,no_block,1,1,0,0
V7E009,1880051,41,hider,no_block,0,1,0,0
V7E009,1880051,41,seeker,no_ramp,1,1,0,0
V7E009,1880051,41,hider,no_ramp,0,1,0,0
V7E009,1880051,41,seeker,no_objects,1,1,0,0
V7E009,1880051,41,hider,no_objects,0,1,0,0
V7E009,1880052,41,seeker,full,1,20,2,0
V7E009,1880052,41,hider,full,1,100,0,0
V7E009,1880052,41,seeker,no_block,1,20,0,0
V7E009,1880052,41,hider,no_block,0,25,0,0
V7E009,1880052,41,seeker,no_ramp,1,20,2,0
V7E009,1880052,41,hider,no_ramp,1,100,0,0
V7E009,1880052,41,seeker,no_objects,1,20,0,0
V7E009,1880052,41,hider,no_objects,0,27,0,0
V7E009,1880053,41,seeker,full,1,22,3,0
V7E009,1880053,41,hider,full,0,20,0,0
V7E009,1880053,41,seeker,no_block,1,22,0,0
V7E009,1880053,41,hider,no_block,0,20,0,0
V7E009,1880053,41,seeker,no_ramp,1,22,3,0
V7E009,1880053,41,hider,no_ramp,0,20,0,0
V7E009,1880053,41,seeker,no_objects,1,22,0,0
V7E009,1880053,41,hider,no_objects,0,20,0,0
V7E009,1880054,41,seeker,full,1,3,0,0
V7E009,1880054,41,hider,full,1,100,0,0
V7E009,1880054,41,seeker,no_block,1,3,0,0
V7E009,1880054,41,hider,no_block,1,100,0,0
V7E009,1880054,41,seeker,no_ramp,1,3,0,0
V7E009,1880054,41,hider,no_ramp,1,100,0,0
V7E009,1880054,41,seeker,no_objects,1,3,0,0
V7E009,1880054,41,hider,no_objects,1,100,0,0
V7E009,1880055,41,seeker,full,1,28,4,0
V7E009,1880055,41,hider,full,0,27,0,0
V7E009,1880055,41,seeker,no_block,1,30,0,0
V7E009,1880055,41,hider,no_block,0,29,0,0
V7E009,1880055,41,seeker,no_ramp,1,28,4,0
V7E009,1880055,41,hider,no_ramp,0,27,0,0
V7E009,1880055,41,seeker,no_objects,1,30,0,0
V7E009,1880055,41,hider,no_objects,0,29,0,0
V7E009,1880056,41,seeker,full,1,1,0,0
V7E009,1880056,41,hider,full,0,1,0,0
V7E009,1880056,41,seeker,no_block,1,1,0,0
V7E009,1880056,41,hider,no_block,0,1,0,0
V7E009,1880056,41,seeker,no_ramp,1,1,0,0
V7E009,1880056,41,hider,no_ramp,0,1,0,0
V7E009,1880056,41,seeker,no_objects,1,1,0,0
V7E009,1880056,41,hider,no_objects,0,1,0,0
V7E009,1880057,41,seeker,full,1,18,0,0
V7E009,1880057,41,hider,full,0,17,3,0
V7E009,1880057,41,seeker,no_block,1,18,0,0
V7E009,1880057,41,hider,no_block,0,18,0,0
V7E009,1880057,41,seeker,no_ramp,1,18,0,0
V7E009,1880057,41,hider,no_ramp,0,18,3,0
V7E009,1880057,41,seeker,no_objects,1,18,0,0
V7E009,1880057,41,hider,no_objects,0,19,0,0
V7E009,1880058,41,seeker,full,1,24,4,0
V7E009,1880058,41,hider,full,0,5,0,0
V7E009,1880058,41,seeker,no_block,1,21,0,1
V7E009,1880058,41,hider,no_block,0,5,0,0
V7E009,1880058,41,seeker,no_ramp,1,24,4,0
V7E009,1880058,41,hider,no_ramp,0,8,0,0
V7E009,1880058,41,seeker,no_objects,1,26,0,0
V7E009,1880058,41,hider,no_objects,0,8,0,0
V7E009,1880059,41,seeker,full,1,4,0,0
V7E009,1880059,41,hider,full,0,6,2,0
V7E009,1880059,41,seeker,no_block,1,4,0,0
V7E009,1880059,41,hider,no_block,0,8,0,0
V7E009,1880059,41,seeker,no_ramp,1,4,0,0
V7E009,1880059,41,hider,no_ramp,0,7,3,0
V7E009,1880059,41,seeker,no_objects,1,4,0,0
V7E009,1880059,41,hider,no_objects,0,8,0,0
V7E009,1880060,41,seeker,full,1,4,0,0
V7E009,1880060,41,hider,full,1,100,0,0
V7E009,1880060,41,seeker,no_block,1,4,0,0
V7E009,1880060,41,hider,no_block,1,100,0,0
V7E009,1880060,41,seeker,no_ramp,1,4,0,0
V7E009,1880060,41,hider,no_ramp,1,100,0,0
V7E009,1880060,41,seeker,no_objects,1,4,0,0
V7E009,1880060,41,hider,no_objects,1,100,0,0
V7E009,1880061,41,seeker,full,1,43,4,1
V7E009,1880061,41,hider,full,1,100,0,0
V7E009,1880061,41,seeker,no_block,1,37,0,1
V7E009,1880061,41,hider,no_block,1,100,0,0
V7E009,1880061,41,seeker,no_ramp,1,40,4,0
V7E009,1880061,41,hider,no_ramp,1,100,0,0
V7E009,1880061,41,seeker,no_objects,1,42,0,0
V7E009,1880061,41,hider,no_objects,1,100,0,0
V7E009,1880062,41,seeker,full,1,13,3,0
V7E009,1880062,41,hider,full,0,14,0,0
V7E009,1880062,41,seeker,no_block,1,7,0,0
V7E009,1880062,41,hider,no_block,1,100,0,0
V7E009,1880062,41,seeker,no_ramp,1,13,3,0
V7E009,1880062,41,hider,no_ramp,0,15,1,0
V7E009,1880062,41,seeker,no_objects,1,7,0,0
V7E009,1880062,41,hider,no_objects,1,100,0,0
V7E009,1880063,41,seeker,full,1,8,3,0
V7E009,1880063,41,hider,full,0,6,0,0
V7E009,1880063,41,seeker,no_block,1,8,0,0
V7E009,1880063,41,hider,no_block,0,6,0,0
V7E009,1880063,41,seeker,no_ramp,1,8,3,0
V7E009,1880063,41,hider,no_ramp,0,6,0,0
V7E009,1880063,41,seeker,no_objects,1,8,0,0
V7E009,1880063,41,hider,no_objects,0,6,0,0
V7E009,1880064,41,seeker,full,1,1,0,0
V7E009,1880064,41,hider,full,1,100,0,0
V7E009,1880064,41,seeker,no_block,1,1,0,0
V7E009,1880064,41,hider,no_block,1,100,0,0
V7E009,1880064,41,seeker,no_ramp,1,1,0,0
V7E009,1880064,41,hider,no_ramp,1,100,0,0
V7E009,1880064,41,seeker,no_objects,1,1,0,0
V7E009,1880064,41,hider,no_objects,1,100,0,0
V7E009,1880065,41,seeker,full,1,34,4,1
V7E009,1880065,41,hider,full,0,34,0,0
V7E009,1880065,41,seeker,no_block,1,26,0,1
V7E009,1880065,41,hider,no_block,0,26,0,0
V7E009,1880065,41,seeker,no_ramp,1,31,4,0
V7E009,1880065,41,hider,no_ramp,0,30,0,0
V7E009,1880065,41,seeker,no_objects,1,29,0,0
V7E009,1880065,41,hider,no_objects,1,100,0,0
V7E009,1880066,41,seeker,full,1,41,4,1
V7E009,1880066,41,hider,full,1,100,0,0
V7E009,1880066,41,seeker,no_block,1,35,0,1
V7E009,1880066,41,hider,no_block,1,100,0,0
V7E009,1880066,41,seeker,no_ramp,1,38,4,0
V7E009,1880066,41,hider,no_ramp,0,40,0,0
V7E009,1880066,41,seeker,no_objects,1,40,0,0
V7E009,1880066,41,hider,no_objects,0,42,0,0
V7E009,1880067,41,seeker,full,1,25,0,0
V7E009,1880067,41,hider,full,0,8,3,0
V7E009,1880067,41,seeker,no_block,1,25,0,0
V7E009,1880067,41,hider,no_block,0,9,0,0
V7E009,1880067,41,seeker,no_ramp,1,25,0,0
V7E009,1880067,41,hider,no_ramp,0,8,3,0
V7E009,1880067,41,seeker,no_objects,1,25,0,0
V7E009,1880067,41,hider,no_objects,0,9,0,0
V7E009,1880068,41,seeker,full,1,3,0,0
V7E009,1880068,41,hider,full,1,100,0,0
V7E009,1880068,41,seeker,no_block,1,3,0,0
V7E009,1880068,41,hider,no_block,1,100,0,0
V7E009,1880068,41,seeker,no_ramp,1,3,0,0
V7E009,1880068,41,hider,no_ramp,1,100,0,0
V7E009,1880068,41,seeker,no_objects,1,3,0,0
V7E009,1880068,41,hider,no_objects,1,100,0,0
V7E009,1880069,41,seeker,full,1,22,2,0
V7E009,1880069,41,hider,full,0,22,0,0
V7E009,1880069,41,seeker,no_block,1,22,0,0
V7E009,1880069,41,hider,no_block,0,22,0,0
V7E009,1880069,41,seeker,no_ramp,1,22,2,0
V7E009,1880069,41,hider,no_ramp,0,23,0,0
V7E009,1880069,41,seeker,no_objects,1,22,0,0
V7E009,1880069,41,hider,no_objects,1,100,0,0
V7E009,1880070,41,seeker,full,1,2,0,0
V7E009,1880070,41,hider,full,0,2,0,0
V7E009,1880070,41,seeker,no_block,1,2,0,0
V7E009,1880070,41,hider,no_block,0,2,0,0
V7E009,1880070,41,seeker,no_ramp,1,2,0,0
V7E009,1880070,41,hider,no_ramp,0,2,0,0
V7E009,1880070,41,seeker,no_objects,1,2,0,0
V7E009,1880070,41,hider,no_objects,0,2,0,0
V7E009,1880071,41,seeker,full,1,40,4,1
V7E009,1880071,41,hider,full,1,100,0,0
V7E009,1880071,41,seeker,no_block,1,32,0,1
V7E009,1880071,41,hider,no_block,1,100,0,0
V7E009,1880071,41,seeker,no_ramp,1,39,4,0
V7E009,1880071,41,hider,no_ramp,1,100,0,0
V7E009,1880071,41,seeker,no_objects,1,41,0,0
V7E009,1880071,41,hider,no_objects,1,100,0,0
V7E009,1880072,41,seeker,full,1,1,0,0
V7E009,1880072,41,hider,full,0,6,2,0
V7E009,1880072,41,seeker,no_block,1,1,0,0
V7E009,1880072,41,hider,no_block,0,8,0,0
V7E009,1880072,41,seeker,no_ramp,1,1,0,0
V7E009,1880072,41,hider,no_ramp,0,7,3,0
V7E009,1880072,41,seeker,no_objects,1,1,0,0
V7E009,1880072,41,hider,no_objects,0,8,0,0
V7E009,1880073,41,seeker,full,1,4,2,0
V7E009,1880073,41,hider,full,0,9,0,1
V7E009,1880073,41,seeker,no_block,1,4,0,0
V7E009,1880073,41,hider,no_block,0,9,0,1
V7E009,1880073,41,seeker,no_ramp,1,4,2,0
V7E009,1880073,41,hider,no_ramp,1,100,0,0
V7E009,1880073,41,seeker,no_objects,1,4,0,0
V7E009,1880073,41,hider,no_objects,1,100,0,0
V7E009,1880074,41,seeker,full,1,18,2,0
V7E009,1880074,41,hider,full,0,5,2,0
V7E009,1880074,41,seeker,no_block,1,18,0,0
V7E009,1880074,41,hider,no_block,0,4,0,0
V7E009,1880074,41,seeker,no_ramp,1,18,2,0
V7E009,1880074,41,hider,no_ramp,0,5,2,0
V7E009,1880074,41,seeker,no_objects,1,18,0,0
V7E009,1880074,41,hider,no_objects,0,4,0,0
V7E009,1880075,41,seeker,full,1,10,0,0
V7E009,1880075,41,hider,full,0,9,0,0
V7E009,1880075,41,seeker,no_block,1,10,0,0
V7E009,1880075,41,hider,no_block,0,9,0,0
V7E009,1880075,41,seeker,no_ramp,1,10,0,0
V7E009,1880075,41,hider,no_ramp,1,100,0,0
V7E009,1880075,41,seeker,no_objects,1,10,0,0
V7E009,1880075,41,hider,no_objects,1,100,0,0
V7E009,1880076,41,seeker,full,1,23,2,0
V7E009,1880076,41,hider,full,1,100,0,0
V7E009,1880076,41,seeker,no_block,1,23,0,0
V7E009,1880076,41,hider,no_block,0,21,0,0
V7E009,1880076,41,seeker,no_ramp,1,23,2,0
V7E009,1880076,41,hider,no_ramp,1,100,0,0
V7E009,1880076,41,seeker,no_objects,1,23,0,0
V7E009,1880076,41,hider,no_objects,0,22,0,0
V7E009,1880077,41,seeker,full,1,4,0,0
V7E009,1880077,41,hider,full,1,100,0,0
V7E009,1880077,41,seeker,no_block,1,4,0,0
V7E009,1880077,41,hider,no_block,1,100,0,0
V7E009,1880077,41,seeker,no_ramp,1,4,0,0
V7E009,1880077,41,hider,no_ramp,1,100,0,0
V7E009,1880077,41,seeker,no_objects,1,4,0,0
V7E009,1880077,41,hider,no_objects,1,100,0,0
V7E009,1880078,41,seeker,full,1,18,0,0
V7E009,1880078,41,hider,full,1,100,0,0
V7E009,1880078,41,seeker,no_block,1,18,0,0
V7E009,1880078,41,hider,no_block,1,100,0,0
V7E009,1880078,41,seeker,no_ramp,1,18,0,0
V7E009,1880078,41,hider,no_ramp,1,100,0,0
V7E009,1880078,41,seeker,no_objects,1,18,0,0
V7E009,1880078,41,hider,no_objects,1,100,0,0
V7E009,1880079,41,seeker,full,1,10,3,0
V7E009,1880079,41,hider,full,0,9,0,0
V7E009,1880079,41,seeker,no_block,1,10,0,0
V7E009,1880079,41,hider,no_block,0,9,0,0
V7E009,1880079,41,seeker,no_ramp,1,10,3,0
V7E009,1880079,41,hider,no_ramp,0,9,0,0
V7E009,1880079,41,seeker,no_objects,1,10,0,0
V7E009,1880079,41,hider,no_objects,0,9,0,0
V7E009,1880080,41,seeker,full,1,45,4,1
V7E009,1880080,41,hider,full,0,5,0,0
V7E009,1880080,41,seeker,no_block,1,37,0,1
V7E009,1880080,41,hider,no_block,0,6,0,0
V7E009,1880080,41,seeker,no_ramp,1,42,4,0
V7E009,1880080,41,hider,no_ramp,0,8,0,0
V7E009,1880080,41,seeker,no_objects,1,44,0,0
V7E009,1880080,41,hider,no_objects,0,8,0,0
V7E009,1880081,41,seeker,full,1,9,0,0
V7E009,1880081,41,hider,full,1,100,0,0
V7E009,1880081,41,seeker,no_block,1,9,0,0
V7E009,1880081,41,hider,no_block,1,100,0,0
V7E009,1880081,41,seeker,no_ramp,1,9,0,0
V7E009,1880081,41,hider,no_ramp,1,100,0,0
V7E009,1880081,41,seeker,no_objects,1,9,0,0
V7E009,1880081,41,hider,no_objects,1,100,0,0
V7E009,1880082,41,seeker,full,1,5,0,0
V7E009,1880082,41,hider,full,0,6,3,0
V7E009,1880082,41,seeker,no_block,1,5,0,0
V7E009,1880082,41,hider,no_block,0,6,0,0
V7E009,1880082,41,seeker,no_ramp,1,5,0,0
V7E009,1880082,41,hider,no_ramp,0,6,3,0
V7E009,1880082,41,seeker,no_objects,1,5,0,0
V7E009,1880082,41,hider,no_objects,0,7,0,0
V7E009,1880083,41,seeker,full,1,17,0,1
V7E009,1880083,41,hider,full,1,100,0,0
V7E009,1880083,41,seeker,no_block,1,17,0,1
V7E009,1880083,41,hider,no_block,1,100,0,0
V7E009,1880083,41,seeker,no_ramp,1,22,2,0
V7E009,1880083,41,hider,no_ramp,1,100,0,0
V7E009,1880083,41,seeker,no_objects,1,22,0,0
V7E009,1880083,41,hider,no_objects,1,100,0,0
V7E009,1880084,41,seeker,full,1,27,4,0
V7E009,1880084,41,hider,full,1,100,0,0
V7E009,1880084,41,seeker,no_block,1,29,0,0
V7E009,1880084,41,hider,no_block,1,100,0,0
V7E009,1880084,41,seeker,no_ramp,1,27,4,0
V7E009,1880084,41,hider,no_ramp,1,100,0,0
V7E009,1880084,41,seeker,no_objects,1,29,0,0
V7E009,1880084,41,hider,no_objects,1,100,0,0
V7E009,1880085,41,seeker,full,1,15,2,0
V7E009,1880085,41,hider,full,0,17,0,0
V7E009,1880085,41,seeker,no_block,1,15,0,0
V7E009,1880085,41,hider,no_block,1,100,0,0
V7E009,1880085,41,seeker,no_ramp,1,15,2,0
V7E009,1880085,41,hider,no_ramp,1,100,0,0
V7E009,1880085,41,seeker,no_objects,1,15,0,0
V7E009,1880085,41,hider,no_objects,1,100,0,0
V7E009,1880086,41,seeker,full,1,23,2,0
V7E009,1880086,41,hider,full,0,25,0,0
V7E009,1880086,41,seeker,no_block,1,23,0,0
V7E009,1880086,41,hider,no_block,1,100,0,0
V7E009,1880086,41,seeker,no_ramp,1,23,2,0
V7E009,1880086,41,hider,no_ramp,1,100,0,0
V7E009,1880086,41,seeker,no_objects,1,23,0,0
V7E009,1880086,41,hider,no_objects,1,100,0,0
V7E009,1880087,41,seeker,full,1,1,0,0
V7E009,1880087,41,hider,full,0,1,0,0
V7E009,1880087,41,seeker,no_block,1,1,0,0
V7E009,1880087,41,hider,no_block,0,1,0,0
V7E009,1880087,41,seeker,no_ramp,1,1,0,0
V7E009,1880087,41,hider,no_ramp,0,1,0,0
V7E009,1880087,41,seeker,no_objects,1,1,0,0
V7E009,1880087,41,hider,no_objects,0,1,0,0
V7E009,1880088,41,seeker,full,1,5,2,0
V7E009,1880088,41,hider,full,0,5,0,0
V7E009,1880088,41,seeker,no_block,1,5,0,0
V7E009,1880088,41,hider,no_block,1,100,0,0
V7E009,1880088,41,seeker,no_ramp,1,5,2,0
V7E009,1880088,41,hider,no_ramp,1,100,0,0
V7E009,1880088,41,seeker,no_objects,1,5,0,0
V7E009,1880088,41,hider,no_objects,1,100,0,0
V7E009,1880089,41,seeker,full,1,4,0,0
V7E009,1880089,41,hider,full,1,100,0,0
V7E009,1880089,41,seeker,no_block,1,4,0,0
V7E009,1880089,41,hider,no_block,1,100,0,0
V7E009,1880089,41,seeker,no_ramp,1,4,0,0
V7E009,1880089,41,hider,no_ramp,1,100,0,0
V7E009,1880089,41,seeker,no_objects,1,4,0,0
V7E009,1880089,41,hider,no_objects,1,100,0,0
V7E009,1880090,41,seeker,full,1,5,0,0
V7E009,1880090,41,hider,full,0,6,0,0
V7E009,1880090,41,seeker,no_block,1,5,0,0
V7E009,1880090,41,hider,no_block,0,6,0,0
V7E009,1880090,41,seeker,no_ramp,1,5,0,0
V7E009,1880090,41,hider,no_ramp,0,6,0,0
V7E009,1880090,41,seeker,no_objects,1,5,0,0
V7E009,1880090,41,hider,no_objects,0,6,0,0
V7E009,1880091,41,seeker,full,1,11,0,0
V7E009,1880091,41,hider,full,0,59,0,0
V7E009,1880091,41,seeker,no_block,1,11,0,0
V7E009,1880091,41,hider,no_block,0,61,0,0
V7E009,1880091,41,seeker,no_ramp,1,11,0,0
V7E009,1880091,41,hider,no_ramp,1,100,0,0
V7E009,1880091,41,seeker,no_objects,1,11,0,0
V7E009,1880091,41,hider,no_objects,1,100,0,0
V7E009,1880092,41,seeker,full,1,10,3,0
V7E009,1880092,41,hider,full,1,100,0,1
V7E009,1880092,41,seeker,no_block,1,10,0,0
V7E009,1880092,41,hider,no_block,1,100,0,1
V7E009,1880092,41,seeker,no_ramp,1,10,3,0
V7E009,1880092,41,hider,no_ramp,1,100,0,0
V7E009,1880092,41,seeker,no_objects,1,10,0,0
V7E009,1880092,41,hider,no_objects,1,100,0,0
V7E009,1880093,41,seeker,full,1,2,0,0
V7E009,1880093,41,hider,full,1,100,0,0
V7E009,1880093,41,seeker,no_block,1,2,0,0
V7E009,1880093,41,hider,no_block,1,100,0,0
V7E009,1880093,41,seeker,no_ramp,1,2,0,0
V7E009,1880093,41,hider,no_ramp,1,100,0,0
V7E009,1880093,41,seeker,no_objects,1,2,0,0
V7E009,1880093,41,hider,no_objects,1,100,0,0
V7E009,1880094,41,seeker,full,1,1,0,0
V7E009,1880094,41,hider,full,0,1,0,0
V7E009,1880094,41,seeker,no_block,1,1,0,0
V7E009,1880094,41,hider,no_block,0,1,0,0
V7E009,1880094,41,seeker,no_ramp,1,1,0,0
V7E009,1880094,41,hider,no_ramp,0,1,0,0
V7E009,1880094,41,seeker,no_objects,1,1,0,0
V7E009,1880094,41,hider,no_objects,0,1,0,0
V7E009,1880095,41,seeker,full,1,23,3,0
V7E009,1880095,41,hider,full,1,100,0,0
V7E009,1880095,41,seeker,no_block,1,23,0,0
V7E009,1880095,41,hider,no_block,0,21,0,0
V7E009,1880095,41,seeker,no_ramp,1,23,3,0
V7E009,1880095,41,hider,no_ramp,1,100,0,0
V7E009,1880095,41,seeker,no_objects,1,23,0,0
V7E009,1880095,41,hider,no_objects,0,21,0,0
V7E009,1880096,41,seeker,full,1,21,2,0
V7E009,1880096,41,hider,full,1,100,0,0
V7E009,1880096,41,seeker,no_block,1,21,0,0
V7E009,1880096,41,hider,no_block,1,100,0,0
V7E009,1880096,41,seeker,no_ramp,1,21,2,0
V7E009,1880096,41,hider,no_ramp,1,100,0,0
V7E009,1880096,41,seeker,no_objects,1,21,0,0
V7E009,1880096,41,hider,no_objects,1,100,0,0
V7E009,1880097,41,seeker,full,1,8,3,0
V7E009,1880097,41,hider,full,0,6,0,0
V7E009,1880097,41,seeker,no_block,1,8,0,0
V7E009,1880097,41,hider,no_block,0,6,0,0
V7E009,1880097,41,seeker,no_ramp,1,8,3,0
V7E009,1880097,41,hider,no_ramp,0,6,0,0
V7E009,1880097,41,seeker,no_objects,1,8,0,0
V7E009,1880097,41,hider,no_objects,0,6,0,0
V7E009,1880098,41,seeker,full,1,2,0,0
V7E009,1880098,41,hider,full,1,100,0,0
V7E009,1880098,41,seeker,no_block,1,2,0,0
V7E009,1880098,41,hider,no_block,1,100,0,0
V7E009,1880098,41,seeker,no_ramp,1,2,0,0
V7E009,1880098,41,hider,no_ramp,1,100,0,0
V7E009,1880098,41,seeker,no_objects,1,2,0,0
V7E009,1880098,41,hider,no_objects,1,100,0,0
V7E009,1880099,41,seeker,full,1,4,0,0
V7E009,1880099,41,hider,full,0,7,0,1
V7E009,1880099,41,seeker,no_block,1,4,0,0
V7E009,1880099,41,hider,no_block,0,7,0,1
V7E009,1880099,41,seeker,no_ramp,1,4,0,0
V7E009,1880099,41,hider,no_ramp,1,100,0,0
V7E009,1880099,41,seeker,no_objects,1,4,0,0
V7E009,1880099,41,hider,no_objects,1,100,0,0
V7E010,1890000,41,seeker,full,1,45,2,1
V7E010,1890000,41,hider,full,1,100,0,0
V7E010,1890000,41,seeker,no_block,1,45,0,1
V7E010,1890000,41,hider,no_block,1,100,0,0
V7E010,1890000,41,seeker,no_ramp,1,40,2,0
V7E010,1890000,41,hider,no_ramp,1,100,0,0
V7E010,1890000,41,seeker,no_objects,1,40,0,0
V7E010,1890000,41,hider,no_objects,1,100,0,0
V7E010,1890001,41,seeker,full,1,13,0,0
V7E010,1890001,41,hider,full,1,100,0,0
V7E010,1890001,41,seeker,no_block,1,13,0,0
V7E010,1890001,41,hider,no_block,1,100,0,0
V7E010,1890001,41,seeker,no_ramp,1,13,0,0
V7E010,1890001,41,hider,no_ramp,1,100,0,0
V7E010,1890001,41,seeker,no_objects,1,13,0,0
V7E010,1890001,41,hider,no_objects,1,100,0,0
V7E010,1890002,41,seeker,full,1,24,0,0
V7E010,1890002,41,hider,full,1,100,0,0
V7E010,1890002,41,seeker,no_block,1,24,0,0
V7E010,1890002,41,hider,no_block,1,100,0,0
V7E010,1890002,41,seeker,no_ramp,1,24,0,0
V7E010,1890002,41,hider,no_ramp,1,100,0,0
V7E010,1890002,41,seeker,no_objects,1,24,0,0
V7E010,1890002,41,hider,no_objects,1,100,0,0
V7E010,1890003,41,seeker,full,1,1,0,0
V7E010,1890003,41,hider,full,1,100,0,0
V7E010,1890003,41,seeker,no_block,1,1,0,0
V7E010,1890003,41,hider,no_block,1,100,0,0
V7E010,1890003,41,seeker,no_ramp,1,1,0,0
V7E010,1890003,41,hider,no_ramp,0,1,0,0
V7E010,1890003,41,seeker,no_objects,1,1,0,0
V7E010,1890003,41,hider,no_objects,1,100,0,0
V7E010,1890004,41,seeker,full,1,46,8,1
V7E010,1890004,41,hider,full,1,100,0,0
V7E010,1890004,41,seeker,no_block,1,44,0,1
V7E010,1890004,41,hider,no_block,1,100,0,0
V7E010,1890004,41,seeker,no_ramp,1,49,8,0
V7E010,1890004,41,hider,no_ramp,1,100,0,0
V7E010,1890004,41,seeker,no_objects,1,47,0,0
V7E010,1890004,41,hider,no_objects,1,100,0,0
V7E010,1890005,41,seeker,full,1,30,2,0
V7E010,1890005,41,hider,full,1,100,0,1
V7E010,1890005,41,seeker,no_block,1,30,0,0
V7E010,1890005,41,hider,no_block,0,33,0,1
V7E010,1890005,41,seeker,no_ramp,1,30,2,0
V7E010,1890005,41,hider,no_ramp,0,31,0,0
V7E010,1890005,41,seeker,no_objects,1,30,0,0
V7E010,1890005,41,hider,no_objects,0,25,0,0
V7E010,1890006,41,seeker,full,1,17,0,1
V7E010,1890006,41,hider,full,1,100,0,0
V7E010,1890006,41,seeker,no_block,1,17,0,1
V7E010,1890006,41,hider,no_block,1,100,0,0
V7E010,1890006,41,seeker,no_ramp,1,12,0,0
V7E010,1890006,41,hider,no_ramp,1,100,0,0
V7E010,1890006,41,seeker,no_objects,1,12,0,0
V7E010,1890006,41,hider,no_objects,1,100,0,0
V7E010,1890007,41,seeker,full,1,24,0,0
V7E010,1890007,41,hider,full,1,100,0,0
V7E010,1890007,41,seeker,no_block,1,24,0,0
V7E010,1890007,41,hider,no_block,1,100,0,0
V7E010,1890007,41,seeker,no_ramp,1,24,0,0
V7E010,1890007,41,hider,no_ramp,1,100,0,0
V7E010,1890007,41,seeker,no_objects,1,24,0,0
V7E010,1890007,41,hider,no_objects,1,100,0,0
V7E010,1890008,41,seeker,full,1,2,0,0
V7E010,1890008,41,hider,full,0,3,0,0
V7E010,1890008,41,seeker,no_block,1,2,0,0
V7E010,1890008,41,hider,no_block,0,3,0,0
V7E010,1890008,41,seeker,no_ramp,1,2,0,0
V7E010,1890008,41,hider,no_ramp,0,2,0,0
V7E010,1890008,41,seeker,no_objects,1,2,0,0
V7E010,1890008,41,hider,no_objects,0,3,0,0
V7E010,1890009,41,seeker,full,1,33,2,0
V7E010,1890009,41,hider,full,0,37,0,1
V7E010,1890009,41,seeker,no_block,1,33,0,0
V7E010,1890009,41,hider,no_block,0,36,0,1
V7E010,1890009,41,seeker,no_ramp,1,33,2,0
V7E010,1890009,41,hider,no_ramp,0,33,0,0
V7E010,1890009,41,seeker,no_objects,1,33,0,0
V7E010,1890009,41,hider,no_objects,0,26,0,0
V7E010,1890010,41,seeker,full,1,11,0,0
V7E010,1890010,41,hider,full,0,29,0,0
V7E010,1890010,41,seeker,no_block,1,12,0,0
V7E010,1890010,41,hider,no_block,0,28,0,0
V7E010,1890010,41,seeker,no_ramp,1,11,0,0
V7E010,1890010,41,hider,no_ramp,0,29,0,0
V7E010,1890010,41,seeker,no_objects,1,12,0,0
V7E010,1890010,41,hider,no_objects,0,28,0,0
V7E010,1890011,41,seeker,full,1,46,2,1
V7E010,1890011,41,hider,full,1,100,0,0
V7E010,1890011,41,seeker,no_block,1,46,0,1
V7E010,1890011,41,hider,no_block,1,100,0,0
V7E010,1890011,41,seeker,no_ramp,1,41,2,0
V7E010,1890011,41,hider,no_ramp,1,100,0,0
V7E010,1890011,41,seeker,no_objects,1,41,0,0
V7E010,1890011,41,hider,no_objects,1,100,0,0
V7E010,1890012,41,seeker,full,1,37,2,0
V7E010,1890012,41,hider,full,1,100,0,0
V7E010,1890012,41,seeker,no_block,1,37,0,0
V7E010,1890012,41,hider,no_block,1,100,0,0
V7E010,1890012,41,seeker,no_ramp,1,37,2,0
V7E010,1890012,41,hider,no_ramp,1,100,0,0
V7E010,1890012,41,seeker,no_objects,1,37,0,0
V7E010,1890012,41,hider,no_objects,1,100,0,0
V7E010,1890013,41,seeker,full,1,33,2,1
V7E010,1890013,41,hider,full,1,100,0,0
V7E010,1890013,41,seeker,no_block,1,33,0,1
V7E010,1890013,41,hider,no_block,1,100,0,0
V7E010,1890013,41,seeker,no_ramp,1,36,2,0
V7E010,1890013,41,hider,no_ramp,1,100,0,0
V7E010,1890013,41,seeker,no_objects,1,36,0,0
V7E010,1890013,41,hider,no_objects,1,100,0,0
V7E010,1890014,41,seeker,full,1,8,0,0
V7E010,1890014,41,hider,full,1,100,0,0
V7E010,1890014,41,seeker,no_block,1,8,0,0
V7E010,1890014,41,hider,no_block,1,100,0,0
V7E010,1890014,41,seeker,no_ramp,1,8,0,0
V7E010,1890014,41,hider,no_ramp,1,100,0,0
V7E010,1890014,41,seeker,no_objects,1,8,0,0
V7E010,1890014,41,hider,no_objects,1,100,0,0
V7E010,1890015,41,seeker,full,1,8,0,0
V7E010,1890015,41,hider,full,1,100,0,0
V7E010,1890015,41,seeker,no_block,1,8,0,0
V7E010,1890015,41,hider,no_block,1,100,0,0
V7E010,1890015,41,seeker,no_ramp,1,8,0,0
V7E010,1890015,41,hider,no_ramp,1,100,0,0
V7E010,1890015,41,seeker,no_objects,1,8,0,0
V7E010,1890015,41,hider,no_objects,1,100,0,0
V7E010,1890016,41,seeker,full,1,32,2,1
V7E010,1890016,41,hider,full,1,100,0,0
V7E010,1890016,41,seeker,no_block,1,32,0,1
V7E010,1890016,41,hider,no_block,0,30,0,0
V7E010,1890016,41,seeker,no_ramp,1,35,2,0
V7E010,1890016,41,hider,no_ramp,1,100,0,0
V7E010,1890016,41,seeker,no_objects,1,35,0,0
V7E010,1890016,41,hider,no_objects,1,100,0,0
V7E010,1890017,41,seeker,full,1,31,2,0
V7E010,1890017,41,hider,full,1,100,0,0
V7E010,1890017,41,seeker,no_block,1,31,0,0
V7E010,1890017,41,hider,no_block,1,100,0,0
V7E010,1890017,41,seeker,no_ramp,1,31,2,0
V7E010,1890017,41,hider,no_ramp,1,100,0,0
V7E010,1890017,41,seeker,no_objects,1,31,0,0
V7E010,1890017,41,hider,no_objects,1,100,0,0
V7E010,1890018,41,seeker,full,1,31,2,0
V7E010,1890018,41,hider,full,1,100,0,0
V7E010,1890018,41,seeker,no_block,1,31,0,0
V7E010,1890018,41,hider,no_block,1,100,0,0
V7E010,1890018,41,seeker,no_ramp,1,31,2,0
V7E010,1890018,41,hider,no_ramp,1,100,0,0
V7E010,1890018,41,seeker,no_objects,1,31,0,0
V7E010,1890018,41,hider,no_objects,1,100,0,0
V7E010,1890019,41,seeker,full,1,49,2,1
V7E010,1890019,41,hider,full,1,100,0,0
V7E010,1890019,41,seeker,no_block,1,49,0,1
V7E010,1890019,41,hider,no_block,1,100,0,0
V7E010,1890019,41,seeker,no_ramp,1,44,2,0
V7E010,1890019,41,hider,no_ramp,1,100,0,0
V7E010,1890019,41,seeker,no_objects,1,44,0,0
V7E010,1890019,41,hider,no_objects,1,100,0,0
V7E010,1890020,41,seeker,full,1,30,2,0
V7E010,1890020,41,hider,full,1,100,0,0
V7E010,1890020,41,seeker,no_block,1,30,0,0
V7E010,1890020,41,hider,no_block,1,100,0,0
V7E010,1890020,41,seeker,no_ramp,1,30,2,0
V7E010,1890020,41,hider,no_ramp,1,100,0,0
V7E010,1890020,41,seeker,no_objects,1,30,0,0
V7E010,1890020,41,hider,no_objects,1,100,0,0
V7E010,1890021,41,seeker,full,1,2,0,0
V7E010,1890021,41,hider,full,1,100,0,0
V7E010,1890021,41,seeker,no_block,1,2,0,0
V7E010,1890021,41,hider,no_block,1,100,0,0
V7E010,1890021,41,seeker,no_ramp,1,2,0,0
V7E010,1890021,41,hider,no_ramp,1,100,0,0
V7E010,1890021,41,seeker,no_objects,1,2,0,0
V7E010,1890021,41,hider,no_objects,1,100,0,0
V7E010,1890022,41,seeker,full,1,7,0,0
V7E010,1890022,41,hider,full,1,100,0,0
V7E010,1890022,41,seeker,no_block,1,7,0,0
V7E010,1890022,41,hider,no_block,1,100,0,0
V7E010,1890022,41,seeker,no_ramp,1,7,0,0
V7E010,1890022,41,hider,no_ramp,1,100,0,0
V7E010,1890022,41,seeker,no_objects,1,7,0,0
V7E010,1890022,41,hider,no_objects,1,100,0,0
V7E010,1890023,41,seeker,full,1,34,2,0
V7E010,1890023,41,hider,full,1,100,0,0
V7E010,1890023,41,seeker,no_block,1,34,0,0
V7E010,1890023,41,hider,no_block,1,100,0,0
V7E010,1890023,41,seeker,no_ramp,1,34,2,0
V7E010,1890023,41,hider,no_ramp,1,100,0,0
V7E010,1890023,41,seeker,no_objects,1,34,0,0
V7E010,1890023,41,hider,no_objects,1,100,0,0
V7E010,1890024,41,seeker,full,1,5,0,0
V7E010,1890024,41,hider,full,0,2,0,0
V7E010,1890024,41,seeker,no_block,1,5,0,0
V7E010,1890024,41,hider,no_block,0,2,0,0
V7E010,1890024,41,seeker,no_ramp,1,5,0,0
V7E010,1890024,41,hider,no_ramp,0,2,0,0
V7E010,1890024,41,seeker,no_objects,1,5,0,0
V7E010,1890024,41,hider,no_objects,0,2,0,0
V7E010,1890025,41,seeker,full,1,14,0,0
V7E010,1890025,41,hider,full,1,100,0,0
V7E010,1890025,41,seeker,no_block,1,14,0,0
V7E010,1890025,41,hider,no_block,1,100,0,0
V7E010,1890025,41,seeker,no_ramp,1,14,0,0
V7E010,1890025,41,hider,no_ramp,1,100,0,0
V7E010,1890025,41,seeker,no_objects,1,14,0,0
V7E010,1890025,41,hider,no_objects,1,100,0,0
V7E010,1890026,41,seeker,full,1,2,0,0
V7E010,1890026,41,hider,full,0,2,0,0
V7E010,1890026,41,seeker,no_block,1,2,0,0
V7E010,1890026,41,hider,no_block,0,2,0,0
V7E010,1890026,41,seeker,no_ramp,1,2,0,0
V7E010,1890026,41,hider,no_ramp,0,2,0,0
V7E010,1890026,41,seeker,no_objects,1,2,0,0
V7E010,1890026,41,hider,no_objects,0,2,0,0
V7E010,1890027,41,seeker,full,1,58,8,1
V7E010,1890027,41,hider,full,1,100,0,0
V7E010,1890027,41,seeker,no_block,1,56,0,1
V7E010,1890027,41,hider,no_block,1,100,0,0
V7E010,1890027,41,seeker,no_ramp,1,53,8,0
V7E010,1890027,41,hider,no_ramp,1,100,0,0
V7E010,1890027,41,seeker,no_objects,1,51,0,0
V7E010,1890027,41,hider,no_objects,1,100,0,0
V7E010,1890028,41,seeker,full,1,3,0,0
V7E010,1890028,41,hider,full,1,100,0,0
V7E010,1890028,41,seeker,no_block,1,3,0,0
V7E010,1890028,41,hider,no_block,1,100,0,0
V7E010,1890028,41,seeker,no_ramp,1,3,0,0
V7E010,1890028,41,hider,no_ramp,1,100,0,0
V7E010,1890028,41,seeker,no_objects,1,3,0,0
V7E010,1890028,41,hider,no_objects,1,100,0,0
V7E010,1890029,41,seeker,full,1,6,0,0
V7E010,1890029,41,hider,full,1,100,0,0
V7E010,1890029,41,seeker,no_block,1,6,0,0
V7E010,1890029,41,hider,no_block,1,100,0,0
V7E010,1890029,41,seeker,no_ramp,1,6,0,0
V7E010,1890029,41,hider,no_ramp,1,100,0,0
V7E010,1890029,41,seeker,no_objects,1,6,0,0
V7E010,1890029,41,hider,no_objects,1,100,0,0
V7E010,1890030,41,seeker,full,1,12,0,0
V7E010,1890030,41,hider,full,0,3,0,0
V7E010,1890030,41,seeker,no_block,1,13,0,0
V7E010,1890030,41,hider,no_block,0,5,0,0
V7E010,1890030,41,seeker,no_ramp,1,12,0,0
V7E010,1890030,41,hider,no_ramp,0,5,0,0
V7E010,1890030,41,seeker,no_objects,1,13,0,0
V7E010,1890030,41,hider,no_objects,0,5,0,0
V7E010,1890031,41,seeker,full,1,2,0,0
V7E010,1890031,41,hider,full,1,100,0,0
V7E010,1890031,41,seeker,no_block,1,2,0,0
V7E010,1890031,41,hider,no_block,1,100,0,0
V7E010,1890031,41,seeker,no_ramp,1,2,0,0
V7E010,1890031,41,hider,no_ramp,1,100,0,0
V7E010,1890031,41,seeker,no_objects,1,2,0,0
V7E010,1890031,41,hider,no_objects,1,100,0,0
V7E010,1890032,41,seeker,full,1,36,2,0
V7E010,1890032,41,hider,full,1,100,0,0
V7E010,1890032,41,seeker,no_block,1,36,0,0
V7E010,1890032,41,hider,no_block,1,100,0,0
V7E010,1890032,41,seeker,no_ramp,1,36,2,0
V7E010,1890032,41,hider,no_ramp,1,100,0,0
V7E010,1890032,41,seeker,no_objects,1,36,0,0
V7E010,1890032,41,hider,no_objects,1,100,0,0
V7E010,1890033,41,seeker,full,1,18,0,1
V7E010,1890033,41,hider,full,1,100,0,0
V7E010,1890033,41,seeker,no_block,1,18,0,1
V7E010,1890033,41,hider,no_block,1,100,0,0
V7E010,1890033,41,seeker,no_ramp,1,13,0,0
V7E010,1890033,41,hider,no_ramp,1,100,0,0
V7E010,1890033,41,seeker,no_objects,1,13,0,0
V7E010,1890033,41,hider,no_objects,1,100,0,0
V7E010,1890034,41,seeker,full,1,46,8,0
V7E010,1890034,41,hider,full,1,100,0,0
V7E010,1890034,41,seeker,no_block,1,44,0,0
V7E010,1890034,41,hider,no_block,1,100,0,0
V7E010,1890034,41,seeker,no_ramp,1,46,8,0
V7E010,1890034,41,hider,no_ramp,1,100,0,0
V7E010,1890034,41,seeker,no_objects,1,44,0,0
V7E010,1890034,41,hider,no_objects,1,100,0,0
V7E010,1890035,41,seeker,full,1,35,2,0
V7E010,1890035,41,hider,full,1,100,0,0
V7E010,1890035,41,seeker,no_block,1,35,0,0
V7E010,1890035,41,hider,no_block,1,100,0,0
V7E010,1890035,41,seeker,no_ramp,1,35,2,0
V7E010,1890035,41,hider,no_ramp,1,100,0,0
V7E010,1890035,41,seeker,no_objects,1,35,0,0
V7E010,1890035,41,hider,no_objects,1,100,0,0
V7E010,1890036,41,seeker,full,1,11,0,0
V7E010,1890036,41,hider,full,1,100,0,0
V7E010,1890036,41,seeker,no_block,1,3,0,0
V7E010,1890036,41,hider,no_block,0,11,0,0
V7E010,1890036,41,seeker,no_ramp,1,11,0,0
V7E010,1890036,41,hider,no_ramp,1,100,0,0
V7E010,1890036,41,seeker,no_objects,1,3,0,0
V7E010,1890036,41,hider,no_objects,1,100,0,0
V7E010,1890037,41,seeker,full,1,48,2,1
V7E010,1890037,41,hider,full,1,100,0,0
V7E010,1890037,41,seeker,no_block,1,48,0,1
V7E010,1890037,41,hider,no_block,1,100,0,0
V7E010,1890037,41,seeker,no_ramp,1,43,2,0
V7E010,1890037,41,hider,no_ramp,1,100,0,0
V7E010,1890037,41,seeker,no_objects,1,43,0,0
V7E010,1890037,41,hider,no_objects,1,100,0,0
V7E010,1890038,41,seeker,full,1,34,2,0
V7E010,1890038,41,hider,full,1,100,0,0
V7E010,1890038,41,seeker,no_block,1,34,0,0
V7E010,1890038,41,hider,no_block,1,100,0,0
V7E010,1890038,41,seeker,no_ramp,1,34,2,0
V7E010,1890038,41,hider,no_ramp,1,100,0,0
V7E010,1890038,41,seeker,no_objects,1,34,0,0
V7E010,1890038,41,hider,no_objects,1,100,0,0
V7E010,1890039,41,seeker,full,1,34,2,0
V7E010,1890039,41,hider,full,1,100,0,0
V7E010,1890039,41,seeker,no_block,1,34,0,0
V7E010,1890039,41,hider,no_block,1,100,0,0
V7E010,1890039,41,seeker,no_ramp,1,34,2,0
V7E010,1890039,41,hider,no_ramp,1,100,0,0
V7E010,1890039,41,seeker,no_objects,1,34,0,0
V7E010,1890039,41,hider,no_objects,1,100,0,0
V7E010,1890040,41,seeker,full,1,33,2,0
V7E010,1890040,41,hider,full,1,100,0,0
V7E010,1890040,41,seeker,no_block,1,33,0,0
V7E010,1890040,41,hider,no_block,1,100,0,0
V7E010,1890040,41,seeker,no_ramp,1,33,2,0
V7E010,1890040,41,hider,no_ramp,1,100,0,0
V7E010,1890040,41,seeker,no_objects,1,33,0,0
V7E010,1890040,41,hider,no_objects,1,100,0,0
V7E010,1890041,41,seeker,full,1,13,0,0
V7E010,1890041,41,hider,full,1,100,0,0
V7E010,1890041,41,seeker,no_block,1,18,0,0
V7E010,1890041,41,hider,no_block,1,100,0,0
V7E010,1890041,41,seeker,no_ramp,1,13,0,0
V7E010,1890041,41,hider,no_ramp,1,100,0,0
V7E010,1890041,41,seeker,no_objects,1,18,0,0
V7E010,1890041,41,hider,no_objects,0,37,0,0
V7E010,1890042,41,seeker,full,1,4,0,0
V7E010,1890042,41,hider,full,0,5,0,0
V7E010,1890042,41,seeker,no_block,1,4,0,0
V7E010,1890042,41,hider,no_block,0,5,0,0
V7E010,1890042,41,seeker,no_ramp,1,4,0,0
V7E010,1890042,41,hider,no_ramp,0,5,0,0
V7E010,1890042,41,seeker,no_objects,1,4,0,0
V7E010,1890042,41,hider,no_objects,0,5,0,0
V7E010,1890043,41,seeker,full,1,34,2,1
V7E010,1890043,41,hider,full,1,100,0,0
V7E010,1890043,41,seeker,no_block,1,34,0,1
V7E010,1890043,41,hider,no_block,0,33,0,0
V7E010,1890043,41,seeker,no_ramp,1,37,2,0
V7E010,1890043,41,hider,no_ramp,1,100,0,0
V7E010,1890043,41,seeker,no_objects,1,37,0,0
V7E010,1890043,41,hider,no_objects,1,100,0,0
V7E010,1890044,41,seeker,full,1,32,2,0
V7E010,1890044,41,hider,full,1,100,0,0
V7E010,1890044,41,seeker,no_block,1,32,0,0
V7E010,1890044,41,hider,no_block,1,100,0,0
V7E010,1890044,41,seeker,no_ramp,1,32,2,0
V7E010,1890044,41,hider,no_ramp,1,100,0,0
V7E010,1890044,41,seeker,no_objects,1,32,0,0
V7E010,1890044,41,hider,no_objects,1,100,0,0
V7E010,1890045,41,seeker,full,0,100,2,0
V7E010,1890045,41,hider,full,1,100,0,0
V7E010,1890045,41,seeker,no_block,1,28,0,0
V7E010,1890045,41,hider,no_block,1,100,0,0
V7E010,1890045,41,seeker,no_ramp,0,100,2,0
V7E010,1890045,41,hider,no_ramp,1,100,0,0
V7E010,1890045,41,seeker,no_objects,1,28,0,0
V7E010,1890045,41,hider,no_objects,1,100,0,0
V7E010,1890046,41,seeker,full,1,1,0,0
V7E010,1890046,41,hider,full,0,1,0,0
V7E010,1890046,41,seeker,no_block,1,1,0,0
V7E010,1890046,41,hider,no_block,0,1,0,0
V7E010,1890046,41,seeker,no_ramp,1,1,0,0
V7E010,1890046,41,hider,no_ramp,0,1,0,0
V7E010,1890046,41,seeker,no_objects,1,1,0,0
V7E010,1890046,41,hider,no_objects,0,1,0,0
V7E010,1890047,41,seeker,full,1,33,2,1
V7E010,1890047,41,hider,full,1,100,0,0
V7E010,1890047,41,seeker,no_block,1,33,0,1
V7E010,1890047,41,hider,no_block,1,100,0,0
V7E010,1890047,41,seeker,no_ramp,1,36,2,0
V7E010,1890047,41,hider,no_ramp,1,100,0,0
V7E010,1890047,41,seeker,no_objects,1,36,0,0
V7E010,1890047,41,hider,no_objects,1,100,0,0
V7E010,1890048,41,seeker,full,1,42,2,1
V7E010,1890048,41,hider,full,1,100,0,0
V7E010,1890048,41,seeker,no_block,1,42,0,1
V7E010,1890048,41,hider,no_block,1,100,0,0
V7E010,1890048,41,seeker,no_ramp,1,43,2,0
V7E010,1890048,41,hider,no_ramp,1,100,0,0
V7E010,1890048,41,seeker,no_objects,1,43,0,0
V7E010,1890048,41,hider,no_objects,1,100,0,0
V7E010,1890049,41,seeker,full,1,10,0,0
V7E010,1890049,41,hider,full,1,100,0,0
V7E010,1890049,41,seeker,no_block,1,10,0,0
V7E010,1890049,41,hider,no_block,1,100,0,0
V7E010,1890049,41,seeker,no_ramp,1,10,0,0
V7E010,1890049,41,hider,no_ramp,1,100,0,0
V7E010,1890049,41,seeker,no_objects,1,10,0,0
V7E010,1890049,41,hider,no_objects,1,100,0,0
V7E010,1890050,41,seeker,full,1,8,0,0
V7E010,1890050,41,hider,full,1,100,0,0
V7E010,1890050,41,seeker,no_block,1,8,0,0
V7E010,1890050,41,hider,no_block,1,100,0,0
V7E010,1890050,41,seeker,no_ramp,1,8,0,0
V7E010,1890050,41,hider,no_ramp,1,100,0,0
V7E010,1890050,41,seeker,no_objects,1,8,0,0
V7E010,1890050,41,hider,no_objects,1,100,0,0
V7E010,1890051,41,seeker,full,1,34,2,0
V7E010,1890051,41,hider,full,1,100,0,0
V7E010,1890051,41,seeker,no_block,1,34,0,0
V7E010,1890051,41,hider,no_block,1,100,0,0
V7E010,1890051,41,seeker,no_ramp,1,34,2,0
V7E010,1890051,41,hider,no_ramp,1,100,0,0
V7E010,1890051,41,seeker,no_objects,1,34,0,0
V7E010,1890051,41,hider,no_objects,1,100,0,0
V7E010,1890052,41,seeker,full,1,42,2,1
V7E010,1890052,41,hider,full,1,100,0,0
V7E010,1890052,41,seeker,no_block,1,42,0,1
V7E010,1890052,41,hider,no_block,1,100,0,0
V7E010,1890052,41,seeker,no_ramp,1,37,2,0
V7E010,1890052,41,hider,no_ramp,1,100,0,0
V7E010,1890052,41,seeker,no_objects,1,37,0,0
V7E010,1890052,41,hider,no_objects,1,100,0,0
V7E010,1890053,41,seeker,full,1,34,2,0
V7E010,1890053,41,hider,full,1,100,0,0
V7E010,1890053,41,seeker,no_block,1,34,0,0
V7E010,1890053,41,hider,no_block,1,100,0,0
V7E010,1890053,41,seeker,no_ramp,1,34,2,0
V7E010,1890053,41,hider,no_ramp,1,100,0,0
V7E010,1890053,41,seeker,no_objects,1,34,0,0
V7E010,1890053,41,hider,no_objects,1,100,0,0
V7E010,1890054,41,seeker,full,1,2,0,0
V7E010,1890054,41,hider,full,1,100,0,0
V7E010,1890054,41,seeker,no_block,1,2,0,0
V7E010,1890054,41,hider,no_block,1,100,0,0
V7E010,1890054,41,seeker,no_ramp,1,2,0,0
V7E010,1890054,41,hider,no_ramp,1,100,0,0
V7E010,1890054,41,seeker,no_objects,1,2,0,0
V7E010,1890054,41,hider,no_objects,1,100,0,0
V7E010,1890055,41,seeker,full,0,100,2,0
V7E010,1890055,41,hider,full,1,100,0,0
V7E010,1890055,41,seeker,no_block,1,29,0,0
V7E010,1890055,41,hider,no_block,1,100,0,0
V7E010,1890055,41,seeker,no_ramp,0,100,2,0
V7E010,1890055,41,hider,no_ramp,1,100,0,0
V7E010,1890055,41,seeker,no_objects,1,29,0,0
V7E010,1890055,41,hider,no_objects,1,100,0,0
V7E010,1890056,41,seeker,full,1,36,2,1
V7E010,1890056,41,hider,full,1,100,0,0
V7E010,1890056,41,seeker,no_block,1,36,0,1
V7E010,1890056,41,hider,no_block,1,100,0,0
V7E010,1890056,41,seeker,no_ramp,1,37,2,0
V7E010,1890056,41,hider,no_ramp,1,100,0,0
V7E010,1890056,41,seeker,no_objects,1,37,0,0
V7E010,1890056,41,hider,no_objects,1,100,0,0
V7E010,1890057,41,seeker,full,1,37,2,1
V7E010,1890057,41,hider,full,0,35,0,0
V7E010,1890057,41,seeker,no_block,1,37,0,1
V7E010,1890057,41,hider,no_block,0,35,0,0
V7E010,1890057,41,seeker,no_ramp,1,40,2,0
V7E010,1890057,41,hider,no_ramp,1,100,0,0
V7E010,1890057,41,seeker,no_objects,1,40,0,0
V7E010,1890057,41,hider,no_objects,1,100,0,0
V7E010,1890058,41,seeker,full,1,1,0,0
V7E010,1890058,41,hider,full,0,1,0,0
V7E010,1890058,41,seeker,no_block,1,1,0,0
V7E010,1890058,41,hider,no_block,0,1,0,0
V7E010,1890058,41,seeker,no_ramp,1,1,0,0
V7E010,1890058,41,hider,no_ramp,0,1,0,0
V7E010,1890058,41,seeker,no_objects,1,1,0,0
V7E010,1890058,41,hider,no_objects,0,1,0,0
V7E010,1890059,41,seeker,full,1,17,0,1
V7E010,1890059,41,hider,full,1,100,0,0
V7E010,1890059,41,seeker,no_block,1,17,0,1
V7E010,1890059,41,hider,no_block,1,100,0,0
V7E010,1890059,41,seeker,no_ramp,1,12,0,0
V7E010,1890059,41,hider,no_ramp,1,100,0,0
V7E010,1890059,41,seeker,no_objects,1,12,0,0
V7E010,1890059,41,hider,no_objects,1,100,0,0
V7E010,1890060,41,seeker,full,1,3,0,0
V7E010,1890060,41,hider,full,0,2,0,0
V7E010,1890060,41,seeker,no_block,1,3,0,0
V7E010,1890060,41,hider,no_block,0,2,0,0
V7E010,1890060,41,seeker,no_ramp,1,3,0,0
V7E010,1890060,41,hider,no_ramp,0,2,0,0
V7E010,1890060,41,seeker,no_objects,1,3,0,0
V7E010,1890060,41,hider,no_objects,0,3,0,0
V7E010,1890061,41,seeker,full,1,37,2,1
V7E010,1890061,41,hider,full,1,100,0,0
V7E010,1890061,41,seeker,no_block,1,37,0,1
V7E010,1890061,41,hider,no_block,1,100,0,0
V7E010,1890061,41,seeker,no_ramp,1,38,2,0
V7E010,1890061,41,hider,no_ramp,1,100,0,0
V7E010,1890061,41,seeker,no_objects,1,38,0,0
V7E010,1890061,41,hider,no_objects,1,100,0,0
V7E010,1890062,41,seeker,full,1,37,2,1
V7E010,1890062,41,hider,full,1,100,0,0
V7E010,1890062,41,seeker,no_block,1,37,0,1
V7E010,1890062,41,hider,no_block,1,100,0,0
V7E010,1890062,41,seeker,no_ramp,1,38,2,0
V7E010,1890062,41,hider,no_ramp,1,100,0,0
V7E010,1890062,41,seeker,no_objects,1,38,0,0
V7E010,1890062,41,hider,no_objects,1,100,0,0
V7E010,1890063,41,seeker,full,0,100,2,0
V7E010,1890063,41,hider,full,1,100,0,0
V7E010,1890063,41,seeker,no_block,1,27,0,0
V7E010,1890063,41,hider,no_block,1,100,0,0
V7E010,1890063,41,seeker,no_ramp,0,100,2,0
V7E010,1890063,41,hider,no_ramp,1,100,0,0
V7E010,1890063,41,seeker,no_objects,1,27,0,0
V7E010,1890063,41,hider,no_objects,1,100,0,0
V7E010,1890064,41,seeker,full,1,4,0,0
V7E010,1890064,41,hider,full,1,100,0,0
V7E010,1890064,41,seeker,no_block,1,4,0,0
V7E010,1890064,41,hider,no_block,0,2,0,0
V7E010,1890064,41,seeker,no_ramp,1,4,0,0
V7E010,1890064,41,hider,no_ramp,1,100,0,0
V7E010,1890064,41,seeker,no_objects,1,4,0,0
V7E010,1890064,41,hider,no_objects,0,2,0,0
V7E010,1890065,41,seeker,full,1,16,0,0
V7E010,1890065,41,hider,full,1,100,0,0
V7E010,1890065,41,seeker,no_block,1,17,0,0
V7E010,1890065,41,hider,no_block,1,100,0,0
V7E010,1890065,41,seeker,no_ramp,1,16,0,0
V7E010,1890065,41,hider,no_ramp,1,100,0,0
V7E010,1890065,41,seeker,no_objects,1,17,0,0
V7E010,1890065,41,hider,no_objects,0,36,0,0
V7E010,1890066,41,seeker,full,1,2,0,0
V7E010,1890066,41,hider,full,1,100,0,0
V7E010,1890066,41,seeker,no_block,1,2,0,0
V7E010,1890066,41,hider,no_block,1,100,0,0
V7E010,1890066,41,seeker,no_ramp,1,2,0,0
V7E010,1890066,41,hider,no_ramp,1,100,0,0
V7E010,1890066,41,seeker,no_objects,1,2,0,0
V7E010,1890066,41,hider,no_objects,1,100,0,0
V7E010,1890067,41,seeker,full,1,48,2,1
V7E010,1890067,41,hider,full,1,100,0,0
V7E010,1890067,41,seeker,no_block,1,48,0,1
V7E010,1890067,41,hider,no_block,1,100,0,0
V7E010,1890067,41,seeker,no_ramp,1,43,2,0
V7E010,1890067,41,hider,no_ramp,1,100,0,0
V7E010,1890067,41,seeker,no_objects,1,43,0,0
V7E010,1890067,41,hider,no_objects,1,100,0,0
V7E010,1890068,41,seeker,full,1,58,8,1
V7E010,1890068,41,hider,full,1,100,0,0
V7E010,1890068,41,seeker,no_block,1,56,0,1
V7E010,1890068,41,hider,no_block,1,100,0,0
V7E010,1890068,41,seeker,no_ramp,1,53,8,0
V7E010,1890068,41,hider,no_ramp,1,100,0,0
V7E010,1890068,41,seeker,no_objects,1,51,0,0
V7E010,1890068,41,hider,no_objects,1,100,0,0
V7E010,1890069,41,seeker,full,1,13,0,0
V7E010,1890069,41,hider,full,1,100,0,0
V7E010,1890069,41,seeker,no_block,1,13,0,0
V7E010,1890069,41,hider,no_block,1,100,0,0
V7E010,1890069,41,seeker,no_ramp,1,13,0,0
V7E010,1890069,41,hider,no_ramp,1,100,0,0
V7E010,1890069,41,seeker,no_objects,1,13,0,0
V7E010,1890069,41,hider,no_objects,1,100,0,0
V7E010,1890070,41,seeker,full,1,7,0,0
V7E010,1890070,41,hider,full,1,100,0,0
V7E010,1890070,41,seeker,no_block,1,7,0,0
V7E010,1890070,41,hider,no_block,1,100,0,0
V7E010,1890070,41,seeker,no_ramp,1,7,0,0
V7E010,1890070,41,hider,no_ramp,1,100,0,0
V7E010,1890070,41,seeker,no_objects,1,7,0,0
V7E010,1890070,41,hider,no_objects,1,100,0,0
V7E010,1890071,41,seeker,full,1,4,0,0
V7E010,1890071,41,hider,full,0,2,0,0
V7E010,1890071,41,seeker,no_block,1,4,0,0
V7E010,1890071,41,hider,no_block,0,2,0,0
V7E010,1890071,41,seeker,no_ramp,1,4,0,0
V7E010,1890071,41,hider,no_ramp,0,2,0,0
V7E010,1890071,41,seeker,no_objects,1,4,0,0
V7E010,1890071,41,hider,no_objects,0,2,0,0
V7E010,1890072,41,seeker,full,1,5,0,0
V7E010,1890072,41,hider,full,1,100,0,0
V7E010,1890072,41,seeker,no_block,1,5,0,0
V7E010,1890072,41,hider,no_block,1,100,0,0
V7E010,1890072,41,seeker,no_ramp,1,5,0,0
V7E010,1890072,41,hider,no_ramp,1,100,0,0
V7E010,1890072,41,seeker,no_objects,1,5,0,0
V7E010,1890072,41,hider,no_objects,1,100,0,0
V7E010,1890073,41,seeker,full,1,14,2,0
V7E010,1890073,41,hider,full,1,100,0,0
V7E010,1890073,41,seeker,no_block,1,14,0,0
V7E010,1890073,41,hider,no_block,1,100,0,0
V7E010,1890073,41,seeker,no_ramp,1,14,2,0
V7E010,1890073,41,hider,no_ramp,1,100,0,0
V7E010,1890073,41,seeker,no_objects,1,14,0,0
V7E010,1890073,41,hider,no_objects,1,100,0,0
V7E010,1890074,41,seeker,full,1,10,0,0
V7E010,1890074,41,hider,full,1,100,0,0
V7E010,1890074,41,seeker,no_block,1,10,0,0
V7E010,1890074,41,hider,no_block,1,100,0,0
V7E010,1890074,41,seeker,no_ramp,1,10,0,0
V7E010,1890074,41,hider,no_ramp,1,100,0,0
V7E010,1890074,41,seeker,no_objects,1,10,0,0
V7E010,1890074,41,hider,no_objects,1,100,0,0
V7E010,1890075,41,seeker,full,1,38,2,0
V7E010,1890075,41,hider,full,1,100,0,0
V7E010,1890075,41,seeker,no_block,1,38,0,0
V7E010,1890075,41,hider,no_block,1,100,0,0
V7E010,1890075,41,seeker,no_ramp,1,38,2,0
V7E010,1890075,41,hider,no_ramp,1,100,0,0
V7E010,1890075,41,seeker,no_objects,1,38,0,0
V7E010,1890075,41,hider,no_objects,1,100,0,0
V7E010,1890076,41,seeker,full,1,28,0,0
V7E010,1890076,41,hider,full,1,100,0,0
V7E010,1890076,41,seeker,no_block,1,29,0,0
V7E010,1890076,41,hider,no_block,1,100,0,0
V7E010,1890076,41,seeker,no_ramp,1,28,0,0
V7E010,1890076,41,hider,no_ramp,1,100,0,0
V7E010,1890076,41,seeker,no_objects,1,29,0,0
V7E010,1890076,41,hider,no_objects,1,100,0,0
V7E010,1890077,41,seeker,full,1,15,0,0
V7E010,1890077,41,hider,full,0,27,0,0
V7E010,1890077,41,seeker,no_block,1,16,0,0
V7E010,1890077,41,hider,no_block,0,26,0,0
V7E010,1890077,41,seeker,no_ramp,1,15,0,0
V7E010,1890077,41,hider,no_ramp,0,27,0,0
V7E010,1890077,41,seeker,no_objects,1,16,0,0
V7E010,1890077,41,hider,no_objects,0,26,0,0
V7E010,1890078,41,seeker,full,1,29,2,0
V7E010,1890078,41,hider,full,1,100,0,0
V7E010,1890078,41,seeker,no_block,1,29,0,0
V7E010,1890078,41,hider,no_block,1,100,0,0
V7E010,1890078,41,seeker,no_ramp,1,29,2,0
V7E010,1890078,41,hider,no_ramp,1,100,0,0
V7E010,1890078,41,seeker,no_objects,1,29,0,0
V7E010,1890078,41,hider,no_objects,1,100,0,0
V7E010,1890079,41,seeker,full,1,35,2,1
V7E010,1890079,41,hider,full,1,100,0,0
V7E010,1890079,41,seeker,no_block,1,35,0,1
V7E010,1890079,41,hider,no_block,1,100,0,0
V7E010,1890079,41,seeker,no_ramp,1,38,2,0
V7E010,1890079,41,hider,no_ramp,1,100,0,0
V7E010,1890079,41,seeker,no_objects,1,38,0,0
V7E010,1890079,41,hider,no_objects,1,100,0,0
V7E010,1890080,41,seeker,full,1,2,0,0
V7E010,1890080,41,hider,full,1,100,0,0
V7E010,1890080,41,seeker,no_block,1,2,0,0
V7E010,1890080,41,hider,no_block,1,100,0,0
V7E010,1890080,41,seeker,no_ramp,1,2,0,0
V7E010,1890080,41,hider,no_ramp,1,100,0,0
V7E010,1890080,41,seeker,no_objects,1,2,0,0
V7E010,1890080,41,hider,no_objects,1,100,0,0
V7E010,1890081,41,seeker,full,1,25,0,0
V7E010,1890081,41,hider,full,1,100,0,0
V7E010,1890081,41,seeker,no_block,1,26,0,0
V7E010,1890081,41,hider,no_block,1,100,0,0
V7E010,1890081,41,seeker,no_ramp,1,25,0,0
V7E010,1890081,41,hider,no_ramp,1,100,0,0
V7E010,1890081,41,seeker,no_objects,1,26,0,0
V7E010,1890081,41,hider,no_objects,1,100,0,0
V7E010,1890082,41,seeker,full,1,28,2,0
V7E010,1890082,41,hider,full,0,28,0,0
V7E010,1890082,41,seeker,no_block,1,28,0,0
V7E010,1890082,41,hider,no_block,0,27,0,0
V7E010,1890082,41,seeker,no_ramp,1,28,2,0
V7E010,1890082,41,hider,no_ramp,0,28,0,0
V7E010,1890082,41,seeker,no_objects,1,28,0,0
V7E010,1890082,41,hider,no_objects,0,27,0,0
V7E010,1890083,41,seeker,full,1,35,2,0
V7E010,1890083,41,hider,full,1,100,0,0
V7E010,1890083,41,seeker,no_block,1,35,0,0
V7E010,1890083,41,hider,no_block,1,100,0,0
V7E010,1890083,41,seeker,no_ramp,1,35,2,0
V7E010,1890083,41,hider,no_ramp,1,100,0,0
V7E010,1890083,41,seeker,no_objects,1,35,0,0
V7E010,1890083,41,hider,no_objects,1,100,0,0
V7E010,1890084,41,seeker,full,1,34,2,1
V7E010,1890084,41,hider,full,1,100,0,0
V7E010,1890084,41,seeker,no_block,1,34,0,1
V7E010,1890084,41,hider,no_block,1,100,0,0
V7E010,1890084,41,seeker,no_ramp,1,31,2,0
V7E010,1890084,41,hider,no_ramp,1,100,0,0
V7E010,1890084,41,seeker,no_objects,1,31,0,0
V7E010,1890084,41,hider,no_objects,1,100,0,0
V7E010,1890085,41,seeker,full,1,12,0,0
V7E010,1890085,41,hider,full,0,6,0,0
V7E010,1890085,41,seeker,no_block,1,12,0,0
V7E010,1890085,41,hider,no_block,0,6,0,0
V7E010,1890085,41,seeker,no_ramp,1,12,0,0
V7E010,1890085,41,hider,no_ramp,0,5,0,0
V7E010,1890085,41,seeker,no_objects,1,12,0,0
V7E010,1890085,41,hider,no_objects,0,6,0,0
V7E010,1890086,41,seeker,full,1,47,2,1
V7E010,1890086,41,hider,full,1,100,0,0
V7E010,1890086,41,seeker,no_block,1,47,0,1
V7E010,1890086,41,hider,no_block,1,100,0,0
V7E010,1890086,41,seeker,no_ramp,1,42,2,0
V7E010,1890086,41,hider,no_ramp,1,100,0,0
V7E010,1890086,41,seeker,no_objects,1,42,0,0
V7E010,1890086,41,hider,no_objects,1,100,0,0
V7E010,1890087,41,seeker,full,1,36,2,0
V7E010,1890087,41,hider,full,1,100,0,0
V7E010,1890087,41,seeker,no_block,1,36,0,0
V7E010,1890087,41,hider,no_block,1,100,0,0
V7E010,1890087,41,seeker,no_ramp,1,36,2,0
V7E010,1890087,41,hider,no_ramp,1,100,0,0
V7E010,1890087,41,seeker,no_objects,1,36,0,0
V7E010,1890087,41,hider,no_objects,1,100,0,0
V7E010,1890088,41,seeker,full,1,3,0,0
V7E010,1890088,41,hider,full,1,100,0,0
V7E010,1890088,41,seeker,no_block,1,3,0,0
V7E010,1890088,41,hider,no_block,1,100,0,0
V7E010,1890088,41,seeker,no_ramp,1,3,0,0
V7E010,1890088,41,hider,no_ramp,1,100,0,0
V7E010,1890088,41,seeker,no_objects,1,3,0,0
V7E010,1890088,41,hider,no_objects,1,100,0,0
V7E010,1890089,41,seeker,full,1,35,2,1
V7E010,1890089,41,hider,full,1,100,0,0
V7E010,1890089,41,seeker,no_block,1,35,0,1
V7E010,1890089,41,hider,no_block,1,100,0,0
V7E010,1890089,41,seeker,no_ramp,1,32,2,0
V7E010,1890089,41,hider,no_ramp,1,100,0,0
V7E010,1890089,41,seeker,no_objects,1,32,0,0
V7E010,1890089,41,hider,no_objects,1,100,0,0
V7E010,1890090,41,seeker,full,1,13,0,0
V7E010,1890090,41,hider,full,1,100,0,0
V7E010,1890090,41,seeker,no_block,1,13,0,0
V7E010,1890090,41,hider,no_block,1,100,0,0
V7E010,1890090,41,seeker,no_ramp,1,13,0,0
V7E010,1890090,41,hider,no_ramp,1,100,0,0
V7E010,1890090,41,seeker,no_objects,1,13,0,0
V7E010,1890090,41,hider,no_objects,1,100,0,0
V7E010,1890091,41,seeker,full,1,35,2,1
V7E010,1890091,41,hider,full,1,100,0,0
V7E010,1890091,41,seeker,no_block,1,35,0,1
V7E010,1890091,41,hider,no_block,1,100,0,0
V7E010,1890091,41,seeker,no_ramp,1,38,2,0
V7E010,1890091,41,hider,no_ramp,1,100,0,0
V7E010,1890091,41,seeker,no_objects,1,38,0,0
V7E010,1890091,41,hider,no_objects,1,100,0,0
V7E010,1890092,41,seeker,full,1,37,2,1
V7E010,1890092,41,hider,full,1,100,0,0
V7E010,1890092,41,seeker,no_block,1,37,0,1
V7E010,1890092,41,hider,no_block,1,100,0,0
V7E010,1890092,41,seeker,no_ramp,1,10,2,0
V7E010,1890092,41,hider,no_ramp,1,100,0,0
V7E010,1890092,41,seeker,no_objects,1,10,0,0
V7E010,1890092,41,hider,no_objects,1,100,0,0
V7E010,1890093,41,seeker,full,1,34,2,0
V7E010,1890093,41,hider,full,1,100,0,0
V7E010,1890093,41,seeker,no_block,1,34,0,0
V7E010,1890093,41,hider,no_block,1,100,0,0
V7E010,1890093,41,seeker,no_ramp,1,34,2,0
V7E010,1890093,41,hider,no_ramp,1,100,0,0
V7E010,1890093,41,seeker,no_objects,1,34,0,0
V7E010,1890093,41,hider,no_objects,1,100,0,0
V7E010,1890094,41,seeker,full,1,1,0,0
V7E010,1890094,41,hider,full,0,1,0,0
V7E010,1890094,41,seeker,no_block,1,1,0,0
V7E010,1890094,41,hider,no_block,0,1,0,0
V7E010,1890094,41,seeker,no_ramp,1,1,0,0
V7E010,1890094,41,hider,no_ramp,0,1,0,0
V7E010,1890094,41,seeker,no_objects,1,1,0,0
V7E010,1890094,41,hider,no_objects,0,1,0,0
V7E010,1890095,41,seeker,full,1,35,2,0
V7E010,1890095,41,hider,full,1,100,0,0
V7E010,1890095,41,seeker,no_block,1,35,0,0
V7E010,1890095,41,hider,no_block,1,100,0,0
V7E010,1890095,41,seeker,no_ramp,1,35,2,0
V7E010,1890095,41,hider,no_ramp,1,100,0,0
V7E010,1890095,41,seeker,no_objects,1,35,0,0
V7E010,1890095,41,hider,no_objects,1,100,0,0
V7E010,1890096,41,seeker,full,1,35,2,1
V7E010,1890096,41,hider,full,1,100,0,0
V7E010,1890096,41,seeker,no_block,1,35,0,1
V7E010,1890096,41,hider,no_block,1,100,0,0
V7E010,1890096,41,seeker,no_ramp,1,32,2,0
V7E010,1890096,41,hider,no_ramp,1,100,0,0
V7E010,1890096,41,seeker,no_objects,1,32,0,0
V7E010,1890096,41,hider,no_objects,1,100,0,0
V7E010,1890097,41,seeker,full,1,13,0,0
V7E010,1890097,41,hider,full,1,100,0,0
V7E010,1890097,41,seeker,no_block,1,14,0,0
V7E010,1890097,41,hider,no_block,1,100,0,0
V7E010,1890097,41,seeker,no_ramp,1,13,0,0
V7E010,1890097,41,hider,no_ramp,1,100,0,0
V7E010,1890097,41,seeker,no_objects,1,14,0,0
V7E010,1890097,41,hider,no_objects,0,37,0,0
V7E010,1890098,41,seeker,full,1,30,2,0
V7E010,1890098,41,hider,full,1,100,0,0
V7E010,1890098,41,seeker,no_block,1,30,0,0
V7E010,1890098,41,hider,no_block,1,100,0,0
V7E010,1890098,41,seeker,no_ramp,1,30,2,0
V7E010,1890098,41,hider,no_ramp,1,100,0,0
V7E010,1890098,41,seeker,no_objects,1,30,0,0
V7E010,1890098,41,hider,no_objects,1,100,0,0
V7E010,1890099,41,seeker,full,1,3,0,0
V7E010,1890099,41,hider,full,1,100,0,0
V7E010,1890099,41,seeker,no_block,1,3,0,0
V7E010,1890099,41,hider,no_block,1,100,0,0
V7E010,1890099,41,seeker,no_ramp,1,3,0,0
V7E010,1890099,41,hider,no_ramp,1,100,0,0
V7E010,1890099,41,seeker,no_objects,1,3,0,0
V7E010,1890099,41,hider,no_objects,1,100,0,0
