map,training_seed,eval_seed,matchup,captured,steps,pushes,crosses
V7E001,42,1400000,random,0,100,0,0
V7E001,42,1400000,teacher,1,11,0,1
V7E001,42,1400000,learned,1,11,0,1
V7E001,42,1400001,random,0,100,3,0
V7E001,42,1400001,teacher,1,41,3,0
V7E001,42,1400001,learned,1,41,3,0
V7E001,42,1400002,random,0,100,0,0
V7E001,42,1400002,teacher,1,8,0,0
V7E001,42,1400002,learned,1,8,0,0
V7E001,42,1400003,random,1,65,0,1
V7E001,42,1400003,teacher,1,2,0,0
V7E001,42,1400003,learned,1,2,0,0
V7E001,42,1400004,random,0,100,3,0
V7E001,42,1400004,teacher,1,27,0,1
V7E001,42,1400004,learned,1,27,0,1
V7E001,42,1400005,random,0,100,0,0
V7E001,42,1400005,teacher,1,15,0,1
V7E001,42,1400005,learned,1,15,0,1
V7E001,42,1400006,random,1,2,0,0
V7E001,42,1400006,teacher,1,2,0,0
V7E001,42,1400006,learned,1,2,0,0
V7E001,42,1400007,random,0,100,0,0
V7E001,42,1400007,teacher,1,33,3,1
V7E001,42,1400007,learned,1,33,3,1
V7E001,42,1400008,random,1,19,0,0
V7E001,42,1400008,teacher,1,47,3,1
V7E001,42,1400008,learned,1,47,3,1
V7E001,42,1400009,random,1,20,0,0
V7E001,42,1400009,teacher,1,2,0,0
V7E001,42,1400009,learned,1,2,0,0
V7E001,42,1400010,random,0,100,1,0
V7E001,42,1400010,teacher,1,12,0,1
V7E001,42,1400010,learned,1,12,0,1
V7E001,42,1400011,random,0,100,0,0
V7E001,42,1400011,teacher,1,3,0,0
V7E001,42,1400011,learned,1,3,0,0
V7E001,42,1400012,random,0,100,0,0
V7E001,42,1400012,teacher,1,12,0,1
V7E001,42,1400012,learned,1,12,0,1
V7E001,42,1400013,random,0,100,2,0
V7E001,42,1400013,teacher,1,34,3,0
V7E001,42,1400013,learned,1,34,3,0
V7E001,42,1400014,random,0,100,0,0
V7E001,42,1400014,teacher,1,48,3,1
V7E001,42,1400014,learned,1,48,3,1
V7E001,42,1400015,random,0,100,0,0
V7E001,42,1400015,teacher,1,6,0,1
V7E001,42,1400015,learned,1,6,0,1
V7E001,42,1400016,random,1,63,2,1
V7E001,42,1400016,teacher,1,7,2,0
V7E001,42,1400016,learned,1,7,2,0
V7E001,42,1400017,random,0,100,0,0
V7E001,42,1400017,teacher,1,41,3,0
V7E001,42,1400017,learned,1,41,3,0
V7E001,42,1400018,random,1,27,0,1
V7E001,42,1400018,teacher,1,9,0,1
V7E001,42,1400018,learned,1,9,0,1
V7E001,42,1400019,random,0,100,0,0
V7E001,42,1400019,teacher,1,26,3,0
V7E001,42,1400019,learned,1,26,3,0
V7E001,42,1400020,random,1,42,0,1
V7E001,42,1400020,teacher,1,1,0,0
V7E001,42,1400020,learned,1,1,0,0
V7E001,42,1400021,random,0,100,0,0
V7E001,42,1400021,teacher,1,28,2,0
V7E001,42,1400021,learned,1,28,2,0
V7E001,42,1400022,random,1,20,0,1
V7E001,42,1400022,teacher,1,27,0,1
V7E001,42,1400022,learned,1,27,0,1
V7E001,42,1400023,random,1,10,0,0
V7E001,42,1400023,teacher,1,4,0,0
V7E001,42,1400023,learned,1,4,0,0
V7E001,42,1400024,random,0,100,1,0
V7E001,42,1400024,teacher,1,24,3,0
V7E001,42,1400024,learned,1,24,3,0
V7E001,42,1400025,random,0,100,2,1
V7E001,42,1400025,teacher,1,2,0,0
V7E001,42,1400025,learned,1,2,0,0
V7E001,42,1400026,random,1,49,2,1
V7E001,42,1400026,teacher,1,1,0,0
V7E001,42,1400026,learned,1,1,0,0
V7E001,42,1400027,random,1,8,1,0
V7E001,42,1400027,teacher,1,4,0,0
V7E001,42,1400027,learned,1,4,0,0
V7E001,42,1400028,random,0,100,3,0
V7E001,42,1400028,teacher,1,54,3,0
V7E001,42,1400028,learned,0,100,3,0
V7E001,42,1400029,random,1,75,0,1
V7E001,42,1400029,teacher,1,5,0,1
V7E001,42,1400029,learned,1,5,0,1
V7E001,42,1400030,random,1,10,0,0
V7E001,42,1400030,teacher,1,4,1,0
V7E001,42,1400030,learned,1,4,1,0
V7E001,42,1400031,random,0,100,0,0
V7E001,42,1400031,teacher,1,26,3,0
V7E001,42,1400031,learned,1,26,3,0
V7E001,42,1400032,random,1,17,0,0
V7E001,42,1400032,teacher,1,3,0,0
V7E001,42,1400032,learned,1,3,0,0
V7E001,42,1400033,random,0,100,0,0
V7E001,42,1400033,teacher,1,8,0,0
V7E001,42,1400033,learned,1,8,0,0
V7E001,42,1400034,random,0,100,0,0
V7E001,42,1400034,teacher,1,9,2,1
V7E001,42,1400034,learned,1,9,2,1
V7E001,42,1400035,random,0,100,0,0
V7E001,42,1400035,teacher,1,26,3,0
V7E001,42,1400035,learned,1,26,3,0
V7E001,42,1400036,random,0,100,3,1
V7E001,42,1400036,teacher,1,2,0,0
V7E001,42,1400036,learned,1,2,0,0
V7E001,42,1400037,random,0,100,2,0
V7E001,42,1400037,teacher,1,10,2,0
V7E001,42,1400037,learned,1,10,2,0
V7E001,42,1400038,random,0,100,0,0
V7E001,42,1400038,teacher,1,8,2,0
V7E001,42,1400038,learned,1,8,2,0
V7E001,42,1400039,random,0,100,0,0
V7E001,42,1400039,teacher,1,8,0,0
V7E001,42,1400039,learned,1,8,0,0
V7E001,42,1400040,random,0,100,0,0
V7E001,42,1400040,teacher,1,13,0,0
V7E001,42,1400040,learned,1,13,0,0
V7E001,42,1400041,random,1,77,0,1
V7E001,42,1400041,teacher,1,7,0,1
V7E001,42,1400041,learned,1,7,0,1
V7E001,42,1400042,random,1,77,0,1
V7E001,42,1400042,teacher,1,6,2,0
V7E001,42,1400042,learned,1,6,2,0
V7E001,42,1400043,random,0,100,0,0
V7E001,42,1400043,teacher,1,29,2,0
V7E001,42,1400043,learned,1,29,2,0
V7E001,42,1400044,random,0,100,0,0
V7E001,42,1400044,teacher,1,25,3,0
V7E001,42,1400044,learned,1,25,3,0
V7E001,42,1400045,random,1,16,2,0
V7E001,42,1400045,teacher,1,6,0,1
V7E001,42,1400045,learned,1,6,0,1
V7E001,42,1400046,random,0,100,0,0
V7E001,42,1400046,teacher,1,7,2,0
V7E001,42,1400046,learned,1,7,2,0
V7E001,42,1400047,random,1,1,0,0
V7E001,42,1400047,teacher,1,1,0,0
V7E001,42,1400047,learned,1,1,0,0
V7E001,42,1400048,random,0,100,0,0
V7E001,42,1400048,teacher,1,12,0,1
V7E001,42,1400048,learned,1,12,0,1
V7E001,42,1400049,random,1,80,3,0
V7E001,42,1400049,teacher,1,7,2,0
V7E001,42,1400049,learned,1,7,2,0
V7E001,42,1400050,random,1,9,1,0
V7E001,42,1400050,teacher,1,5,0,0
V7E001,42,1400050,learned,1,5,0,0
V7E001,42,1400051,random,0,100,2,1
V7E001,42,1400051,teacher,1,40,3,0
V7E001,42,1400051,learned,1,40,3,0
V7E001,42,1400052,random,0,100,0,0
V7E001,42,1400052,teacher,1,17,0,1
V7E001,42,1400052,learned,1,17,0,1
V7E001,42,1400053,random,1,80,0,1
V7E001,42,1400053,teacher,1,11,0,1
V7E001,42,1400053,learned,1,11,0,1
V7E001,42,1400054,random,1,96,2,0
V7E001,42,1400054,teacher,1,12,0,1
V7E001,42,1400054,learned,1,12,0,1
V7E001,42,1400055,random,0,100,0,0
V7E001,42,1400055,teacher,1,48,3,1
V7E001,42,1400055,learned,1,48,3,1
V7E001,42,1400056,random,0,100,0,0
V7E001,42,1400056,teacher,1,6,0,1
V7E001,42,1400056,learned,1,6,0,1
V7E001,42,1400057,random,0,100,3,0
V7E001,42,1400057,teacher,1,30,3,1
V7E001,42,1400057,learned,0,100,3,1
V7E001,42,1400058,random,0,100,0,0
V7E001,42,1400058,teacher,1,7,2,0
V7E001,42,1400058,learned,1,7,2,0
V7E001,42,1400059,random,0,100,6,2
V7E001,42,1400059,teacher,1,36,3,1
V7E001,42,1400059,learned,1,36,3,1
V7E001,42,1400060,random,1,1,0,0
V7E001,42,1400060,teacher,1,4,0,0
V7E001,42,1400060,learned,1,4,0,0
V7E001,42,1400061,random,0,100,0,0
V7E001,42,1400061,teacher,1,13,0,1
V7E001,42,1400061,learned,1,13,0,1
V7E001,42,1400062,random,0,100,1,0
V7E001,42,1400062,teacher,1,10,0,1
V7E001,42,1400062,learned,1,10,0,1
V7E001,42,1400063,random,1,62,0,1
V7E001,42,1400063,teacher,1,9,0,1
V7E001,42,1400063,learned,1,9,0,1
V7E001,42,1400064,random,1,27,2,0
V7E001,42,1400064,teacher,1,5,0,1
V7E001,42,1400064,learned,1,5,0,1
V7E001,42,1400065,random,0,100,1,0
V7E001,42,1400065,teacher,1,51,3,0
V7E001,42,1400065,learned,0,100,3,0
V7E001,42,1400066,random,1,40,0,1
V7E001,42,1400066,teacher,1,4,0,1
V7E001,42,1400066,learned,1,4,0,1
V7E001,42,1400067,random,1,1,0,0
V7E001,42,1400067,teacher,1,1,0,0
V7E001,42,1400067,learned,1,1,0,0
V7E001,42,1400068,random,1,26,0,0
V7E001,42,1400068,teacher,1,13,0,1
V7E001,42,1400068,learned,1,13,0,1
V7E001,42,1400069,random,1,50,1,0
V7E001,42,1400069,teacher,1,6,0,0
V7E001,42,1400069,learned,1,6,0,0
V7E001,42,1400070,random,0,100,2,0
V7E001,42,1400070,teacher,1,24,3,0
V7E001,42,1400070,learned,1,24,3,0
V7E001,42,1400071,random,0,100,0,0
V7E001,42,1400071,teacher,1,11,0,1
V7E001,42,1400071,learned,1,11,0,1
V7E001,42,1400072,random,1,2,0,0
V7E001,42,1400072,teacher,1,2,0,0
V7E001,42,1400072,learned,1,2,0,0
V7E001,42,1400073,random,0,100,0,0
V7E001,42,1400073,teacher,1,3,0,0
V7E001,42,1400073,learned,1,3,0,0
V7E001,42,1400074,random,1,42,3,0
V7E001,42,1400074,teacher,1,7,0,0
V7E001,42,1400074,learned,1,7,0,0
V7E001,42,1400075,random,0,100,0,0
V7E001,42,1400075,teacher,1,27,0,1
V7E001,42,1400075,learned,1,27,0,1
V7E001,42,1400076,random,1,1,0,0
V7E001,42,1400076,teacher,1,1,0,0
V7E001,42,1400076,learned,1,1,0,0
V7E001,42,1400077,random,1,11,0,1
V7E001,42,1400077,teacher,1,5,0,1
V7E001,42,1400077,learned,1,5,0,1
V7E001,42,1400078,random,0,100,0,0
V7E001,42,1400078,teacher,1,10,0,1
V7E001,42,1400078,learned,1,10,0,1
V7E001,42,1400079,random,0,100,0,0
V7E001,42,1400079,teacher,1,9,0,1
V7E001,42,1400079,learned,1,9,0,1
V7E001,42,1400080,random,1,3,0,0
V7E001,42,1400080,teacher,1,1,0,0
V7E001,42,1400080,learned,1,1,0,0
V7E001,42,1400081,random,0,100,3,0
V7E001,42,1400081,teacher,1,38,3,1
V7E001,42,1400081,learned,1,38,3,1
V7E001,42,1400082,random,0,100,2,0
V7E001,42,1400082,teacher,1,33,3,1
V7E001,42,1400082,learned,0,100,3,1
V7E001,42,1400083,random,0,100,2,1
V7E001,42,1400083,teacher,1,56,3,0
V7E001,42,1400083,learned,0,100,3,0
V7E001,42,1400084,random,0,100,0,0
V7E001,42,1400084,teacher,1,10,2,1
V7E001,42,1400084,learned,1,10,2,1
V7E001,42,1400085,random,0,100,0,0
V7E001,42,1400085,teacher,1,5,0,0
V7E001,42,1400085,learned,1,5,0,0
V7E001,42,1400086,random,1,7,0,0
V7E001,42,1400086,teacher,1,4,1,0
V7E001,42,1400086,learned,1,4,1,0
V7E001,42,1400087,random,1,21,0,1
V7E001,42,1400087,teacher,1,3,0,1
V7E001,42,1400087,learned,1,3,0,1
V7E001,42,1400088,random,0,100,0,0
V7E001,42,1400088,teacher,1,10,0,0
V7E001,42,1400088,learned,1,10,0,0
V7E001,42,1400089,random,1,29,0,0
V7E001,42,1400089,teacher,1,5,0,0
V7E001,42,1400089,learned,1,5,0,0
V7E001,42,1400090,random,0,100,2,0
V7E001,42,1400090,teacher,1,11,0,1
V7E001,42,1400090,learned,1,11,0,1
V7E001,42,1400091,random,1,52,2,0
V7E001,42,1400091,teacher,1,11,0,1
V7E001,42,1400091,learned,1,11,0,1
V7E001,42,1400092,random,1,87,2,1
V7E001,42,1400092,teacher,1,8,0,0
V7E001,42,1400092,learned,1,11,2,1
V7E001,42,1400093,random,0,100,0,0
V7E001,42,1400093,teacher,1,22,3,0
V7E001,42,1400093,learned,1,22,3,0
V7E001,42,1400094,random,1,14,0,0
V7E001,42,1400094,teacher,1,48,3,1
V7E001,42,1400094,learned,1,48,3,1
V7E001,42,1400095,random,0,100,0,0
V7E001,42,1400095,teacher,1,11,2,1
V7E001,42,1400095,learned,1,11,2,1
V7E001,42,1400096,random,1,2,0,0
V7E001,42,1400096,teacher,1,1,0,0
V7E001,42,1400096,learned,1,1,0,0
V7E001,42,1400097,random,0,100,0,0
V7E001,42,1400097,teacher,0,100,0,0
V7E001,42,1400097,learned,1,22,0,0
V7E001,42,1400098,random,0,100,0,0
V7E001,42,1400098,teacher,1,42,2,1
V7E001,42,1400098,learned,1,58,2,1
V7E001,42,1400099,random,1,6,0,0
V7E001,42,1400099,teacher,1,3,0,0
V7E001,42,1400099,learned,1,3,0,0
V7E002,42,1410000,random,1,94,0,1
V7E002,42,1410000,teacher,1,11,0,0
V7E002,42,1410000,learned,1,11,0,0
V7E002,42,1410001,random,0,100,0,1
V7E002,42,1410001,teacher,1,16,2,0
V7E002,42,1410001,learned,1,16,2,0
V7E002,42,1410002,random,0,100,4,0
V7E002,42,1410002,teacher,1,6,0,0
V7E002,42,1410002,learned,1,6,0,0
V7E002,42,1410003,random,0,100,5,0
V7E002,42,1410003,teacher,1,4,0,0
V7E002,42,1410003,learned,1,4,0,0
V7E002,42,1410004,random,1,6,0,0
V7E002,42,1410004,teacher,0,100,0,0
V7E002,42,1410004,learned,0,100,0,0
V7E002,42,1410005,random,0,100,2,0
V7E002,42,1410005,teacher,1,23,2,0
V7E002,42,1410005,learned,1,23,2,0
V7E002,42,1410006,random,1,29,0,0
V7E002,42,1410006,teacher,1,1,0,0
V7E002,42,1410006,learned,1,1,0,0
V7E002,42,1410007,random,0,100,4,0
V7E002,42,1410007,teacher,1,7,0,0
V7E002,42,1410007,learned,1,7,0,0
V7E002,42,1410008,random,0,100,0,0
V7E002,42,1410008,teacher,1,10,0,0
V7E002,42,1410008,learned,1,10,0,0
V7E002,42,1410009,random,0,100,2,0
V7E002,42,1410009,teacher,1,22,2,0
V7E002,42,1410009,learned,1,22,2,0
V7E002,42,1410010,random,0,100,0,0
V7E002,42,1410010,teacher,1,12,0,0
V7E002,42,1410010,learned,1,12,0,0
V7E002,42,1410011,random,1,1,0,0
V7E002,42,1410011,teacher,1,1,0,0
V7E002,42,1410011,learned,1,1,0,0
V7E002,42,1410012,random,0,100,2,0
V7E002,42,1410012,teacher,1,1,0,0
V7E002,42,1410012,learned,1,1,0,0
V7E002,42,1410013,random,1,27,0,0
V7E002,42,1410013,teacher,1,1,0,0
V7E002,42,1410013,learned,1,1,0,0
V7E002,42,1410014,random,1,5,0,0
V7E002,42,1410014,teacher,1,3,0,0
V7E002,42,1410014,learned,1,3,0,0
V7E002,42,1410015,random,1,2,0,0
V7E002,42,1410015,teacher,1,2,0,0
V7E002,42,1410015,learned,1,2,0,0
V7E002,42,1410016,random,0,100,2,1
V7E002,42,1410016,teacher,1,10,0,0
V7E002,42,1410016,learned,1,10,0,0
V7E002,42,1410017,random,0,100,3,1
V7E002,42,1410017,teacher,1,22,0,1
V7E002,42,1410017,learned,1,22,0,1
V7E002,42,1410018,random,1,1,0,0
V7E002,42,1410018,teacher,1,1,0,0
V7E002,42,1410018,learned,1,1,0,0
V7E002,42,1410019,random,0,100,0,1
V7E002,42,1410019,teacher,1,30,2,0
V7E002,42,1410019,learned,1,30,2,0
V7E002,42,1410020,random,0,100,2,0
V7E002,42,1410020,teacher,1,4,0,0
V7E002,42,1410020,learned,1,4,0,0
V7E002,42,1410021,random,0,100,1,0
V7E002,42,1410021,teacher,1,3,0,0
V7E002,42,1410021,learned,1,3,0,0
V7E002,42,1410022,random,0,100,1,0
V7E002,42,1410022,teacher,1,26,2,0
V7E002,42,1410022,learned,1,26,2,0
V7E002,42,1410023,random,1,2,0,0
V7E002,42,1410023,teacher,1,2,0,0
V7E002,42,1410023,learned,1,2,0,0
V7E002,42,1410024,random,0,100,1,1
V7E002,42,1410024,teacher,1,8,0,0
V7E002,42,1410024,learned,1,8,0,0
V7E002,42,1410025,random,1,57,0,1
V7E002,42,1410025,teacher,1,12,0,0
V7E002,42,1410025,learned,1,12,0,0
V7E002,42,1410026,random,0,100,0,0
V7E002,42,1410026,teacher,1,26,2,0
V7E002,42,1410026,learned,1,26,2,0
V7E002,42,1410027,random,1,53,0,0
V7E002,42,1410027,teacher,1,45,3,0
V7E002,42,1410027,learned,0,100,3,0
V7E002,42,1410028,random,1,93,3,0
V7E002,42,1410028,teacher,1,43,3,0
V7E002,42,1410028,learned,0,100,3,0
V7E002,42,1410029,random,0,100,0,1
V7E002,42,1410029,teacher,1,5,0,0
V7E002,42,1410029,learned,1,5,0,0
V7E002,42,1410030,random,0,100,3,0
V7E002,42,1410030,teacher,1,31,2,0
V7E002,42,1410030,learned,1,31,2,0
V7E002,42,1410031,random,1,81,0,0
V7E002,42,1410031,teacher,1,12,0,0
V7E002,42,1410031,learned,1,12,0,0
V7E002,42,1410032,random,1,60,0,0
V7E002,42,1410032,teacher,1,8,0,0
V7E002,42,1410032,learned,1,8,0,0
V7E002,42,1410033,random,0,100,0,0
V7E002,42,1410033,teacher,1,22,2,0
V7E002,42,1410033,learned,1,22,2,0
V7E002,42,1410034,random,0,100,1,0
V7E002,42,1410034,teacher,1,5,0,0
V7E002,42,1410034,learned,1,5,0,0
V7E002,42,1410035,random,0,100,0,0
V7E002,42,1410035,teacher,1,22,2,0
V7E002,42,1410035,learned,1,22,2,0
V7E002,42,1410036,random,0,100,0,1
V7E002,42,1410036,teacher,1,7,0,0
V7E002,42,1410036,learned,1,7,0,0
V7E002,42,1410037,random,1,51,1,0
V7E002,42,1410037,teacher,1,20,2,0
V7E002,42,1410037,learned,1,20,2,0
V7E002,42,1410038,random,1,28,0,0
V7E002,42,1410038,teacher,1,3,0,0
V7E002,42,1410038,learned,1,3,0,0
V7E002,42,1410039,random,1,4,0,0
V7E002,42,1410039,teacher,1,8,0,0
V7E002,42,1410039,learned,1,8,0,0
V7E002,42,1410040,random,1,3,0,0
V7E002,42,1410040,teacher,1,1,0,0
V7E002,42,1410040,learned,1,1,0,0
V7E002,42,1410041,random,0,100,1,0
V7E002,42,1410041,teacher,1,7,0,0
V7E002,42,1410041,learned,1,7,0,0
V7E002,42,1410042,random,0,100,1,1
V7E002,42,1410042,teacher,1,6,0,0
V7E002,42,1410042,learned,1,6,0,0
V7E002,42,1410043,random,0,100,1,0
V7E002,42,1410043,teacher,1,29,2,0
V7E002,42,1410043,learned,1,29,2,0
V7E002,42,1410044,random,0,100,0,0
V7E002,42,1410044,teacher,1,39,2,1
V7E002,42,1410044,learned,1,39,2,1
V7E002,42,1410045,random,1,50,0,0
V7E002,42,1410045,teacher,1,8,0,0
V7E002,42,1410045,learned,1,8,0,0
V7E002,42,1410046,random,1,15,0,0
V7E002,42,1410046,teacher,1,1,0,0
V7E002,42,1410046,learned,1,1,0,0
V7E002,42,1410047,random,1,84,2,1
V7E002,42,1410047,teacher,1,9,0,0
V7E002,42,1410047,learned,1,9,0,0
V7E002,42,1410048,random,1,82,2,1
V7E002,42,1410048,teacher,1,12,0,0
V7E002,42,1410048,learned,1,12,0,0
V7E002,42,1410049,random,0,100,7,1
V7E002,42,1410049,teacher,1,33,2,0
V7E002,42,1410049,learned,1,33,2,0
V7E002,42,1410050,random,1,29,0,0
V7E002,42,1410050,teacher,1,2,0,0
V7E002,42,1410050,learned,1,2,0,0
V7E002,42,1410051,random,0,100,0,0
V7E002,42,1410051,teacher,1,22,2,0
V7E002,42,1410051,learned,1,22,2,0
V7E002,42,1410052,random,0,100,3,0
V7E002,42,1410052,teacher,1,23,2,0
V7E002,42,1410052,learned,1,23,2,0
V7E002,42,1410053,random,1,5,0,0
V7E002,42,1410053,teacher,1,4,0,0
V7E002,42,1410053,learned,1,4,0,0
V7E002,42,1410054,random,1,81,0,0
V7E002,42,1410054,teacher,1,3,0,0
V7E002,42,1410054,learned,1,3,0,0
V7E002,42,1410055,random,1,16,0,0
V7E002,42,1410055,teacher,1,2,0,0
V7E002,42,1410055,learned,1,2,0,0
V7E002,42,1410056,random,0,100,6,0
V7E002,42,1410056,teacher,1,30,2,0
V7E002,42,1410056,learned,1,30,2,0
V7E002,42,1410057,random,1,6,0,0
V7E002,42,1410057,teacher,1,3,0,0
V7E002,42,1410057,learned,1,3,0,0
V7E002,42,1410058,random,1,2,0,0
V7E002,42,1410058,teacher,1,1,0,0
V7E002,42,1410058,learned,1,1,0,0
V7E002,42,1410059,random,0,100,5,0
V7E002,42,1410059,teacher,1,3,0,0
V7E002,42,1410059,learned,1,3,0,0
V7E002,42,1410060,random,0,100,0,0
V7E002,42,1410060,teacher,1,21,2,0
V7E002,42,1410060,learned,1,21,2,0
V7E002,42,1410061,random,0,100,0,1
V7E002,42,1410061,teacher,1,3,0,0
V7E002,42,1410061,learned,1,3,0,0
V7E002,42,1410062,random,1,29,0,0
V7E002,42,1410062,teacher,1,45,3,0
V7E002,42,1410062,learned,0,100,3,0
V7E002,42,1410063,random,1,5,0,0
V7E002,42,1410063,teacher,1,7,0,0
V7E002,42,1410063,learned,1,7,0,0
V7E002,42,1410064,random,0,100,1,0
V7E002,42,1410064,teacher,1,1,0,0
V7E002,42,1410064,learned,1,1,0,0
V7E002,42,1410065,random,1,1,0,0
V7E002,42,1410065,teacher,1,1,0,0
V7E002,42,1410065,learned,1,1,0,0
V7E002,42,1410066,random,0,100,0,0
V7E002,42,1410066,teacher,1,29,2,0
V7E002,42,1410066,learned,1,29,2,0
V7E002,42,1410067,random,1,37,0,0
V7E002,42,1410067,teacher,1,48,3,0
V7E002,42,1410067,learned,0,100,3,0
V7E002,42,1410068,random,0,100,5,0
V7E002,42,1410068,teacher,1,44,2,1
V7E002,42,1410068,learned,1,46,2,1
V7E002,42,1410069,random,0,100,0,0
V7E002,42,1410069,teacher,1,39,2,1
V7E002,42,1410069,learned,1,39,2,1
V7E002,42,1410070,random,0,100,2,0
V7E002,42,1410070,teacher,1,29,2,0
V7E002,42,1410070,learned,1,29,2,0
V7E002,42,1410071,random,1,5,0,0
V7E002,42,1410071,teacher,1,1,0,0
V7E002,42,1410071,learned,1,1,0,0
V7E002,42,1410072,random,1,4,0,0
V7E002,42,1410072,teacher,1,4,0,0
V7E002,42,1410072,learned,1,4,0,0
V7E002,42,1410073,random,0,100,1,0
V7E002,42,1410073,teacher,1,4,0,0
V7E002,42,1410073,learned,1,4,0,0
V7E002,42,1410074,random,1,3,0,0
V7E002,42,1410074,teacher,0,100,0,0
V7E002,42,1410074,learned,0,100,0,0
V7E002,42,1410075,random,0,100,2,0
V7E002,42,1410075,teacher,1,24,2,0
V7E002,42,1410075,learned,1,24,2,0
V7E002,42,1410076,random,0,100,1,0
V7E002,42,1410076,teacher,1,24,2,0
V7E002,42,1410076,learned,1,24,2,0
V7E002,42,1410077,random,0,100,0,0
V7E002,42,1410077,teacher,1,5,0,0
V7E002,42,1410077,learned,1,5,0,0
V7E002,42,1410078,random,1,4,0,0
V7E002,42,1410078,teacher,1,1,0,0
V7E002,42,1410078,learned,1,1,0,0
V7E002,42,1410079,random,0,100,0,0
V7E002,42,1410079,teacher,1,34,2,0
V7E002,42,1410079,learned,1,34,2,0
V7E002,42,1410080,random,1,34,0,0
V7E002,42,1410080,teacher,1,8,0,0
V7E002,42,1410080,learned,1,8,0,0
V7E002,42,1410081,random,1,4,0,0
V7E002,42,1410081,teacher,1,2,0,0
V7E002,42,1410081,learned,1,2,0,0
V7E002,42,1410082,random,0,100,2,0
V7E002,42,1410082,teacher,1,45,3,0
V7E002,42,1410082,learned,0,100,3,0
V7E002,42,1410083,random,0,100,2,1
V7E002,42,1410083,teacher,1,23,0,1
V7E002,42,1410083,learned,1,23,0,1
V7E002,42,1410084,random,1,80,0,0
V7E002,42,1410084,teacher,1,46,3,0
V7E002,42,1410084,learned,0,100,3,0
V7E002,42,1410085,random,0,100,2,0
V7E002,42,1410085,teacher,1,9,0,0
V7E002,42,1410085,learned,1,9,0,0
V7E002,42,1410086,random,1,22,0,0
V7E002,42,1410086,teacher,1,9,0,0
V7E002,42,1410086,learned,1,9,0,0
V7E002,42,1410087,random,1,29,0,0
V7E002,42,1410087,teacher,1,1,0,0
V7E002,42,1410087,learned,1,1,0,0
V7E002,42,1410088,random,1,27,0,0
V7E002,42,1410088,teacher,1,2,0,0
V7E002,42,1410088,learned,1,2,0,0
V7E002,42,1410089,random,0,100,3,0
V7E002,42,1410089,teacher,1,29,2,0
V7E002,42,1410089,learned,1,29,2,0
V7E002,42,1410090,random,0,100,1,0
V7E002,42,1410090,teacher,1,29,2,0
V7E002,42,1410090,learned,1,29,2,0
V7E002,42,1410091,random,1,35,2,0
V7E002,42,1410091,teacher,1,5,0,0
V7E002,42,1410091,learned,1,5,0,0
V7E002,42,1410092,random,0,100,2,1
V7E002,42,1410092,teacher,1,6,0,0
V7E002,42,1410092,learned,1,6,0,0
V7E002,42,1410093,random,1,4,0,0
V7E002,42,1410093,teacher,1,4,0,0
V7E002,42,1410093,learned,1,4,0,0
V7E002,42,1410094,random,1,1,0,0
V7E002,42,1410094,teacher,1,3,0,0
V7E002,42,1410094,learned,1,3,0,0
V7E002,42,1410095,random,1,31,0,1
V7E002,42,1410095,teacher,1,33,0,0
V7E002,42,1410095,learned,1,33,0,0
V7E002,42,1410096,random,0,100,0,0
V7E002,42,1410096,teacher,0,100,0,0
V7E002,42,1410096,learned,0,100,0,0
V7E002,42,1410097,random,0,100,0,1
V7E002,42,1410097,teacher,1,5,0,0
V7E002,42,1410097,learned,1,5,0,0
V7E002,42,1410098,random,0,100,7,1
V7E002,42,1410098,teacher,1,5,0,0
V7E002,42,1410098,learned,1,5,0,0
V7E002,42,1410099,random,0,100,0,0
V7E002,42,1410099,teacher,1,31,2,0
V7E002,42,1410099,learned,1,31,2,0
V7E003,42,1420000,random,0,100,2,0
V7E003,42,1420000,teacher,1,50,6,0
V7E003,42,1420000,learned,0,100,6,0
V7E003,42,1420001,random,0,100,1,0
V7E003,42,1420001,teacher,1,23,2,0
V7E003,42,1420001,learned,1,23,2,0
V7E003,42,1420002,random,0,100,0,1
V7E003,42,1420002,teacher,1,11,2,1
V7E003,42,1420002,learned,1,11,2,1
V7E003,42,1420003,random,0,100,2,1
V7E003,42,1420003,teacher,1,7,0,0
V7E003,42,1420003,learned,1,7,0,0
V7E003,42,1420004,random,0,100,2,0
V7E003,42,1420004,teacher,1,8,2,0
V7E003,42,1420004,learned,1,8,2,0
V7E003,42,1420005,random,1,72,0,1
V7E003,42,1420005,teacher,1,2,0,1
V7E003,42,1420005,learned,1,2,0,1
V7E003,42,1420006,random,0,100,0,1
V7E003,42,1420006,teacher,1,14,2,1
V7E003,42,1420006,learned,1,14,2,1
V7E003,42,1420007,random,0,100,8,0
V7E003,42,1420007,teacher,1,49,6,0
V7E003,42,1420007,learned,0,100,6,0
V7E003,42,1420008,random,0,100,3,1
V7E003,42,1420008,teacher,1,50,6,0
V7E003,42,1420008,learned,0,100,6,0
V7E003,42,1420009,random,0,100,1,0
V7E003,42,1420009,teacher,1,19,2,0
V7E003,42,1420009,learned,1,19,2,0
V7E003,42,1420010,random,0,100,1,0
V7E003,42,1420010,teacher,1,36,4,0
V7E003,42,1420010,learned,0,100,4,0
V7E003,42,1420011,random,1,24,3,0
V7E003,42,1420011,teacher,1,4,0,0
V7E003,42,1420011,learned,1,4,0,0
V7E003,42,1420012,random,1,32,4,0
V7E003,42,1420012,teacher,1,4,0,0
V7E003,42,1420012,learned,1,4,0,0
V7E003,42,1420013,random,1,2,0,0
V7E003,42,1420013,teacher,1,1,0,0
V7E003,42,1420013,learned,1,1,0,0
V7E003,42,1420014,random,0,100,1,0
V7E003,42,1420014,teacher,1,53,6,0
V7E003,42,1420014,learned,0,100,6,0
V7E003,42,1420015,random,1,2,0,0
V7E003,42,1420015,teacher,1,2,0,0
V7E003,42,1420015,learned,1,2,0,0
V7E003,42,1420016,random,1,29,2,0
V7E003,42,1420016,teacher,1,23,2,0
V7E003,42,1420016,learned,0,100,5,0
V7E003,42,1420017,random,1,4,0,0
V7E003,42,1420017,teacher,1,3,0,0
V7E003,42,1420017,learned,1,3,0,0
V7E003,42,1420018,random,1,67,1,1
V7E003,42,1420018,teacher,1,53,6,1
V7E003,42,1420018,learned,0,100,6,1
V7E003,42,1420019,random,1,91,0,2
V7E003,42,1420019,teacher,1,3,0,0
V7E003,42,1420019,learned,1,3,0,0
V7E003,42,1420020,random,1,89,2,0
V7E003,42,1420020,teacher,1,7,2,0
V7E003,42,1420020,learned,1,7,2,0
V7E003,42,1420021,random,1,43,1,0
V7E003,42,1420021,teacher,1,6,0,0
V7E003,42,1420021,learned,1,6,0,0
V7E003,42,1420022,random,0,100,2,1
V7E003,42,1420022,teacher,1,4,0,0
V7E003,42,1420022,learned,1,4,0,0
V7E003,42,1420023,random,1,48,0,1
V7E003,42,1420023,teacher,1,12,0,0
V7E003,42,1420023,learned,1,12,0,0
V7E003,42,1420024,random,0,100,3,0
V7E003,42,1420024,teacher,1,45,5,0
V7E003,42,1420024,learned,0,100,4,0
V7E003,42,1420025,random,0,100,2,0
V7E003,42,1420025,teacher,1,43,6,0
V7E003,42,1420025,learned,0,100,6,0
V7E003,42,1420026,random,0,100,4,0
V7E003,42,1420026,teacher,1,11,2,0
V7E003,42,1420026,learned,1,11,2,0
V7E003,42,1420027,random,0,100,1,0
V7E003,42,1420027,teacher,1,2,0,0
V7E003,42,1420027,learned,1,2,0,0
V7E003,42,1420028,random,1,2,0,0
V7E003,42,1420028,teacher,1,1,0,0
V7E003,42,1420028,learned,1,1,0,0
V7E003,42,1420029,random,0,100,3,0
V7E003,42,1420029,teacher,1,53,6,0
V7E003,42,1420029,learned,0,100,6,0
V7E003,42,1420030,random,0,100,5,0
V7E003,42,1420030,teacher,1,1,0,0
V7E003,42,1420030,learned,1,1,0,0
V7E003,42,1420031,random,0,100,0,0
V7E003,42,1420031,teacher,1,15,2,1
V7E003,42,1420031,learned,1,15,2,1
V7E003,42,1420032,random,1,60,0,0
V7E003,42,1420032,teacher,1,7,0,0
V7E003,42,1420032,learned,1,7,0,0
V7E003,42,1420033,random,1,25,0,0
V7E003,42,1420033,teacher,1,51,6,0
V7E003,42,1420033,learned,0,100,6,0
V7E003,42,1420034,random,0,100,3,1
V7E003,42,1420034,teacher,1,47,5,0
V7E003,42,1420034,learned,0,100,4,0
V7E003,42,1420035,random,0,100,3,0
V7E003,42,1420035,teacher,1,9,2,0
V7E003,42,1420035,learned,1,9,2,0
V7E003,42,1420036,random,1,56,0,0
V7E003,42,1420036,teacher,1,2,0,0
V7E003,42,1420036,learned,1,2,0,0
V7E003,42,1420037,random,0,100,0,0
V7E003,42,1420037,teacher,1,45,5,0
V7E003,42,1420037,learned,0,100,4,0
V7E003,42,1420038,random,0,100,0,0
V7E003,42,1420038,teacher,1,8,2,0
V7E003,42,1420038,learned,1,8,2,0
V7E003,42,1420039,random,1,36,0,0
V7E003,42,1420039,teacher,1,54,6,0
V7E003,42,1420039,learned,0,100,6,0
V7E003,42,1420040,random,1,69,5,0
V7E003,42,1420040,teacher,1,6,2,0
V7E003,42,1420040,learned,1,6,2,0
V7E003,42,1420041,random,1,65,0,1
V7E003,42,1420041,teacher,1,3,0,0
V7E003,42,1420041,learned,1,3,0,0
V7E003,42,1420042,random,0,100,2,2
V7E003,42,1420042,teacher,1,18,2,1
V7E003,42,1420042,learned,1,18,2,1
V7E003,42,1420043,random,0,100,0,0
V7E003,42,1420043,teacher,1,45,5,0
V7E003,42,1420043,learned,0,100,4,0
V7E003,42,1420044,random,1,6,0,1
V7E003,42,1420044,teacher,1,8,0,0
V7E003,42,1420044,learned,1,8,0,0
V7E003,42,1420045,random,1,5,0,0
V7E003,42,1420045,teacher,1,3,0,0
V7E003,42,1420045,learned,1,3,0,0
V7E003,42,1420046,random,0,100,0,0
V7E003,42,1420046,teacher,1,12,2,0
V7E003,42,1420046,learned,1,12,2,0
V7E003,42,1420047,random,0,100,2,0
V7E003,42,1420047,teacher,1,14,2,1
V7E003,42,1420047,learned,1,14,2,1
V7E003,42,1420048,random,1,78,1,0
V7E003,42,1420048,teacher,1,6,0,0
V7E003,42,1420048,learned,1,6,0,0
V7E003,42,1420049,random,0,100,0,1
V7E003,42,1420049,teacher,1,1,0,0
V7E003,42,1420049,learned,1,1,0,0
V7E003,42,1420050,random,0,100,0,0
V7E003,42,1420050,teacher,1,43,5,0
V7E003,42,1420050,learned,0,100,4,0
V7E003,42,1420051,random,1,2,0,0
V7E003,42,1420051,teacher,1,4,0,0
V7E003,42,1420051,learned,1,4,0,0
V7E003,42,1420052,random,1,6,0,0
V7E003,42,1420052,teacher,1,3,0,0
V7E003,42,1420052,learned,1,3,0,0
V7E003,42,1420053,random,1,13,0,0
V7E003,42,1420053,teacher,1,2,0,0
V7E003,42,1420053,learned,1,2,0,0
V7E003,42,1420054,random,1,1,0,0
V7E003,42,1420054,teacher,1,1,0,0
V7E003,42,1420054,learned,1,1,0,0
V7E003,42,1420055,random,1,3,0,0
V7E003,42,1420055,teacher,1,1,0,0
V7E003,42,1420055,learned,1,1,0,0
V7E003,42,1420056,random,1,11,0,0
V7E003,42,1420056,teacher,1,3,0,0
V7E003,42,1420056,learned,1,3,0,0
V7E003,42,1420057,random,1,9,0,0
V7E003,42,1420057,teacher,1,9,0,0
V7E003,42,1420057,learned,1,9,0,0
V7E003,42,1420058,random,1,88,2,1
V7E003,42,1420058,teacher,1,1,0,0
V7E003,42,1420058,learned,1,1,0,0
V7E003,42,1420059,random,0,100,0,0
V7E003,42,1420059,teacher,1,8,2,0
V7E003,42,1420059,learned,1,8,2,0
V7E003,42,1420060,random,1,3,0,0
V7E003,42,1420060,teacher,1,3,0,0
V7E003,42,1420060,learned,1,3,0,0
V7E003,42,1420061,random,0,100,3,0
V7E003,42,1420061,teacher,1,10,2,0
V7E003,42,1420061,learned,1,10,2,0
V7E003,42,1420062,random,0,100,1,0
V7E003,42,1420062,teacher,1,14,2,0
V7E003,42,1420062,learned,1,14,2,0
V7E003,42,1420063,random,1,52,0,0
V7E003,42,1420063,teacher,1,6,0,0
V7E003,42,1420063,learned,1,6,0,0
V7E003,42,1420064,random,0,100,0,0
V7E003,42,1420064,teacher,1,2,0,0
V7E003,42,1420064,learned,1,2,0,0
V7E003,42,1420065,random,0,100,0,0
V7E003,42,1420065,teacher,1,18,2,1
V7E003,42,1420065,learned,1,18,2,1
V7E003,42,1420066,random,1,63,2,0
V7E003,42,1420066,teacher,1,4,0,0
V7E003,42,1420066,learned,1,4,0,0
V7E003,42,1420067,random,0,100,0,1
V7E003,42,1420067,teacher,1,18,2,1
V7E003,42,1420067,learned,1,18,2,1
V7E003,42,1420068,random,1,13,0,0
V7E003,42,1420068,teacher,1,1,0,0
V7E003,42,1420068,learned,1,1,0,0
V7E003,42,1420069,random,0,100,1,2
V7E003,42,1420069,teacher,1,11,2,1
V7E003,42,1420069,learned,1,11,2,1
V7E003,42,1420070,random,0,100,6,0
V7E003,42,1420070,teacher,1,44,6,0
V7E003,42,1420070,learned,0,100,6,0
V7E003,42,1420071,random,0,100,1,0
V7E003,42,1420071,teacher,1,1,0,0
V7E003,42,1420071,learned,1,1,0,0
V7E003,42,1420072,random,1,40,0,0
V7E003,42,1420072,teacher,1,1,0,0
V7E003,42,1420072,learned,1,1,0,0
V7E003,42,1420073,random,0,100,0,2
V7E003,42,1420073,teacher,1,15,0,1
V7E003,42,1420073,learned,1,15,0,1
V7E003,42,1420074,random,1,67,1,0
V7E003,42,1420074,teacher,1,5,0,0
V7E003,42,1420074,learned,1,5,0,0
V7E003,42,1420075,random,0,100,1,1
V7E003,42,1420075,teacher,1,12,0,1
V7E003,42,1420075,learned,1,12,0,1
V7E003,42,1420076,random,0,100,0,0
V7E003,42,1420076,teacher,1,2,0,1
V7E003,42,1420076,learned,1,2,0,1
V7E003,42,1420077,random,0,100,4,0
V7E003,42,1420077,teacher,1,42,6,0
V7E003,42,1420077,learned,0,100,6,0
V7E003,42,1420078,random,0,100,0,0
V7E003,42,1420078,teacher,1,38,4,0
V7E003,42,1420078,learned,0,100,4,0
V7E003,42,1420079,random,0,100,3,0
V7E003,42,1420079,teacher,1,7,2,0
V7E003,42,1420079,learned,1,7,2,0
V7E003,42,1420080,random,1,87,1,0
V7E003,42,1420080,teacher,1,1,0,0
V7E003,42,1420080,learned,1,1,0,0
V7E003,42,1420081,random,0,100,0,0
V7E003,42,1420081,teacher,1,43,5,0
V7E003,42,1420081,learned,0,100,4,0
V7E003,42,1420082,random,1,50,0,0
V7E003,42,1420082,teacher,1,50,6,0
V7E003,42,1420082,learned,0,100,6,0
V7E003,42,1420083,random,1,1,0,0
V7E003,42,1420083,teacher,1,1,0,0
V7E003,42,1420083,learned,1,1,0,0
V7E003,42,1420084,random,1,34,0,0
V7E003,42,1420084,teacher,1,4,0,0
V7E003,42,1420084,learned,1,4,0,0
V7E003,42,1420085,random,0,100,0,0
V7E003,42,1420085,teacher,0,100,0,0
V7E003,42,1420085,learned,0,100,0,0
V7E003,42,1420086,random,1,2,0,0
V7E003,42,1420086,teacher,1,2,0,0
V7E003,42,1420086,learned,1,2,0,0
V7E003,42,1420087,random,0,100,0,1
V7E003,42,1420087,teacher,1,8,2,1
V7E003,42,1420087,learned,1,8,2,1
V7E003,42,1420088,random,1,38,0,0
V7E003,42,1420088,teacher,1,8,0,0
V7E003,42,1420088,learned,1,8,0,0
V7E003,42,1420089,random,1,72,1,0
V7E003,42,1420089,teacher,1,4,0,0
V7E003,42,1420089,learned,1,4,0,0
V7E003,42,1420090,random,0,100,3,0
V7E003,42,1420090,teacher,1,4,1,0
V7E003,42,1420090,learned,1,4,1,0
V7E003,42,1420091,random,1,76,0,0
V7E003,42,1420091,teacher,1,15,0,1
V7E003,42,1420091,learned,1,15,0,1
V7E003,42,1420092,random,0,100,0,1
V7E003,42,1420092,teacher,1,52,6,0
V7E003,42,1420092,learned,0,100,6,0
V7E003,42,1420093,random,0,100,0,3
V7E003,42,1420093,teacher,1,2,0,0
V7E003,42,1420093,learned,1,2,0,0
V7E003,42,1420094,random,0,100,0,1
V7E003,42,1420094,teacher,1,19,2,1
V7E003,42,1420094,learned,1,19,2,1
V7E003,42,1420095,random,0,100,0,0
V7E003,42,1420095,teacher,1,2,0,0
V7E003,42,1420095,learned,1,2,0,0
V7E003,42,1420096,random,0,100,6,0
V7E003,42,1420096,teacher,1,4,0,0
V7E003,42,1420096,learned,1,4,0,0
V7E003,42,1420097,random,0,100,2,0
V7E003,42,1420097,teacher,1,8,2,0
V7E003,42,1420097,learned,1,8,2,0
V7E003,42,1420098,random,0,100,3,1
V7E003,42,1420098,teacher,1,50,6,0
V7E003,42,1420098,learned,0,100,6,0
V7E003,42,1420099,random,0,100,0,1
V7E003,42,1420099,teacher,1,10,2,0
V7E003,42,1420099,learned,1,10,2,0
V7E004,42,1430000,random,1,34,0,1
V7E004,42,1430000,teacher,1,8,0,1
V7E004,42,1430000,learned,1,8,0,1
V7E004,42,1430001,random,0,100,0,0
V7E004,42,1430001,teacher,0,100,0,0
V7E004,42,1430001,learned,1,7,0,0
V7E004,42,1430002,random,0,100,0,0
V7E004,42,1430002,teacher,1,30,0,0
V7E004,42,1430002,learned,1,30,0,0
V7E004,42,1430003,random,0,100,2,0
V7E004,42,1430003,teacher,1,12,0,1
V7E004,42,1430003,learned,1,12,0,1
V7E004,42,1430004,random,1,6,0,0
V7E004,42,1430004,teacher,1,3,0,0
V7E004,42,1430004,learned,1,3,0,0
V7E004,42,1430005,random,0,100,0,0
V7E004,42,1430005,teacher,1,47,2,0
V7E004,42,1430005,learned,0,100,0,0
V7E004,42,1430006,random,0,100,0,0
V7E004,42,1430006,teacher,1,45,2,0
V7E004,42,1430006,learned,0,100,0,0
V7E004,42,1430007,random,0,100,0,0
V7E004,42,1430007,teacher,1,43,2,0
V7E004,42,1430007,learned,0,100,0,0
V7E004,42,1430008,random,1,5,0,0
V7E004,42,1430008,teacher,1,3,0,0
V7E004,42,1430008,learned,1,3,0,0
V7E004,42,1430009,random,1,89,0,0
V7E004,42,1430009,teacher,0,100,0,0
V7E004,42,1430009,learned,0,100,0,0
V7E004,42,1430010,random,1,67,0,0
V7E004,42,1430010,teacher,1,6,0,0
V7E004,42,1430010,learned,1,6,0,0
V7E004,42,1430011,random,1,1,0,0
V7E004,42,1430011,teacher,1,1,0,0
V7E004,42,1430011,learned,1,1,0,0
V7E004,42,1430012,random,0,100,0,0
V7E004,42,1430012,teacher,1,27,2,0
V7E004,42,1430012,learned,1,27,2,0
V7E004,42,1430013,random,0,100,0,0
V7E004,42,1430013,teacher,1,17,0,0
V7E004,42,1430013,learned,1,17,0,0
V7E004,42,1430014,random,0,100,2,0
V7E004,42,1430014,teacher,1,48,2,0
V7E004,42,1430014,learned,0,100,0,0
V7E004,42,1430015,random,1,67,2,0
V7E004,42,1430015,teacher,1,45,2,0
V7E004,42,1430015,learned,0,100,0,0
V7E004,42,1430016,random,0,100,2,1
V7E004,42,1430016,teacher,1,5,0,0
V7E004,42,1430016,learned,1,5,0,0
V7E004,42,1430017,random,1,14,0,0
V7E004,42,1430017,teacher,1,7,0,0
V7E004,42,1430017,learned,1,7,0,0
V7E004,42,1430018,random,0,100,2,0
V7E004,42,1430018,teacher,1,16,2,1
V7E004,42,1430018,learned,1,16,2,1
V7E004,42,1430019,random,0,100,0,0
V7E004,42,1430019,teacher,1,50,2,0
V7E004,42,1430019,learned,0,100,0,0
V7E004,42,1430020,random,0,100,2,0
V7E004,42,1430020,teacher,1,18,2,0
V7E004,42,1430020,learned,1,18,2,0
V7E004,42,1430021,random,0,100,2,0
V7E004,42,1430021,teacher,1,10,0,0
V7E004,42,1430021,learned,1,10,0,0
V7E004,42,1430022,random,1,39,2,0
V7E004,42,1430022,teacher,1,49,2,0
V7E004,42,1430022,learned,0,100,0,0
V7E004,42,1430023,random,0,100,0,0
V7E004,42,1430023,teacher,0,100,0,0
V7E004,42,1430023,learned,1,8,0,0
V7E004,42,1430024,random,1,57,0,0
V7E004,42,1430024,teacher,1,8,0,0
V7E004,42,1430024,learned,1,8,0,0
V7E004,42,1430025,random,0,100,0,0
V7E004,42,1430025,teacher,1,45,2,0
V7E004,42,1430025,learned,0,100,0,0
V7E004,42,1430026,random,0,100,2,0
V7E004,42,1430026,teacher,1,16,2,0
V7E004,42,1430026,learned,1,16,2,0
V7E004,42,1430027,random,0,100,2,0
V7E004,42,1430027,teacher,1,9,0,1
V7E004,42,1430027,learned,1,9,0,1
V7E004,42,1430028,random,1,59,2,1
V7E004,42,1430028,teacher,1,46,2,0
V7E004,42,1430028,learned,0,100,0,0
V7E004,42,1430029,random,1,2,0,0
V7E004,42,1430029,teacher,1,2,0,0
V7E004,42,1430029,learned,1,2,0,0
V7E004,42,1430030,random,0,100,0,0
V7E004,42,1430030,teacher,1,46,2,0
V7E004,42,1430030,learned,0,100,0,0
V7E004,42,1430031,random,0,100,2,0
V7E004,42,1430031,teacher,1,46,2,0
V7E004,42,1430031,learned,0,100,0,0
V7E004,42,1430032,random,0,100,1,0
V7E004,42,1430032,teacher,1,17,2,1
V7E004,42,1430032,learned,1,17,2,1
V7E004,42,1430033,random,1,62,0,0
V7E004,42,1430033,teacher,1,8,0,0
V7E004,42,1430033,learned,1,8,0,0
V7E004,42,1430034,random,1,9,0,1
V7E004,42,1430034,teacher,1,7,0,1
V7E004,42,1430034,learned,1,7,0,1
V7E004,42,1430035,random,0,100,2,1
V7E004,42,1430035,teacher,1,10,0,1
V7E004,42,1430035,learned,1,10,0,1
V7E004,42,1430036,random,0,100,0,0
V7E004,42,1430036,teacher,1,6,0,0
V7E004,42,1430036,learned,1,6,0,0
V7E004,42,1430037,random,0,100,0,0
V7E004,42,1430037,teacher,1,51,2,0
V7E004,42,1430037,learned,0,100,0,0
V7E004,42,1430038,random,0,100,2,0
V7E004,42,1430038,teacher,1,48,2,0
V7E004,42,1430038,learned,0,100,0,0
V7E004,42,1430039,random,0,100,0,0
V7E004,42,1430039,teacher,1,44,2,0
V7E004,42,1430039,learned,0,100,0,0
V7E004,42,1430040,random,0,100,2,0
V7E004,42,1430040,teacher,1,11,0,1
V7E004,42,1430040,learned,1,11,0,1
V7E004,42,1430041,random,0,100,2,0
V7E004,42,1430041,teacher,1,22,2,1
V7E004,42,1430041,learned,1,22,2,1
V7E004,42,1430042,random,0,100,0,0
V7E004,42,1430042,teacher,1,44,2,0
V7E004,42,1430042,learned,0,100,0,0
V7E004,42,1430043,random,0,100,0,1
V7E004,42,1430043,teacher,1,43,2,1
V7E004,42,1430043,learned,0,100,0,1
V7E004,42,1430044,random,0,100,0,0
V7E004,42,1430044,teacher,1,23,2,0
V7E004,42,1430044,learned,1,24,2,0
V7E004,42,1430045,random,0,100,0,0
V7E004,42,1430045,teacher,1,33,0,0
V7E004,42,1430045,learned,1,33,0,0
V7E004,42,1430046,random,1,1,0,0
V7E004,42,1430046,teacher,1,1,0,0
V7E004,42,1430046,learned,1,1,0,0
V7E004,42,1430047,random,1,69,0,0
V7E004,42,1430047,teacher,1,6,0,0
V7E004,42,1430047,learned,1,6,0,0
V7E004,42,1430048,random,0,100,0,0
V7E004,42,1430048,teacher,1,34,0,0
V7E004,42,1430048,learned,1,34,0,0
V7E004,42,1430049,random,0,100,2,0
V7E004,42,1430049,teacher,1,49,2,0
V7E004,42,1430049,learned,0,100,0,0
V7E004,42,1430050,random,1,42,2,0
V7E004,42,1430050,teacher,1,44,2,0
V7E004,42,1430050,learned,0,100,0,0
V7E004,42,1430051,random,0,100,2,0
V7E004,42,1430051,teacher,1,8,0,1
V7E004,42,1430051,learned,1,8,0,1
V7E004,42,1430052,random,0,100,0,0
V7E004,42,1430052,teacher,0,100,0,0
V7E004,42,1430052,learned,1,5,0,0
V7E004,42,1430053,random,0,100,0,0
V7E004,42,1430053,teacher,1,47,2,0
V7E004,42,1430053,learned,0,100,0,0
V7E004,42,1430054,random,0,100,2,0
V7E004,42,1430054,teacher,1,11,2,0
V7E004,42,1430054,learned,1,11,2,0
V7E004,42,1430055,random,0,100,2,2
V7E004,42,1430055,teacher,1,37,0,1
V7E004,42,1430055,learned,1,39,0,1
V7E004,42,1430056,random,0,100,0,0
V7E004,42,1430056,teacher,1,40,2,0
V7E004,42,1430056,learned,0,100,0,0
V7E004,42,1430057,random,0,100,0,0
V7E004,42,1430057,teacher,1,47,2,0
V7E004,42,1430057,learned,0,100,0,0
V7E004,42,1430058,random,1,77,0,1
V7E004,42,1430058,teacher,1,7,0,1
V7E004,42,1430058,learned,1,7,0,1
V7E004,42,1430059,random,0,100,0,0
V7E004,42,1430059,teacher,1,6,0,0
V7E004,42,1430059,learned,1,6,0,0
V7E004,42,1430060,random,0,100,0,0
V7E004,42,1430060,teacher,1,6,0,0
V7E004,42,1430060,learned,1,6,0,0
V7E004,42,1430061,random,0,100,0,0
V7E004,42,1430061,teacher,1,11,2,0
V7E004,42,1430061,learned,1,11,2,0
V7E004,42,1430062,random,1,7,0,0
V7E004,42,1430062,teacher,1,3,0,0
V7E004,42,1430062,learned,1,3,0,0
V7E004,42,1430063,random,1,8,0,0
V7E004,42,1430063,teacher,1,1,0,0
V7E004,42,1430063,learned,1,1,0,0
V7E004,42,1430064,random,1,3,0,0
V7E004,42,1430064,teacher,1,4,0,0
V7E004,42,1430064,learned,1,4,0,0
V7E004,42,1430065,random,1,39,0,0
V7E004,42,1430065,teacher,1,6,0,0
V7E004,42,1430065,learned,1,6,0,0
V7E004,42,1430066,random,0,100,0,0
V7E004,42,1430066,teacher,1,37,0,0
V7E004,42,1430066,learned,1,37,0,0
V7E004,42,1430067,random,1,12,0,0
V7E004,42,1430067,teacher,1,7,0,0
V7E004,42,1430067,learned,1,7,0,0
V7E004,42,1430068,random,1,4,0,0
V7E004,42,1430068,teacher,1,1,0,0
V7E004,42,1430068,learned,1,1,0,0
V7E004,42,1430069,random,1,75,0,0
V7E004,42,1430069,teacher,1,5,0,0
V7E004,42,1430069,learned,1,5,0,0
V7E004,42,1430070,random,1,1,0,0
V7E004,42,1430070,teacher,1,1,0,0
V7E004,42,1430070,learned,1,1,0,0
V7E004,42,1430071,random,0,100,2,0
V7E004,42,1430071,teacher,1,6,0,1
V7E004,42,1430071,learned,1,6,0,1
V7E004,42,1430072,random,1,81,0,1
V7E004,42,1430072,teacher,1,3,0,1
V7E004,42,1430072,learned,1,3,0,1
V7E004,42,1430073,random,0,100,1,1
V7E004,42,1430073,teacher,1,8,0,1
V7E004,42,1430073,learned,1,8,0,1
V7E004,42,1430074,random,0,100,0,0
V7E004,42,1430074,teacher,1,39,0,0
V7E004,42,1430074,learned,1,39,0,0
V7E004,42,1430075,random,0,100,2,0
V7E004,42,1430075,teacher,1,9,0,0
V7E004,42,1430075,learned,1,9,0,0
V7E004,42,1430076,random,0,100,0,0
V7E004,42,1430076,teacher,1,37,0,0
V7E004,42,1430076,learned,1,37,0,0
V7E004,42,1430077,random,0,100,2,0
V7E004,42,1430077,teacher,1,5,0,1
V7E004,42,1430077,learned,1,5,0,1
V7E004,42,1430078,random,0,100,2,0
V7E004,42,1430078,teacher,1,4,0,0
V7E004,42,1430078,learned,1,4,0,0
V7E004,42,1430079,random,0,100,0,0
V7E004,42,1430079,teacher,1,46,2,0
V7E004,42,1430079,learned,0,100,0,0
V7E004,42,1430080,random,1,1,0,0
V7E004,42,1430080,teacher,1,2,0,0
V7E004,42,1430080,learned,1,2,0,0
V7E004,42,1430081,random,1,30,0,0
V7E004,42,1430081,teacher,1,6,0,0
V7E004,42,1430081,learned,1,6,0,0
V7E004,42,1430082,random,1,6,0,0
V7E004,42,1430082,teacher,1,1,0,0
V7E004,42,1430082,learned,1,1,0,0
V7E004,42,1430083,random,1,7,0,0
V7E004,42,1430083,teacher,1,3,0,0
V7E004,42,1430083,learned,1,3,0,0
V7E004,42,1430084,random,1,7,0,0
V7E004,42,1430084,teacher,1,3,0,0
V7E004,42,1430084,learned,1,3,0,0
V7E004,42,1430085,random,0,100,2,0
V7E004,42,1430085,teacher,1,4,0,0
V7E004,42,1430085,learned,1,4,0,0
V7E004,42,1430086,random,1,14,0,0
V7E004,42,1430086,teacher,1,3,0,0
V7E004,42,1430086,learned,1,3,0,0
V7E004,42,1430087,random,1,15,0,0
V7E004,42,1430087,teacher,1,5,0,0
V7E004,42,1430087,learned,1,5,0,0
V7E004,42,1430088,random,1,8,0,0
V7E004,42,1430088,teacher,1,6,0,0
V7E004,42,1430088,learned,1,6,0,0
V7E004,42,1430089,random,0,100,2,0
V7E004,42,1430089,teacher,1,16,2,0
V7E004,42,1430089,learned,1,16,2,0
V7E004,42,1430090,random,0,100,2,1
V7E004,42,1430090,teacher,1,7,0,1
V7E004,42,1430090,learned,1,7,0,1
V7E004,42,1430091,random,0,100,2,0
V7E004,42,1430091,teacher,1,45,2,0
V7E004,42,1430091,learned,0,100,0,0
V7E004,42,1430092,random,1,91,2,0
V7E004,42,1430092,teacher,1,11,2,0
V7E004,42,1430092,learned,1,11,2,0
V7E004,42,1430093,random,1,60,2,1
V7E004,42,1430093,teacher,1,11,0,1
V7E004,42,1430093,learned,1,11,0,1
V7E004,42,1430094,random,1,70,2,1
V7E004,42,1430094,teacher,1,10,0,0
V7E004,42,1430094,learned,1,10,0,0
V7E004,42,1430095,random,0,100,2,0
V7E004,42,1430095,teacher,1,11,2,0
V7E004,42,1430095,learned,1,11,2,0
V7E004,42,1430096,random,0,100,2,0
V7E004,42,1430096,teacher,1,9,0,0
V7E004,42,1430096,learned,1,9,0,0
V7E004,42,1430097,random,0,100,0,0
V7E004,42,1430097,teacher,1,39,0,0
V7E004,42,1430097,learned,1,39,0,0
V7E004,42,1430098,random,1,27,0,0
V7E004,42,1430098,teacher,1,5,0,0
V7E004,42,1430098,learned,1,5,0,0
V7E004,42,1430099,random,0,100,2,0
V7E004,42,1430099,teacher,1,9,0,0
V7E004,42,1430099,learned,1,9,0,0
V7E005,42,1440000,random,0,100,2,0
V7E005,42,1440000,teacher,1,10,0,0
V7E005,42,1440000,learned,1,10,0,0
V7E005,42,1440001,random,0,100,0,0
V7E005,42,1440001,teacher,1,6,0,0
V7E005,42,1440001,learned,1,6,0,0
V7E005,42,1440002,random,0,100,2,0
V7E005,42,1440002,teacher,1,45,2,1
V7E005,42,1440002,learned,0,100,2,0
V7E005,42,1440003,random,1,12,0,0
V7E005,42,1440003,teacher,1,21,0,0
V7E005,42,1440003,learned,1,21,0,0
V7E005,42,1440004,random,1,20,0,1
V7E005,42,1440004,teacher,1,55,2,0
V7E005,42,1440004,learned,0,100,2,0
V7E005,42,1440005,random,0,100,0,0
V7E005,42,1440005,teacher,1,21,2,0
V7E005,42,1440005,learned,1,21,2,0
V7E005,42,1440006,random,1,12,0,0
V7E005,42,1440006,teacher,1,44,2,1
V7E005,42,1440006,learned,0,100,2,0
V7E005,42,1440007,random,0,100,0,1
V7E005,42,1440007,teacher,1,22,2,0
V7E005,42,1440007,learned,1,22,2,0
V7E005,42,1440008,random,1,35,2,0
V7E005,42,1440008,teacher,1,15,2,0
V7E005,42,1440008,learned,1,15,2,0
V7E005,42,1440009,random,1,97,0,1
V7E005,42,1440009,teacher,1,7,0,0
V7E005,42,1440009,learned,1,7,0,0
V7E005,42,1440010,random,0,100,2,0
V7E005,42,1440010,teacher,1,3,0,0
V7E005,42,1440010,learned,1,3,0,0
V7E005,42,1440011,random,1,7,0,1
V7E005,42,1440011,teacher,1,51,2,0
V7E005,42,1440011,learned,0,100,2,0
V7E005,42,1440012,random,0,100,0,0
V7E005,42,1440012,teacher,1,2,0,0
V7E005,42,1440012,learned,1,2,0,0
V7E005,42,1440013,random,1,42,0,0
V7E005,42,1440013,teacher,1,11,0,0
V7E005,42,1440013,learned,1,11,0,0
V7E005,42,1440014,random,1,18,0,0
V7E005,42,1440014,teacher,1,1,0,0
V7E005,42,1440014,learned,1,1,0,0
V7E005,42,1440015,random,1,46,2,0
V7E005,42,1440015,teacher,1,8,2,0
V7E005,42,1440015,learned,1,8,2,0
V7E005,42,1440016,random,0,100,1,0
V7E005,42,1440016,teacher,1,23,0,1
V7E005,42,1440016,learned,1,23,0,1
V7E005,42,1440017,random,0,100,0,0
V7E005,42,1440017,teacher,1,13,2,0
V7E005,42,1440017,learned,1,13,2,0
V7E005,42,1440018,random,0,100,0,0
V7E005,42,1440018,teacher,1,16,2,0
V7E005,42,1440018,learned,1,16,2,0
V7E005,42,1440019,random,0,100,0,0
V7E005,42,1440019,teacher,1,9,0,0
V7E005,42,1440019,learned,1,9,0,0
V7E005,42,1440020,random,0,100,0,0
V7E005,42,1440020,teacher,1,20,2,0
V7E005,42,1440020,learned,1,20,2,0
V7E005,42,1440021,random,0,100,1,0
V7E005,42,1440021,teacher,1,29,2,0
V7E005,42,1440021,learned,1,29,2,0
V7E005,42,1440022,random,1,58,0,0
V7E005,42,1440022,teacher,1,8,0,0
V7E005,42,1440022,learned,1,8,0,0
V7E005,42,1440023,random,0,100,1,0
V7E005,42,1440023,teacher,1,30,2,1
V7E005,42,1440023,learned,1,30,2,1
V7E005,42,1440024,random,1,3,0,0
V7E005,42,1440024,teacher,1,3,0,0
V7E005,42,1440024,learned,1,3,0,0
V7E005,42,1440025,random,0,100,0,1
V7E005,42,1440025,teacher,1,20,2,0
V7E005,42,1440025,learned,1,20,2,0
V7E005,42,1440026,random,0,100,2,0
V7E005,42,1440026,teacher,1,39,2,1
V7E005,42,1440026,learned,0,100,2,0
V7E005,42,1440027,random,0,100,1,0
V7E005,42,1440027,teacher,1,16,2,0
V7E005,42,1440027,learned,1,16,2,0
V7E005,42,1440028,random,0,100,2,0
V7E005,42,1440028,teacher,1,7,1,0
V7E005,42,1440028,learned,1,7,1,0
V7E005,42,1440029,random,0,100,0,0
V7E005,42,1440029,teacher,1,38,2,1
V7E005,42,1440029,learned,0,100,2,0
V7E005,42,1440030,random,1,4,0,0
V7E005,42,1440030,teacher,1,4,0,0
V7E005,42,1440030,learned,1,4,0,0
V7E005,42,1440031,random,1,9,0,0
V7E005,42,1440031,teacher,1,4,0,0
V7E005,42,1440031,learned,1,4,0,0
V7E005,42,1440032,random,1,3,0,0
V7E005,42,1440032,teacher,1,1,0,0
V7E005,42,1440032,learned,1,1,0,0
V7E005,42,1440033,random,0,100,2,0
V7E005,42,1440033,teacher,1,26,2,1
V7E005,42,1440033,learned,1,26,2,1
V7E005,42,1440034,random,0,100,2,0
V7E005,42,1440034,teacher,1,26,2,1
V7E005,42,1440034,learned,1,26,2,1
V7E005,42,1440035,random,1,86,0,0
V7E005,42,1440035,teacher,1,50,2,1
V7E005,42,1440035,learned,0,100,2,0
V7E005,42,1440036,random,0,100,0,0
V7E005,42,1440036,teacher,1,22,2,0
V7E005,42,1440036,learned,1,22,2,0
V7E005,42,1440037,random,0,100,0,0
V7E005,42,1440037,teacher,1,16,2,0
V7E005,42,1440037,learned,1,16,2,0
V7E005,42,1440038,random,0,100,0,0
V7E005,42,1440038,teacher,1,44,2,1
V7E005,42,1440038,learned,0,100,2,0
V7E005,42,1440039,random,1,5,0,0
V7E005,42,1440039,teacher,1,2,0,0
V7E005,42,1440039,learned,1,2,0,0
V7E005,42,1440040,random,0,100,0,0
V7E005,42,1440040,teacher,1,1,0,0
V7E005,42,1440040,learned,1,1,0,0
V7E005,42,1440041,random,0,100,0,0
V7E005,42,1440041,teacher,1,31,2,1
V7E005,42,1440041,learned,1,31,2,1
V7E005,42,1440042,random,1,49,0,0
V7E005,42,1440042,teacher,1,3,0,0
V7E005,42,1440042,learned,1,3,0,0
V7E005,42,1440043,random,1,33,0,0
V7E005,42,1440043,teacher,1,7,0,0
V7E005,42,1440043,learned,1,7,0,0
V7E005,42,1440044,random,1,1,0,0
V7E005,42,1440044,teacher,1,1,0,0
V7E005,42,1440044,learned,1,1,0,0
V7E005,42,1440045,random,1,94,2,1
V7E005,42,1440045,teacher,1,38,2,1
V7E005,42,1440045,learned,0,100,2,0
V7E005,42,1440046,random,0,100,2,0
V7E005,42,1440046,teacher,1,24,2,0
V7E005,42,1440046,learned,1,24,2,0
V7E005,42,1440047,random,1,5,0,1
V7E005,42,1440047,teacher,1,52,2,0
V7E005,42,1440047,learned,0,100,2,0
V7E005,42,1440048,random,0,100,2,0
V7E005,42,1440048,teacher,1,31,2,1
V7E005,42,1440048,learned,1,31,2,1
V7E005,42,1440049,random,0,100,2,0
V7E005,42,1440049,teacher,1,32,2,1
V7E005,42,1440049,learned,1,32,2,1
V7E005,42,1440050,random,0,100,0,1
V7E005,42,1440050,teacher,1,17,2,0
V7E005,42,1440050,learned,1,17,2,0
V7E005,42,1440051,random,0,100,2,0
V7E005,42,1440051,teacher,1,35,2,0
V7E005,42,1440051,learned,1,35,2,0
V7E005,42,1440052,random,1,4,0,0
V7E005,42,1440052,teacher,1,1,0,0
V7E005,42,1440052,learned,1,1,0,0
V7E005,42,1440053,random,0,100,0,2
V7E005,42,1440053,teacher,1,24,2,0
V7E005,42,1440053,learned,1,24,2,0
V7E005,42,1440054,random,0,100,0,0
V7E005,42,1440054,teacher,1,10,0,0
V7E005,42,1440054,learned,1,10,0,0
V7E005,42,1440055,random,0,100,0,0
V7E005,42,1440055,teacher,1,45,2,0
V7E005,42,1440055,learned,1,43,2,0
V7E005,42,1440056,random,0,100,0,0
V7E005,42,1440056,teacher,1,24,0,0
V7E005,42,1440056,learned,1,24,0,0
V7E005,42,1440057,random,1,8,0,0
V7E005,42,1440057,teacher,1,3,0,0
V7E005,42,1440057,learned,1,3,0,0
V7E005,42,1440058,random,0,100,2,0
V7E005,42,1440058,teacher,1,24,2,0
V7E005,42,1440058,learned,1,24,2,0
V7E005,42,1440059,random,1,5,0,0
V7E005,42,1440059,teacher,1,2,0,0
V7E005,42,1440059,learned,1,2,0,0
V7E005,42,1440060,random,1,8,0,0
V7E005,42,1440060,teacher,1,3,0,0
V7E005,42,1440060,learned,1,3,0,0
V7E005,42,1440061,random,0,100,0,1
V7E005,42,1440061,teacher,1,19,2,0
V7E005,42,1440061,learned,1,19,2,0
V7E005,42,1440062,random,1,21,0,0
V7E005,42,1440062,teacher,1,16,0,0
V7E005,42,1440062,learned,1,16,0,0
V7E005,42,1440063,random,0,100,0,1
V7E005,42,1440063,teacher,1,51,2,0
V7E005,42,1440063,learned,0,100,2,0
V7E005,42,1440064,random,0,100,2,0
V7E005,42,1440064,teacher,1,39,2,1
V7E005,42,1440064,learned,0,100,2,0
V7E005,42,1440065,random,0,100,0,0
V7E005,42,1440065,teacher,1,3,0,0
V7E005,42,1440065,learned,1,3,0,0
V7E005,42,1440066,random,0,100,0,1
V7E005,42,1440066,teacher,1,19,2,0
V7E005,42,1440066,learned,1,19,2,0
V7E005,42,1440067,random,0,100,2,0
V7E005,42,1440067,teacher,1,23,2,0
V7E005,42,1440067,learned,1,23,2,0
V7E005,42,1440068,random,1,69,0,0
V7E005,42,1440068,teacher,1,44,2,1
V7E005,42,1440068,learned,0,100,2,0
V7E005,42,1440069,random,0,100,0,0
V7E005,42,1440069,teacher,1,7,0,0
V7E005,42,1440069,learned,1,7,0,0
V7E005,42,1440070,random,0,100,2,0
V7E005,42,1440070,teacher,1,32,2,1
V7E005,42,1440070,learned,1,32,2,1
V7E005,42,1440071,random,1,70,0,1
V7E005,42,1440071,teacher,1,7,0,0
V7E005,42,1440071,learned,1,7,0,0
V7E005,42,1440072,random,1,53,0,0
V7E005,42,1440072,teacher,1,10,0,0
V7E005,42,1440072,learned,1,10,0,0
V7E005,42,1440073,random,0,100,0,0
V7E005,42,1440073,teacher,1,16,2,0
V7E005,42,1440073,learned,1,16,2,0
V7E005,42,1440074,random,1,93,0,0
V7E005,42,1440074,teacher,1,4,0,0
V7E005,42,1440074,learned,1,4,0,0
V7E005,42,1440075,random,1,1,0,0
V7E005,42,1440075,teacher,1,1,0,0
V7E005,42,1440075,learned,1,1,0,0
V7E005,42,1440076,random,0,100,0,3
V7E005,42,1440076,teacher,1,22,2,0
V7E005,42,1440076,learned,1,22,2,0
V7E005,42,1440077,random,0,100,2,0
V7E005,42,1440077,teacher,1,25,2,1
V7E005,42,1440077,learned,1,25,2,1
V7E005,42,1440078,random,0,100,0,1
V7E005,42,1440078,teacher,1,7,0,0
V7E005,42,1440078,learned,1,7,0,0
V7E005,42,1440079,random,1,11,0,0
V7E005,42,1440079,teacher,1,4,0,0
V7E005,42,1440079,learned,1,4,0,0
V7E005,42,1440080,random,0,100,0,1
V7E005,42,1440080,teacher,1,1,0,0
V7E005,42,1440080,learned,1,1,0,0
V7E005,42,1440081,random,0,100,0,0
V7E005,42,1440081,teacher,1,51,2,0
V7E005,42,1440081,learned,0,100,2,0
V7E005,42,1440082,random,0,100,2,0
V7E005,42,1440082,teacher,1,23,0,1
V7E005,42,1440082,learned,1,23,0,1
V7E005,42,1440083,random,0,100,0,0
V7E005,42,1440083,teacher,1,22,0,1
V7E005,42,1440083,learned,1,22,0,1
V7E005,42,1440084,random,0,100,0,0
V7E005,42,1440084,teacher,1,27,0,0
V7E005,42,1440084,learned,1,27,0,0
V7E005,42,1440085,random,1,35,0,0
V7E005,42,1440085,teacher,1,43,2,1
V7E005,42,1440085,learned,0,100,2,0
V7E005,42,1440086,random,0,100,2,0
V7E005,42,1440086,teacher,1,50,2,1
V7E005,42,1440086,learned,0,100,2,0
V7E005,42,1440087,random,1,38,0,0
V7E005,42,1440087,teacher,1,9,0,0
V7E005,42,1440087,learned,1,9,0,0
V7E005,42,1440088,random,1,3,0,0
V7E005,42,1440088,teacher,1,1,0,0
V7E005,42,1440088,learned,1,1,0,0
V7E005,42,1440089,random,1,97,0,1
V7E005,42,1440089,teacher,1,45,2,1
V7E005,42,1440089,learned,0,100,2,0
V7E005,42,1440090,random,0,100,2,0
V7E005,42,1440090,teacher,1,26,2,1
V7E005,42,1440090,learned,1,26,2,1
V7E005,42,1440091,random,1,5,0,0
V7E005,42,1440091,teacher,1,1,0,0
V7E005,42,1440091,learned,1,1,0,0
V7E005,42,1440092,random,0,100,2,0
V7E005,42,1440092,teacher,1,23,2,1
V7E005,42,1440092,learned,1,23,2,1
V7E005,42,1440093,random,0,100,0,0
V7E005,42,1440093,teacher,1,15,2,0
V7E005,42,1440093,learned,1,15,2,0
V7E005,42,1440094,random,1,2,0,0
V7E005,42,1440094,teacher,1,1,0,0
V7E005,42,1440094,learned,1,1,0,0
V7E005,42,1440095,random,1,5,0,0
V7E005,42,1440095,teacher,1,1,0,0
V7E005,42,1440095,learned,1,1,0,0
V7E005,42,1440096,random,1,5,0,0
V7E005,42,1440096,teacher,1,47,2,1
V7E005,42,1440096,learned,0,100,2,0
V7E005,42,1440097,random,1,89,2,0
V7E005,42,1440097,teacher,1,7,2,0
V7E005,42,1440097,learned,1,7,2,0
V7E005,42,1440098,random,1,31,0,1
V7E005,42,1440098,teacher,1,43,2,1
V7E005,42,1440098,learned,0,100,2,0
V7E005,42,1440099,random,0,100,2,0
V7E005,42,1440099,teacher,1,35,2,0
V7E005,42,1440099,learned,1,35,2,0
V7E006,42,1450000,random,1,18,0,0
V7E006,42,1450000,teacher,1,43,5,0
V7E006,42,1450000,learned,0,100,5,0
V7E006,42,1450001,random,0,100,0,0
V7E006,42,1450001,teacher,1,23,2,0
V7E006,42,1450001,learned,1,23,2,0
V7E006,42,1450002,random,0,100,0,0
V7E006,42,1450002,teacher,1,24,2,0
V7E006,42,1450002,learned,1,24,2,0
V7E006,42,1450003,random,0,100,0,0
V7E006,42,1450003,teacher,1,20,5,0
V7E006,42,1450003,learned,1,20,5,0
V7E006,42,1450004,random,1,1,0,0
V7E006,42,1450004,teacher,1,1,0,0
V7E006,42,1450004,learned,1,1,0,0
V7E006,42,1450005,random,1,3,0,0
V7E006,42,1450005,teacher,1,2,0,0
V7E006,42,1450005,learned,1,2,0,0
V7E006,42,1450006,random,0,100,2,1
V7E006,42,1450006,teacher,1,12,0,0
V7E006,42,1450006,learned,1,12,0,0
V7E006,42,1450007,random,1,12,0,0
V7E006,42,1450007,teacher,1,6,0,0
V7E006,42,1450007,learned,1,6,0,0
V7E006,42,1450008,random,0,100,5,0
V7E006,42,1450008,teacher,1,11,5,0
V7E006,42,1450008,learned,1,11,5,0
V7E006,42,1450009,random,1,27,0,1
V7E006,42,1450009,teacher,1,28,2,0
V7E006,42,1450009,learned,1,28,2,0
V7E006,42,1450010,random,0,100,2,0
V7E006,42,1450010,teacher,1,29,2,0
V7E006,42,1450010,learned,1,29,2,0
V7E006,42,1450011,random,1,5,0,0
V7E006,42,1450011,teacher,1,39,2,0
V7E006,42,1450011,learned,1,41,2,0
V7E006,42,1450012,random,1,4,0,0
V7E006,42,1450012,teacher,1,2,0,0
V7E006,42,1450012,learned,1,2,0,0
V7E006,42,1450013,random,0,100,0,0
V7E006,42,1450013,teacher,1,17,5,0
V7E006,42,1450013,learned,1,17,5,0
V7E006,42,1450014,random,0,100,0,2
V7E006,42,1450014,teacher,1,19,2,1
V7E006,42,1450014,learned,1,19,2,1
V7E006,42,1450015,random,1,4,0,0
V7E006,42,1450015,teacher,1,1,0,0
V7E006,42,1450015,learned,1,1,0,0
V7E006,42,1450016,random,1,59,0,2
V7E006,42,1450016,teacher,1,6,0,0
V7E006,42,1450016,learned,1,6,0,0
V7E006,42,1450017,random,0,100,2,0
V7E006,42,1450017,teacher,1,27,2,0
V7E006,42,1450017,learned,1,27,2,0
V7E006,42,1450018,random,0,100,3,0
V7E006,42,1450018,teacher,1,16,2,0
V7E006,42,1450018,learned,1,16,2,0
V7E006,42,1450019,random,0,100,5,0
V7E006,42,1450019,teacher,1,34,5,0
V7E006,42,1450019,learned,1,34,5,0
V7E006,42,1450020,random,0,100,2,0
V7E006,42,1450020,teacher,1,15,2,0
V7E006,42,1450020,learned,1,15,2,0
V7E006,42,1450021,random,1,2,0,0
V7E006,42,1450021,teacher,1,2,0,0
V7E006,42,1450021,learned,1,2,0,0
V7E006,42,1450022,random,1,85,0,0
V7E006,42,1450022,teacher,1,13,0,0
V7E006,42,1450022,learned,1,13,0,0
V7E006,42,1450023,random,1,59,5,0
V7E006,42,1450023,teacher,1,33,5,0
V7E006,42,1450023,learned,1,37,5,0
V7E006,42,1450024,random,0,100,0,0
V7E006,42,1450024,teacher,1,5,0,0
V7E006,42,1450024,learned,1,5,0,0
V7E006,42,1450025,random,0,100,0,0
V7E006,42,1450025,teacher,1,19,2,0
V7E006,42,1450025,learned,1,19,2,0
V7E006,42,1450026,random,0,100,0,0
V7E006,42,1450026,teacher,1,5,0,1
V7E006,42,1450026,learned,1,5,0,1
V7E006,42,1450027,random,1,26,2,0
V7E006,42,1450027,teacher,1,6,2,0
V7E006,42,1450027,learned,1,6,2,0
V7E006,42,1450028,random,0,100,0,0
V7E006,42,1450028,teacher,1,14,0,0
V7E006,42,1450028,learned,1,14,0,0
V7E006,42,1450029,random,1,6,0,0
V7E006,42,1450029,teacher,1,6,0,0
V7E006,42,1450029,learned,1,6,0,0
V7E006,42,1450030,random,1,66,0,0
V7E006,42,1450030,teacher,1,14,0,0
V7E006,42,1450030,learned,1,14,0,0
V7E006,42,1450031,random,0,100,0,0
V7E006,42,1450031,teacher,1,32,2,0
V7E006,42,1450031,learned,1,32,2,0
V7E006,42,1450032,random,0,100,0,0
V7E006,42,1450032,teacher,1,26,2,0
V7E006,42,1450032,learned,1,26,2,0
V7E006,42,1450033,random,1,20,0,0
V7E006,42,1450033,teacher,1,8,0,1
V7E006,42,1450033,learned,1,8,0,1
V7E006,42,1450034,random,1,21,0,0
V7E006,42,1450034,teacher,1,3,0,0
V7E006,42,1450034,learned,1,3,0,0
V7E006,42,1450035,random,1,2,0,0
V7E006,42,1450035,teacher,1,2,0,0
V7E006,42,1450035,learned,1,2,0,0
V7E006,42,1450036,random,0,100,2,0
V7E006,42,1450036,teacher,1,21,2,0
V7E006,42,1450036,learned,1,21,2,0
V7E006,42,1450037,random,0,100,0,1
V7E006,42,1450037,teacher,1,7,0,0
V7E006,42,1450037,learned,1,7,0,0
V7E006,42,1450038,random,1,52,0,0
V7E006,42,1450038,teacher,1,11,0,0
V7E006,42,1450038,learned,1,11,0,0
V7E006,42,1450039,random,1,3,0,0
V7E006,42,1450039,teacher,1,1,0,0
V7E006,42,1450039,learned,1,1,0,0
V7E006,42,1450040,random,1,42,0,0
V7E006,42,1450040,teacher,1,6,0,0
V7E006,42,1450040,learned,1,6,0,0
V7E006,42,1450041,random,1,37,0,0
V7E006,42,1450041,teacher,1,22,5,0
V7E006,42,1450041,learned,1,22,5,0
V7E006,42,1450042,random,0,100,2,0
V7E006,42,1450042,teacher,1,13,0,0
V7E006,42,1450042,learned,1,13,0,0
V7E006,42,1450043,random,1,4,0,0
V7E006,42,1450043,teacher,1,2,0,0
V7E006,42,1450043,learned,1,2,0,0
V7E006,42,1450044,random,0,100,0,0
V7E006,42,1450044,teacher,1,21,5,0
V7E006,42,1450044,learned,1,21,5,0
V7E006,42,1450045,random,0,100,2,0
V7E006,42,1450045,teacher,1,37,2,0
V7E006,42,1450045,learned,1,37,2,0
V7E006,42,1450046,random,0,100,1,0
V7E006,42,1450046,teacher,1,12,0,0
V7E006,42,1450046,learned,1,12,0,0
V7E006,42,1450047,random,1,12,0,0
V7E006,42,1450047,teacher,1,2,0,0
V7E006,42,1450047,learned,1,2,0,0
V7E006,42,1450048,random,1,83,0,1
V7E006,42,1450048,teacher,1,6,0,0
V7E006,42,1450048,learned,1,6,0,0
V7E006,42,1450049,random,0,100,5,0
V7E006,42,1450049,teacher,1,3,0,0
V7E006,42,1450049,learned,1,3,0,0
V7E006,42,1450050,random,0,100,0,0
V7E006,42,1450050,teacher,1,10,2,0
V7E006,42,1450050,learned,1,10,2,0
V7E006,42,1450051,random,1,13,0,1
V7E006,42,1450051,teacher,1,2,0,0
V7E006,42,1450051,learned,1,2,0,0
V7E006,42,1450052,random,1,22,0,0
V7E006,42,1450052,teacher,1,1,0,0
V7E006,42,1450052,learned,1,1,0,0
V7E006,42,1450053,random,0,100,0,0
V7E006,42,1450053,teacher,1,31,2,0
V7E006,42,1450053,learned,1,31,2,0
V7E006,42,1450054,random,1,38,0,0
V7E006,42,1450054,teacher,1,1,0,0
V7E006,42,1450054,learned,1,1,0,0
V7E006,42,1450055,random,0,100,2,0
V7E006,42,1450055,teacher,1,40,5,0
V7E006,42,1450055,learned,1,40,5,0
V7E006,42,1450056,random,0,100,0,0
V7E006,42,1450056,teacher,1,13,0,1
V7E006,42,1450056,learned,1,13,0,1
V7E006,42,1450057,random,1,80,2,0
V7E006,42,1450057,teacher,1,5,2,0
V7E006,42,1450057,learned,1,5,2,0
V7E006,42,1450058,random,1,2,0,0
V7E006,42,1450058,teacher,1,2,0,0
V7E006,42,1450058,learned,1,2,0,0
V7E006,42,1450059,random,1,18,0,0
V7E006,42,1450059,teacher,1,5,0,0
V7E006,42,1450059,learned,1,5,0,0
V7E006,42,1450060,random,0,100,0,0
V7E006,42,1450060,teacher,1,21,2,0
V7E006,42,1450060,learned,1,21,2,0
V7E006,42,1450061,random,0,100,0,0
V7E006,42,1450061,teacher,1,26,5,0
V7E006,42,1450061,learned,1,26,5,0
V7E006,42,1450062,random,0,100,0,0
V7E006,42,1450062,teacher,1,15,5,0
V7E006,42,1450062,learned,1,15,5,0
V7E006,42,1450063,random,1,63,5,0
V7E006,42,1450063,teacher,1,11,5,0
V7E006,42,1450063,learned,1,11,5,0
V7E006,42,1450064,random,0,100,0,0
V7E006,42,1450064,teacher,1,8,0,0
V7E006,42,1450064,learned,1,8,0,0
V7E006,42,1450065,random,0,100,0,2
V7E006,42,1450065,teacher,1,11,5,0
V7E006,42,1450065,learned,1,11,5,0
V7E006,42,1450066,random,1,73,0,0
V7E006,42,1450066,teacher,1,14,0,0
V7E006,42,1450066,learned,1,14,0,0
V7E006,42,1450067,random,1,50,0,0
V7E006,42,1450067,teacher,1,4,0,0
V7E006,42,1450067,learned,1,4,0,0
V7E006,42,1450068,random,1,81,5,1
V7E006,42,1450068,teacher,1,41,5,0
V7E006,42,1450068,learned,1,45,5,0
V7E006,42,1450069,random,0,100,2,1
V7E006,42,1450069,teacher,0,100,2,0
V7E006,42,1450069,learned,1,32,2,0
V7E006,42,1450070,random,0,100,0,0
V7E006,42,1450070,teacher,1,12,0,0
V7E006,42,1450070,learned,1,12,0,0
V7E006,42,1450071,random,1,59,0,0
V7E006,42,1450071,teacher,1,8,0,0
V7E006,42,1450071,learned,1,8,0,0
V7E006,42,1450072,random,0,100,0,1
V7E006,42,1450072,teacher,1,18,5,0
V7E006,42,1450072,learned,1,18,5,0
V7E006,42,1450073,random,0,100,2,0
V7E006,42,1450073,teacher,1,4,0,0
V7E006,42,1450073,learned,1,4,0,0
V7E006,42,1450074,random,1,37,0,1
V7E006,42,1450074,teacher,1,28,2,0
V7E006,42,1450074,learned,1,28,2,0
V7E006,42,1450075,random,1,63,0,1
V7E006,42,1450075,teacher,1,2,0,1
V7E006,42,1450075,learned,1,2,0,1
V7E006,42,1450076,random,0,100,2,0
V7E006,42,1450076,teacher,1,8,0,0
V7E006,42,1450076,learned,1,8,0,0
V7E006,42,1450077,random,0,100,0,0
V7E006,42,1450077,teacher,1,1,0,1
V7E006,42,1450077,learned,1,1,0,1
V7E006,42,1450078,random,1,6,0,0
V7E006,42,1450078,teacher,1,1,0,0
V7E006,42,1450078,learned,1,1,0,0
V7E006,42,1450079,random,0,100,2,0
V7E006,42,1450079,teacher,1,38,5,0
V7E006,42,1450079,learned,1,42,5,0
V7E006,42,1450080,random,0,100,2,0
V7E006,42,1450080,teacher,1,32,2,1
V7E006,42,1450080,learned,1,36,2,1
V7E006,42,1450081,random,0,100,0,0
V7E006,42,1450081,teacher,1,42,5,1
V7E006,42,1450081,learned,0,100,5,0
V7E006,42,1450082,random,1,15,0,1
V7E006,42,1450082,teacher,1,5,0,1
V7E006,42,1450082,learned,1,5,0,1
V7E006,42,1450083,random,0,100,0,1
V7E006,42,1450083,teacher,1,7,0,0
V7E006,42,1450083,learned,1,7,0,0
V7E006,42,1450084,random,1,78,0,1
V7E006,42,1450084,teacher,1,23,2,0
V7E006,42,1450084,learned,1,23,2,0
V7E006,42,1450085,random,0,100,5,0
V7E006,42,1450085,teacher,1,29,0,0
V7E006,42,1450085,learned,1,29,0,0
V7E006,42,1450086,random,1,98,5,1
V7E006,42,1450086,teacher,1,24,5,1
V7E006,42,1450086,learned,1,24,5,1
V7E006,42,1450087,random,0,100,0,1
V7E006,42,1450087,teacher,1,21,5,0
V7E006,42,1450087,learned,1,21,5,0
V7E006,42,1450088,random,0,100,4,0
V7E006,42,1450088,teacher,1,11,0,0
V7E006,42,1450088,learned,1,11,0,0
V7E006,42,1450089,random,1,69,5,0
V7E006,42,1450089,teacher,1,18,5,0
V7E006,42,1450089,learned,1,18,5,0
V7E006,42,1450090,random,0,100,2,0
V7E006,42,1450090,teacher,1,17,5,0
V7E006,42,1450090,learned,1,17,5,0
V7E006,42,1450091,random,0,100,2,0
V7E006,42,1450091,teacher,1,12,5,0
V7E006,42,1450091,learned,1,12,5,0
V7E006,42,1450092,random,1,43,2,0
V7E006,42,1450092,teacher,1,13,2,0
V7E006,42,1450092,learned,1,13,2,0
V7E006,42,1450093,random,1,12,0,0
V7E006,42,1450093,teacher,1,34,2,0
V7E006,42,1450093,learned,0,100,2,0
V7E006,42,1450094,random,0,100,2,0
V7E006,42,1450094,teacher,1,7,0,0
V7E006,42,1450094,learned,1,7,0,0
V7E006,42,1450095,random,0,100,0,1
V7E006,42,1450095,teacher,1,7,0,0
V7E006,42,1450095,learned,1,7,0,0
V7E006,42,1450096,random,0,100,0,0
V7E006,42,1450096,teacher,1,18,0,0
V7E006,42,1450096,learned,1,18,0,0
V7E006,42,1450097,random,1,13,0,0
V7E006,42,1450097,teacher,1,5,0,0
V7E006,42,1450097,learned,1,5,0,0
V7E006,42,1450098,random,0,100,2,0
V7E006,42,1450098,teacher,1,10,0,0
V7E006,42,1450098,learned,1,10,0,0
V7E006,42,1450099,random,1,85,2,0
V7E006,42,1450099,teacher,1,1,0,0
V7E006,42,1450099,learned,1,1,0,0
V7E007,42,1460000,random,0,100,4,1
V7E007,42,1460000,teacher,1,5,0,0
V7E007,42,1460000,learned,1,5,0,0
V7E007,42,1460001,random,0,100,5,1
V7E007,42,1460001,teacher,1,2,0,0
V7E007,42,1460001,learned,1,2,0,0
V7E007,42,1460002,random,1,10,0,0
V7E007,42,1460002,teacher,1,2,0,0
V7E007,42,1460002,learned,1,2,0,0
V7E007,42,1460003,random,0,100,0,0
V7E007,42,1460003,teacher,1,53,5,1
V7E007,42,1460003,learned,1,55,5,1
V7E007,42,1460004,random,0,100,0,0
V7E007,42,1460004,teacher,1,9,0,0
V7E007,42,1460004,learned,1,9,0,0
V7E007,42,1460005,random,1,29,0,0
V7E007,42,1460005,teacher,1,4,0,0
V7E007,42,1460005,learned,1,4,0,0
V7E007,42,1460006,random,1,43,0,0
V7E007,42,1460006,teacher,1,2,0,0
V7E007,42,1460006,learned,1,2,0,0
V7E007,42,1460007,random,0,100,0,0
V7E007,42,1460007,teacher,1,49,2,0
V7E007,42,1460007,learned,1,49,2,0
V7E007,42,1460008,random,0,100,0,0
V7E007,42,1460008,teacher,1,14,2,0
V7E007,42,1460008,learned,1,14,2,0
V7E007,42,1460009,random,1,30,0,0
V7E007,42,1460009,teacher,1,53,5,1
V7E007,42,1460009,learned,1,55,5,1
V7E007,42,1460010,random,0,100,0,0
V7E007,42,1460010,teacher,1,9,0,0
V7E007,42,1460010,learned,1,9,0,0
V7E007,42,1460011,random,0,100,2,0
V7E007,42,1460011,teacher,1,46,2,0
V7E007,42,1460011,learned,1,46,2,0
V7E007,42,1460012,random,1,11,0,0
V7E007,42,1460012,teacher,1,2,0,0
V7E007,42,1460012,learned,1,2,0,0
V7E007,42,1460013,random,1,6,0,0
V7E007,42,1460013,teacher,1,2,0,0
V7E007,42,1460013,learned,1,2,0,0
V7E007,42,1460014,random,1,5,0,0
V7E007,42,1460014,teacher,1,20,2,0
V7E007,42,1460014,learned,1,20,2,0
V7E007,42,1460015,random,1,7,0,0
V7E007,42,1460015,teacher,1,3,0,0
V7E007,42,1460015,learned,1,3,0,0
V7E007,42,1460016,random,0,100,0,0
V7E007,42,1460016,teacher,1,5,0,0
V7E007,42,1460016,learned,1,5,0,0
V7E007,42,1460017,random,1,94,3,1
V7E007,42,1460017,teacher,0,100,4,1
V7E007,42,1460017,learned,0,100,4,1
V7E007,42,1460018,random,1,22,0,0
V7E007,42,1460018,teacher,1,3,0,0
V7E007,42,1460018,learned,1,3,0,0
V7E007,42,1460019,random,0,100,5,1
V7E007,42,1460019,teacher,1,7,0,0
V7E007,42,1460019,learned,1,7,0,0
V7E007,42,1460020,random,0,100,0,0
V7E007,42,1460020,teacher,1,46,2,0
V7E007,42,1460020,learned,1,46,2,0
V7E007,42,1460021,random,1,1,0,0
V7E007,42,1460021,teacher,1,1,0,0
V7E007,42,1460021,learned,1,1,0,0
V7E007,42,1460022,random,1,24,0,1
V7E007,42,1460022,teacher,1,8,2,0
V7E007,42,1460022,learned,1,8,2,0
V7E007,42,1460023,random,1,58,0,0
V7E007,42,1460023,teacher,1,48,2,0
V7E007,42,1460023,learned,1,48,2,0
V7E007,42,1460024,random,1,24,0,0
V7E007,42,1460024,teacher,1,16,2,0
V7E007,42,1460024,learned,1,16,2,0
V7E007,42,1460025,random,0,100,0,0
V7E007,42,1460025,teacher,0,100,4,1
V7E007,42,1460025,learned,0,100,4,1
V7E007,42,1460026,random,0,100,0,0
V7E007,42,1460026,teacher,1,12,0,1
V7E007,42,1460026,learned,1,12,0,1
V7E007,42,1460027,random,1,52,2,0
V7E007,42,1460027,teacher,1,14,2,0
V7E007,42,1460027,learned,1,14,2,0
V7E007,42,1460028,random,0,100,0,0
V7E007,42,1460028,teacher,1,20,5,1
V7E007,42,1460028,learned,1,20,5,1
V7E007,42,1460029,random,1,29,0,0
V7E007,42,1460029,teacher,1,56,5,1
V7E007,42,1460029,learned,1,58,5,1
V7E007,42,1460030,random,0,100,1,0
V7E007,42,1460030,teacher,1,49,2,0
V7E007,42,1460030,learned,1,49,2,0
V7E007,42,1460031,random,0,100,3,2
V7E007,42,1460031,teacher,1,55,5,1
V7E007,42,1460031,learned,1,57,5,1
V7E007,42,1460032,random,0,100,0,0
V7E007,42,1460032,teacher,1,54,5,1
V7E007,42,1460032,learned,1,56,5,1
V7E007,42,1460033,random,0,100,0,0
V7E007,42,1460033,teacher,1,53,5,1
V7E007,42,1460033,learned,1,55,5,1
V7E007,42,1460034,random,1,7,0,0
V7E007,42,1460034,teacher,1,3,0,0
V7E007,42,1460034,learned,1,3,0,0
V7E007,42,1460035,random,1,89,1,0
V7E007,42,1460035,teacher,0,100,0,0
V7E007,42,1460035,learned,0,100,0,0
V7E007,42,1460036,random,1,98,3,1
V7E007,42,1460036,teacher,1,13,0,0
V7E007,42,1460036,learned,1,13,0,0
V7E007,42,1460037,random,1,1,0,0
V7E007,42,1460037,teacher,1,1,0,0
V7E007,42,1460037,learned,1,1,0,0
V7E007,42,1460038,random,0,100,0,0
V7E007,42,1460038,teacher,1,8,0,0
V7E007,42,1460038,learned,1,8,0,0
V7E007,42,1460039,random,0,100,2,0
V7E007,42,1460039,teacher,1,49,2,0
V7E007,42,1460039,learned,1,51,2,0
V7E007,42,1460040,random,0,100,0,0
V7E007,42,1460040,teacher,1,19,5,1
V7E007,42,1460040,learned,1,19,5,1
V7E007,42,1460041,random,0,100,0,0
V7E007,42,1460041,teacher,1,10,0,0
V7E007,42,1460041,learned,1,10,0,0
V7E007,42,1460042,random,0,100,2,0
V7E007,42,1460042,teacher,1,49,2,0
V7E007,42,1460042,learned,1,49,2,0
V7E007,42,1460043,random,0,100,0,0
V7E007,42,1460043,teacher,0,100,4,1
V7E007,42,1460043,learned,0,100,4,1
V7E007,42,1460044,random,1,11,0,0
V7E007,42,1460044,teacher,1,1,0,0
V7E007,42,1460044,learned,1,1,0,0
V7E007,42,1460045,random,0,100,1,1
V7E007,42,1460045,teacher,1,5,0,0
V7E007,42,1460045,learned,1,5,0,0
V7E007,42,1460046,random,0,100,2,0
V7E007,42,1460046,teacher,1,49,2,0
V7E007,42,1460046,learned,1,49,2,0
V7E007,42,1460047,random,1,39,0,0
V7E007,42,1460047,teacher,1,7,0,0
V7E007,42,1460047,learned,1,7,0,0
V7E007,42,1460048,random,1,4,0,0
V7E007,42,1460048,teacher,1,3,0,0
V7E007,42,1460048,learned,1,3,0,0
V7E007,42,1460049,random,1,26,0,0
V7E007,42,1460049,teacher,1,1,0,0
V7E007,42,1460049,learned,1,1,0,0
V7E007,42,1460050,random,1,57,0,0
V7E007,42,1460050,teacher,1,45,2,0
V7E007,42,1460050,learned,1,45,2,0
V7E007,42,1460051,random,1,63,0,0
V7E007,42,1460051,teacher,1,7,0,0
V7E007,42,1460051,learned,1,7,0,0
V7E007,42,1460052,random,0,100,0,0
V7E007,42,1460052,teacher,1,12,0,0
V7E007,42,1460052,learned,1,12,0,0
V7E007,42,1460053,random,0,100,4,0
V7E007,42,1460053,teacher,1,47,5,0
V7E007,42,1460053,learned,1,47,5,0
V7E007,42,1460054,random,1,12,0,1
V7E007,42,1460054,teacher,1,2,0,1
V7E007,42,1460054,learned,1,2,0,1
V7E007,42,1460055,random,1,1,0,0
V7E007,42,1460055,teacher,1,1,0,0
V7E007,42,1460055,learned,1,1,0,0
V7E007,42,1460056,random,0,100,2,0
V7E007,42,1460056,teacher,1,47,2,0
V7E007,42,1460056,learned,1,49,2,0
V7E007,42,1460057,random,1,23,0,1
V7E007,42,1460057,teacher,1,1,0,1
V7E007,42,1460057,learned,1,1,0,1
V7E007,42,1460058,random,0,100,2,1
V7E007,42,1460058,teacher,0,100,4,1
V7E007,42,1460058,learned,0,100,4,1
V7E007,42,1460059,random,0,100,0,0
V7E007,42,1460059,teacher,1,45,5,1
V7E007,42,1460059,learned,1,45,5,1
V7E007,42,1460060,random,0,100,0,0
V7E007,42,1460060,teacher,1,10,0,0
V7E007,42,1460060,learned,1,10,0,0
V7E007,42,1460061,random,1,2,0,0
V7E007,42,1460061,teacher,1,1,0,0
V7E007,42,1460061,learned,1,1,0,0
V7E007,42,1460062,random,0,100,0,0
V7E007,42,1460062,teacher,1,50,5,1
V7E007,42,1460062,learned,1,50,5,1
V7E007,42,1460063,random,1,76,0,0
V7E007,42,1460063,teacher,1,17,0,1
V7E007,42,1460063,learned,1,17,0,1
V7E007,42,1460064,random,1,3,0,0
V7E007,42,1460064,teacher,1,2,0,0
V7E007,42,1460064,learned,1,2,0,0
V7E007,42,1460065,random,1,13,0,0
V7E007,42,1460065,teacher,1,3,0,0
V7E007,42,1460065,learned,1,3,0,0
V7E007,42,1460066,random,0,100,5,1
V7E007,42,1460066,teacher,1,1,0,0
V7E007,42,1460066,learned,1,1,0,0
V7E007,42,1460067,random,0,100,5,1
V7E007,42,1460067,teacher,1,48,2,0
V7E007,42,1460067,learned,1,48,2,0
V7E007,42,1460068,random,1,15,0,0
V7E007,42,1460068,teacher,1,6,0,0
V7E007,42,1460068,learned,1,6,0,0
V7E007,42,1460069,random,1,20,0,0
V7E007,42,1460069,teacher,0,100,4,0
V7E007,42,1460069,learned,0,100,4,0
V7E007,42,1460070,random,1,39,2,0
V7E007,42,1460070,teacher,1,1,0,0
V7E007,42,1460070,learned,1,1,0,0
V7E007,42,1460071,random,1,23,0,0
V7E007,42,1460071,teacher,1,1,0,0
V7E007,42,1460071,learned,1,1,0,0
V7E007,42,1460072,random,0,100,5,0
V7E007,42,1460072,teacher,1,10,4,0
V7E007,42,1460072,learned,1,10,4,0
V7E007,42,1460073,random,0,100,4,1
V7E007,42,1460073,teacher,1,55,5,1
V7E007,42,1460073,learned,1,57,5,1
V7E007,42,1460074,random,1,8,0,0
V7E007,42,1460074,teacher,1,2,0,0
V7E007,42,1460074,learned,1,2,0,0
V7E007,42,1460075,random,0,100,2,0
V7E007,42,1460075,teacher,1,27,2,0
V7E007,42,1460075,learned,1,27,2,0
V7E007,42,1460076,random,0,100,4,1
V7E007,42,1460076,teacher,1,54,5,1
V7E007,42,1460076,learned,1,54,5,1
V7E007,42,1460077,random,0,100,2,0
V7E007,42,1460077,teacher,1,45,2,0
V7E007,42,1460077,learned,1,47,2,0
V7E007,42,1460078,random,1,3,0,0
V7E007,42,1460078,teacher,1,2,0,0
V7E007,42,1460078,learned,1,2,0,0
V7E007,42,1460079,random,0,100,0,0
V7E007,42,1460079,teacher,1,13,0,0
V7E007,42,1460079,learned,1,13,0,0
V7E007,42,1460080,random,1,84,0,0
V7E007,42,1460080,teacher,1,15,4,1
V7E007,42,1460080,learned,1,15,4,1
V7E007,42,1460081,random,0,100,1,0
V7E007,42,1460081,teacher,0,100,1,0
V7E007,42,1460081,learned,0,100,1,0
V7E007,42,1460082,random,0,100,0,0
V7E007,42,1460082,teacher,1,8,0,0
V7E007,42,1460082,learned,1,8,0,0
V7E007,42,1460083,random,0,100,0,0
V7E007,42,1460083,teacher,0,100,4,1
V7E007,42,1460083,learned,0,100,4,1
V7E007,42,1460084,random,1,33,0,0
V7E007,42,1460084,teacher,1,3,0,0
V7E007,42,1460084,learned,1,3,0,0
V7E007,42,1460085,random,1,5,0,0
V7E007,42,1460085,teacher,1,25,2,0
V7E007,42,1460085,learned,1,25,2,0
V7E007,42,1460086,random,1,5,0,0
V7E007,42,1460086,teacher,1,2,0,0
V7E007,42,1460086,learned,1,2,0,0
V7E007,42,1460087,random,1,67,0,0
V7E007,42,1460087,teacher,1,1,0,0
V7E007,42,1460087,learned,1,1,0,0
V7E007,42,1460088,random,1,55,0,0
V7E007,42,1460088,teacher,1,56,5,1
V7E007,42,1460088,learned,1,58,5,1
V7E007,42,1460089,random,0,100,5,0
V7E007,42,1460089,teacher,1,10,4,0
V7E007,42,1460089,learned,1,10,4,0
V7E007,42,1460090,random,1,2,0,0
V7E007,42,1460090,teacher,1,1,0,0
V7E007,42,1460090,learned,1,1,0,0
V7E007,42,1460091,random,1,4,0,0
V7E007,42,1460091,teacher,1,21,2,0
V7E007,42,1460091,learned,1,21,2,0
V7E007,42,1460092,random,1,5,0,0
V7E007,42,1460092,teacher,1,2,0,0
V7E007,42,1460092,learned,1,2,0,0
V7E007,42,1460093,random,0,100,3,1
V7E007,42,1460093,teacher,1,13,5,1
V7E007,42,1460093,learned,1,13,5,1
V7E007,42,1460094,random,1,7,0,0
V7E007,42,1460094,teacher,1,18,2,0
V7E007,42,1460094,learned,1,18,2,0
V7E007,42,1460095,random,0,100,3,1
V7E007,42,1460095,teacher,1,14,5,1
V7E007,42,1460095,learned,1,14,5,1
V7E007,42,1460096,random,0,100,0,0
V7E007,42,1460096,teacher,1,11,0,0
V7E007,42,1460096,learned,1,11,0,0
V7E007,42,1460097,random,0,100,0,1
V7E007,42,1460097,teacher,1,45,2,0
V7E007,42,1460097,learned,1,47,2,0
V7E007,42,1460098,random,1,24,0,0
V7E007,42,1460098,teacher,1,2,0,0
V7E007,42,1460098,learned,1,2,0,0
V7E007,42,1460099,random,1,5,0,0
V7E007,42,1460099,teacher,1,1,0,0
V7E007,42,1460099,learned,1,1,0,0
V7E008,42,1470000,random,0,100,1,0
V7E008,42,1470000,teacher,0,100,1,0
V7E008,42,1470000,learned,0,100,1,0
V7E008,42,1470001,random,0,100,3,0
V7E008,42,1470001,teacher,1,5,0,1
V7E008,42,1470001,learned,1,5,0,1
V7E008,42,1470002,random,0,100,1,0
V7E008,42,1470002,teacher,0,100,1,0
V7E008,42,1470002,learned,0,100,1,0
V7E008,42,1470003,random,1,1,0,0
V7E008,42,1470003,teacher,1,1,0,0
V7E008,42,1470003,learned,1,1,0,0
V7E008,42,1470004,random,0,100,1,0
V7E008,42,1470004,teacher,1,35,2,1
V7E008,42,1470004,learned,0,100,0,1
V7E008,42,1470005,random,1,2,0,0
V7E008,42,1470005,teacher,1,1,0,0
V7E008,42,1470005,learned,1,1,0,0
V7E008,42,1470006,random,0,100,0,1
V7E008,42,1470006,teacher,1,39,3,1
V7E008,42,1470006,learned,1,35,3,1
V7E008,42,1470007,random,1,1,0,0
V7E008,42,1470007,teacher,1,1,0,0
V7E008,42,1470007,learned,1,1,0,0
V7E008,42,1470008,random,0,100,2,0
V7E008,42,1470008,teacher,1,37,2,1
V7E008,42,1470008,learned,1,33,2,1
V7E008,42,1470009,random,1,74,0,1
V7E008,42,1470009,teacher,1,7,0,1
V7E008,42,1470009,learned,1,7,0,1
V7E008,42,1470010,random,1,51,0,1
V7E008,42,1470010,teacher,1,7,0,1
V7E008,42,1470010,learned,1,7,0,1
V7E008,42,1470011,random,0,100,0,0
V7E008,42,1470011,teacher,1,7,0,0
V7E008,42,1470011,learned,1,7,0,0
V7E008,42,1470012,random,0,100,1,0
V7E008,42,1470012,teacher,1,9,1,0
V7E008,42,1470012,learned,1,11,1,0
V7E008,42,1470013,random,0,100,7,0
V7E008,42,1470013,teacher,1,7,0,1
V7E008,42,1470013,learned,1,7,0,1
V7E008,42,1470014,random,0,100,4,0
V7E008,42,1470014,teacher,1,5,0,0
V7E008,42,1470014,learned,1,5,0,0
V7E008,42,1470015,random,0,100,1,1
V7E008,42,1470015,teacher,1,44,5,1
V7E008,42,1470015,learned,1,51,3,1
V7E008,42,1470016,random,1,7,0,0
V7E008,42,1470016,teacher,1,2,0,0
V7E008,42,1470016,learned,1,2,0,0
V7E008,42,1470017,random,0,100,0,0
V7E008,42,1470017,teacher,1,37,2,1
V7E008,42,1470017,learned,1,37,2,1
V7E008,42,1470018,random,1,44,1,0
V7E008,42,1470018,teacher,1,3,0,0
V7E008,42,1470018,learned,1,3,0,0
V7E008,42,1470019,random,0,100,0,0
V7E008,42,1470019,teacher,1,6,0,1
V7E008,42,1470019,learned,1,6,0,1
V7E008,42,1470020,random,1,16,0,1
V7E008,42,1470020,teacher,1,1,0,0
V7E008,42,1470020,learned,1,1,0,0
V7E008,42,1470021,random,1,4,0,0
V7E008,42,1470021,teacher,1,3,0,0
V7E008,42,1470021,learned,1,3,0,0
V7E008,42,1470022,random,1,5,0,0
V7E008,42,1470022,teacher,1,1,0,0
V7E008,42,1470022,learned,1,1,0,0
V7E008,42,1470023,random,1,71,3,0
V7E008,42,1470023,teacher,1,36,2,1
V7E008,42,1470023,learned,1,36,2,1
V7E008,42,1470024,random,0,100,1,0
V7E008,42,1470024,teacher,1,2,0,0
V7E008,42,1470024,learned,1,2,0,0
V7E008,42,1470025,random,1,1,0,0
V7E008,42,1470025,teacher,1,1,0,0
V7E008,42,1470025,learned,1,1,0,0
V7E008,42,1470026,random,1,4,0,0
V7E008,42,1470026,teacher,1,2,0,0
V7E008,42,1470026,learned,1,2,0,0
V7E008,42,1470027,random,1,8,0,0
V7E008,42,1470027,teacher,1,2,0,0
V7E008,42,1470027,learned,1,2,0,0
V7E008,42,1470028,random,1,28,0,0
V7E008,42,1470028,teacher,1,2,0,0
V7E008,42,1470028,learned,1,2,0,0
V7E008,42,1470029,random,0,100,0,0
V7E008,42,1470029,teacher,1,7,0,0
V7E008,42,1470029,learned,1,7,0,0
V7E008,42,1470030,random,1,30,2,0
V7E008,42,1470030,teacher,1,40,3,0
V7E008,42,1470030,learned,1,44,3,0
V7E008,42,1470031,random,0,100,0,1
V7E008,42,1470031,teacher,1,47,5,1
V7E008,42,1470031,learned,1,54,3,1
V7E008,42,1470032,random,1,11,0,0
V7E008,42,1470032,teacher,1,3,0,0
V7E008,42,1470032,learned,1,3,0,0
V7E008,42,1470033,random,1,2,0,0
V7E008,42,1470033,teacher,1,2,0,0
V7E008,42,1470033,learned,1,2,0,0
V7E008,42,1470034,random,0,100,0,0
V7E008,42,1470034,teacher,0,100,1,0
V7E008,42,1470034,learned,0,100,1,0
V7E008,42,1470035,random,0,100,1,0
V7E008,42,1470035,teacher,0,100,1,0
V7E008,42,1470035,learned,0,100,1,0
V7E008,42,1470036,random,0,100,0,0
V7E008,42,1470036,teacher,1,35,2,1
V7E008,42,1470036,learned,0,100,0,1
V7E008,42,1470037,random,1,74,1,0
V7E008,42,1470037,teacher,1,14,1,0
V7E008,42,1470037,learned,1,14,1,0
V7E008,42,1470038,random,0,100,1,0
V7E008,42,1470038,teacher,0,100,1,0
V7E008,42,1470038,learned,0,100,1,0
V7E008,42,1470039,random,0,100,0,1
V7E008,42,1470039,teacher,1,36,2,0
V7E008,42,1470039,learned,1,40,2,0
V7E008,42,1470040,random,0,100,0,0
V7E008,42,1470040,teacher,0,100,1,0
V7E008,42,1470040,learned,0,100,1,0
V7E008,42,1470041,random,0,100,1,0
V7E008,42,1470041,teacher,0,100,1,0
V7E008,42,1470041,learned,0,100,1,0
V7E008,42,1470042,random,0,100,1,0
V7E008,42,1470042,teacher,0,100,1,0
V7E008,42,1470042,learned,0,100,1,0
V7E008,42,1470043,random,0,100,0,0
V7E008,42,1470043,teacher,1,34,2,1
V7E008,42,1470043,learned,1,38,2,1
V7E008,42,1470044,random,0,100,1,1
V7E008,42,1470044,teacher,1,5,0,0
V7E008,42,1470044,learned,1,5,0,0
V7E008,42,1470045,random,0,100,0,0
V7E008,42,1470045,teacher,1,44,5,0
V7E008,42,1470045,learned,0,100,3,0
V7E008,42,1470046,random,1,47,0,0
V7E008,42,1470046,teacher,1,17,0,0
V7E008,42,1470046,learned,1,17,0,0
V7E008,42,1470047,random,1,3,0,0
V7E008,42,1470047,teacher,1,2,0,0
V7E008,42,1470047,learned,1,2,0,0
V7E008,42,1470048,random,1,57,3,0
V7E008,42,1470048,teacher,1,2,0,0
V7E008,42,1470048,learned,1,2,0,0
V7E008,42,1470049,random,0,100,1,0
V7E008,42,1470049,teacher,0,100,1,0
V7E008,42,1470049,learned,0,100,1,0
V7E008,42,1470050,random,0,100,3,0
V7E008,42,1470050,teacher,1,35,2,1
V7E008,42,1470050,learned,0,100,0,1
V7E008,42,1470051,random,1,97,0,1
V7E008,42,1470051,teacher,1,1,0,0
V7E008,42,1470051,learned,1,1,0,0
V7E008,42,1470052,random,0,100,1,1
V7E008,42,1470052,teacher,1,5,0,1
V7E008,42,1470052,learned,1,5,0,1
V7E008,42,1470053,random,0,100,0,0
V7E008,42,1470053,teacher,0,100,1,0
V7E008,42,1470053,learned,0,100,1,0
V7E008,42,1470054,random,0,100,0,0
V7E008,42,1470054,teacher,1,8,0,0
V7E008,42,1470054,learned,1,8,0,0
V7E008,42,1470055,random,0,100,1,0
V7E008,42,1470055,teacher,0,100,1,0
V7E008,42,1470055,learned,0,100,1,0
V7E008,42,1470056,random,0,100,1,0
V7E008,42,1470056,teacher,0,100,1,0
V7E008,42,1470056,learned,0,100,1,0
V7E008,42,1470057,random,1,97,0,1
V7E008,42,1470057,teacher,1,5,0,1
V7E008,42,1470057,learned,1,5,0,1
V7E008,42,1470058,random,1,1,0,0
V7E008,42,1470058,teacher,1,1,0,0
V7E008,42,1470058,learned,1,1,0,0
V7E008,42,1470059,random,1,4,0,0
V7E008,42,1470059,teacher,1,2,0,0
V7E008,42,1470059,learned,1,2,0,0
V7E008,42,1470060,random,0,100,1,0
V7E008,42,1470060,teacher,0,100,1,0
V7E008,42,1470060,learned,0,100,1,0
V7E008,42,1470061,random,0,100,1,0
V7E008,42,1470061,teacher,0,100,1,0
V7E008,42,1470061,learned,0,100,1,0
V7E008,42,1470062,random,0,100,0,1
V7E008,42,1470062,teacher,1,35,2,1
V7E008,42,1470062,learned,0,100,0,1
V7E008,42,1470063,random,0,100,0,1
V7E008,42,1470063,teacher,1,34,2,1
V7E008,42,1470063,learned,1,38,2,1
V7E008,42,1470064,random,0,100,0,1
V7E008,42,1470064,teacher,1,36,2,1
V7E008,42,1470064,learned,1,40,2,1
V7E008,42,1470065,random,0,100,1,0
V7E008,42,1470065,teacher,0,100,1,0
V7E008,42,1470065,learned,0,100,1,0
V7E008,42,1470066,random,1,63,1,1
V7E008,42,1470066,teacher,1,3,0,0
V7E008,42,1470066,learned,1,3,0,0
V7E008,42,1470067,random,1,34,0,0
V7E008,42,1470067,teacher,1,4,0,1
V7E008,42,1470067,learned,1,4,0,1
V7E008,42,1470068,random,0,100,0,0
V7E008,42,1470068,teacher,0,100,1,0
V7E008,42,1470068,learned,0,100,1,0
V7E008,42,1470069,random,0,100,0,0
V7E008,42,1470069,teacher,1,7,0,0
V7E008,42,1470069,learned,1,7,0,0
V7E008,42,1470070,random,0,100,1,0
V7E008,42,1470070,teacher,0,100,1,0
V7E008,42,1470070,learned,0,100,1,0
V7E008,42,1470071,random,1,10,0,0
V7E008,42,1470071,teacher,1,1,0,0
V7E008,42,1470071,learned,1,1,0,0
V7E008,42,1470072,random,0,100,0,0
V7E008,42,1470072,teacher,1,16,0,0
V7E008,42,1470072,learned,1,16,0,0
V7E008,42,1470073,random,0,100,0,0
V7E008,42,1470073,teacher,1,36,3,0
V7E008,42,1470073,learned,1,40,3,0
V7E008,42,1470074,random,1,26,0,0
V7E008,42,1470074,teacher,1,2,0,0
V7E008,42,1470074,learned,1,2,0,0
V7E008,42,1470075,random,0,100,0,1
V7E008,42,1470075,teacher,1,35,3,1
V7E008,42,1470075,learned,1,39,3,1
V7E008,42,1470076,random,1,18,0,0
V7E008,42,1470076,teacher,1,1,0,0
V7E008,42,1470076,learned,1,1,0,0
V7E008,42,1470077,random,1,9,0,0
V7E008,42,1470077,teacher,1,2,0,0
V7E008,42,1470077,learned,1,2,0,0
V7E008,42,1470078,random,0,100,0,0
V7E008,42,1470078,teacher,1,1,0,0
V7E008,42,1470078,learned,1,1,0,0
V7E008,42,1470079,random,1,78,0,0
V7E008,42,1470079,teacher,1,17,0,0
V7E008,42,1470079,learned,1,17,0,0
V7E008,42,1470080,random,1,2,0,0
V7E008,42,1470080,teacher,1,1,0,0
V7E008,42,1470080,learned,1,1,0,0
V7E008,42,1470081,random,1,17,0,0
V7E008,42,1470081,teacher,1,2,0,0
V7E008,42,1470081,learned,1,2,0,0
V7E008,42,1470082,random,0,100,1,2
V7E008,42,1470082,teacher,1,28,5,1
V7E008,42,1470082,learned,1,28,5,1
V7E008,42,1470083,random,0,100,1,1
V7E008,42,1470083,teacher,1,44,5,0
V7E008,42,1470083,learned,0,100,3,0
V7E008,42,1470084,random,0,100,0,0
V7E008,42,1470084,teacher,1,37,2,1
V7E008,42,1470084,learned,1,35,2,1
V7E008,42,1470085,random,0,100,1,0
V7E008,42,1470085,teacher,0,100,1,0
V7E008,42,1470085,learned,0,100,1,0
V7E008,42,1470086,random,1,29,2,0
V7E008,42,1470086,teacher,1,10,0,0
V7E008,42,1470086,learned,1,10,0,0
V7E008,42,1470087,random,0,100,3,0
V7E008,42,1470087,teacher,1,5,0,1
V7E008,42,1470087,learned,1,5,0,1
V7E008,42,1470088,random,1,2,0,0
V7E008,42,1470088,teacher,1,1,0,0
V7E008,42,1470088,learned,1,1,0,0
V7E008,42,1470089,random,1,11,0,0
V7E008,42,1470089,teacher,1,5,0,0
V7E008,42,1470089,learned,1,5,0,0
V7E008,42,1470090,random,0,100,0,0
V7E008,42,1470090,teacher,0,100,1,0
V7E008,42,1470090,learned,0,100,1,0
V7E008,42,1470091,random,1,68,0,1
V7E008,42,1470091,teacher,1,7,0,1
V7E008,42,1470091,learned,1,7,0,1
V7E008,42,1470092,random,1,60,1,0
V7E008,42,1470092,teacher,1,8,0,1
V7E008,42,1470092,learned,1,8,0,1
V7E008,42,1470093,random,0,100,0,0
V7E008,42,1470093,teacher,1,37,2,0
V7E008,42,1470093,learned,1,41,2,0
V7E008,42,1470094,random,0,100,3,0
V7E008,42,1470094,teacher,1,37,2,0
V7E008,42,1470094,learned,1,41,2,0
V7E008,42,1470095,random,0,100,0,0
V7E008,42,1470095,teacher,0,100,1,0
V7E008,42,1470095,learned,0,100,1,0
V7E008,42,1470096,random,0,100,1,0
V7E008,42,1470096,teacher,1,40,3,0
V7E008,42,1470096,learned,1,44,3,0
V7E008,42,1470097,random,0,100,0,0
V7E008,42,1470097,teacher,0,100,1,0
V7E008,42,1470097,learned,0,100,1,0
V7E008,42,1470098,random,0,100,1,1
V7E008,42,1470098,teacher,1,36,3,1
V7E008,42,1470098,learned,1,40,3,1
V7E008,42,1470099,random,1,61,0,1
V7E008,42,1470099,teacher,1,16,0,0
V7E008,42,1470099,learned,1,16,0,0
V7E009,42,1480000,random,1,19,0,1
V7E009,42,1480000,teacher,1,10,0,1
V7E009,42,1480000,learned,1,10,0,1
V7E009,42,1480001,random,1,1,0,0
V7E009,42,1480001,teacher,1,1,0,0
V7E009,42,1480001,learned,1,1,0,0
V7E009,42,1480002,random,1,65,2,0
V7E009,42,1480002,teacher,1,25,3,0
V7E009,42,1480002,learned,1,25,3,0
V7E009,42,1480003,random,0,100,5,0
V7E009,42,1480003,teacher,1,3,0,0
V7E009,42,1480003,learned,1,3,0,0
V7E009,42,1480004,random,0,100,0,0
V7E009,42,1480004,teacher,1,9,0,0
V7E009,42,1480004,learned,1,9,0,0
V7E009,42,1480005,random,1,1,0,0
V7E009,42,1480005,teacher,1,1,0,0
V7E009,42,1480005,learned,1,1,0,0
V7E009,42,1480006,random,0,100,0,0
V7E009,42,1480006,teacher,1,21,2,0
V7E009,42,1480006,learned,1,21,2,0
V7E009,42,1480007,random,1,28,0,0
V7E009,42,1480007,teacher,1,2,0,0
V7E009,42,1480007,learned,1,2,0,0
V7E009,42,1480008,random,1,47,0,0
V7E009,42,1480008,teacher,1,3,0,0
V7E009,42,1480008,learned,1,3,0,0
V7E009,42,1480009,random,1,1,0,0
V7E009,42,1480009,teacher,1,1,0,0
V7E009,42,1480009,learned,1,1,0,0
V7E009,42,1480010,random,1,74,0,0
V7E009,42,1480010,teacher,1,8,0,0
V7E009,42,1480010,learned,1,8,0,0
V7E009,42,1480011,random,0,100,0,0
V7E009,42,1480011,teacher,1,12,0,0
V7E009,42,1480011,learned,1,14,0,0
V7E009,42,1480012,random,0,100,4,0
V7E009,42,1480012,teacher,1,23,2,1
V7E009,42,1480012,learned,1,23,2,1
V7E009,42,1480013,random,0,100,0,0
V7E009,42,1480013,teacher,1,25,3,0
V7E009,42,1480013,learned,1,25,3,0
V7E009,42,1480014,random,0,100,1,0
V7E009,42,1480014,teacher,1,30,4,0
V7E009,42,1480014,learned,1,30,4,0
V7E009,42,1480015,random,1,66,0,1
V7E009,42,1480015,teacher,1,12,0,1
V7E009,42,1480015,learned,1,12,0,1
V7E009,42,1480016,random,1,38,1,0
V7E009,42,1480016,teacher,1,4,0,0
V7E009,42,1480016,learned,1,4,0,0
V7E009,42,1480017,random,1,22,0,1
V7E009,42,1480017,teacher,1,20,2,0
V7E009,42,1480017,learned,1,20,2,0
V7E009,42,1480018,random,0,100,0,0
V7E009,42,1480018,teacher,1,23,3,0
V7E009,42,1480018,learned,1,23,3,0
V7E009,42,1480019,random,1,17,0,0
V7E009,42,1480019,teacher,1,3,0,0
V7E009,42,1480019,learned,1,3,0,0
V7E009,42,1480020,random,1,67,4,0
V7E009,42,1480020,teacher,1,21,0,0
V7E009,42,1480020,learned,1,21,0,0
V7E009,42,1480021,random,1,76,3,0
V7E009,42,1480021,teacher,1,10,3,0
V7E009,42,1480021,learned,1,10,3,0
V7E009,42,1480022,random,0,100,2,0
V7E009,42,1480022,teacher,1,15,2,0
V7E009,42,1480022,learned,1,15,2,0
V7E009,42,1480023,random,1,9,2,0
V7E009,42,1480023,teacher,1,15,0,1
V7E009,42,1480023,learned,1,15,0,1
V7E009,42,1480024,random,0,100,4,1
V7E009,42,1480024,teacher,0,100,6,0
V7E009,42,1480024,learned,0,100,6,0
V7E009,42,1480025,random,1,20,0,1
V7E009,42,1480025,teacher,1,21,2,0
V7E009,42,1480025,learned,1,21,2,0
V7E009,42,1480026,random,0,100,0,0
V7E009,42,1480026,teacher,1,20,2,0
V7E009,42,1480026,learned,1,20,2,0
V7E009,42,1480027,random,0,100,0,0
V7E009,42,1480027,teacher,1,26,3,0
V7E009,42,1480027,learned,1,26,3,0
V7E009,42,1480028,random,0,100,1,0
V7E009,42,1480028,teacher,1,8,2,0
V7E009,42,1480028,learned,1,8,2,0
V7E009,42,1480029,random,1,14,0,1
V7E009,42,1480029,teacher,1,21,2,0
V7E009,42,1480029,learned,1,21,2,0
V7E009,42,1480030,random,1,8,0,0
V7E009,42,1480030,teacher,1,2,0,0
V7E009,42,1480030,learned,1,2,0,0
V7E009,42,1480031,random,1,94,4,0
V7E009,42,1480031,teacher,1,14,0,1
V7E009,42,1480031,learned,1,14,0,1
V7E009,42,1480032,random,1,2,0,0
V7E009,42,1480032,teacher,1,1,0,0
V7E009,42,1480032,learned,1,1,0,0
V7E009,42,1480033,random,0,100,0,0
V7E009,42,1480033,teacher,1,8,0,0
V7E009,42,1480033,learned,1,8,0,0
V7E009,42,1480034,random,0,100,1,0
V7E009,42,1480034,teacher,1,7,0,0
V7E009,42,1480034,learned,1,7,0,0
V7E009,42,1480035,random,0,100,1,0
V7E009,42,1480035,teacher,1,7,0,0
V7E009,42,1480035,learned,1,7,0,0
V7E009,42,1480036,random,1,7,0,0
V7E009,42,1480036,teacher,1,5,0,0
V7E009,42,1480036,learned,1,5,0,0
V7E009,42,1480037,random,1,39,0,0
V7E009,42,1480037,teacher,1,6,0,0
V7E009,42,1480037,learned,1,6,0,0
V7E009,42,1480038,random,0,100,1,0
V7E009,42,1480038,teacher,1,46,4,1
V7E009,42,1480038,learned,1,46,4,1
V7E009,42,1480039,random,0,100,0,0
V7E009,42,1480039,teacher,1,21,3,0
V7E009,42,1480039,learned,1,21,3,0
V7E009,42,1480040,random,1,7,0,0
V7E009,42,1480040,teacher,1,44,4,1
V7E009,42,1480040,learned,1,44,4,1
V7E009,42,1480041,random,0,100,1,0
V7E009,42,1480041,teacher,1,29,4,0
V7E009,42,1480041,learned,1,29,4,0
V7E009,42,1480042,random,1,57,0,0
V7E009,42,1480042,teacher,1,5,0,0
V7E009,42,1480042,learned,1,5,0,0
V7E009,42,1480043,random,0,100,0,0
V7E009,42,1480043,teacher,1,22,0,0
V7E009,42,1480043,learned,1,22,0,0
V7E009,42,1480044,random,1,8,0,0
V7E009,42,1480044,teacher,1,21,0,0
V7E009,42,1480044,learned,1,21,0,0
V7E009,42,1480045,random,0,100,0,0
V7E009,42,1480045,teacher,1,19,2,0
V7E009,42,1480045,learned,1,19,2,0
V7E009,42,1480046,random,0,100,1,0
V7E009,42,1480046,teacher,1,44,4,1
V7E009,42,1480046,learned,1,44,4,1
V7E009,42,1480047,random,1,6,0,0
V7E009,42,1480047,teacher,1,1,0,0
V7E009,42,1480047,learned,1,1,0,0
V7E009,42,1480048,random,1,70,0,1
V7E009,42,1480048,teacher,1,12,0,1
V7E009,42,1480048,learned,1,12,0,1
V7E009,42,1480049,random,1,22,3,0
V7E009,42,1480049,teacher,1,5,3,0
V7E009,42,1480049,learned,1,5,3,0
V7E009,42,1480050,random,1,5,0,0
V7E009,42,1480050,teacher,1,1,0,0
V7E009,42,1480050,learned,1,1,0,0
V7E009,42,1480051,random,1,14,2,0
V7E009,42,1480051,teacher,1,16,3,0
V7E009,42,1480051,learned,1,16,3,0
V7E009,42,1480052,random,1,2,0,0
V7E009,42,1480052,teacher,1,2,0,0
V7E009,42,1480052,learned,1,2,0,0
V7E009,42,1480053,random,0,100,0,0
V7E009,42,1480053,teacher,1,18,0,0
V7E009,42,1480053,learned,1,18,0,0
V7E009,42,1480054,random,0,100,0,0
V7E009,42,1480054,teacher,1,4,0,0
V7E009,42,1480054,learned,1,4,0,0
V7E009,42,1480055,random,0,100,3,0
V7E009,42,1480055,teacher,1,25,0,0
V7E009,42,1480055,learned,1,25,0,0
V7E009,42,1480056,random,1,38,0,0
V7E009,42,1480056,teacher,1,4,0,0
V7E009,42,1480056,learned,1,4,0,0
V7E009,42,1480057,random,0,100,0,0
V7E009,42,1480057,teacher,1,5,0,0
V7E009,42,1480057,learned,1,5,0,0
V7E009,42,1480058,random,1,63,0,0
V7E009,42,1480058,teacher,1,3,0,0
V7E009,42,1480058,learned,1,3,0,0
V7E009,42,1480059,random,0,100,2,1
V7E009,42,1480059,teacher,1,26,2,1
V7E009,42,1480059,learned,1,26,2,1
V7E009,42,1480060,random,1,57,0,0
V7E009,42,1480060,teacher,1,3,0,0
V7E009,42,1480060,learned,1,3,0,0
V7E009,42,1480061,random,0,100,0,0
V7E009,42,1480061,teacher,1,22,2,0
V7E009,42,1480061,learned,1,22,2,0
V7E009,42,1480062,random,0,100,0,0
V7E009,42,1480062,teacher,1,22,3,0
V7E009,42,1480062,learned,1,22,3,0
V7E009,42,1480063,random,1,72,1,1
V7E009,42,1480063,teacher,1,16,0,1
V7E009,42,1480063,learned,1,16,0,1
V7E009,42,1480064,random,0,100,6,0
V7E009,42,1480064,teacher,1,25,2,1
V7E009,42,1480064,learned,1,25,2,1
V7E009,42,1480065,random,0,100,4,1
V7E009,42,1480065,teacher,1,33,4,1
V7E009,42,1480065,learned,1,33,4,1
V7E009,42,1480066,random,0,100,3,0
V7E009,42,1480066,teacher,1,2,0,0
V7E009,42,1480066,learned,1,2,0,0
V7E009,42,1480067,random,0,100,0,0
V7E009,42,1480067,teacher,1,8,0,0
V7E009,42,1480067,learned,1,8,0,0
V7E009,42,1480068,random,1,2,0,0
V7E009,42,1480068,teacher,1,1,0,0
V7E009,42,1480068,learned,1,1,0,0
V7E009,42,1480069,random,0,100,1,0
V7E009,42,1480069,teacher,1,6,3,0
V7E009,42,1480069,learned,1,6,3,0
V7E009,42,1480070,random,1,5,0,0
V7E009,42,1480070,teacher,1,2,0,0
V7E009,42,1480070,learned,1,2,0,0
V7E009,42,1480071,random,1,92,2,0
V7E009,42,1480071,teacher,1,24,3,0
V7E009,42,1480071,learned,1,24,3,0
V7E009,42,1480072,random,1,4,0,0
V7E009,42,1480072,teacher,1,2,0,0
V7E009,42,1480072,learned,1,2,0,0
V7E009,42,1480073,random,1,96,4,0
V7E009,42,1480073,teacher,1,6,3,0
V7E009,42,1480073,learned,1,6,3,0
V7E009,42,1480074,random,0,100,3,1
V7E009,42,1480074,teacher,1,24,2,1
V7E009,42,1480074,learned,1,24,2,1
V7E009,42,1480075,random,1,4,0,0
V7E009,42,1480075,teacher,1,1,0,0
V7E009,42,1480075,learned,1,1,0,0
V7E009,42,1480076,random,0,100,3,0
V7E009,42,1480076,teacher,1,18,0,1
V7E009,42,1480076,learned,1,18,0,1
V7E009,42,1480077,random,0,100,0,0
V7E009,42,1480077,teacher,1,26,2,0
V7E009,42,1480077,learned,1,26,2,0
V7E009,42,1480078,random,0,100,1,0
V7E009,42,1480078,teacher,1,7,3,0
V7E009,42,1480078,learned,1,7,3,0
V7E009,42,1480079,random,1,87,1,0
V7E009,42,1480079,teacher,1,9,0,0
V7E009,42,1480079,learned,1,9,0,0
V7E009,42,1480080,random,0,100,0,0
V7E009,42,1480080,teacher,1,30,4,0
V7E009,42,1480080,learned,1,30,4,0
V7E009,42,1480081,random,0,100,1,0
V7E009,42,1480081,teacher,1,9,0,0
V7E009,42,1480081,learned,1,9,0,0
V7E009,42,1480082,random,0,100,2,1
V7E009,42,1480082,teacher,1,4,0,0
V7E009,42,1480082,learned,1,4,0,0
V7E009,42,1480083,random,1,1,0,0
V7E009,42,1480083,teacher,1,1,0,0
V7E009,42,1480083,learned,1,1,0,0
V7E009,42,1480084,random,1,31,0,0
V7E009,42,1480084,teacher,1,3,0,0
V7E009,42,1480084,learned,1,3,0,0
V7E009,42,1480085,random,0,100,0,0
V7E009,42,1480085,teacher,1,20,3,0
V7E009,42,1480085,learned,1,20,3,0
V7E009,42,1480086,random,0,100,3,1
V7E009,42,1480086,teacher,1,24,2,1
V7E009,42,1480086,learned,1,24,2,1
V7E009,42,1480087,random,0,100,0,0
V7E009,42,1480087,teacher,1,19,0,0
V7E009,42,1480087,learned,1,19,0,0
V7E009,42,1480088,random,0,100,0,0
V7E009,42,1480088,teacher,1,18,0,0
V7E009,42,1480088,learned,1,18,0,0
V7E009,42,1480089,random,1,66,1,0
V7E009,42,1480089,teacher,1,15,0,0
V7E009,42,1480089,learned,1,15,0,0
V7E009,42,1480090,random,0,100,0,0
V7E009,42,1480090,teacher,1,6,0,0
V7E009,42,1480090,learned,1,6,0,0
V7E009,42,1480091,random,1,63,0,0
V7E009,42,1480091,teacher,1,7,0,0
V7E009,42,1480091,learned,1,7,0,0
V7E009,42,1480092,random,0,100,4,1
V7E009,42,1480092,teacher,1,33,4,1
V7E009,42,1480092,learned,1,33,4,1
V7E009,42,1480093,random,1,4,0,0
V7E009,42,1480093,teacher,1,4,0,0
V7E009,42,1480093,learned,1,4,0,0
V7E009,42,1480094,random,0,100,0,0
V7E009,42,1480094,teacher,1,23,0,0
V7E009,42,1480094,learned,1,23,0,0
V7E009,42,1480095,random,0,100,0,0
V7E009,42,1480095,teacher,1,21,3,0
V7E009,42,1480095,learned,1,21,3,0
V7E009,42,1480096,random,1,4,0,0
V7E009,42,1480096,teacher,1,1,0,0
V7E009,42,1480096,learned,1,1,0,0
V7E009,42,1480097,random,0,100,0,0
V7E009,42,1480097,teacher,1,21,2,0
V7E009,42,1480097,learned,1,21,2,0
V7E009,42,1480098,random,0,100,0,0
V7E009,42,1480098,teacher,1,7,0,0
V7E009,42,1480098,learned,1,7,0,0
V7E009,42,1480099,random,0,100,4,1
V7E009,42,1480099,teacher,1,10,2,0
V7E009,42,1480099,learned,1,10,2,0
V7E010,42,1490000,random,0,100,0,0
V7E010,42,1490000,teacher,1,32,2,0
V7E010,42,1490000,learned,1,32,2,0
V7E010,42,1490001,random,1,4,0,0
V7E010,42,1490001,teacher,1,3,0,0
V7E010,42,1490001,learned,1,3,0,0
V7E010,42,1490002,random,1,41,0,0
V7E010,42,1490002,teacher,1,13,0,0
V7E010,42,1490002,learned,1,13,0,0
V7E010,42,1490003,random,0,100,1,0
V7E010,42,1490003,teacher,1,44,2,0
V7E010,42,1490003,learned,1,44,2,0
V7E010,42,1490004,random,0,100,0,0
V7E010,42,1490004,teacher,1,37,2,0
V7E010,42,1490004,learned,1,37,2,0
V7E010,42,1490005,random,1,1,0,0
V7E010,42,1490005,teacher,1,1,0,0
V7E010,42,1490005,learned,1,1,0,0
V7E010,42,1490006,random,0,100,0,0
V7E010,42,1490006,teacher,1,8,2,0
V7E010,42,1490006,learned,1,8,2,0
V7E010,42,1490007,random,0,100,3,1
V7E010,42,1490007,teacher,1,8,0,0
V7E010,42,1490007,learned,1,8,0,0
V7E010,42,1490008,random,0,100,0,0
V7E010,42,1490008,teacher,1,39,2,0
V7E010,42,1490008,learned,1,39,2,0
V7E010,42,1490009,random,0,100,3,0
V7E010,42,1490009,teacher,1,37,2,0
V7E010,42,1490009,learned,1,37,2,0
V7E010,42,1490010,random,1,2,0,0
V7E010,42,1490010,teacher,1,2,0,0
V7E010,42,1490010,learned,1,2,0,0
V7E010,42,1490011,random,0,100,0,2
V7E010,42,1490011,teacher,1,11,0,0
V7E010,42,1490011,learned,1,11,0,0
V7E010,42,1490012,random,0,100,0,1
V7E010,42,1490012,teacher,1,12,2,0
V7E010,42,1490012,learned,1,12,2,0
V7E010,42,1490013,random,1,90,0,1
V7E010,42,1490013,teacher,1,14,0,1
V7E010,42,1490013,learned,1,14,0,1
V7E010,42,1490014,random,0,100,0,0
V7E010,42,1490014,teacher,1,13,0,0
V7E010,42,1490014,learned,1,13,0,0
V7E010,42,1490015,random,0,100,0,0
V7E010,42,1490015,teacher,1,45,2,1
V7E010,42,1490015,learned,1,45,2,1
V7E010,42,1490016,random,0,100,0,0
V7E010,42,1490016,teacher,1,20,0,0
V7E010,42,1490016,learned,1,20,0,0
V7E010,42,1490017,random,1,3,0,0
V7E010,42,1490017,teacher,1,5,0,0
V7E010,42,1490017,learned,1,5,0,0
V7E010,42,1490018,random,0,100,4,2
V7E010,42,1490018,teacher,1,9,0,0
V7E010,42,1490018,learned,1,9,0,0
V7E010,42,1490019,random,0,100,0,0
V7E010,42,1490019,teacher,1,29,2,0
V7E010,42,1490019,learned,1,29,2,0
V7E010,42,1490020,random,0,100,0,0
V7E010,42,1490020,teacher,1,30,2,0
V7E010,42,1490020,learned,1,30,2,0
V7E010,42,1490021,random,1,10,0,0
V7E010,42,1490021,teacher,1,2,0,0
V7E010,42,1490021,learned,1,2,0,0
V7E010,42,1490022,random,0,100,1,0
V7E010,42,1490022,teacher,1,27,2,0
V7E010,42,1490022,learned,1,27,2,0
V7E010,42,1490023,random,0,100,0,0
V7E010,42,1490023,teacher,1,7,0,0
V7E010,42,1490023,learned,1,7,0,0
V7E010,42,1490024,random,0,100,0,0
V7E010,42,1490024,teacher,1,20,0,0
V7E010,42,1490024,learned,1,20,0,0
V7E010,42,1490025,random,1,18,0,0
V7E010,42,1490025,teacher,1,8,0,0
V7E010,42,1490025,learned,1,8,0,0
V7E010,42,1490026,random,0,100,0,0
V7E010,42,1490026,teacher,1,7,0,0
V7E010,42,1490026,learned,1,7,0,0
V7E010,42,1490027,random,0,100,0,0
V7E010,42,1490027,teacher,1,36,2,0
V7E010,42,1490027,learned,1,36,2,0
V7E010,42,1490028,random,0,100,3,0
V7E010,42,1490028,teacher,1,9,0,0
V7E010,42,1490028,learned,1,9,0,0
V7E010,42,1490029,random,0,100,2,0
V7E010,42,1490029,teacher,1,45,2,1
V7E010,42,1490029,learned,1,45,2,1
V7E010,42,1490030,random,1,20,0,0
V7E010,42,1490030,teacher,1,1,0,0
V7E010,42,1490030,learned,1,1,0,0
V7E010,42,1490031,random,0,100,0,0
V7E010,42,1490031,teacher,1,37,2,1
V7E010,42,1490031,learned,1,37,2,1
V7E010,42,1490032,random,0,100,0,0
V7E010,42,1490032,teacher,1,27,2,0
V7E010,42,1490032,learned,1,27,2,0
V7E010,42,1490033,random,0,100,0,1
V7E010,42,1490033,teacher,1,9,0,0
V7E010,42,1490033,learned,1,9,0,0
V7E010,42,1490034,random,0,100,2,0
V7E010,42,1490034,teacher,1,2,0,1
V7E010,42,1490034,learned,1,2,0,1
V7E010,42,1490035,random,1,86,1,0
V7E010,42,1490035,teacher,1,12,0,0
V7E010,42,1490035,learned,1,12,0,0
V7E010,42,1490036,random,1,5,0,0
V7E010,42,1490036,teacher,1,2,0,0
V7E010,42,1490036,learned,1,2,0,0
V7E010,42,1490037,random,1,97,3,0
V7E010,42,1490037,teacher,1,12,2,0
V7E010,42,1490037,learned,1,12,2,0
V7E010,42,1490038,random,0,100,0,0
V7E010,42,1490038,teacher,1,34,2,0
V7E010,42,1490038,learned,1,34,2,0
V7E010,42,1490039,random,1,6,0,0
V7E010,42,1490039,teacher,1,3,0,0
V7E010,42,1490039,learned,1,3,0,0
V7E010,42,1490040,random,1,52,0,0
V7E010,42,1490040,teacher,1,2,0,0
V7E010,42,1490040,learned,1,2,0,0
V7E010,42,1490041,random,0,100,0,0
V7E010,42,1490041,teacher,1,45,2,1
V7E010,42,1490041,learned,1,45,2,1
V7E010,42,1490042,random,1,48,0,1
V7E010,42,1490042,teacher,0,100,1,0
V7E010,42,1490042,learned,0,100,1,0
V7E010,42,1490043,random,0,100,4,0
V7E010,42,1490043,teacher,1,44,2,1
V7E010,42,1490043,learned,1,44,2,1
V7E010,42,1490044,random,0,100,3,0
V7E010,42,1490044,teacher,1,3,0,0
V7E010,42,1490044,learned,1,3,0,0
V7E010,42,1490045,random,0,100,4,0
V7E010,42,1490045,teacher,1,8,0,0
V7E010,42,1490045,learned,1,8,0,0
V7E010,42,1490046,random,0,100,3,1
V7E010,42,1490046,teacher,1,5,0,0
V7E010,42,1490046,learned,1,5,0,0
V7E010,42,1490047,random,1,15,0,0
V7E010,42,1490047,teacher,1,11,0,0
V7E010,42,1490047,learned,1,11,0,0
V7E010,42,1490048,random,1,28,0,0
V7E010,42,1490048,teacher,1,10,0,0
V7E010,42,1490048,learned,1,10,0,0
V7E010,42,1490049,random,1,1,0,0
V7E010,42,1490049,teacher,1,1,0,0
V7E010,42,1490049,learned,1,1,0,0
V7E010,42,1490050,random,0,100,2,0
V7E010,42,1490050,teacher,1,30,2,0
V7E010,42,1490050,learned,1,30,2,0
V7E010,42,1490051,random,1,10,0,0
V7E010,42,1490051,teacher,1,8,0,0
V7E010,42,1490051,learned,1,8,0,0
V7E010,42,1490052,random,1,5,0,0
V7E010,42,1490052,teacher,1,1,0,0
V7E010,42,1490052,learned,1,1,0,0
V7E010,42,1490053,random,1,72,4,1
V7E010,42,1490053,teacher,1,50,2,1
V7E010,42,1490053,learned,1,50,2,1
V7E010,42,1490054,random,0,100,0,0
V7E010,42,1490054,teacher,1,9,0,0
V7E010,42,1490054,learned,1,9,0,0
V7E010,42,1490055,random,0,100,0,0
V7E010,42,1490055,teacher,1,37,2,1
V7E010,42,1490055,learned,1,37,2,1
V7E010,42,1490056,random,0,100,3,0
V7E010,42,1490056,teacher,1,4,0,1
V7E010,42,1490056,learned,1,4,0,1
V7E010,42,1490057,random,0,100,0,3
V7E010,42,1490057,teacher,0,100,1,0
V7E010,42,1490057,learned,0,100,1,0
V7E010,42,1490058,random,1,25,0,0
V7E010,42,1490058,teacher,1,6,0,0
V7E010,42,1490058,learned,1,6,0,0
V7E010,42,1490059,random,0,100,2,0
V7E010,42,1490059,teacher,1,33,2,1
V7E010,42,1490059,learned,1,33,2,1
V7E010,42,1490060,random,1,29,0,0
V7E010,42,1490060,teacher,1,1,0,0
V7E010,42,1490060,learned,1,1,0,0
V7E010,42,1490061,random,1,1,0,0
V7E010,42,1490061,teacher,1,3,0,0
V7E010,42,1490061,learned,1,3,0,0
V7E010,42,1490062,random,0,100,0,0
V7E010,42,1490062,teacher,1,44,2,1
V7E010,42,1490062,learned,1,44,2,1
V7E010,42,1490063,random,1,38,0,0
V7E010,42,1490063,teacher,1,5,0,0
V7E010,42,1490063,learned,1,5,0,0
V7E010,42,1490064,random,0,100,0,0
V7E010,42,1490064,teacher,1,17,0,0
V7E010,42,1490064,learned,1,17,0,0
V7E010,42,1490065,random,1,17,0,0
V7E010,42,1490065,teacher,1,7,0,0
V7E010,42,1490065,learned,1,7,0,0
V7E010,42,1490066,random,0,100,0,3
V7E010,42,1490066,teacher,1,34,2,0
V7E010,42,1490066,learned,1,34,2,0
V7E010,42,1490067,random,1,2,0,0
V7E010,42,1490067,teacher,1,2,0,0
V7E010,42,1490067,learned,1,2,0,0
V7E010,42,1490068,random,0,100,0,0
V7E010,42,1490068,teacher,1,24,0,0
V7E010,42,1490068,learned,1,24,0,0
V7E010,42,1490069,random,1,6,0,1
V7E010,42,1490069,teacher,1,1,0,0
V7E010,42,1490069,learned,1,1,0,0
V7E010,42,1490070,random,1,1,0,0
V7E010,42,1490070,teacher,1,1,0,0
V7E010,42,1490070,learned,1,1,0,0
V7E010,42,1490071,random,0,100,3,2
V7E010,42,1490071,teacher,1,9,0,1
V7E010,42,1490071,learned,1,9,0,1
V7E010,42,1490072,random,1,9,0,0
V7E010,42,1490072,teacher,1,1,0,0
V7E010,42,1490072,learned,1,1,0,0
V7E010,42,1490073,random,0,100,3,1
V7E010,42,1490073,teacher,1,15,0,1
V7E010,42,1490073,learned,1,15,0,1
V7E010,42,1490074,random,0,100,0,0
V7E010,42,1490074,teacher,1,42,2,1
V7E010,42,1490074,learned,1,42,2,1
V7E010,42,1490075,random,1,45,0,0
V7E010,42,1490075,teacher,1,7,0,0
V7E010,42,1490075,learned,1,7,0,0
V7E010,42,1490076,random,0,100,0,0
V7E010,42,1490076,teacher,1,13,0,0
V7E010,42,1490076,learned,1,13,0,0
V7E010,42,1490077,random,1,3,0,0
V7E010,42,1490077,teacher,1,2,0,0
V7E010,42,1490077,learned,1,2,0,0
V7E010,42,1490078,random,0,100,4,1
V7E010,42,1490078,teacher,1,8,0,0
V7E010,42,1490078,learned,1,8,0,0
V7E010,42,1490079,random,1,20,0,1
V7E010,42,1490079,teacher,1,16,0,1
V7E010,42,1490079,learned,1,16,0,1
V7E010,42,1490080,random,1,15,0,0
V7E010,42,1490080,teacher,1,5,0,0
V7E010,42,1490080,learned,1,5,0,0
V7E010,42,1490081,random,1,93,0,0
V7E010,42,1490081,teacher,1,1,0,0
V7E010,42,1490081,learned,1,1,0,0
V7E010,42,1490082,random,1,79,0,0
V7E010,42,1490082,teacher,1,23,0,0
V7E010,42,1490082,learned,1,23,0,0
V7E010,42,1490083,random,0,100,3,0
V7E010,42,1490083,teacher,1,7,0,0
V7E010,42,1490083,learned,1,7,0,0
V7E010,42,1490084,random,0,100,0,0
V7E010,42,1490084,teacher,1,30,2,0
V7E010,42,1490084,learned,1,30,2,0
V7E010,42,1490085,random,1,4,0,0
V7E010,42,1490085,teacher,1,4,0,0
V7E010,42,1490085,learned,1,4,0,0
V7E010,42,1490086,random,0,100,0,0
V7E010,42,1490086,teacher,1,30,2,0
V7E010,42,1490086,learned,1,30,2,0
V7E010,42,1490087,random,0,100,0,0
V7E010,42,1490087,teacher,1,34,2,0
V7E010,42,1490087,learned,1,34,2,0
V7E010,42,1490088,random,0,100,0,0
V7E010,42,1490088,teacher,1,31,2,0
V7E010,42,1490088,learned,1,31,2,0
V7E010,42,1490089,random,1,86,2,0
V7E010,42,1490089,teacher,1,30,2,0
V7E010,42,1490089,learned,1,30,2,0
V7E010,42,1490090,random,0,100,0,0
V7E010,42,1490090,teacher,1,31,2,0
V7E010,42,1490090,learned,1,31,2,0
V7E010,42,1490091,random,0,100,0,0
V7E010,42,1490091,teacher,1,34,2,0
V7E010,42,1490091,learned,1,34,2,0
V7E010,42,1490092,random,1,78,0,0
V7E010,42,1490092,teacher,0,100,1,0
V7E010,42,1490092,learned,0,100,1,0
V7E010,42,1490093,random,0,100,5,0
V7E010,42,1490093,teacher,0,100,1,1
V7E010,42,1490093,learned,0,100,1,1
V7E010,42,1490094,random,0,100,0,0
V7E010,42,1490094,teacher,1,31,2,1
V7E010,42,1490094,learned,1,31,2,1
V7E010,42,1490095,random,1,85,0,0
V7E010,42,1490095,teacher,1,11,0,0
V7E010,42,1490095,learned,1,11,0,0
V7E010,42,1490096,random,0,100,0,0
V7E010,42,1490096,teacher,1,33,2,0
V7E010,42,1490096,learned,1,33,2,0
V7E010,42,1490097,random,0,100,0,0
V7E010,42,1490097,teacher,1,22,0,0
V7E010,42,1490097,learned,1,22,0,0
V7E010,42,1490098,random,0,100,4,0
V7E010,42,1490098,teacher,1,46,2,1
V7E010,42,1490098,learned,1,46,2,1
V7E010,42,1490099,random,1,26,0,0
V7E010,42,1490099,teacher,1,8,0,0
V7E010,42,1490099,learned,1,8,0,0
